"EVENTID","ORGANIZATION","WATERBODYCODE","STATIONNAME","STATIONID","SAMPLEDATETIME","DEPTH","Bottom Depth (m)","DO % (%)","DO mg/L (mg/L)","Narrative - Color, Turbidity, or Other Conditions (none)","Narrative - Floating debris (none)","Narrative - Floating materials (none)","Narrative - Land Disturbance (none)","Narrative - Livestock Grazing (none)","Narrative - Odor (none)","Narrative - Restoration or other condition (none)","Narrative - Settleable solids (none)","Narrative- Livestock Grazing (none)","Narrative- Restoration or other condition (none)","pH Field (SU)","SpC Field (uS/cm)","TDS Field (mg/L)","Temp Field (deg C)","Thermocline (m)","Turbidity Field (NTU)","Alkalinity as CaCO3 (mg/L)","Alkalinity, Bicarbonate (As CaCO3) (mg/L)","Alkalinity, Hydroxide (As CaCO3) (mg/L)","Ammonia N (mg/L)","Ammonia, Unionized (mg/L)","BOD (mg/L)","Calcium (mg/L)","Calcium Diss (mg/L)","Chloride (mg/L)","Chlorophyll (Raw Data) (ug/L)","Chlorophyll a (ug/L)","CO3 as CaCO3 (mg/L)","CO3 as CO3 (mg/L)","COD (mg/L)","DOC (mg/L)","Floresc (Raw Data) Percent (%)","Fluoride (ug/L)","Hardness (mg/L)","Hardness Diss (mg/L)","HCO3 as CaCO3 (mg/L)","HCO3 as HCO3 (mg/L)","Kjeldahl N (mg/L)","Max Total N (mg/L)","Min Total N (mg/L)","Nitrate N (mg/L)","Nitrate NO3 (mg/L)","Nitrate+Nitrite N (mg/L)","Ortho P (mg/L)","P Diss (mg/L)","pH Lab (SU)","pH Routine Pollution (SU)","Phaeophytin (ug/L)","Potassium (mg/L)","SAR (none)","SAR Diss (none)","Sodium (mg/L)","Sodium Diss (mg/L)","SpC Lab (uS/cm)","Sulfate (mg/L)","TDS Lab (mg/L)","Temp Lab (deg C)","Total Alkalinity as CaCO3 (mg/L)","Total Coliform (MPN/100 mL)","Total P (mg/L)","TSS (mg/L)","Turbidity Lab (NTU)","Un-ionized Ammonia N","Aluminum (ug/L)","Aluminum Diss (ug/L)","Antimony (ug/L)","Antimony Diss (ug/L)","Arsenic (ug/L)","Arsenic Diss (ug/L)","Barium (ug/L)","Barium Diss (ug/L)","Beryllium (ug/L)","Beryllium Diss (ug/L)","Boron (ug/L)","Boron Diss (ug/L)","Cadmium (ug/L)","Cadmium Diss (ug/L)","Chromium (ug/L)","Chromium Diss (ug/L)","Cobalt (ug/L)","Cobalt Diss (ug/L)","Copper (ug/L)","Copper Diss (ug/L)","Iron (ug/L)","Iron Diss (ug/L)","Lead (ug/L)","Lead Diss (ug/L)","Lithium (ug/L)","Lithium Diss (ug/L)","Magnesium (mg/L)","Magnesium Diss (mg/L)","Manganese (ug/L)","Manganese Diss (ug/L)","Mercury (ug/L)","Mercury Diss (ug/L)","Molybdenum (ug/L)","Molybdenum Diss (ug/L)","Nickel (ug/L)","Nickel Diss (ug/L)","Potassium Diss (mg/L)","Selenium (ug/L)","Selenium Diss (ug/L)","Silica as SiO2 (ug/L)","Silica as SiO2 Diss (ug/L)","Silver (ug/L)","Silver Diss (ug/L)","Thallium (ug/L)","Thallium  Diss (ug/l)","Thallium Diss (ug/L)","Tungsten (ug/L)","Tungsten Diss (ug/L)","Uranium-238 (ug/L)","Uranium-238 Diss (ug/L)","Vanadium (ug/L)","Vanadium Diss (ug/L)","Zinc (ug/L)","Zinc Diss (ug/L)","EVENT_COMMENT","PARAM_COMMENTS",
00000219-0,Nevada Division of Environmental Protection,NV06-SC-42-D_00,Steamboat Creek north of the USGS gage off of Rhodes Road,STBT02Steamboat-2a,2012-07-06 10:44:00,0.00,,,4.7,,,,,,,,,,,8.2,143,,19.7,,,,,,< 0.1000,0.002890,,,11,< 5.0000,,,< 20.0000,< 12.0000,,,,100,,< 38.0000,54.9,67,0.4,< 0.5,0.4,,,< 0.1000,0.01,,8.09,,,,,0.57,,8,120,< 5.0000,90,17.9,55,4611,0.08,43,26,,,,< 5.0000,,< 3.0000,< 3.0000,40,,< 2.0000,,< 0.1000,,< 1.0000,< 1.0000,< 2.0000,< 2.0000,,,2,3,1500,,< 1.0000,< 1.0000,,,,< 5.0000,50,,< 0.2000,< 0.2000,< 10.0000,,< 5.0000,< 5.0000,,< 2.0000,< 2.0000,,,,< 2.0000,< 1.0000,,,,,,,,,< 10.0000,< 10.0000,," Total N :AUTOCALCULATE 2016-06-16 14:48:17 Using 1/2 NandN SAR Diss :AUTOCALCULATE 2018-05-02 18:00:44 Using 1/2 Mg Ammonia, Unionized :AUTOCALCULATE 2016-06-16 14:48:20 Using 1/2 AMNN Analysis DO :Analysis Value from : DO (field or ext)  2026-03-19 18:01:53 Analysis Hardness :Analysis Value from : Hardness Diss  2018-02-01 18:01:08 Analysis pH :Analysis Value from : Field pH  2026-03-19 18:03:49 Analysis TDS :Analysis Value from : Lab Total Dissolved Solids  2018-02-01 18:01:32 Analysis Temp :Analysis Value from : Field Temp  2026-03-19 18:03:08 Analysis SAR :Analysis Value from : SAR Diss  2018-06-19 18:01:44 Analysis Nitrate :Analysis Value from : Nitrate Nitrite  2018-02-01 18:01:04",
00147852-0,Nevada Division of Environmental Protection,NV06-SC-73_00,Steamboat Ditch @ Rhodes Road,SB6,1974-02-06 14:15:00,0.00,,,12.2,,,,,,,,,,,8.75,,,,,,,,,,,1.4,,,1100,,,142,85,,,,,,,90,110,,,,0.11,0.5,,1.7,,,,,,,,,,,,2641,,296,,1.7,,4.4,,,,,,,,,,,,,,,,,,,,,,,,,,,,,,,,,,,,,,,,,,,,,,,,,,,,,,,,, Analysis DO :Analysis Value from : DO (field or ext)  2026-03-19 18:01:53 Analysis pH :Analysis Value from : Field pH  2026-03-19 18:03:49 Analysis TDS :Analysis Value from : Lab Total Dissolved Solids  2018-02-01 18:01:32 Analysis Nitrate :Analysis Value from : Nitrate 2018-02-01 18:01:04,
00147853-0,Nevada Division of Environmental Protection,NV06-SC-73_00,Steamboat Ditch @ Rhodes Road,SB6,1987-10-21 10:55:00,0.00,,,11.2,,,,,,,,,,,8.1,,,8.4,,,,,,< 0.1,0.001009,1.24,,,2,,,0,0,,,,,,,44,54,0.23,,,0.03,0.15,,0.01,,8.16,,,,,,,,107,,66,,44,,0.01,8,3,,,,,,,,,,,,,,,,,,,,,,,,,,,,,,,,,,,,,,,,,,,,,,,,,,,,,,,,," Ammonia, Unionized :AUTOCALCULATE 2016-06-16 14:48:20 Using 1/2 AMNN Analysis DO :Analysis Value from : DO (field or ext)  2026-03-19 18:01:53 Analysis pH :Analysis Value from : Field pH  2026-03-19 18:03:49 Analysis TDS :Analysis Value from : Lab Total Dissolved Solids  2018-02-01 18:01:32 Analysis Temp :Analysis Value from : Field Temp  2026-03-19 18:03:08 Analysis Nitrate :Analysis Value from : Nitrate 2018-02-01 18:01:04",
00147854-0,Nevada Division of Environmental Protection,NV06-SC-73_00,Steamboat Ditch @ Rhodes Road,SB6,1988-06-14 10:15:00,0.00,,,6.8,,,,,,,,,,,,,,17,,,,,,< 0.1,0.004,1.34,,,1,,,0,0,,,,,,,42,51,0.41,,,0.15,0.66,,0.06,,8.11,,,,,,,,107,,70,,42,,0.08,99,6.6,,,,,,< 3,,,,,,< 50,,< 1,,< 5,,,,10,,430,,< 5,,,,,,,,0.8,,,,,,,< 1,,,,,,,,,,,,,,,10,,, Analysis DO :Analysis Value from : DO (field or ext)  2026-03-19 18:01:53 Analysis TDS :Analysis Value from : Lab Total Dissolved Solids  2018-02-01 18:01:32 Analysis Temp :Analysis Value from : Field Temp  2026-03-19 18:03:08 Analysis Nitrate :Analysis Value from : Nitrate 2018-02-01 18:01:04,
00147855-0,Nevada Division of Environmental Protection,NV06-SC-73_00,Steamboat Ditch @ Rhodes Road,SB6,1988-08-02 09:55:00,0.00,,,7.5,,,,,,,,,,,,,,18,,,,,,< 0.1,0.004,,,,2,,,0,0,7.8,,,,,,52,63,0.19,,,0.05,0.21,,0.01,,8.13,,,,,,,,111,,70,,52,,0.03,39,5.1,,,,,,3,,,,,,< 50,,< 1,,< 5,,,,< 5,,190,,< 5,,,,,,,,< 0.5,,,,,,,< 1,,,,,,,,,,,,,,,10,,, Analysis DO :Analysis Value from : DO (field or ext)  2026-03-19 18:01:53 Analysis TDS :Analysis Value from : Lab Total Dissolved Solids  2018-02-01 18:01:32 Analysis Temp :Analysis Value from : Field Temp  2026-03-19 18:03:08 Analysis Nitrate :Analysis Value from : Nitrate 2018-02-01 18:01:04,
00147856-0,Nevada Division of Environmental Protection,NV06-SC-73_00,Steamboat Ditch @ Rhodes Road,SB6,1989-06-06 09:40:00,0.00,,,8.5,,,,,,,,,,,,,,15,,,,,,< 0.1,,1.55,,,2,,,0,0,,,,,,,30,37,0.35,,,0.04,0.18,,0.02,,,,,,,,,,81,,67,,30,,0.1,101,31,,,,,,< 3,,,,,,< 50,,< 1,,< 5,,,,< 5,,230,,< 5,,,,,,,,< 0.5,,,,,,,< 1,,,,,,,,,,,,,,,10,,, Analysis DO :Analysis Value from : DO (field or ext)  2026-03-19 18:01:53 Analysis TDS :Analysis Value from : Lab Total Dissolved Solids  2018-02-01 18:01:32 Analysis Temp :Analysis Value from : Field Temp  2026-03-19 18:03:08 Analysis Nitrate :Analysis Value from : Nitrate 2018-02-01 18:01:04,
00147857-0,Nevada Division of Environmental Protection,NV06-SC-73_00,Steamboat Ditch @ Rhodes Road,SB6,1989-08-01 09:23:00,0.00,,,8.6,,,,,,,,,,,,,,14,,,,,,< 0.1,,,,,3,,,0,0,6.2,,,,,,50,61,0.21,,,0.02,0.11,,0.01,,,,,,,,,,113,,73,,50,,0.03,41,19,,,,,,3,,,,,,< 50,,< 1,,< 5,,,,20,,260,,< 5,,,,,,,,< 0.5,,,,,,,< 1,,,,,,,,,,,,,,,10,,, Analysis DO :Analysis Value from : DO (field or ext)  2026-03-19 18:01:53 Analysis TDS :Analysis Value from : Lab Total Dissolved Solids  2018-02-01 18:01:32 Analysis Temp :Analysis Value from : Field Temp  2026-03-19 18:03:08 Analysis Nitrate :Analysis Value from : Nitrate 2018-02-01 18:01:04,
00147858-0,Nevada Division of Environmental Protection,NV06-SC-73_00,Steamboat Ditch @ Rhodes Road,SB6,1989-10-05 09:15:00,0.00,,,9.8,,,,,,,,,,,,,,6.5,,,,,,0.1,,,,,2,,,20,12,13,,,,,,40,49,0.2,,,0.02,0.11,,0,,,,,,,,,,112,,102,,60,,0.04,27,7.6,,,,,,4,,,,,,< 50,,< 1,,< 5,,,,< 5,,360,,< 5,,,,,,,,< 0.5,,,,,,,< 1,,,,,,,,,,,,,,,< 5,,, Analysis DO :Analysis Value from : DO (field or ext)  2026-03-19 18:01:53 Analysis TDS :Analysis Value from : Lab Total Dissolved Solids  2018-02-01 18:01:32 Analysis Temp :Analysis Value from : Field Temp  2026-03-19 18:03:08 Analysis Nitrate :Analysis Value from : Nitrate 2018-02-01 18:01:04,
00147859-0,Nevada Division of Environmental Protection,NV06-SC-73_00,Steamboat Ditch @ Rhodes Road,SB6,1990-06-05 09:40:00,0.00,,,9.5,,,,,,,,,,,,,,9,,,,,,< 0.1,,,,,3,,,0,0,12.5,,,,,,36,44,0.53,,,0.05,0.21,,0.01,,,,,,,,,,97,,66,,36,,0.05,106,24,,,,,,< 3,,,,,,< 50,,< 1,,< 5,,,,< 5,,870,,< 5,,,,,,,,< 0.5,,,,,,,< 1,,,,,,,,,,,,,,,10,,, Analysis DO :Analysis Value from : DO (field or ext)  2026-03-19 18:01:53 Analysis TDS :Analysis Value from : Lab Total Dissolved Solids  2018-02-01 18:01:32 Analysis Temp :Analysis Value from : Field Temp  2026-03-19 18:03:08 Analysis Nitrate :Analysis Value from : Nitrate 2018-02-01 18:01:04,
00147860-0,Nevada Division of Environmental Protection,NV06-SC-73_00,Steamboat Ditch @ Rhodes Road,SB6,1990-08-07 09:35:00,0.00,,,7.7,,,,,,,,,,,,,,19,,,,,,< 0.1,,1.51,,,2,,,0,0,,,,,,,50,61,0.42,,,0.04,0.19,,0.01,,,,,,,,,,113,,72,,50,,0.07,84,32,,,,,,6,,,,,,< 50,,< 1,,< 5,,,,< 5,,670,,< 5,,,,,,,,< 0.5,,,,,,,< 1,,,,,,,,,,,,,,,< 5,,, Analysis DO :Analysis Value from : DO (field or ext)  2026-03-19 18:01:53 Analysis TDS :Analysis Value from : Lab Total Dissolved Solids  2018-02-01 18:01:32 Analysis Temp :Analysis Value from : Field Temp  2026-03-19 18:03:08 Analysis Nitrate :Analysis Value from : Nitrate 2018-02-01 18:01:04,
00147861-0,Nevada Division of Environmental Protection,NV06-SC-73_00,Steamboat Ditch @ Rhodes Road,SB6,1991-06-05 09:55:00,0.00,,,9,,,,,,,,,,,,,,12.1,,,,,,< 0.1,,,,,2,,,8,4.8,15.1,,,,,,20,24,0.29,,,0.04,0.16,,0.01,,,,,,,,,,78,,54,,28,,0.09,108,38,,,,,,< 3,,,,,,100,,< 1,,< 5,,,,< 5,,950,,< 5,,,,,,,,< 0.5,,,,,,,< 1,,,,,,,,,,,,,,,10,,, Analysis DO :Analysis Value from : DO (field or ext)  2026-03-19 18:01:53 Analysis TDS :Analysis Value from : Lab Total Dissolved Solids  2018-02-01 18:01:32 Analysis Temp :Analysis Value from : Field Temp  2026-03-19 18:03:08 Analysis Nitrate :Analysis Value from : Nitrate 2018-02-01 18:01:04,
00147862-0,Nevada Division of Environmental Protection,NV06-SC-73_00,Steamboat Ditch @ Rhodes Road,SB6,1992-06-02 09:55:00,0.00,,,7.8,,,,,,,,,,,7.41,,,17.5,,,,,,< 0.1,0.000419,,10,,2,,,8,4.8,11.8,,,,37,,38,46,0.33,,,0.03,0.15,,0.01,,8.37,,,,0.4,,6,,96,3,61,,46,,0.07,64,25,,,,,,< 3,,,,,,< 50,,< 1,,< 5,,,,< 5,,580,,< 5,,,,3,,,,< 0.5,,,,,,,< 1,,,,,,,,,,,,,,,10,,," Ammonia, Unionized :AUTOCALCULATE 2016-06-16 14:48:20 Using 1/2 AMNN Analysis DO :Analysis Value from : DO (field or ext)  2026-03-19 18:01:53 Analysis Hardness :Analysis Value from : Hardness 2018-02-01 18:01:08 Analysis pH :Analysis Value from : Field pH  2026-03-19 18:03:49 Analysis TDS :Analysis Value from : Lab Total Dissolved Solids  2018-02-01 18:01:32 Analysis Temp :Analysis Value from : Field Temp  2026-03-19 18:03:08 Analysis SAR :Analysis Value from : SAR 2018-06-19 18:01:44 Analysis Nitrate :Analysis Value from : Nitrate 2018-02-01 18:01:04",
00147863-0,Nevada Division of Environmental Protection,NV06-SC-73_00,Steamboat Ditch @ Rhodes Road,SB6,1993-02-09 10:20:00,0.00,,,10.8,,,,,,,,,,,7.76,,,2,,,,,,< 0.1,0.000278,,7,,0,,,0,0,35.1,,,,30,,24,29,0.77,,,0.64,2.82,,0.13,,7.84,,,,0.48,,6,,76,6,96,,24,,0.25,112,56,,,,,,< 3,,,,,,< 50,,< 1,,< 5,,,,10,,1760,,24,,,,3,,,,< 0.5,,,,,,,< 1,,,,,,,,,,,,,,,10,,," Ammonia, Unionized :AUTOCALCULATE 2016-06-16 14:48:20 Using 1/2 AMNN Analysis DO :Analysis Value from : DO (field or ext)  2026-03-19 18:01:53 Analysis Hardness :Analysis Value from : Hardness 2018-02-01 18:01:08 Analysis pH :Analysis Value from : Field pH  2026-03-19 18:03:49 Analysis TDS :Analysis Value from : Lab Total Dissolved Solids  2018-02-01 18:01:32 Analysis Temp :Analysis Value from : Field Temp  2026-03-19 18:03:08 Analysis SAR :Analysis Value from : SAR 2018-06-19 18:01:44 Analysis Nitrate :Analysis Value from : Nitrate 2018-02-01 18:01:04",
00147864-0,Nevada Division of Environmental Protection,NV06-SC-73_00,Steamboat Ditch @ Rhodes Road,SB6,1993-05-04 10:40:00,0.00,,,,,,,,,,,,,,8.11,,,,,,,,,< 0.1,,,,,4,,,0,0,15.5,,,,,,34,41,0.38,,,0.06,0.26,,0.04,,8.16,,,,,,,,89,,84,,34,,0.17,85,51,,,,,,,,,,,,,,,,,,,,,,,,,,,,,,,,,,,,,,,,,,,,,,,,,,,,,,,,, Analysis pH :Analysis Value from : Field pH  2026-03-19 18:03:49 Analysis TDS :Analysis Value from : Lab Total Dissolved Solids  2018-02-01 18:01:32 Analysis Nitrate :Analysis Value from : Nitrate 2018-02-01 18:01:04,
00147865-0,Nevada Division of Environmental Protection,NV06-SC-73_00,Steamboat Ditch @ Rhodes Road,SB6,1993-06-08 10:24:00,0.00,,,9.4,,,,,,,,,,,8.01,,,10.8,,,,,,< 0.1,0.000990,0.9,8,,3,,,0,0,,,,,32,,34,41,0.5,,,0.04,0.16,,0.01,,8.19,,,,0.46,,6,,84,3,65,,34,,0.11,74,34,,,,,,1,,,,,,< 50,,< 1,,< 5,,,,< 5,,870,,< 5,,,,3,,,,< 0.5,,,,,,,< 1,,,,,,,,,,,,,,,10,,," Ammonia, Unionized :AUTOCALCULATE 2016-06-16 14:48:20 Using 1/2 AMNN Analysis DO :Analysis Value from : DO (field or ext)  2026-03-19 18:01:53 Analysis Hardness :Analysis Value from : Hardness 2018-02-01 18:01:08 Analysis pH :Analysis Value from : Field pH  2026-03-19 18:03:49 Analysis TDS :Analysis Value from : Lab Total Dissolved Solids  2018-02-01 18:01:32 Analysis Temp :Analysis Value from : Field Temp  2026-03-19 18:03:08 Analysis SAR :Analysis Value from : SAR 2018-06-19 18:01:44 Analysis Nitrate :Analysis Value from : Nitrate 2018-02-01 18:01:04",
00147866-0,Nevada Division of Environmental Protection,NV06-SC-73_00,Steamboat Ditch @ Rhodes Road,SB6,1993-07-07 10:35:00,0.00,,,7.7,,,,,,,,,,,7.55,,,18.5,,,,,,< 0.1,0.000621,,7,,1,,,0,0,9,,,,26,,34,41,0.38,,,0.02,0.09,,0.01,,8.06,,,,0.51,,6,,79,2,48,,34,,0.04,20,9.6,,,,,,< 3,,,,,,< 50,,< 1,,< 5,,,,< 5,,410,,< 5,,,,2,,,,< 0.5,,,,,,,< 1,,,,,,,,,,,,,,,< 5,,," Ammonia, Unionized :AUTOCALCULATE 2016-06-16 14:48:20 Using 1/2 AMNN Analysis DO :Analysis Value from : DO (field or ext)  2026-03-19 18:01:53 Analysis Hardness :Analysis Value from : Hardness 2018-02-01 18:01:08 Analysis pH :Analysis Value from : Field pH  2026-03-19 18:03:49 Analysis TDS :Analysis Value from : Lab Total Dissolved Solids  2018-02-01 18:01:32 Analysis Temp :Analysis Value from : Field Temp  2026-03-19 18:03:08 Analysis SAR :Analysis Value from : SAR 2018-06-19 18:01:44 Analysis Nitrate :Analysis Value from : Nitrate 2018-02-01 18:01:04",
00147867-0,Nevada Division of Environmental Protection,NV06-SC-73_00,Steamboat Ditch @ Rhodes Road,SB6,1993-08-10 10:30:00,0.00,,,8.4,,,,,,,,,,,7.67,,,16.5,,,,,,< 0.1,0.000704,1.18,8,,1,,,0,0,,,,,32,,38,46,0.31,,,0.03,0.15,,0.01,,8.15,,,,0.15,,2,,86,2,60,,38,,0.07,35,17,,,,,,< 1,,,,,,< 50,,< 1,,< 5,,,,< 5,,430,,< 5,,,,3,,,,< 0.5,,,,,,,< 1,,,,,,,,,,,,,,,< 5,,," Ammonia, Unionized :AUTOCALCULATE 2016-06-16 14:48:20 Using 1/2 AMNN Analysis DO :Analysis Value from : DO (field or ext)  2026-03-19 18:01:53 Analysis Hardness :Analysis Value from : Hardness 2018-02-01 18:01:08 Analysis pH :Analysis Value from : Field pH  2026-03-19 18:03:49 Analysis TDS :Analysis Value from : Lab Total Dissolved Solids  2018-02-01 18:01:32 Analysis Temp :Analysis Value from : Field Temp  2026-03-19 18:03:08 Analysis SAR :Analysis Value from : SAR 2018-06-19 18:01:44 Analysis Nitrate :Analysis Value from : Nitrate 2018-02-01 18:01:04",
00147868-0,Nevada Division of Environmental Protection,NV06-SC-73_00,Steamboat Ditch @ Rhodes Road,SB6,1993-09-08 09:55:00,0.00,,,8.2,,,,,,,,,,,7.76,,,16.5,,,,,,< 0.1,0.000863,,,,3,,,12,7.2,8.2,,,,,,32,39,0.23,,,0.02,0.07,,0.01,,8.22,,,,,,,,92,,60,,44,,0.06,20,7.6,,,,,,,,,,,,,,,,,,,,,,,,,,,,,,,,,,,,,,,,,,,,,,,,,,,,,,,,," Ammonia, Unionized :AUTOCALCULATE 2016-06-16 14:48:20 Using 1/2 AMNN Analysis DO :Analysis Value from : DO (field or ext)  2026-03-19 18:01:53 Analysis pH :Analysis Value from : Field pH  2026-03-19 18:03:49 Analysis TDS :Analysis Value from : Lab Total Dissolved Solids  2018-02-01 18:01:32 Analysis Temp :Analysis Value from : Field Temp  2026-03-19 18:03:08 Analysis Nitrate :Analysis Value from : Nitrate 2018-02-01 18:01:04",
00147869-0,Nevada Division of Environmental Protection,NV06-SC-73_00,Steamboat Ditch @ Rhodes Road,SB6,1994-04-12 10:30:00,0.00,,,9.6,,,,,,,,,,,8.06,,,9.5,,,,,,< 0.1,0.001003,,10,,1,,,0,0,18,,,,41,,40,49,0.54,,,0.07,0.33,,0.02,,8.08,,,,0.47,,7,,89,5,64,,40,,0.16,280,82,,,,,,< 3,,,,,,< 50,,< 1,,< 5,,,,10,,1930,,< 5,,,,4,,,,< 0.5,,,,,,,< 1,,,,,,,,,,,,,,,10,,," Ammonia, Unionized :AUTOCALCULATE 2016-06-16 14:48:20 Using 1/2 AMNN Analysis DO :Analysis Value from : DO (field or ext)  2026-03-19 18:01:53 Analysis Hardness :Analysis Value from : Hardness 2018-02-01 18:01:08 Analysis pH :Analysis Value from : Field pH  2026-03-19 18:03:49 Analysis TDS :Analysis Value from : Lab Total Dissolved Solids  2018-02-01 18:01:32 Analysis Temp :Analysis Value from : Field Temp  2026-03-19 18:03:08 Analysis SAR :Analysis Value from : SAR 2018-06-19 18:01:44 Analysis Nitrate :Analysis Value from : Nitrate 2018-02-01 18:01:04",
00147870-0,Nevada Division of Environmental Protection,NV06-SC-73_00,Steamboat Ditch @ Rhodes Road,SB6,1994-06-07 10:40:00,0.00,,,8.5,,,,,,,,,,,,,,13.2,,,,,,< 0.1,< 0.003,2,8,,1,,,0,0,,,,,32,,36,44,0.59,,,0.01,0.06,,0.01,,8.08,,,,0.38,,5,,77,3,53,,36,,0.07,18,9.6,,,,,,< 3,,,,,,< 50,,< 1,,< 5,,,,< 5,,380,,< 5,,,,3,,,,< 0.5,,,,,,,< 1,,,,,,,,,,,,,,,< 5,,, Analysis DO :Analysis Value from : DO (field or ext)  2026-03-19 18:01:53 Analysis Hardness :Analysis Value from : Hardness 2018-02-01 18:01:08 Analysis TDS :Analysis Value from : Lab Total Dissolved Solids  2018-02-01 18:01:32 Analysis Temp :Analysis Value from : Field Temp  2026-03-19 18:03:08 Analysis SAR :Analysis Value from : SAR 2018-06-19 18:01:44 Analysis Nitrate :Analysis Value from : Nitrate 2018-02-01 18:01:04,
00147871-0,Nevada Division of Environmental Protection,NV06-SC-73_00,Steamboat Ditch @ Rhodes Road,SB6,1995-06-13 10:00:00,0.00,,,8.8,,,,,,,,,,,7.97,,,15,,,,,,< 0.1,0.001241,1.72,9,,1,,,12,7,,,,,35,,18,22,0.45,,,0.04,0.18,,0.02,,8.28,,,,0.5,,7,,71,3,61,,30,,0.21,125,42.5,,,,,,4,,,,,,< 50,,< 1,,< 5,,,,10,,2110,,5,,,,3,,,,< 0.5,,,,,,,< 1,,,,,,,,,,,,,,,20,,," Ammonia, Unionized :AUTOCALCULATE 2016-06-16 14:48:20 Using 1/2 AMNN Analysis DO :Analysis Value from : DO (field or ext)  2026-03-19 18:01:53 Analysis Hardness :Analysis Value from : Hardness 2018-02-01 18:01:08 Analysis pH :Analysis Value from : Field pH  2026-03-19 18:03:49 Analysis TDS :Analysis Value from : Lab Total Dissolved Solids  2018-02-01 18:01:32 Analysis Temp :Analysis Value from : Field Temp  2026-03-19 18:03:08 Analysis SAR :Analysis Value from : SAR 2018-06-19 18:01:44 Analysis Nitrate :Analysis Value from : Nitrate 2018-02-01 18:01:04",
00147872-0,Nevada Division of Environmental Protection,NV06-SC-73_00,Steamboat Ditch @ Rhodes Road,SB6,1995-08-08 09:50:00,0.00,,,9,,,,,,,,,,,,,,15.5,,,,,,< 0.1,< 0.002,,8,,1,,,0,0,7,,,,28,,32,39,0.2,,,0.02,0.07,,0.01,,7.8,,,,0.6,,7,,73,2,48,,32,,0.05,16,13,,,,,,< 3,,,,,,< 50,,< 1,,< 5,,,,10,,470,,< 5,,,,2,,,,< 0.5,,,,,,,< 1,,,,,,,,,,,,,,,10,,, Analysis DO :Analysis Value from : DO (field or ext)  2026-03-19 18:01:53 Analysis Hardness :Analysis Value from : Hardness 2018-02-01 18:01:08 Analysis TDS :Analysis Value from : Lab Total Dissolved Solids  2018-02-01 18:01:32 Analysis Temp :Analysis Value from : Field Temp  2026-03-19 18:03:08 Analysis SAR :Analysis Value from : SAR 2018-06-19 18:01:44 Analysis Nitrate :Analysis Value from : Nitrate 2018-02-01 18:01:04,
00147873-0,Nevada Division of Environmental Protection,NV06-SC-73_00,Steamboat Ditch @ Rhodes Road,SB6,1995-10-09 09:50:00,0.00,,,9.6,,,,,,,,,,,,,,10.2,,,,,,< 0.1,< 0.003,1.43,10,,2,,,0,0,,,,,37,,42,51,0.54,,,0.02,0.1,,0.01,,8.18,,,,0.6,,9,,94,3,70,,42,,0.07,35,16,,,,,,4,,,,,,< 50,,< 1,,< 5,,,,10,,450,,< 5,,,,3,,,,< 0.5,,,,,,,< 1,,,,,,,,,,,,,,,20,,, Analysis DO :Analysis Value from : DO (field or ext)  2026-03-19 18:01:53 Analysis Hardness :Analysis Value from : Hardness 2018-02-01 18:01:08 Analysis TDS :Analysis Value from : Lab Total Dissolved Solids  2018-02-01 18:01:32 Analysis Temp :Analysis Value from : Field Temp  2026-03-19 18:03:08 Analysis SAR :Analysis Value from : SAR 2018-06-19 18:01:44 Analysis Nitrate :Analysis Value from : Nitrate 2018-02-01 18:01:04,
00147874-0,Nevada Division of Environmental Protection,NV06-SC-73_00,Steamboat Ditch @ Rhodes Road,SB6,1996-06-18 10:50:00,0.00,,,8.6,,,,,,,,,,,,,,16.5,,,,,,< 0.1,< 0.004,0.93,9,,3,,,0,0,,,,,35,,34,41,0.34,,,0.01,0.04,,0.02,,8.09,,,,0.5,,7,,78,2,53,,34,,0.18,171,81,,,,,,5,,,,,,100,,< 1,,< 5,,,,10,,2110,,< 5,,,,3,,,,< 0.5,,,,,,,< 1,,,,,,,,,,,,,,,20,,, Analysis DO :Analysis Value from : DO (field or ext)  2026-03-19 18:01:53 Analysis Hardness :Analysis Value from : Hardness 2018-02-01 18:01:08 Analysis TDS :Analysis Value from : Lab Total Dissolved Solids  2018-02-01 18:01:32 Analysis Temp :Analysis Value from : Field Temp  2026-03-19 18:03:08 Analysis SAR :Analysis Value from : SAR 2018-06-19 18:01:44 Analysis Nitrate :Analysis Value from : Nitrate 2018-02-01 18:01:04,
00147875-0,Nevada Division of Environmental Protection,NV06-SC-73_00,Steamboat Ditch @ Rhodes Road,SB6,1996-08-13 10:15:00,0.00,,,8.4,,,,,,,,,,,7.91,,,17.2,,,,,,< 0.1,0.001274,,10,,2,,,0,0,8,,,,37,,44,54,0.25,,,0,0.01,,0.01,,8.16,,,,0.6,,9,,96,,57,,44,,0.19,38,22,,,,,,4,,,,,,< 50,,< 1,,< 5,,,,10,,790,,< 5,,,,3,,,,< 0.5,,,,,,,< 1,,,,,,,,,,,,,,,10,,," Ammonia, Unionized :AUTOCALCULATE 2016-06-16 14:48:20 Using 1/2 AMNN Analysis DO :Analysis Value from : DO (field or ext)  2026-03-19 18:01:53 Analysis Hardness :Analysis Value from : Hardness 2018-02-01 18:01:08 Analysis pH :Analysis Value from : Field pH  2026-03-19 18:03:49 Analysis TDS :Analysis Value from : Lab Total Dissolved Solids  2018-02-01 18:01:32 Analysis Temp :Analysis Value from : Field Temp  2026-03-19 18:03:08 Analysis SAR :Analysis Value from : SAR 2018-06-19 18:01:44",
00147876-0,Nevada Division of Environmental Protection,NV06-SC-73_00,Steamboat Ditch @ Rhodes Road,SB6,1997-06-10 10:00:00,0.00,,,9,,,,,,,,,,,,,,14.5,,,,,,< 0.1,< 0.002,,9,,2,,,0,0,,,,,35,,34,41,0.48,,,0,0,,0.03,,7.78,,,,0.4,,6,,82,2,57,,34,,0.19,115,50,,,,,,3,,,,,,< 50,,< 1,,< 5,,,,10,,3010,,< 5,,,,3,,,,< 0.5,,,,,,,< 1,,,,,,,,,,,,,,,100,,, Analysis DO :Analysis Value from : DO (field or ext)  2026-03-19 18:01:53 Analysis Hardness :Analysis Value from : Hardness 2018-02-01 18:01:08 Analysis TDS :Analysis Value from : Lab Total Dissolved Solids  2018-02-01 18:01:32 Analysis Temp :Analysis Value from : Field Temp  2026-03-19 18:03:08 Analysis SAR :Analysis Value from : SAR 2018-06-19 18:01:44,
00147877-0,Nevada Division of Environmental Protection,NV06-SC-73_00,Steamboat Ditch @ Rhodes Road,SB6,1997-08-12 10:00:00,0.00,,,9.6,,,,,,,,,,,8.22,,,17.6,,,,,,< 0.1,0.002607,,9.37,,3,,,0,0,,,,,36,,44,54,0.26,,,0.01,0.04,,0.02,,8.11,,,,0.44,,6.05,,98,3,59,,44,,0.07,30,20,,,,,,2.5,,,,,,31.5,,< 1.4,,< 2.2,,,,< 2.3,,1100,,< 0.9,,,,3.12,,,,< 0.1,,,,,,,< 0.7,,,,,,,,,,,,,,,5.7,,," Ammonia, Unionized :AUTOCALCULATE 2016-06-16 14:48:20 Using 1/2 AMNN Analysis DO :Analysis Value from : DO (field or ext)  2026-03-19 18:01:53 Analysis Hardness :Analysis Value from : Hardness 2018-02-01 18:01:08 Analysis pH :Analysis Value from : Field pH  2026-03-19 18:03:49 Analysis TDS :Analysis Value from : Lab Total Dissolved Solids  2018-02-01 18:01:32 Analysis Temp :Analysis Value from : Field Temp  2026-03-19 18:03:08 Analysis SAR :Analysis Value from : SAR 2018-06-19 18:01:44 Analysis Nitrate :Analysis Value from : Nitrate 2018-02-01 18:01:04",
00147878-0,Nevada Division of Environmental Protection,NV06-SC-73_00,Steamboat Ditch @ Rhodes Road,SB6,1998-06-16 09:55:00,0.00,,,10.25,,,,,,,,,,,7.89,,,13.7,,,,,,< 0.1,0.000941,,8.38,,2,,,0,0,,,,,33,,40,49,0.28,,,0.02,0.09,,0.02,,7.53,,,,0.37,,4.85,,93,2,63,,40,,0.08,11,16,,,,,,2.8,,,,,,16.9,,< 1.2,,< 2,,,,4.1,,1090,,< 0.9,,,,2.85,,,,< 0.1,,,,,,,< 0.5,,,,,,,,,,,,,,,5.7,,," Ammonia, Unionized :AUTOCALCULATE 2016-06-16 14:48:20 Using 1/2 AMNN Analysis DO :Analysis Value from : DO (field or ext)  2026-03-19 18:01:53 Analysis Hardness :Analysis Value from : Hardness 2018-02-01 18:01:08 Analysis pH :Analysis Value from : Field pH  2026-03-19 18:03:49 Analysis TDS :Analysis Value from : Lab Total Dissolved Solids  2018-02-01 18:01:32 Analysis Temp :Analysis Value from : Field Temp  2026-03-19 18:03:08 Analysis SAR :Analysis Value from : SAR 2018-06-19 18:01:44 Analysis Nitrate :Analysis Value from : Nitrate 2018-02-01 18:01:04",
00147879-0,Nevada Division of Environmental Protection,NV06-SC-73_00,Steamboat Ditch @ Rhodes Road,SB6,1998-08-11 10:50:00,0.00,,,8.1,,,,,,,,,,,8.19,,,19.8,,,,,,< 0.1,0.002848,,8.89,,2,,,0,0,,,,,36,,34,41,0.39,,,0.01,0.04,,0.03,,7.44,,,,0.4,,5.52,,89,2,81,,34,,0.13,71,33,,,,,,3,,,,,,12.7,,< 1.4,,< 2.1,,,,2.7,,2910,,1.8,,,,3.41,,,,< 0.1,,,,,,,< 0.6,,,,,,,,,,,,,,,12.2,,," Ammonia, Unionized :AUTOCALCULATE 2016-06-16 14:48:20 Using 1/2 AMNN Analysis DO :Analysis Value from : DO (field or ext)  2026-03-19 18:01:53 Analysis Hardness :Analysis Value from : Hardness 2018-02-01 18:01:08 Analysis pH :Analysis Value from : Field pH  2026-03-19 18:03:49 Analysis TDS :Analysis Value from : Lab Total Dissolved Solids  2018-02-01 18:01:32 Analysis Temp :Analysis Value from : Field Temp  2026-03-19 18:03:08 Analysis SAR :Analysis Value from : SAR 2018-06-19 18:01:44 Analysis Nitrate :Analysis Value from : Nitrate 2018-02-01 18:01:04",
00147880-0,Nevada Division of Environmental Protection,NV06-SC-73_00,Steamboat Ditch @ Rhodes Road,SB6,1998-10-13 10:20:00,0.00,,,9.2,,,,,,,,,,,8.24,,,8.7,,,,,,0.05,0.000707,,12,,3.6,,,< 20,< 12,,,,,46,,69,84,0.22,,,0.02,0.09,,< 0.06,,,,,,0.49,,7.6,,,3.3,78,,69,,0.08,< 10,,,,,,,2.1,,,,,,65,,1,,< 2.3,,,,< 1.4,,200,,0.83,,,,3.8,,,,< 0.1,,,,,,,< 0.6,,,,,,,,,,,,,,,8.2,,," Ammonia, Unionized :AUTOCALCULATE 2016-06-16 14:48:20 Using 1/2 AMNN Analysis DO :Analysis Value from : DO (field or ext)  2026-03-19 18:01:53 Analysis Hardness :Analysis Value from : Hardness 2018-02-01 18:01:08 Analysis pH :Analysis Value from : Field pH  2026-03-19 18:03:49 Analysis TDS :Analysis Value from : Lab Total Dissolved Solids  2018-02-01 18:01:32 Analysis Temp :Analysis Value from : Field Temp  2026-03-19 18:03:08 Analysis SAR :Analysis Value from : SAR 2018-06-19 18:01:44 Analysis Nitrate :Analysis Value from : Nitrate 2018-02-01 18:01:04",
00147881-0,Nevada Division of Environmental Protection,NV06-SC-73_00,Steamboat Ditch @ Rhodes Road,SB6,1999-08-10 10:15:00,0.00,,,10.35,,,,,,,,,,,8.16,,,16,,,,,,< 0.1000,0.002039,,8,8,3,,,0,0,,,,,32,32,34,41,0.62,,,0.15,0.66,,0.04,,7.34,,,,0.5,0.8,7,11,104,3,64,,34,,0.08,17,24.4,,,,,,< 3.0000,< 3.0000,,,,,< 100.0000,100,< 1.0000,< 1.0000,< 5.0000,< 5.0000,,,< 20.0000,< 20.0000,580,180,< 5.0000,< 5.0000,,,3,3,,,< 0.5000,< 0.5000,,,,,,< 4.0000,< 4.0000,,,,,,,,,,,,,,< 50.0000,< 50.0000,," Ammonia, Unionized :AUTOCALCULATE 2016-06-16 14:48:20 Using 1/2 AMNN Analysis DO :Analysis Value from : DO (field or ext)  2026-03-19 18:01:53 Analysis Hardness :Analysis Value from : Hardness Diss  2018-02-01 18:01:08 Analysis pH :Analysis Value from : Field pH  2026-03-19 18:03:49 Analysis TDS :Analysis Value from : Lab Total Dissolved Solids  2018-02-01 18:01:32 Analysis Temp :Analysis Value from : Field Temp  2026-03-19 18:03:08 Analysis SAR :Analysis Value from : SAR Diss  2018-06-19 18:01:44 Analysis Nitrate :Analysis Value from : Nitrate 2018-02-01 18:01:04",
00147882-0,Nevada Division of Environmental Protection,NV06-SC-73_00,Steamboat Ditch @ Rhodes Road,SB6,1999-10-13 10:10:00,0.00,,,7.6,,,,,,,,,,,7.99,,,10,,,,,,< 0.1000,0.000890,,9,9,3,,,0,0,,,,,35,35,40,49,0.38,,,0,0,,0,,7.48,,,,0.6,0.9,8,12,118,2,59,,40,,0.05,3,2.8,,,,,,< 3.0000,< 3.0000,,,,,< 100.0000,100,< 1.0000,< 1.0000,< 5.0000,< 5.0000,,,< 20.0000,< 20.0000,110,220,< 5.0000,< 5.0000,,,3,3,,,< 0.5000,< 0.5000,,,,,,< 3.0000,< 3.0000,,,,,,,,,,,,,,< 50.0000,50,," Ammonia, Unionized :AUTOCALCULATE 2016-06-16 14:48:20 Using 1/2 AMNN Analysis DO :Analysis Value from : DO (field or ext)  2026-03-19 18:01:53 Analysis Hardness :Analysis Value from : Hardness Diss  2018-02-01 18:01:08 Analysis pH :Analysis Value from : Field pH  2026-03-19 18:03:49 Analysis TDS :Analysis Value from : Lab Total Dissolved Solids  2018-02-01 18:01:32 Analysis Temp :Analysis Value from : Field Temp  2026-03-19 18:03:08 Analysis SAR :Analysis Value from : SAR Diss  2018-06-19 18:01:44",
00147883-0,Nevada Division of Environmental Protection,NV06-SC-73_00,Steamboat Ditch @ Rhodes Road,SB6,2000-06-13 10:00:00,0.00,,,8.5,,,,,,,,,,,,,,17.5,,,,,,< 0.1000,< 0.004,,8,8,3,,,0,0,,,,,32,32,38,46,0.13,,,0.03,0.13,,0.02,,8.04,,,,0.5,0.6,6,8,94,3,64,,38,,0.04,18,13,,,,,,3,3,,,,,< 100.0000,100,< 1.0000,< 1.0000,< 1.0000,< 1.0000,,,< 20.0000,20,580,200,< 2.0000,< 2.0000,,,3,3,,,< 0.5000,< 0.5000,,,,,,< 1.0000,< 1.0000,,,,,,,,,,,,,,< 50.0000,< 50.0000,, Analysis DO :Analysis Value from : DO (field or ext)  2026-03-19 18:01:53 Analysis Hardness :Analysis Value from : Hardness Diss  2018-02-01 18:01:08 Analysis TDS :Analysis Value from : Lab Total Dissolved Solids  2018-02-01 18:01:32 Analysis Temp :Analysis Value from : Field Temp  2026-03-19 18:03:08 Analysis SAR :Analysis Value from : SAR Diss  2018-06-19 18:01:44 Analysis Nitrate :Analysis Value from : Nitrate 2018-02-01 18:01:04,
00147884-0,Nevada Division of Environmental Protection,NV06-SC-73_00,Steamboat Ditch @ Rhodes Road,SB6,2000-08-08 10:20:00,0.00,,,8.7,,,,,,,,,,,8.01,,,19.9,,,,,,< 0.1000,0.001932,,10,10,3,,,0,0,,,,,37,37,44,54,0.25,,,0,0,,0.01,,8.16,,,,0.6,0.7,8,10,102,2,59,,44,,0.05,15,11,,,,,,< 3.0000,< 3.0000,,,,,< 100.0000,100,< 1.0000,< 1.0000,< 2.0000,< 2.0000,,,< 20.0000,< 20.0000,720,150,< 2.0000,< 2.0000,,,3,3,,,< 0.5000,< 0.5000,,,,,,< 2.0000,< 2.0000,,,,,,,,,,,,,,< 50.0000,< 50.0000,," Ammonia, Unionized :AUTOCALCULATE 2016-06-16 14:48:20 Using 1/2 AMNN Analysis DO :Analysis Value from : DO (field or ext)  2026-03-19 18:01:53 Analysis Hardness :Analysis Value from : Hardness Diss  2018-02-01 18:01:08 Analysis pH :Analysis Value from : Field pH  2026-03-19 18:03:49 Analysis TDS :Analysis Value from : Lab Total Dissolved Solids  2018-02-01 18:01:32 Analysis Temp :Analysis Value from : Field Temp  2026-03-19 18:03:08 Analysis SAR :Analysis Value from : SAR Diss  2018-06-19 18:01:44",
00147885-0,Nevada Division of Environmental Protection,NV06-SC-73_00,Steamboat Ditch @ Rhodes Road,SB6,2001-06-18 10:30:00,0.00,,,8.1,,,,,,,,,,,8.16,,,18.5,,,,,,< 0.1000,0.002436,,9,9,2,,,0,0,,,,,35,35,44,54,0.25,,,,,0,0.01,,7.86,,,,0.4,0.7,6,9,101,2,65,,44,,0.07,41,20,,,,,,3,< 3.0000,,,,,< 100.0000,100,< 1.0000,< 1.0000,< 2.0000,< 2.0000,,,< 20.0000,< 20.0000,1170,170,< 2.0000,< 2.0000,,,3,3,,,< 0.5000,< 0.5000,,,,,,< 2.0000,< 2.0000,,,,,,,,,,,,,,< 50.0000,< 50.0000,," Ammonia, Unionized :AUTOCALCULATE 2016-06-16 14:48:20 Using 1/2 AMNN Analysis DO :Analysis Value from : DO (field or ext)  2026-03-19 18:01:53 Analysis Hardness :Analysis Value from : Hardness Diss  2018-02-01 18:01:08 Analysis pH :Analysis Value from : Field pH  2026-03-19 18:03:49 Analysis TDS :Analysis Value from : Lab Total Dissolved Solids  2018-02-01 18:01:32 Analysis Temp :Analysis Value from : Field Temp  2026-03-19 18:03:08 Analysis SAR :Analysis Value from : SAR Diss  2018-06-19 18:01:44",
00147886-0,Nevada Division of Environmental Protection,NV06-SC-73_00,Steamboat Ditch @ Rhodes Road,SB6,2001-08-14 10:24:00,0.00,,,8.2,,,,,,,,,,,7.48,,,20,,,,,,< 0.1000,0.000590,,10,9,3,,,0,0,,,,,37,35,42,51,0.3,,,,,0,0,,8,,,,0.6,0.6,8,8,106,3,68,,42,,0.03,17,9.6,,,,,,< 3.0000,< 3.0000,,,,,< 100.0000,100,< 1.0000,< 1.0000,< 2.0000,< 2.0000,,,< 20.0000,< 20.0000,480,< 50.0000,< 2.0000,< 2.0000,,,3,3,,,< 0.5000,< 0.5000,,,,,,< 2.0000,2,,,,,,,,,,,,,,< 50.0000,< 50.0000,," Ammonia, Unionized :AUTOCALCULATE 2016-06-16 14:48:20 Using 1/2 AMNN Analysis DO :Analysis Value from : DO (field or ext)  2026-03-19 18:01:53 Analysis Hardness :Analysis Value from : Hardness Diss  2018-02-01 18:01:08 Analysis pH :Analysis Value from : Field pH  2026-03-19 18:03:49 Analysis TDS :Analysis Value from : Lab Total Dissolved Solids  2018-02-01 18:01:32 Analysis Temp :Analysis Value from : Field Temp  2026-03-19 18:03:08 Analysis SAR :Analysis Value from : SAR Diss  2018-06-19 18:01:44",
00147887-0,Nevada Division of Environmental Protection,NV06-SC-73_00,Steamboat Ditch @ Rhodes Road,SB6,2001-10-09 10:00:00,0.00,,,7.7,,,,,,,,,,,8.1,,,11,,,,,,< 0.1000,0.001232,,9,9,4,,,0,0,,,,,35,35,48,59,0.21,,,,,0.01,0,,8.23,,,,0.6,0.7,8,10,120,3,71,,48,,0.02,9,5.6,,,,,,< 3.0000,< 3.0000,,,,,< 100.0000,100,< 1.0000,< 1.0000,< 2.0000,< 2.0000,,,< 20.0000,< 20.0000,250,70,< 2.0000,< 2.0000,,,3,3,,,< 0.5000,< 0.5000,,,,,,< 5.0000,< 2.0000,,,,,,,,,,,,,,< 50.0000,< 50.0000,," Ammonia, Unionized :AUTOCALCULATE 2016-06-16 14:48:20 Using 1/2 AMNN Analysis DO :Analysis Value from : DO (field or ext)  2026-03-19 18:01:53 Analysis Hardness :Analysis Value from : Hardness Diss  2018-02-01 18:01:08 Analysis pH :Analysis Value from : Field pH  2026-03-19 18:03:49 Analysis TDS :Analysis Value from : Lab Total Dissolved Solids  2018-02-01 18:01:32 Analysis Temp :Analysis Value from : Field Temp  2026-03-19 18:03:08 Analysis SAR :Analysis Value from : SAR Diss  2018-06-19 18:01:44 Analysis Nitrate :Analysis Value from : Nitrate Nitrite  2018-02-01 18:01:04",
00147888-0,Nevada Division of Environmental Protection,NV06-SC-73_00,Steamboat Ditch @ Rhodes Road,SB6,2002-06-04 10:10:00,0.00,,,6.96,,,,,,,,,,,7.8,,,15.9,,,,,,< 0.1000,0.000904,,9,8,2,,,0,0,,,,,35,28,32,39,0.31,,,,,0.02,0.02,,7.88,,,,0.4,0.7,6,9,79,2,62,,32,,0.16,115,40,,,,,,3,3,,,,,< 100.0000,100,< 2.0000,< 2.0000,< 2.0000,< 2.0000,,,< 20.0000,< 20.0000,3370,270,< 2.0000,< 2.0000,,,3,2,,,< 0.5000,< 0.5000,,,,,,< 2.0000,< 2.0000,,,,,,,,,,,,,,< 50.0000,< 50.0000,," Ammonia, Unionized :AUTOCALCULATE 2016-06-16 14:48:20 Using 1/2 AMNN Analysis DO :Analysis Value from : DO (field or ext)  2026-03-19 18:01:53 Analysis Hardness :Analysis Value from : Hardness Diss  2018-02-01 18:01:08 Analysis pH :Analysis Value from : Field pH  2026-03-19 18:03:49 Analysis TDS :Analysis Value from : Lab Total Dissolved Solids  2018-02-01 18:01:32 Analysis Temp :Analysis Value from : Field Temp  2026-03-19 18:03:08 Analysis SAR :Analysis Value from : SAR Diss  2018-06-19 18:01:44 Analysis Nitrate :Analysis Value from : Nitrate Nitrite  2018-02-01 18:01:04",
00147889-0,Nevada Division of Environmental Protection,NV06-SC-73_00,Steamboat Ditch @ Rhodes Road,SB6,2012-05-17 08:35:00,0.00,,,9.47,,,,,,,,,,,7.96,,,14,,,,,,< 0.1000,0.001127,,,8,< 5.0000,,,< 20.0000,< 12.0000,,,,200,,< 30.0000,33.6,41,< 0.2000,< 0.3,0,,,< 0.1000,0.02,,7.91,,,,,0.47,,6,84,< 5.0000,68,17.3,34,1872,0.04,14,14,,,,< 5.0000,,< 3.0000,< 3.0000,30,,< 2.0000,,< 0.1000,,< 1.0000,< 1.0000,< 2.0000,< 2.0000,,,2,< 2.0000,970,,< 1.0000,< 1.0000,,,,< 5.0000,< 20.0000,,< 0.2000,< 0.2000,< 10.0000,,< 5.0000,< 5.0000,,< 2.0000,< 2.0000,,,,< 2.0000,< 1.0000,,,,,,,,,< 10.0000,< 10.0000,," Total N :AUTOCALCULATE 2016-06-16 14:48:17 Using 1/2 KJN Using 1/2 NandN SAR Diss :AUTOCALCULATE 2018-05-02 18:00:44 Using 1/2 Mg Ammonia, Unionized :AUTOCALCULATE 2016-06-16 14:48:20 Using 1/2 AMNN Analysis DO :Analysis Value from : DO (field or ext)  2026-03-19 18:01:53 Analysis Hardness :Analysis Value from : Hardness Diss  2018-02-01 18:01:08 Analysis pH :Analysis Value from : Field pH  2026-03-19 18:03:49 Analysis TDS :Analysis Value from : Lab Total Dissolved Solids  2018-02-01 18:01:32 Analysis Temp :Analysis Value from : Field Temp  2026-03-19 18:03:08 Analysis SAR :Analysis Value from : SAR Diss  2018-06-19 18:01:44 Analysis Nitrate :Analysis Value from : Nitrate Nitrite  2018-02-01 18:01:04",
00147890-0,Nevada Division of Environmental Protection,NV06-SC-73_00,Steamboat Ditch @ Rhodes Road,SB6,2012-08-08 08:40:00,0.00,,,7.95,,,,,,,,,,,8.18,,,18.3,,,,,,< 0.1000,0.002510,,,9,< 5.0000,,,< 20.0000,< 12.0000,,,,< 100.0000,,< 33.0000,46.7,57,< 0.1000,< 0.2,0,,,< 0.1000,0.01,,8,,,,,0.53,,7,110,< 5.0000,68,18.9,47,9804,0.05,38,19,,,,< 5.0000,,< 3.0000,< 3.0000,40,,< 2.0000,,< 0.1000,,< 1.0000,< 1.0000,< 2.0000,< 2.0000,,,2,< 2.0000,1400,,< 1.0000,< 1.0000,,,,< 5.0000,30,,< 0.2000,< 0.2000,< 10.0000,,< 5.0000,< 5.0000,,< 2.0000,< 2.0000,,,,< 2.0000,< 1.0000,,,,,,,,,< 10.0000,< 10.0000,," SAR Diss :AUTOCALCULATE 2018-05-02 18:00:44 Using 1/2 Mg Ammonia, Unionized :AUTOCALCULATE 2016-06-16 14:48:20 Using 1/2 AMNN Analysis DO :Analysis Value from : DO (field or ext)  2026-03-19 18:01:53 Analysis Hardness :Analysis Value from : Hardness Diss  2018-02-01 18:01:08 Analysis pH :Analysis Value from : Field pH  2026-03-19 18:03:49 Analysis TDS :Analysis Value from : Lab Total Dissolved Solids  2018-02-01 18:01:32 Analysis Temp :Analysis Value from : Field Temp  2026-03-19 18:03:08 Analysis SAR :Analysis Value from : SAR Diss  2018-06-19 18:01:44 Analysis Nitrate :Analysis Value from : Nitrate Nitrite  2018-02-01 18:01:04",
00147891-0,Nevada Division of Environmental Protection,NV06-SC-73_00,Steamboat Ditch @ Rhodes Road,SB6,2013-07-08 09:05:00,0.00,,,8.5,,,,,,,,,,,7.79,,,18.7,,,,,,< 0.1000,0.001085,,,,< 5.0000,,,< 20,< 12.0000,,,,,,,45.9,56,0.4,< 0.5,0.4,,,< 0.1000,0.01,,8.13,,,,,,,,100,< 5.0000,69,20.1,46,19863,0.06,47,25,,,,,,,,,,,,,,,,,,,,,,,,,,,,,,,,,,,,,,,,,,,,,,,,,,,,,,,,," Total N :AUTOCALCULATE 2018-08-06 18:00:25 Using 1/2 NandN Ammonia, Unionized :AUTOCALCULATE 2018-08-06 18:00:28 Using 1/2 AMNN Analysis DO :Analysis Value from : DO (field or ext)  2026-03-19 18:01:53 Analysis pH :Analysis Value from : Field pH  2026-03-19 18:03:49 Analysis TDS :Analysis Value from : Lab Total Dissolved Solids  2018-08-06 18:01:20 Analysis Temp :Analysis Value from : Field Temp  2026-03-19 18:03:08 Analysis Nitrate :Analysis Value from : Nitrate Nitrite  2018-08-06 18:00:29",
00149561-0,Nevada Division of Environmental Protection,NV06-SC-41-C_00,Steamboat Creek @ Pleasant Valley &[STBT02Stbt-2],SB3,1987-10-21 09:35:00,0.00,,,10.4,,,,,,,,,,,7.8,,,9,,,,,,< 0.1,0.000535,2,,,2,,,17,10,,,,,,,134,163,0.31,,,0.07,0.31,,0.16,,8.27,,,,,,,,305,,209,,150,,0.18,11,7.5,,,,,,5,,,,,,< 50,,< 1,,< 5,,,,10,,300,,< 5,,,,,,,,< 0.5,,,,,,,< 1,,,,,,,,,,,,,,,10,,," Ammonia, Unionized :AUTOCALCULATE 2016-06-16 14:48:20 Using 1/2 AMNN Analysis DO :Analysis Value from : DO (field or ext)  2026-03-19 18:01:53 Analysis pH :Analysis Value from : Field pH  2026-03-19 18:03:49 Analysis TDS :Analysis Value from : Lab Total Dissolved Solids  2018-02-01 18:01:32 Analysis Temp :Analysis Value from : Field Temp  2026-03-19 18:03:08 Analysis Nitrate :Analysis Value from : Nitrate 2018-02-01 18:01:04",
00149562-0,Nevada Division of Environmental Protection,NV06-SC-41-C_00,Steamboat Creek @ Pleasant Valley &[STBT02Stbt-2],SB3,1987-12-01 09:30:00,0.00,,,9.9,,,,,,,,,,,7.8,,,6,,,,,,< 0.1,0.000422,,,,3,,,0,0,9,,,,,,146,178,0.19,,,0.04,0.19,,0.08,,7.99,,,,,,,,291,,208,,146,,0.09,1,2.4,,,,,,,,,,,,,,,,,,,,,,,,,,,,,,,,,,,,,,,,,,,,,,,,,,,,,,,,," Ammonia, Unionized :AUTOCALCULATE 2016-06-16 14:48:20 Using 1/2 AMNN Analysis DO :Analysis Value from : DO (field or ext)  2026-03-19 18:01:53 Analysis pH :Analysis Value from : Field pH  2026-03-19 18:03:49 Analysis TDS :Analysis Value from : Lab Total Dissolved Solids  2018-02-01 18:01:32 Analysis Temp :Analysis Value from : Field Temp  2026-03-19 18:03:08 Analysis Nitrate :Analysis Value from : Nitrate 2018-02-01 18:01:04",
00149563-0,Nevada Division of Environmental Protection,NV06-SC-41-C_00,Steamboat Creek @ Pleasant Valley &[STBT02Stbt-2],SB3,1988-02-02 09:20:00,0.00,,,11.6,,,,,,,,,,,,,,1.5,,,,,,< 0.1,0.001,1.61,,,5,,,0,0,,,,,,,150,183,0.18,,,0.06,0.25,,0.08,,8.11,,,,,,,,303,,211,,150,,0.09,3,2.4,,,,,,3,,,,,,100,,< 1,,< 5,,,,10,,300,,< 5,,,,,,,,< 0.5,,,,,,,< 1,,,,,,,,,,,,,,,10,,, Analysis DO :Analysis Value from : DO (field or ext)  2026-03-19 18:01:53 Analysis TDS :Analysis Value from : Lab Total Dissolved Solids  2018-02-01 18:01:32 Analysis Temp :Analysis Value from : Field Temp  2026-03-19 18:03:08 Analysis Nitrate :Analysis Value from : Nitrate 2018-02-01 18:01:04,
00149564-0,Nevada Division of Environmental Protection,NV06-SC-41-C_00,Steamboat Creek @ Pleasant Valley &[STBT02Stbt-2],SB3,1988-04-06 11:50:00,0.00,,,11,,,,,,,,,,,,,,12,,,,,,< 0.1,0.002,,,,1,,,0,0,9.4,,,,,,126,154,0.44,,,0.04,0.18,,0.08,,7.94,,,,,,,,256,,171,,126,,0.1,17,5.2,,,,,,4,,,,,,100,,< 1,,< 5,,,,10,,360,,< 5,,,,,,,,0.6,,,,,,,< 1,,,,,,,,,,,,,,,20,,, Analysis DO :Analysis Value from : DO (field or ext)  2026-03-19 18:01:53 Analysis TDS :Analysis Value from : Lab Total Dissolved Solids  2018-02-01 18:01:32 Analysis Temp :Analysis Value from : Field Temp  2026-03-19 18:03:08 Analysis Nitrate :Analysis Value from : Nitrate 2018-02-01 18:01:04,
00149565-0,Nevada Division of Environmental Protection,NV06-SC-41-C_00,Steamboat Creek @ Pleasant Valley &[STBT02Stbt-2],SB3,1988-06-14 09:25:00,0.00,,,7.8,,,,,,,,,,,,,,12.5,,,,,,< 0.1,0.007,1.59,,,4,,,17,10,,,,,,,148,181,0.51,,,0.16,0.72,,0.11,,8.5,,,,,,,,342,,222,,164,,0.13,6,1.9,,,,,,,,,,,,,,,,,,,,,,,,,,,,,,,,,,,,,,,,,,,,,,,,,,,,,,,,, Analysis DO :Analysis Value from : DO (field or ext)  2026-03-19 18:01:53 Analysis TDS :Analysis Value from : Lab Total Dissolved Solids  2018-02-01 18:01:32 Analysis Temp :Analysis Value from : Field Temp  2026-03-19 18:03:08 Analysis Nitrate :Analysis Value from : Nitrate 2018-02-01 18:01:04,
00149566-0,Nevada Division of Environmental Protection,NV06-SC-41-C_00,Steamboat Creek @ Pleasant Valley &[STBT02Stbt-2],SB3,1988-08-02 09:10:00,0.00,,,7.3,,,,,,,,,,,,,,12,,,,,,< 0.1,0.004,,,,7,,,8,5,13.5,,,,,,174,212,0.26,,,0.04,0.16,,0.15,,8.24,,,,,,,,373,,240,,182,,0.17,5,1.7,,,,,,,,,,,,,,,,,,,,,,,,,,,,,,,,,,,,,,,,,,,,,,,,,,,,,,,,, Analysis DO :Analysis Value from : DO (field or ext)  2026-03-19 18:01:53 Analysis TDS :Analysis Value from : Lab Total Dissolved Solids  2018-02-01 18:01:32 Analysis Temp :Analysis Value from : Field Temp  2026-03-19 18:03:08 Analysis Nitrate :Analysis Value from : Nitrate 2018-02-01 18:01:04,
00149567-0,Nevada Division of Environmental Protection,NV06-SC-41-C_00,Steamboat Creek @ Pleasant Valley &[STBT02Stbt-2],SB3,1988-10-05 12:40:00,0.00,,,,,,,,,,,,,,,,,,,,,,,< 0.1,,3.43,,,4,,,17,10,,,,,,,170,207,0.8,,,0.06,0.26,,0.13,,8.36,,,,,,,,373,,264,,186,,0.17,9,1.6,,,,,,,,,,,,,,,,,,,,,,,,,,,,,,,,,,,,,,,,,,,,,,,,,,,,,,,,, Analysis TDS :Analysis Value from : Lab Total Dissolved Solids  2018-02-01 18:01:32 Analysis Nitrate :Analysis Value from : Nitrate 2018-02-01 18:01:04,
00149568-0,Nevada Division of Environmental Protection,NV06-SC-41-C_00,Steamboat Creek @ Pleasant Valley &[STBT02Stbt-2],SB3,1988-12-07 09:09:00,0.00,,,10.8,,,,,,,,,,,,,,3.5,,,,,,< 0.1,0.001,,,,8,,,0,0,12.6,,,,,,152,185,0.21,,,0.04,0.17,,0.08,,8.04,,,,,,,,318,,218,,152,,0.08,4,1.7,,,,,,< 3,,,,,,300,,< 1,,< 5,,,,< 5,,220,,< 5,,,,,,,,< 0.5,,,,,,,< 1,,,,,,,,,,,,,,,< 5,,, Analysis DO :Analysis Value from : DO (field or ext)  2026-03-19 18:01:53 Analysis TDS :Analysis Value from : Lab Total Dissolved Solids  2018-02-01 18:01:32 Analysis Temp :Analysis Value from : Field Temp  2026-03-19 18:03:08 Analysis Nitrate :Analysis Value from : Nitrate 2018-02-01 18:01:04,
00149569-0,Nevada Division of Environmental Protection,NV06-SC-41-C_00,Steamboat Creek @ Pleasant Valley &[STBT02Stbt-2],SB3,1989-02-01 13:46:00,0.00,,,11.4,,,,,,,,,,,,,,5,,,,,,0.1,,5.43,,,8,,,3,2,,,,,,,126,154,0.8,,,0.56,2.5,,0.24,,,,,,,,,,285,,207,,130,,0.31,11,3.2,,,,,,4,,,,,,100,,< 1,,< 5,,,,< 5,,280,,< 5,,,,,,,,< 0.5,,,,,,,< 1,,,,,,,,,,,,,,,10,,, Analysis DO :Analysis Value from : DO (field or ext)  2026-03-19 18:01:53 Analysis TDS :Analysis Value from : Lab Total Dissolved Solids  2018-02-01 18:01:32 Analysis Temp :Analysis Value from : Field Temp  2026-03-19 18:03:08 Analysis Nitrate :Analysis Value from : Nitrate 2018-02-01 18:01:04,
00149570-0,Nevada Division of Environmental Protection,NV06-SC-41-C_00,Steamboat Creek @ Pleasant Valley &[STBT02Stbt-2],SB3,1989-04-05 08:34:00,0.00,,,8.7,,,,,,,,,,,,,,7,,,,,,< 0.1,,,,,10,,,0,0,17.4,,,,,,168,205,0.48,,,0.36,1.61,,0.09,,,,,,,,,,359,,213,,168,,0.11,2,1.6,,,,,,,,,,,,,,,,,,,,,,,,,,,,,,,,,,,,,,,,,,,,,,,,,,,,,,,,, Analysis DO :Analysis Value from : DO (field or ext)  2026-03-19 18:01:53 Analysis TDS :Analysis Value from : Lab Total Dissolved Solids  2018-02-01 18:01:32 Analysis Temp :Analysis Value from : Field Temp  2026-03-19 18:03:08 Analysis Nitrate :Analysis Value from : Nitrate 2018-02-01 18:01:04,
00149571-0,Nevada Division of Environmental Protection,NV06-SC-41-C_00,Steamboat Creek @ Pleasant Valley &[STBT02Stbt-2],SB3,1989-06-06 08:30:00,0.00,,,7.9,,,,,,,,,,,,,,13,,,,,,< 0.1,,1.8,,,11,,,0,0,,,,,,,132,161,0.84,,,0.11,0.49,,0.1,,,,,,,,,,302,,205,,132,,0.14,7,3,,,,,,7,,,,,,< 50,,< 1,,5,,,,< 5,,290,,< 5,,,,,,,,< 0.5,,,,,,,< 1,,,,,,,,,,,,,,,10,,, Analysis DO :Analysis Value from : DO (field or ext)  2026-03-19 18:01:53 Analysis TDS :Analysis Value from : Lab Total Dissolved Solids  2018-02-01 18:01:32 Analysis Temp :Analysis Value from : Field Temp  2026-03-19 18:03:08 Analysis Nitrate :Analysis Value from : Nitrate 2018-02-01 18:01:04,
00149572-0,Nevada Division of Environmental Protection,NV06-SC-41-C_00,Steamboat Creek @ Pleasant Valley &[STBT02Stbt-2],SB3,1989-08-01 08:36:00,0.00,,,7.7,,,,,,,,,,,,,,10,,,,,,< 0.1,,,,,7,,,8,5,12.1,,,,,,148,181,0.36,,,0.03,0.14,,0.08,,,,,,,,,,314,,236,,156,,0.1,4,1.7,,,,,,0,,,,,,< 50,,< 1,,< 5,,,,20,,220,,< 5,,,,,,,,< 0.5,,,,,,,< 1,,,,,,,,,,,,,,,10,,, Analysis DO :Analysis Value from : DO (field or ext)  2026-03-19 18:01:53 Analysis TDS :Analysis Value from : Lab Total Dissolved Solids  2018-02-01 18:01:32 Analysis Temp :Analysis Value from : Field Temp  2026-03-19 18:03:08 Analysis Nitrate :Analysis Value from : Nitrate 2018-02-01 18:01:04,
00149573-0,Nevada Division of Environmental Protection,NV06-SC-41-C_00,Steamboat Creek @ Pleasant Valley &[STBT02Stbt-2],SB3,1989-10-05 08:35:00,0.00,,,7.9,,,,,,,,,,,,,,6.5,,,,,,< 0.1,,,,,5,,,28,16.8,15.5,,,,,,158,193,0.32,,,0.05,0.2,,0.07,,,,,,,,,,365,,236,,186,,0.09,3,1.7,,,,,,,,,,,,,,,,,,,,,,,,,,,,,,,,,,,,,,,,,,,,,,,,,,,,,,,,, Analysis DO :Analysis Value from : DO (field or ext)  2026-03-19 18:01:53 Analysis TDS :Analysis Value from : Lab Total Dissolved Solids  2018-02-01 18:01:32 Analysis Temp :Analysis Value from : Field Temp  2026-03-19 18:03:08 Analysis Nitrate :Analysis Value from : Nitrate 2018-02-01 18:01:04,
00149574-0,Nevada Division of Environmental Protection,NV06-SC-41-C_00,Steamboat Creek @ Pleasant Valley &[STBT02Stbt-2],SB3,1989-12-05 09:10:00,0.00,,,12.6,,,,,,,,,,,,,,1,,,,,,< 0.1,,,,,5,,,12,7,13.4,,,,,,150,183,0.38,,,0.03,0.15,,0.05,,,,,,,,,,328,,215,,162,,0.07,1,1.5,,,,,,,,,,,,,,,,,,,,,,,,,,,,,,,,,,,,,,,,,,,,,,,,,,,,,,,,, Analysis DO :Analysis Value from : DO (field or ext)  2026-03-19 18:01:53 Analysis TDS :Analysis Value from : Lab Total Dissolved Solids  2018-02-01 18:01:32 Analysis Temp :Analysis Value from : Field Temp  2026-03-19 18:03:08 Analysis Nitrate :Analysis Value from : Nitrate 2018-02-01 18:01:04,
00149575-0,Nevada Division of Environmental Protection,NV06-SC-41-C_00,Steamboat Creek @ Pleasant Valley &[STBT02Stbt-2],SB3,1990-02-14 09:05:00,0.00,,,1.4,,,,,,,,,,,,,,-3,,,,,,< 0.1,,,,,7,,,16,9.6,10.2,,,,,,132,161,0.35,,,0.06,0.27,,0.07,,,,,,,,,,302,,197,,148,,0.11,22,6.8,,,,,,,,,,,,,,,,,,,,,,,,,,,,,,,,,,,,,,,,,,,,,,,,,,,,,,,,, Analysis DO :Analysis Value from : DO (field or ext)  2026-03-19 18:01:53 Analysis TDS :Analysis Value from : Lab Total Dissolved Solids  2018-02-01 18:01:32 Analysis Temp :Analysis Value from : Field Temp  2026-03-19 18:03:08 Analysis Nitrate :Analysis Value from : Nitrate 2018-02-01 18:01:04,
00149576-0,Nevada Division of Environmental Protection,NV06-SC-41-C_00,Steamboat Creek @ Pleasant Valley &[STBT02Stbt-2],SB3,1990-04-10 09:04:00,0.00,,,10.2,,,,,,,,,,,,,,5,,,,,,< 0.1,,1.17,,,4,,,0,0,,,,,,,138,168,0.27,,,0.04,0.16,,0.07,,,,,,,,,,275,,189,,138,,0.1,9,3.5,,,,,,,,,,,,,,,,,,,,,,,,,,,,,,,,,,,,,,,,,,,,,,,,,,,,,,,,, Analysis DO :Analysis Value from : DO (field or ext)  2026-03-19 18:01:53 Analysis TDS :Analysis Value from : Lab Total Dissolved Solids  2018-02-01 18:01:32 Analysis Temp :Analysis Value from : Field Temp  2026-03-19 18:03:08 Analysis Nitrate :Analysis Value from : Nitrate 2018-02-01 18:01:04,
00149577-0,Nevada Division of Environmental Protection,NV06-SC-41-C_00,Steamboat Creek @ Pleasant Valley &[STBT02Stbt-2],SB3,1990-06-05 08:47:00,0.00,,,9.8,,,,,,,,,,,,,,4,,,,,,< 0.1,,,,,6,,,0,0,10,,,,,,152,185,0.21,,,0.11,0.48,,0.06,,,,,,,,,,312,,212,,152,,0.08,5,2.1,,,,,,,,,,,,,,,,,,,,,,,,,,,,,,,,,,,,,,,,,,,,,,,,,,,,,,,,, Analysis DO :Analysis Value from : DO (field or ext)  2026-03-19 18:01:53 Analysis TDS :Analysis Value from : Lab Total Dissolved Solids  2018-02-01 18:01:32 Analysis Temp :Analysis Value from : Field Temp  2026-03-19 18:03:08 Analysis Nitrate :Analysis Value from : Nitrate 2018-02-01 18:01:04,
00149578-0,Nevada Division of Environmental Protection,NV06-SC-41-C_00,Steamboat Creek @ Pleasant Valley &[STBT02Stbt-2],SB3,1990-08-07 08:50:00,0.00,,,6.4,,,,,,,,,,,,,,16.3,,,,,,< 0.1,,1.85,,,4,,,8,4.8,,,,,,,160,195,0.42,,,0.06,0.25,,0.18,,,,,,,,,,338,,228,,168,,0.22,17,6.3,,,,,,,,,,,,,,,,,,,,,,,,,,,,,,,,,,,,,,,,,,,,,,,,,,,,,,,,, Analysis DO :Analysis Value from : DO (field or ext)  2026-03-19 18:01:53 Analysis TDS :Analysis Value from : Lab Total Dissolved Solids  2018-02-01 18:01:32 Analysis Temp :Analysis Value from : Field Temp  2026-03-19 18:03:08 Analysis Nitrate :Analysis Value from : Nitrate 2018-02-01 18:01:04,
00149579-0,Nevada Division of Environmental Protection,NV06-SC-41-C_00,Steamboat Creek @ Pleasant Valley &[STBT02Stbt-2],SB3,1990-10-09 08:49:00,0.00,,,8.2,,,,,,,,,,,,,,7,,,,,,< 0.1,,,,,7,,,16,9.6,19.1,,,,,,174,212,0.41,,,0.25,1.09,,0.08,,,,,,,,,,401,,264,,190,,0.12,7,2.4,,,,,,,,,,,,,,,,,,,,,,,,,,,,,,,,,,,,,,,,,,,,,,,,,,,,,,,,, Analysis DO :Analysis Value from : DO (field or ext)  2026-03-19 18:01:53 Analysis TDS :Analysis Value from : Lab Total Dissolved Solids  2018-02-01 18:01:32 Analysis Temp :Analysis Value from : Field Temp  2026-03-19 18:03:08 Analysis Nitrate :Analysis Value from : Nitrate 2018-02-01 18:01:04,
00149580-0,Nevada Division of Environmental Protection,NV06-SC-41-C_00,Steamboat Creek @ Pleasant Valley &[STBT02Stbt-2],SB3,1990-12-04 08:52:00,0.00,,,9.5,,,,,,,,,,,,,,4.5,,,,,,< 0.1,,0.95,,,6,,,0,0,,,,,,,156,190,0.33,,,0.31,1.36,,0.08,,,,,,,,,,342,,230,,156,,0.1,6,2.6,,,,,,,,,,,,,,,,,,,,,,,,,,,,,,,,,,,,,,,,,,,,,,,,,,,,,,,,, Analysis DO :Analysis Value from : DO (field or ext)  2026-03-19 18:01:53 Analysis TDS :Analysis Value from : Lab Total Dissolved Solids  2018-02-01 18:01:32 Analysis Temp :Analysis Value from : Field Temp  2026-03-19 18:03:08 Analysis Nitrate :Analysis Value from : Nitrate 2018-02-01 18:01:04,
00149581-0,Nevada Division of Environmental Protection,NV06-SC-41-C_00,Steamboat Creek @ Pleasant Valley &[STBT02Stbt-2],SB3,1991-02-05 08:50:00,0.00,,,9.4,,,,,,,,,,,,,,5.3,,,,,,< 0.1,,,,,7,,,0,0,13.3,,,,,,142,173,0.59,,,0.17,0.75,,0.08,,,,,,,,,,317,,202,,142,,0.12,10,2.5,,,,,,,,,,,,,,,,,,,,,,,,,,,,,,,,,,,,,,,,,,,,,,,,,,,,,,,,, Analysis DO :Analysis Value from : DO (field or ext)  2026-03-19 18:01:53 Analysis TDS :Analysis Value from : Lab Total Dissolved Solids  2018-02-01 18:01:32 Analysis Temp :Analysis Value from : Field Temp  2026-03-19 18:03:08 Analysis Nitrate :Analysis Value from : Nitrate 2018-02-01 18:01:04,
00149582-0,Nevada Division of Environmental Protection,NV06-SC-41-C_00,Steamboat Creek @ Pleasant Valley &[STBT02Stbt-2],SB3,1991-04-09 09:28:00,0.00,,,10.6,,,,,,,,,,,,,,6.5,,,,,,< 0.1,,0.64,,,7,,,16,9.6,,,,,,,138,168,0.3,,,0.71,3.15,,0.06,,,,,,,,,,340,,217,,154,,0.07,9,4.9,,,,,,,,,,,,,,,,,,,,,,,,,,,,,,,,,,,,,,,,,,,,,,,,,,,,,,,,, Analysis DO :Analysis Value from : DO (field or ext)  2026-03-19 18:01:53 Analysis TDS :Analysis Value from : Lab Total Dissolved Solids  2018-02-01 18:01:32 Analysis Temp :Analysis Value from : Field Temp  2026-03-19 18:03:08 Analysis Nitrate :Analysis Value from : Nitrate 2018-02-01 18:01:04,
00149583-0,Nevada Division of Environmental Protection,NV06-SC-41-C_00,Steamboat Creek @ Pleasant Valley &[STBT02Stbt-2],SB3,1991-06-05 09:10:00,0.00,,,8.6,,,,,,,,,,,,,,10.5,,,,,,< 0.1,,,,,5,,,8,4.8,21.6,,,,,,132,161,0.51,,,0.05,0.23,,0.13,,,,,,,,,,286,,203,,140,,0.18,8,3.2,,,,,,,,,,,,,,,,,,,,,,,,,,,,,,,,,,,,,,,,,,,,,,,,,,,,,,,,, Analysis DO :Analysis Value from : DO (field or ext)  2026-03-19 18:01:53 Analysis TDS :Analysis Value from : Lab Total Dissolved Solids  2018-02-01 18:01:32 Analysis Temp :Analysis Value from : Field Temp  2026-03-19 18:03:08 Analysis Nitrate :Analysis Value from : Nitrate 2018-02-01 18:01:04,
00149584-0,Nevada Division of Environmental Protection,NV06-SC-41-C_00,Steamboat Creek @ Pleasant Valley &[STBT02Stbt-2],SB3,1991-08-14 09:07:00,0.00,,,6,,,,,,,,,,,,,,14,,,,,,< 0.1,,1.82,,,5,,,8,4.8,,,,,,,162,198,0.54,,,0.07,0.29,,0.09,,,,,,,,,,349,,236,,170,,0.12,17,6,,,,,,,,,,,,,,,,,,,,,,,,,,,,,,,,,,,,,,,,,,,,,,,,,,,,,,,,, Analysis DO :Analysis Value from : DO (field or ext)  2026-03-19 18:01:53 Analysis TDS :Analysis Value from : Lab Total Dissolved Solids  2018-02-01 18:01:32 Analysis Temp :Analysis Value from : Field Temp  2026-03-19 18:03:08 Analysis Nitrate :Analysis Value from : Nitrate 2018-02-01 18:01:04,
00149585-0,Nevada Division of Environmental Protection,NV06-SC-41-C_00,Steamboat Creek @ Pleasant Valley &[STBT02Stbt-2],SB3,1991-10-16 09:30:00,0.00,,,8,,,,,,,,,,,,,,14.5,,,,,,< 0.1,,,,,5,,,16,10,14.2,,,,,,168,205,0.51,,,0.08,0.35,,0.09,,,,,,,,,,365,,243,,184,,0.13,7,4,,,,,,,,,,,,,,,,,,,,,,,,,,,,,,,,,,,,,,,,,,,,,,,,,,,,,,,,, Analysis DO :Analysis Value from : DO (field or ext)  2026-03-19 18:01:53 Analysis TDS :Analysis Value from : Lab Total Dissolved Solids  2018-02-01 18:01:32 Analysis Temp :Analysis Value from : Field Temp  2026-03-19 18:03:08 Analysis Nitrate :Analysis Value from : Nitrate 2018-02-01 18:01:04,
00149586-0,Nevada Division of Environmental Protection,NV06-SC-41-C_00,Steamboat Creek @ Pleasant Valley &[STBT02Stbt-2],SB3,1991-12-03 09:00:00,0.00,,,9.9,,,,,,,,,,,,,,3.1,,,,,,< 0.1,,1.64,,,4,,,0,0,,,,,,,140,171,0.17,,,0.07,0.32,,0.05,,,,,,,,,,284,,196,,140,,0.07,5,1.8,,,,,,,,,,,,,,,,,,,,,,,,,,,,,,,,,,,,,,,,,,,,,,,,,,,,,,,,, Analysis DO :Analysis Value from : DO (field or ext)  2026-03-19 18:01:53 Analysis TDS :Analysis Value from : Lab Total Dissolved Solids  2018-02-01 18:01:32 Analysis Temp :Analysis Value from : Field Temp  2026-03-19 18:03:08 Analysis Nitrate :Analysis Value from : Nitrate 2018-02-01 18:01:04,
00149587-0,Nevada Division of Environmental Protection,NV06-SC-41-C_00,Steamboat Creek @ Pleasant Valley &[STBT02Stbt-2],SB3,1992-02-04 09:05:00,0.00,,,9.6,,,,,,,,,,,7.1,,,3.3,,,,,,< 0.1,0.000068,,25,,9,,,0,0,15,,,,100,,138,168,0.32,,,0,0,,0.06,,8.14,,,,1.05,,24,,295,6,201,,138,,0.09,6,2.4,,,,,,3,,,,,,< 50,,< 1,,< 5,,,,< 5,,220,,< 5,,,,9,,,,< 0.5,,,,,,,< 1,,,,,,,,,,,,,,,< 5,,," Ammonia, Unionized :AUTOCALCULATE 2016-06-16 14:48:20 Using 1/2 AMNN Analysis DO :Analysis Value from : DO (field or ext)  2026-03-19 18:01:53 Analysis Hardness :Analysis Value from : Hardness 2018-02-01 18:01:08 Analysis pH :Analysis Value from : Field pH  2026-03-19 18:03:49 Analysis TDS :Analysis Value from : Lab Total Dissolved Solids  2018-02-01 18:01:32 Analysis Temp :Analysis Value from : Field Temp  2026-03-19 18:03:08 Analysis SAR :Analysis Value from : SAR 2018-06-19 18:01:44",
00149588-0,Nevada Division of Environmental Protection,NV06-SC-41-C_00,Steamboat Creek @ Pleasant Valley &[STBT02Stbt-2],SB3,1992-04-07 09:14:00,0.00,,,10,,,,,,,,,,,7.8,,,5.1,,,,,,< 0.1,0.000392,2.63,,,5,,,0,0,,,,,,,176,215,0.68,,,0.05,0.22,,0.17,,8.15,,,,,,,,336,,236,,176,,0.22,7,6.2,,,,,,,,,,,,,,,,,,,,,,,,,,,,,,,,,,,,,,,,,,,,,,,,,,,,,,,,," Ammonia, Unionized :AUTOCALCULATE 2016-06-16 14:48:20 Using 1/2 AMNN Analysis DO :Analysis Value from : DO (field or ext)  2026-03-19 18:01:53 Analysis pH :Analysis Value from : Field pH  2026-03-19 18:03:49 Analysis TDS :Analysis Value from : Lab Total Dissolved Solids  2018-02-01 18:01:32 Analysis Temp :Analysis Value from : Field Temp  2026-03-19 18:03:08 Analysis Nitrate :Analysis Value from : Nitrate 2018-02-01 18:01:04",
00149589-0,Nevada Division of Environmental Protection,NV06-SC-41-C_00,Steamboat Creek @ Pleasant Valley &[STBT02Stbt-2],SB3,1992-06-02 09:08:00,0.00,,,7.6,,,,,,,,,,,7.44,,,11.8,,,,,,< 0.1,0.000292,,,,5,,,8,4.8,14.7,,,,,,154,188,0.38,,,0.07,0.3,,0.06,,8.35,,,,,,,,304,,214,,162,,0.12,8,3.4,,,,,,,,,,,,,,,,,,,,,,,,,,,,,,,,,,,,,,,,,,,,,,,,,,,,,,,,," Ammonia, Unionized :AUTOCALCULATE 2016-06-16 14:48:20 Using 1/2 AMNN Analysis DO :Analysis Value from : DO (field or ext)  2026-03-19 18:01:53 Analysis pH :Analysis Value from : Field pH  2026-03-19 18:03:49 Analysis TDS :Analysis Value from : Lab Total Dissolved Solids  2018-02-01 18:01:32 Analysis Temp :Analysis Value from : Field Temp  2026-03-19 18:03:08 Analysis Nitrate :Analysis Value from : Nitrate 2018-02-01 18:01:04",
00149590-0,Nevada Division of Environmental Protection,NV06-SC-41-C_00,Steamboat Creek @ Pleasant Valley &[STBT02Stbt-2],SB3,1992-08-11 09:04:00,0.00,,,6,,,,,,,,,,,7.74,,,15,,,,,,< 0.1,0.000738,2.13,,,2,,,16,9.6,,,,,,,134,163,0.54,,,0.02,0.09,,0.1,,8.36,,,,,,,,288,,198,,150,,0.14,8,4.8,,,,,,,,,,,,,,,,,,,,,,,,,,,,,,,,,,,,,,,,,,,,,,,,,,,,,,,,," Ammonia, Unionized :AUTOCALCULATE 2016-06-16 14:48:20 Using 1/2 AMNN Analysis DO :Analysis Value from : DO (field or ext)  2026-03-19 18:01:53 Analysis pH :Analysis Value from : Field pH  2026-03-19 18:03:49 Analysis TDS :Analysis Value from : Lab Total Dissolved Solids  2018-02-01 18:01:32 Analysis Temp :Analysis Value from : Field Temp  2026-03-19 18:03:08 Analysis Nitrate :Analysis Value from : Nitrate 2018-02-01 18:01:04",
00149591-0,Nevada Division of Environmental Protection,NV06-SC-41-C_00,Steamboat Creek @ Pleasant Valley &[STBT02Stbt-2],SB3,1992-10-13 09:20:00,0.00,,,8.3,,,,,,,,,,,7.85,,,10.5,,,,,,< 0.1,0.000674,,,,0,,,12,7.2,6.1,,,,,,134,163,0.17,,,0,0,,0.05,,8.2,,,,,,,,275,,187,,146,,0.06,6,1,,,,,,,,,,,,,,,,,,,,,,,,,,,,,,,,,,,,,,,,,,,,,,,,,,,,,,,,," Ammonia, Unionized :AUTOCALCULATE 2016-06-16 14:48:20 Using 1/2 AMNN Analysis DO :Analysis Value from : DO (field or ext)  2026-03-19 18:01:53 Analysis pH :Analysis Value from : Field pH  2026-03-19 18:03:49 Analysis TDS :Analysis Value from : Lab Total Dissolved Solids  2018-02-01 18:01:32 Analysis Temp :Analysis Value from : Field Temp  2026-03-19 18:03:08",
00149592-0,Nevada Division of Environmental Protection,NV06-SC-41-C_00,Steamboat Creek @ Pleasant Valley &[STBT02Stbt-2],SB3,1992-12-15 09:05:00,0.00,,,,,,,,,,,,,,,,,,,,,,,< 0.1,,1.9,,,3,,,0,0,,,,,,,128,156,0.17,,,0.01,0.06,,0.04,,8.18,,,,,,,,244,,173,,128,,0.06,6,2.9,,,,,,,,,,,,,,,,,,,,,,,,,,,,,,,,,,,,,,,,,,,,,,,,,,,,,,,,, Analysis TDS :Analysis Value from : Lab Total Dissolved Solids  2018-02-01 18:01:32 Analysis Nitrate :Analysis Value from : Nitrate 2018-02-01 18:01:04,
00149593-0,Nevada Division of Environmental Protection,NV06-SC-41-C_00,Steamboat Creek @ Pleasant Valley &[STBT02Stbt-2],SB3,1993-02-09 09:05:00,0.00,,,9.8,,,,,,,,,,,7.98,,,5,,,,,,< 0.1,0.000587,,,,9,,,0,0,10.2,,,,,,120,146,0.27,,,0.06,0.28,,0.06,,8.08,,,,,,,,269,,191,,120,,0.08,6,3.6,,,,,,,,,,,,,,,,,,,,,,,,,,,,,,,,,,,,,,,,,,,,,,,,,,,,,,,,," Ammonia, Unionized :AUTOCALCULATE 2016-06-16 14:48:20 Using 1/2 AMNN Analysis DO :Analysis Value from : DO (field or ext)  2026-03-19 18:01:53 Analysis pH :Analysis Value from : Field pH  2026-03-19 18:03:49 Analysis TDS :Analysis Value from : Lab Total Dissolved Solids  2018-02-01 18:01:32 Analysis Temp :Analysis Value from : Field Temp  2026-03-19 18:03:08 Analysis Nitrate :Analysis Value from : Nitrate 2018-02-01 18:01:04",
00149594-0,Nevada Division of Environmental Protection,NV06-SC-41-C_00,Steamboat Creek @ Pleasant Valley &[STBT02Stbt-2],SB3,1993-04-13 09:25:00,0.00,,,9.9,,,,,,,,,,,7.5,,,6.5,,,,,,< 0.1,0.000221,1.73,,,8,,,0,0,,,,,,,126,154,0.71,,,0.16,0.69,,0.04,,8.16,,,,,,,,272,,190,,126,,0.06,8,4.1,,,,,,,,,,,,,,,,,,,,,,,,,,,,,,,,,,,,,,,,,,,,,,,,,,,,,,,,," Ammonia, Unionized :AUTOCALCULATE 2016-06-16 14:48:20 Using 1/2 AMNN Analysis DO :Analysis Value from : DO (field or ext)  2026-03-19 18:01:53 Analysis pH :Analysis Value from : Field pH  2026-03-19 18:03:49 Analysis TDS :Analysis Value from : Lab Total Dissolved Solids  2018-02-01 18:01:32 Analysis Temp :Analysis Value from : Field Temp  2026-03-19 18:03:08 Analysis Nitrate :Analysis Value from : Nitrate 2018-02-01 18:01:04",
00149595-0,Nevada Division of Environmental Protection,NV06-SC-41-C_00,Steamboat Creek @ Pleasant Valley &[STBT02Stbt-2],SB3,1993-05-04 09:47:00,0.00,,,,,,,,,,,,,,7.88,,,,,,,,,< 0.1,,,,,5,,,16,9.6,9.8,,,,,,124,151,0.23,,,0.13,0.59,,0.06,,8.41,,,,,,,,276,,197,,140,,0.08,6,1.7,,,,,,,,,,,,,,,,,,,,,,,,,,,,,,,,,,,,,,,,,,,,,,,,,,,,,,,,, Analysis pH :Analysis Value from : Field pH  2026-03-19 18:03:49 Analysis TDS :Analysis Value from : Lab Total Dissolved Solids  2018-02-01 18:01:32 Analysis Nitrate :Analysis Value from : Nitrate 2018-02-01 18:01:04,
00149596-0,Nevada Division of Environmental Protection,NV06-SC-41-C_00,Steamboat Creek @ Pleasant Valley &[STBT02Stbt-2],SB3,1993-06-08 09:30:00,0.00,,,9.6,,,,,,,,,,,7.86,,,10,,,,,,< 0.1,0.000663,0.34,,,5,,,12,7.2,,,,,,,128,156,0.62,,,0.08,0.34,,0.05,,8.38,,,,,,,,275,,194,,140,,0.07,3,1.7,,,,,,,,,,,,,,,,,,,,,,,,,,,,,,,,,,,,,,,,,,,,,,,,,,,,,,,,," Ammonia, Unionized :AUTOCALCULATE 2016-06-16 14:48:20 Using 1/2 AMNN Analysis DO :Analysis Value from : DO (field or ext)  2026-03-19 18:01:53 Analysis pH :Analysis Value from : Field pH  2026-03-19 18:03:49 Analysis TDS :Analysis Value from : Lab Total Dissolved Solids  2018-02-01 18:01:32 Analysis Temp :Analysis Value from : Field Temp  2026-03-19 18:03:08 Analysis Nitrate :Analysis Value from : Nitrate 2018-02-01 18:01:04",
00149597-0,Nevada Division of Environmental Protection,NV06-SC-41-C_00,Steamboat Creek @ Pleasant Valley &[STBT02Stbt-2],SB3,1993-07-07 09:25:00,0.00,,,6.9,,,,,,,,,,,8.12,,,15.5,,,,,,< 0.1,0.001800,,,,2,,,8,4.8,9,,,,,,134,163,0.33,,,0.03,0.13,,0.06,,8.42,,,,,,,,272,,186,,142,,0.12,7,2.5,,,,,,,,,,,,,,,,,,,,,,,,,,,,,,,,,,,,,,,,,,,,,,,,,,,,,,,,," Ammonia, Unionized :AUTOCALCULATE 2016-06-16 14:48:20 Using 1/2 AMNN Analysis DO :Analysis Value from : DO (field or ext)  2026-03-19 18:01:53 Analysis pH :Analysis Value from : Field pH  2026-03-19 18:03:49 Analysis TDS :Analysis Value from : Lab Total Dissolved Solids  2018-02-01 18:01:32 Analysis Temp :Analysis Value from : Field Temp  2026-03-19 18:03:08 Analysis Nitrate :Analysis Value from : Nitrate 2018-02-01 18:01:04",
00149598-0,Nevada Division of Environmental Protection,NV06-SC-41-C_00,Steamboat Creek @ Pleasant Valley &[STBT02Stbt-2],SB3,1993-08-10 09:35:00,0.00,,,7.5,,,,,,,,,,,7.9,,,16,,,,,,< 0.1,0.001141,0.87,,,1,,,0,0,,,,,,,140,171,0.35,,,0.03,0.13,,0.07,,8.26,,,,,,,,266,,194,,140,,0.1,8,2.5,,,,,,,,,,,,,,,,,,,,,,,,,,,,,,,,,,,,,,,,,,,,,,,,,,,,,,,,," Ammonia, Unionized :AUTOCALCULATE 2016-06-16 14:48:20 Using 1/2 AMNN Analysis DO :Analysis Value from : DO (field or ext)  2026-03-19 18:01:53 Analysis pH :Analysis Value from : Field pH  2026-03-19 18:03:49 Analysis TDS :Analysis Value from : Lab Total Dissolved Solids  2018-02-01 18:01:32 Analysis Temp :Analysis Value from : Field Temp  2026-03-19 18:03:08 Analysis Nitrate :Analysis Value from : Nitrate 2018-02-01 18:01:04",
00149599-0,Nevada Division of Environmental Protection,NV06-SC-41-C_00,Steamboat Creek @ Pleasant Valley &[STBT02Stbt-2],SB3,1993-09-08 09:00:00,0.00,,,7,,,,,,,,,,,7.87,,,15,,,,,,< 0.1,0.000991,,,,2,,,12,7.2,26.1,,,,,,138,168,0.14,,,0.03,0.12,,0.06,,8.3,,,,,,,,276,,186,,150,,0.14,6,2,,,,,,,,,,,,,,,,,,,,,,,,,,,,,,,,,,,,,,,,,,,,,,,,,,,,,,,,," Ammonia, Unionized :AUTOCALCULATE 2016-06-16 14:48:20 Using 1/2 AMNN Analysis DO :Analysis Value from : DO (field or ext)  2026-03-19 18:01:53 Analysis pH :Analysis Value from : Field pH  2026-03-19 18:03:49 Analysis TDS :Analysis Value from : Lab Total Dissolved Solids  2018-02-01 18:01:32 Analysis Temp :Analysis Value from : Field Temp  2026-03-19 18:03:08 Analysis Nitrate :Analysis Value from : Nitrate 2018-02-01 18:01:04",
00149600-0,Nevada Division of Environmental Protection,NV06-SC-41-C_00,Steamboat Creek @ Pleasant Valley &[STBT02Stbt-2],SB3,1993-10-06 09:10:00,0.00,,,7.8,,,,,,,,,,,8.01,,,9,,,,,,< 0.1,0.000862,8.27,,,5,,,24,14.4,,,,,,,146,178,0.5,,,0.1,0.43,,0.06,,8.57,,,,,,,,325,,226,,170,,0.09,20,4.4,,,,,,,,,,,,,,,,,,,,,,,,,,,,,,,,,,,,,,,,,,,,,,,,,,,,,,,,," Ammonia, Unionized :AUTOCALCULATE 2016-06-16 14:48:20 Using 1/2 AMNN Analysis DO :Analysis Value from : DO (field or ext)  2026-03-19 18:01:53 Analysis pH :Analysis Value from : Field pH  2026-03-19 18:03:49 Analysis TDS :Analysis Value from : Lab Total Dissolved Solids  2018-02-01 18:01:32 Analysis Temp :Analysis Value from : Field Temp  2026-03-19 18:03:08 Analysis Nitrate :Analysis Value from : Nitrate 2018-02-01 18:01:04",
00149601-0,Nevada Division of Environmental Protection,NV06-SC-41-C_00,Steamboat Creek @ Pleasant Valley &[STBT02Stbt-2],SB3,1993-12-07 08:55:00,0.00,,,9.6,,,,,,,,,,,6.8,,,4,,,,,,< 0.1,0.000036,,,,2,,,16,9.6,6.1,,,,,,112,137,0.11,,,0.07,0.3,,0.03,,8.56,,,,,,,,254,,166,,128,,0.04,2,1.2,,,,,,,,,,,,,,,,,,,,,,,,,,,,,,,,,,,,,,,,,,,,,,,,,,,,,,,,," Ammonia, Unionized :AUTOCALCULATE 2016-06-16 14:48:20 Using 1/2 AMNN Analysis DO :Analysis Value from : DO (field or ext)  2026-03-19 18:01:53 Analysis pH :Analysis Value from : Field pH  2026-03-19 18:03:49 Analysis TDS :Analysis Value from : Lab Total Dissolved Solids  2018-02-01 18:01:32 Analysis Temp :Analysis Value from : Field Temp  2026-03-19 18:03:08 Analysis Nitrate :Analysis Value from : Nitrate 2018-02-01 18:01:04",
00149602-0,Nevada Division of Environmental Protection,NV06-SC-41-C_00,Steamboat Creek @ Pleasant Valley &[STBT02Stbt-2],SB3,1994-02-08 09:40:00,0.00,,,10.2,,,,,,,,,,,7.27,,,4.5,,,,,,< 0.1,0.000111,1.6,21,,15,,,16,10,,,,,94,,112,137,0.26,,,0.06,0.25,,0.03,,8.3,,,,1.26,,28,,287,5,188,,128,,0.07,3,1.6,,,,,,< 3,,,,,,< 50,,< 1,,< 5,,,,< 5,,190,,< 5,,,,10,,,,< 0.5,,,,,,,< 1,,,,,,,,,,,,,,,< 5,,," Ammonia, Unionized :AUTOCALCULATE 2016-06-16 14:48:20 Using 1/2 AMNN Analysis DO :Analysis Value from : DO (field or ext)  2026-03-19 18:01:53 Analysis Hardness :Analysis Value from : Hardness 2018-02-01 18:01:08 Analysis pH :Analysis Value from : Field pH  2026-03-19 18:03:49 Analysis TDS :Analysis Value from : Lab Total Dissolved Solids  2018-02-01 18:01:32 Analysis Temp :Analysis Value from : Field Temp  2026-03-19 18:03:08 Analysis SAR :Analysis Value from : SAR 2018-06-19 18:01:44 Analysis Nitrate :Analysis Value from : Nitrate 2018-02-01 18:01:04",
00149603-0,Nevada Division of Environmental Protection,NV06-SC-41-C_00,Steamboat Creek @ Pleasant Valley &[STBT02Stbt-2],SB3,1994-04-12 09:20:00,0.00,,,9.4,,,,,,,,,,,7.71,,,8,,,,,,< 0.1,0.000403,,,,2,,,12,7,9,,,,,,130,159,0.21,,,0.06,0.27,,0.04,,8.26,,,,,,,,270,,190,,142,,0.06,6,1.8,,,,,,,,,,,,,,,,,,,,,,,,,,,,,,,,,,,,,,,,,,,,,,,,,,,,,,,,," Ammonia, Unionized :AUTOCALCULATE 2016-06-16 14:48:20 Using 1/2 AMNN Analysis DO :Analysis Value from : DO (field or ext)  2026-03-19 18:01:53 Analysis pH :Analysis Value from : Field pH  2026-03-19 18:03:49 Analysis TDS :Analysis Value from : Lab Total Dissolved Solids  2018-02-01 18:01:32 Analysis Temp :Analysis Value from : Field Temp  2026-03-19 18:03:08 Analysis Nitrate :Analysis Value from : Nitrate 2018-02-01 18:01:04",
00149604-0,Nevada Division of Environmental Protection,NV06-SC-41-C_00,Steamboat Creek @ Pleasant Valley &[STBT02Stbt-2],SB3,1994-06-07 09:40:00,0.00,,,8.6,,,,,,,,,,,,,,11,,,,,,< 0.1,< 0.006,2,,,2,,,8,5,,,,,,,126,154,0.26,,,0.01,0.06,,0.04,,8.45,,,,,,,,254,,179,,134,,0.22,3,2.1,,,,,,,,,,,,,,,,,,,,,,,,,,,,,,,,,,,,,,,,,,,,,,,,,,,,,,,,, Analysis DO :Analysis Value from : DO (field or ext)  2026-03-19 18:01:53 Analysis TDS :Analysis Value from : Lab Total Dissolved Solids  2018-02-01 18:01:32 Analysis Temp :Analysis Value from : Field Temp  2026-03-19 18:03:08 Analysis Nitrate :Analysis Value from : Nitrate 2018-02-01 18:01:04,
00149605-0,Nevada Division of Environmental Protection,NV06-SC-41-C_00,Steamboat Creek @ Pleasant Valley &[STBT02Stbt-2],SB3,1994-08-16 09:00:00,0.00,,,7,,,,,,,,,,,7.8,,,14,,,,,,< 0.1,0.000785,,,,2,,,12,7,3,,,,,,134,163,0.11,,,0.02,0.09,,0.05,,8.39,,,,,,,,268,,194,,146,,0.09,9,5,,,,,,,,,,,,,,,,,,,,,,,,,,,,,,,,,,,,,,,,,,,,,,,,,,,,,,,,," Ammonia, Unionized :AUTOCALCULATE 2016-06-16 14:48:20 Using 1/2 AMNN Analysis DO :Analysis Value from : DO (field or ext)  2026-03-19 18:01:53 Analysis pH :Analysis Value from : Field pH  2026-03-19 18:03:49 Analysis TDS :Analysis Value from : Lab Total Dissolved Solids  2018-02-01 18:01:32 Analysis Temp :Analysis Value from : Field Temp  2026-03-19 18:03:08 Analysis Nitrate :Analysis Value from : Nitrate 2018-02-01 18:01:04",
00149606-0,Nevada Division of Environmental Protection,NV06-SC-41-C_00,Steamboat Creek @ Pleasant Valley &[STBT02Stbt-2],SB3,1994-10-11 08:55:00,0.00,,,8.2,,,,,,,,,,,8.28,,,10.9,,,,,,< 0.1,0.001827,< 2,,,1,,,12,7,,,,,,,140,171,0.23,,,0.02,0.11,,0.04,,8.37,,,,,,,,285,,190,,152,,0.06,5,2.3,,,,,,,,,,,,,,,,,,,,,,,,,,,,,,,,,,,,,,,,,,,,,,,,,,,,,,,,," Ammonia, Unionized :AUTOCALCULATE 2016-06-16 14:48:20 Using 1/2 AMNN Analysis DO :Analysis Value from : DO (field or ext)  2026-03-19 18:01:53 Analysis pH :Analysis Value from : Field pH  2026-03-19 18:03:49 Analysis TDS :Analysis Value from : Lab Total Dissolved Solids  2018-02-01 18:01:32 Analysis Temp :Analysis Value from : Field Temp  2026-03-19 18:03:08 Analysis Nitrate :Analysis Value from : Nitrate 2018-02-01 18:01:04",
00149607-0,Nevada Division of Environmental Protection,NV06-SC-41-C_00,Steamboat Creek @ Pleasant Valley &[STBT02Stbt-2],SB3,1994-12-14 09:00:00,0.00,,,10.4,,,,,,,,,,,8.23,,,2,,,,,,< 0.1,0.000813,,,,5,,,12,7,5,,,,,,116,142,0.2,,,0.02,0.11,,0.02,,8.26,,,,,,,,252,,184,,128,,0.05,2,1.5,,,,,,,,,,,,,,,,,,,,,,,,,,,,,,,,,,,,,,,,,,,,,,,,,,,,,,,,," Ammonia, Unionized :AUTOCALCULATE 2016-06-16 14:48:20 Using 1/2 AMNN Analysis DO :Analysis Value from : DO (field or ext)  2026-03-19 18:01:53 Analysis pH :Analysis Value from : Field pH  2026-03-19 18:03:49 Analysis TDS :Analysis Value from : Lab Total Dissolved Solids  2018-02-01 18:01:32 Analysis Temp :Analysis Value from : Field Temp  2026-03-19 18:03:08 Analysis Nitrate :Analysis Value from : Nitrate 2018-02-01 18:01:04",
00149608-0,Nevada Division of Environmental Protection,NV06-SC-41-C_00,Steamboat Creek @ Pleasant Valley &[STBT02Stbt-2],SB3,1995-02-15 09:30:00,0.00,,,11,,,,,,,,,,,,,,2,,,,,,< 0.1,< 0.002,1.87,,,8,,,12,7,,,,,,,110,134,0.17,,,0.08,0.37,,0.03,,8.32,,,,,,,,260,,170,,122,,0.05,17,1.2,,,,,,,,,,,,,,,,,,,,,,,,,,,,,,,,,,,,,,,,,,,,,,,,,,,,,,,,, Analysis DO :Analysis Value from : DO (field or ext)  2026-03-19 18:01:53 Analysis TDS :Analysis Value from : Lab Total Dissolved Solids  2018-02-01 18:01:32 Analysis Temp :Analysis Value from : Field Temp  2026-03-19 18:03:08 Analysis Nitrate :Analysis Value from : Nitrate 2018-02-01 18:01:04,
00149609-0,Nevada Division of Environmental Protection,NV06-SC-41-C_00,Steamboat Creek @ Pleasant Valley &[STBT02Stbt-2],SB3,1995-04-11 09:30:00,0.00,,,9.8,,,,,,,,,,,7.87,,,8,,,,,,< 0.1,0.000580,,,,7,,,0,0,13,,,,,,130,159,0.18,,,0.18,0.8,,0.03,,7.71,,,,,,,,278,,186,,130,,0.05,4,2.1,,,,,,,,,,,,,,,,,,,,,,,,,,,,,,,,,,,,,,,,,,,,,,,,,,,,,,,,," Ammonia, Unionized :AUTOCALCULATE 2016-06-16 14:48:20 Using 1/2 AMNN Analysis DO :Analysis Value from : DO (field or ext)  2026-03-19 18:01:53 Analysis pH :Analysis Value from : Field pH  2026-03-19 18:03:49 Analysis TDS :Analysis Value from : Lab Total Dissolved Solids  2018-02-01 18:01:32 Analysis Temp :Analysis Value from : Field Temp  2026-03-19 18:03:08 Analysis Nitrate :Analysis Value from : Nitrate 2018-02-01 18:01:04",
00149610-0,Nevada Division of Environmental Protection,NV06-SC-41-C_00,Steamboat Creek @ Pleasant Valley &[STBT02Stbt-2],SB3,1995-06-13 09:05:00,0.00,,,7.3,,,,,,,,,,,8.33,,,13,,,,,,< 0.1,0.002384,1.35,,,5,,,0,0,,,,,,,136,166,0.36,,,0.04,0.16,,0.05,,7.67,,,,,,,,270,,182,,136,,0.09,4,2.6,,,,,,,,,,,,,,,,,,,,,,,,,,,,,,,,,,,,,,,,,,,,,,,,,,,,,,,,," Ammonia, Unionized :AUTOCALCULATE 2016-06-16 14:48:20 Using 1/2 AMNN Analysis DO :Analysis Value from : DO (field or ext)  2026-03-19 18:01:53 Analysis pH :Analysis Value from : Field pH  2026-03-19 18:03:49 Analysis TDS :Analysis Value from : Lab Total Dissolved Solids  2018-02-01 18:01:32 Analysis Temp :Analysis Value from : Field Temp  2026-03-19 18:03:08 Analysis Nitrate :Analysis Value from : Nitrate 2018-02-01 18:01:04",
00149611-0,Nevada Division of Environmental Protection,NV06-SC-41-C_00,Steamboat Creek @ Pleasant Valley &[STBT02Stbt-2],SB3,1995-08-08 09:05:00,0.00,,,6,,,,,,,,,,,,,,15,,,,,,< 0.1,< 0.001,,,,4,,,0,0,4,,,,,,130,159,0.54,,,0.03,0.12,,0.1,,7.72,,,,,,,,253,,159,,130,,0.13,9,2.9,,,,,,,,,,,,,,,,,,,,,,,,,,,,,,,,,,,,,,,,,,,,,,,,,,,,,,,,, Analysis DO :Analysis Value from : DO (field or ext)  2026-03-19 18:01:53 Analysis TDS :Analysis Value from : Lab Total Dissolved Solids  2018-02-01 18:01:32 Analysis Temp :Analysis Value from : Field Temp  2026-03-19 18:03:08 Analysis Nitrate :Analysis Value from : Nitrate 2018-02-01 18:01:04,
00149612-0,Nevada Division of Environmental Protection,NV06-SC-41-C_00,Steamboat Creek @ Pleasant Valley &[STBT02Stbt-2],SB3,1995-10-09 08:55:00,0.00,,,6.8,,,,,,,,,,,,,,9.5,,,,,,< 0.1,< 0.001,1.15,,,0,,,0,0,,,,,,,146,178,0.48,,,0.02,0.1,,0.05,,7.94,,,,,,,,272,,197,,146,,0.08,6,3.2,,,,,,,,,,,,,,,,,,,,,,,,,,,,,,,,,,,,,,,,,,,,,,,,,,,,,,,,, Analysis DO :Analysis Value from : DO (field or ext)  2026-03-19 18:01:53 Analysis TDS :Analysis Value from : Lab Total Dissolved Solids  2018-02-01 18:01:32 Analysis Temp :Analysis Value from : Field Temp  2026-03-19 18:03:08 Analysis Nitrate :Analysis Value from : Nitrate 2018-02-01 18:01:04,
00149613-0,Nevada Division of Environmental Protection,NV06-SC-41-C_00,Steamboat Creek @ Pleasant Valley &[STBT02Stbt-2],SB3,1995-12-27 08:45:00,0.00,,,9.9,,,,,,,,,,,8.2,,,2.2,,,,,,< 0.1,0.000772,,,,6,,,0,0,14,,,,,,92,112,0.57,,,0.16,0.7,,0.05,,7.32,,,,,,,,227,,153,,92,,0.08,8,4.1,,,,,,,,,,,,,,,,,,,,,,,,,,,,,,,,,,,,,,,,,,,,,,,,,,,,,,,,," Ammonia, Unionized :AUTOCALCULATE 2016-06-16 14:48:20 Using 1/2 AMNN Analysis DO :Analysis Value from : DO (field or ext)  2026-03-19 18:01:53 Analysis pH :Analysis Value from : Field pH  2026-03-19 18:03:49 Analysis TDS :Analysis Value from : Lab Total Dissolved Solids  2018-02-01 18:01:32 Analysis Temp :Analysis Value from : Field Temp  2026-03-19 18:03:08 Analysis Nitrate :Analysis Value from : Nitrate 2018-02-01 18:01:04",
00149614-0,Nevada Division of Environmental Protection,NV06-SC-41-C_00,Steamboat Creek @ Pleasant Valley &[STBT02Stbt-2],SB3,1996-02-14 09:25:00,0.00,,,8.8,,,,,,,,,,,7.74,,,5.5,,,,,,< 0.1,0.000353,2.67,,,8,,,0,0,,,,,,,130,159,0.54,,,0.89,3.93,,0.09,,7.81,,,,,,,,314,26,225,,130,,0.13,5,4.3,,,,,,,,,,,,,,,,,,,,,,,,,,,,,,,,,,,,,,,,,,,,,,,,,,,,,,,,," Ammonia, Unionized :AUTOCALCULATE 2016-06-16 14:48:20 Using 1/2 AMNN Analysis DO :Analysis Value from : DO (field or ext)  2026-03-19 18:01:53 Analysis pH :Analysis Value from : Field pH  2026-03-19 18:03:49 Analysis TDS :Analysis Value from : Lab Total Dissolved Solids  2018-02-01 18:01:32 Analysis Temp :Analysis Value from : Field Temp  2026-03-19 18:03:08 Analysis Nitrate :Analysis Value from : Nitrate 2018-02-01 18:01:04",
00149615-0,Nevada Division of Environmental Protection,NV06-SC-41-C_00,Steamboat Creek @ Pleasant Valley &[STBT02Stbt-2],SB3,1996-04-09 09:15:00,0.00,,,7.2,,,,,,,,,,,8.11,,,12.5,,,,,,< 0.1,0.001410,,,,16,,,8,5,22,,,,,,110,134,0.83,,,0.08,0.35,,0.19,,8.46,,,,,,,,275,5,191,,118,,0.3,23,15,,,,,,,,,,,,,,,,,,,,,,,,,,,,,,,,,,,,,,,,,,,,,,,,,,,,,,,,," Ammonia, Unionized :AUTOCALCULATE 2016-06-16 14:48:20 Using 1/2 AMNN Analysis DO :Analysis Value from : DO (field or ext)  2026-03-19 18:01:53 Analysis pH :Analysis Value from : Field pH  2026-03-19 18:03:49 Analysis TDS :Analysis Value from : Lab Total Dissolved Solids  2018-02-01 18:01:32 Analysis Temp :Analysis Value from : Field Temp  2026-03-19 18:03:08 Analysis Nitrate :Analysis Value from : Nitrate 2018-02-01 18:01:04",
00149616-0,Nevada Division of Environmental Protection,NV06-SC-41-C_00,Steamboat Creek @ Pleasant Valley &[STBT02Stbt-2],SB3,1996-06-18 09:25:00,0.00,,,7.6,,,,,,,,,,,,,,19,,,,,,< 0.1,< 0.004,2.16,,,12,,,0,0,,,,,,,150,183,0.8,,,0.04,0.18,,0.49,,8.12,,,,,,,,317,5,210,,150,,0.59,12,9,,,,,,,,,,,,,,,,,,,,,,,,,,,,,,,,,,,,,,,,,,,,,,,,,,,,,,,,, Analysis DO :Analysis Value from : DO (field or ext)  2026-03-19 18:01:53 Analysis TDS :Analysis Value from : Lab Total Dissolved Solids  2018-02-01 18:01:32 Analysis Temp :Analysis Value from : Field Temp  2026-03-19 18:03:08 Analysis Nitrate :Analysis Value from : Nitrate 2018-02-01 18:01:04,
00149617-0,Nevada Division of Environmental Protection,NV06-SC-41-C_00,Steamboat Creek @ Pleasant Valley &[STBT02Stbt-2],SB3,1996-08-13 09:35:00,0.00,,,7.2,,,,,,,,,,,7.82,,,18,,,,,,0.32,0.007062,,33,,9,,,16,10,13,,,,124,,150,183,1.08,,,0.82,3.65,,0.23,,8.5,,,,1.1,,29,,355,3,218,,166,,0.33,13,7.7,,,,,,4,,,,,,100,,< 1,,< 5,,,,< 5,,620,,< 5,,,,10,,,,< 0.5,,,,,,,< 1,,,,,,,,,,,,,,,10,,," Ammonia, Unionized :AUTOCALCULATE 2016-06-16 14:48:20 Analysis DO :Analysis Value from : DO (field or ext)  2026-03-19 18:01:53 Analysis Hardness :Analysis Value from : Hardness 2018-02-01 18:01:08 Analysis pH :Analysis Value from : Field pH  2026-03-19 18:03:49 Analysis TDS :Analysis Value from : Lab Total Dissolved Solids  2018-02-01 18:01:32 Analysis Temp :Analysis Value from : Field Temp  2026-03-19 18:03:08 Analysis SAR :Analysis Value from : SAR 2018-06-19 18:01:44 Analysis Nitrate :Analysis Value from : Nitrate 2018-02-01 18:01:04",
00149618-0,Nevada Division of Environmental Protection,NV06-SC-41-C_00,Steamboat Creek @ Pleasant Valley &[STBT02Stbt-2],SB3,1996-10-08 09:00:00,0.00,,,8.2,,,,,,,,,,,7.61,,,14.5,,,,,,0.26,0.002752,2.58,,,14,,,24,14,,,,,,,194,237,1.11,,,0.15,0.66,,0.3,,8.59,,,,,,,,462,3,301,,218,,0.41,20,13,,,,,,,,,,,,,,,,,,,,,,,,,,,,,,,,,,,,,,,,,,,,,,,,,,,,,,,,," Ammonia, Unionized :AUTOCALCULATE 2016-06-16 14:48:20 Analysis DO :Analysis Value from : DO (field or ext)  2026-03-19 18:01:53 Analysis pH :Analysis Value from : Field pH  2026-03-19 18:03:49 Analysis TDS :Analysis Value from : Lab Total Dissolved Solids  2018-02-01 18:01:32 Analysis Temp :Analysis Value from : Field Temp  2026-03-19 18:03:08 Analysis Nitrate :Analysis Value from : Nitrate 2018-02-01 18:01:04",
00149619-0,Nevada Division of Environmental Protection,NV06-SC-41-C_00,Steamboat Creek @ Pleasant Valley &[STBT02Stbt-2],SB3,1996-12-17 09:15:00,0.00,,,12.8,,,,,,,,,,,7.96,,,3,,,,,,< 0.1,0.000477,,,,11,,,8,5,23,,,,,,126,154,0.4,,,0.01,0.04,,0.13,,8.22,,,,,,,,302,3,197,,134,,0.22,18,18,,,,,,,,,,,,,,,,,,,,,,,,,,,,,,,,,,,,,,,,,,,,,,,,,,,,,,,,," Ammonia, Unionized :AUTOCALCULATE 2016-06-16 14:48:20 Using 1/2 AMNN Analysis DO :Analysis Value from : DO (field or ext)  2026-03-19 18:01:53 Analysis pH :Analysis Value from : Field pH  2026-03-19 18:03:49 Analysis TDS :Analysis Value from : Lab Total Dissolved Solids  2018-02-01 18:01:32 Analysis Temp :Analysis Value from : Field Temp  2026-03-19 18:03:08 Analysis Nitrate :Analysis Value from : Nitrate 2018-02-01 18:01:04",
00149620-0,Nevada Division of Environmental Protection,NV06-SC-41-C_00,Steamboat Creek @ Pleasant Valley &[STBT02Stbt-2],SB3,1997-02-12 09:25:00,0.00,,,13.2,,,,,,,,,,,8.17,,,3.5,,,,,,< 0.1,0.000801,,,,10,,,12,7,,,,,,,106,129,0.84,,,0.2,0.89,,0.3,,8.24,,,,,,,,270,6,191,,118,,0.44,62,55,,,,,,,,,,,,,,,,,,,,,,,,,,,,,,,,,,,,,,,,,,,,,,,,,,,,,,,,," Ammonia, Unionized :AUTOCALCULATE 2016-06-16 14:48:20 Using 1/2 AMNN Analysis DO :Analysis Value from : DO (field or ext)  2026-03-19 18:01:53 Analysis pH :Analysis Value from : Field pH  2026-03-19 18:03:49 Analysis TDS :Analysis Value from : Lab Total Dissolved Solids  2018-02-01 18:01:32 Analysis Temp :Analysis Value from : Field Temp  2026-03-19 18:03:08 Analysis Nitrate :Analysis Value from : Nitrate 2018-02-01 18:01:04",
00149621-0,Nevada Division of Environmental Protection,NV06-SC-41-C_00,Steamboat Creek @ Pleasant Valley &[STBT02Stbt-2],SB3,1997-04-09 09:35:00,0.00,,,11.1,,,,,,,,,,,8.46,,,6.5,,,,,,< 0.1,0.001948,,31,,11,,,0,0,,,,,110,,144,176,0.67,,,0.04,0.19,,0.27,,8.07,,,,1.2,,29,,299,6,192,,144,,0.45,42,37,,,,,,4,,,,,,100,,< 1,,< 5,,,,10,,970,,< 5,,,,8,,,,< 0.5,,,,,,,< 1,,,,,,,,,,,,,,,20,,," Ammonia, Unionized :AUTOCALCULATE 2016-06-16 14:48:20 Using 1/2 AMNN Analysis DO :Analysis Value from : DO (field or ext)  2026-03-19 18:01:53 Analysis Hardness :Analysis Value from : Hardness 2018-02-01 18:01:08 Analysis pH :Analysis Value from : Field pH  2026-03-19 18:03:49 Analysis TDS :Analysis Value from : Lab Total Dissolved Solids  2018-02-01 18:01:32 Analysis Temp :Analysis Value from : Field Temp  2026-03-19 18:03:08 Analysis SAR :Analysis Value from : SAR 2018-06-19 18:01:44 Analysis Nitrate :Analysis Value from : Nitrate 2018-02-01 18:01:04",
00149622-0,Nevada Division of Environmental Protection,NV06-SC-41-C_00,Steamboat Creek @ Pleasant Valley &[STBT02Stbt-2],SB3,1997-06-10 09:30:00,0.00,,,8.2,,,,,,,,,,,,,,17,,,,,,< 0.1,< 0.006,,,,9,,,16,10,,,,,,,118,144,1.02,,,0.07,0.31,,0.36,,8.3,,,,,,,,296,4,177,,134,,0.5,36,19,,,,,,,,,,,,,,,,,,,,,,,,,,,,,,,,,,,,,,,,,,,,,,,,,,,,,,,,, Analysis DO :Analysis Value from : DO (field or ext)  2026-03-19 18:01:53 Analysis TDS :Analysis Value from : Lab Total Dissolved Solids  2018-02-01 18:01:32 Analysis Temp :Analysis Value from : Field Temp  2026-03-19 18:03:08 Analysis Nitrate :Analysis Value from : Nitrate 2018-02-01 18:01:04,
00149623-0,Nevada Division of Environmental Protection,NV06-SC-41-C_00,Steamboat Creek @ Pleasant Valley &[STBT02Stbt-2],SB3,1997-08-12 09:15:00,0.00,,,8.8,,,,,,,,,,,8.22,,,17.9,,,,,,0.22,0.011719,,32.6,,10,,,16,10,,,,,116,,144,176,0.92,,,0.18,0.79,,0.38,,8.39,,,,1.08,,26.7,,336,2,206,,160,,0.52,20,14,,,,,,5.3,,,,,,48.9,,< 1.4,,< 2.2,,,,< 2.3,,1090,,2.1,,,,8.42,,,,0.44,,,,,,,< 0.7,,,,,,,,,,,,,,,4.5,,," Ammonia, Unionized :AUTOCALCULATE 2016-06-16 14:48:20 Analysis DO :Analysis Value from : DO (field or ext)  2026-03-19 18:01:53 Analysis Hardness :Analysis Value from : Hardness 2018-02-01 18:01:08 Analysis pH :Analysis Value from : Field pH  2026-03-19 18:03:49 Analysis TDS :Analysis Value from : Lab Total Dissolved Solids  2018-02-01 18:01:32 Analysis Temp :Analysis Value from : Field Temp  2026-03-19 18:03:08 Analysis SAR :Analysis Value from : SAR 2018-06-19 18:01:44 Analysis Nitrate :Analysis Value from : Nitrate 2018-02-01 18:01:04",
00149624-0,Nevada Division of Environmental Protection,NV06-SC-41-C_00,Steamboat Creek @ Pleasant Valley &[STBT02Stbt-2],SB3,1997-10-28 09:15:00,0.00,,,10.6,,,,,,,,,,,7.74,,,4,,,,,,< 0.1,0.000313,,,,7,,,4,2,,,,,,,104,127,0.64,,,0.02,0.1,,0.07,,8.57,,,,,,,,243,3,156,,108,,0.14,6,4.4,,,,,,,,,,,,,,,,,,,,,,,,,,,,,,,,,,,,,,,,,,,,,,,,,,,,,,,,," Ammonia, Unionized :AUTOCALCULATE 2016-06-16 14:48:20 Using 1/2 AMNN Analysis DO :Analysis Value from : DO (field or ext)  2026-03-19 18:01:53 Analysis pH :Analysis Value from : Field pH  2026-03-19 18:03:49 Analysis TDS :Analysis Value from : Lab Total Dissolved Solids  2018-02-01 18:01:32 Analysis Temp :Analysis Value from : Field Temp  2026-03-19 18:03:08 Analysis Nitrate :Analysis Value from : Nitrate 2018-02-01 18:01:04",
00149625-0,Nevada Division of Environmental Protection,NV06-SC-41-C_00,Steamboat Creek @ Pleasant Valley &[STBT02Stbt-2],SB3,1997-12-16 09:10:00,0.00,,,8.9,,,,,,,,,,,8.61,,,6,,,,,,< 0.1,0.002606,,,,6,,,12,7,,,,,,,124,151,0.33,,,0.01,0.04,,0.07,,8.47,,,,,,,,292,4,183,,136,,0.13,6,6,,,,,,,,,,,,,,,,,,,,,,,,,,,,,,,,,,,,,,,,,,,,,,,,,,,,,,,,," Ammonia, Unionized :AUTOCALCULATE 2016-06-16 14:48:20 Using 1/2 AMNN Analysis DO :Analysis Value from : DO (field or ext)  2026-03-19 18:01:53 Analysis pH :Analysis Value from : Field pH  2026-03-19 18:03:49 Analysis TDS :Analysis Value from : Lab Total Dissolved Solids  2018-02-01 18:01:32 Analysis Temp :Analysis Value from : Field Temp  2026-03-19 18:03:08 Analysis Nitrate :Analysis Value from : Nitrate 2018-02-01 18:01:04",
00149626-0,Nevada Division of Environmental Protection,NV06-SC-41-C_00,Steamboat Creek @ Pleasant Valley &[STBT02Stbt-2],SB3,1998-02-10 09:20:00,0.00,,,10,,,,,,,,,,,8.42,,,3.6,,,,,,< 0.1,0.001419,,26.9,,15,,,0,0,,,,,99,,130,159,0.78,,,0.07,0.3,,0.08,,8.08,,,,0.99,,22.6,,318,5,183,,130,,0.19,25,16.8,,,,,,1.1,,,,,,29.9,,< 1.3,,< 2.2,,,,< 1.9,,1170,,1.3,,,,7.71,,,,0.26,,,,,,,< 0.9,,,,,,,,,,,,,,,< 1.1,,," Ammonia, Unionized :AUTOCALCULATE 2016-06-16 14:48:20 Using 1/2 AMNN Analysis DO :Analysis Value from : DO (field or ext)  2026-03-19 18:01:53 Analysis Hardness :Analysis Value from : Hardness 2018-02-01 18:01:08 Analysis pH :Analysis Value from : Field pH  2026-03-19 18:03:49 Analysis TDS :Analysis Value from : Lab Total Dissolved Solids  2018-02-01 18:01:32 Analysis Temp :Analysis Value from : Field Temp  2026-03-19 18:03:08 Analysis SAR :Analysis Value from : SAR 2018-06-19 18:01:44 Analysis Nitrate :Analysis Value from : Nitrate 2018-02-01 18:01:04",
00149627-0,Nevada Division of Environmental Protection,NV06-SC-41-C_00,Steamboat Creek @ Pleasant Valley &[STBT02Stbt-2],SB3,1998-04-14 09:20:00,0.00,,,12.8,,,,,,,,,,,8.12,,,6,,,,,,< 0.1,0.000874,,,,12,,,0,0,,,,,,,150,183,0.82,,,0.02,0.1,,0.25,,8.18,,,,,,,,357,7,205,,150,,0.21,14,17,,,,,,,,,,,,,,,,,,,,,,,,,,,,,,,,,,,,,,,,,,,,,,,,,,,,,,,,," Ammonia, Unionized :AUTOCALCULATE 2016-06-16 14:48:20 Using 1/2 AMNN Analysis DO :Analysis Value from : DO (field or ext)  2026-03-19 18:01:53 Analysis pH :Analysis Value from : Field pH  2026-03-19 18:03:49 Analysis TDS :Analysis Value from : Lab Total Dissolved Solids  2018-02-01 18:01:32 Analysis Temp :Analysis Value from : Field Temp  2026-03-19 18:03:08 Analysis Nitrate :Analysis Value from : Nitrate 2018-02-01 18:01:04",
00149628-0,Nevada Division of Environmental Protection,NV06-SC-41-C_00,Steamboat Creek @ Pleasant Valley &[STBT02Stbt-2],SB3,1998-06-16 09:15:00,0.00,,,9.11,,,,,,,,,,,8.43,,,17.5,,,,,,< 0.1,0.004068,,,,13,,,12,7,,,,,,,140,171,0.77,,,0.08,0.4,,0.13,,8.3,,,,,,,,351,16,205,,152,,0.27,6,7.6,,,,,,,,,,,,,,,,,,,,,,,,,,,,,,,,,,,,,,,,,,,,,,,,,,,,,,,,," Ammonia, Unionized :AUTOCALCULATE 2016-06-16 14:48:20 Using 1/2 AMNN Analysis DO :Analysis Value from : DO (field or ext)  2026-03-19 18:01:53 Analysis pH :Analysis Value from : Field pH  2026-03-19 18:03:49 Analysis TDS :Analysis Value from : Lab Total Dissolved Solids  2018-02-01 18:01:32 Analysis Temp :Analysis Value from : Field Temp  2026-03-19 18:03:08 Analysis Nitrate :Analysis Value from : Nitrate 2018-02-01 18:01:04",
00149629-0,Nevada Division of Environmental Protection,NV06-SC-41-C_00,Steamboat Creek @ Pleasant Valley &[STBT02Stbt-2],SB3,1998-08-11 09:15:00,0.00,,,7.1,,,,,,,,,,,8.15,,,14,,,,,,< 0.1,0.001724,,38.2,,12,,,0,0,,,,,141,,190,232,0.89,,,0.05,0.2,,0.29,,8,,,,1.27,,34.6,,433,5,288,,190,,0.44,35,19,,,,,,4.1,,,,,,52.3,,< 1.4,,< 2.1,,,,2,,1380,,2.2,,,,11.1,,,,0.36,,,,,,,0.63,,,,,,,,,,,,,,,10.6,,," Ammonia, Unionized :AUTOCALCULATE 2016-06-16 14:48:20 Using 1/2 AMNN Analysis DO :Analysis Value from : DO (field or ext)  2026-03-19 18:01:53 Analysis Hardness :Analysis Value from : Hardness 2018-02-01 18:01:08 Analysis pH :Analysis Value from : Field pH  2026-03-19 18:03:49 Analysis TDS :Analysis Value from : Lab Total Dissolved Solids  2018-02-01 18:01:32 Analysis Temp :Analysis Value from : Field Temp  2026-03-19 18:03:08 Analysis SAR :Analysis Value from : SAR 2018-06-19 18:01:44 Analysis Nitrate :Analysis Value from : Nitrate 2018-02-01 18:01:04",
00149630-0,Nevada Division of Environmental Protection,NV06-SC-41-C_00,Steamboat Creek @ Pleasant Valley &[STBT02Stbt-2],SB3,1998-10-13 09:25:00,0.00,,,10.3,,,,,,,,,,,8.15,,,8.6,,,,,,0.04,0.000458,,,,13,,,< 20,< 12,,,,,,,170,207,0.57,,,0.04,0.18,,0.07,,,,,,,,,,,4.5,210,,170,,0.15,< 10,,,,,,,,,,,,,,,,,,,,,,,,,,,,,,,,,,,,,,,,,,,,,,,,,,,,,,,,,," Ammonia, Unionized :AUTOCALCULATE 2016-06-16 14:48:20 Using 1/2 AMNN Analysis DO :Analysis Value from : DO (field or ext)  2026-03-19 18:01:53 Analysis pH :Analysis Value from : Field pH  2026-03-19 18:03:49 Analysis TDS :Analysis Value from : Lab Total Dissolved Solids  2018-02-01 18:01:32 Analysis Temp :Analysis Value from : Field Temp  2026-03-19 18:03:08 Analysis Nitrate :Analysis Value from : Nitrate 2018-02-01 18:01:04",
00149631-0,Nevada Division of Environmental Protection,NV06-SC-41-C_00,Steamboat Creek @ Pleasant Valley &[STBT02Stbt-2],SB3,1998-12-15 09:35:00,0.00,,,10.52,,,,,,,,,,,8.42,,,2.6,,,,,,< 0.1,0.001310,,,,8,,,0,0,,,,,,,80,98,0.54,,,0.14,0.62,,0.07,,7.45,,,,,,,,216,5,121,,80,,0.09,7,3.7,,,,,,,,,,,,,,,,,,,,,,,,,,,,,,,,,,,,,,,,,,,,,,,,,,,,,,,,," Ammonia, Unionized :AUTOCALCULATE 2016-06-16 14:48:20 Using 1/2 AMNN Analysis DO :Analysis Value from : DO (field or ext)  2026-03-19 18:01:53 Analysis pH :Analysis Value from : Field pH  2026-03-19 18:03:49 Analysis TDS :Analysis Value from : Lab Total Dissolved Solids  2018-02-01 18:01:32 Analysis Temp :Analysis Value from : Field Temp  2026-03-19 18:03:08 Analysis Nitrate :Analysis Value from : Nitrate 2018-02-01 18:01:04",
00149632-0,Nevada Division of Environmental Protection,NV06-SC-41-C_00,Steamboat Creek @ Pleasant Valley &[STBT02Stbt-2],SB3,1999-02-02 09:15:00,0.00,,,8.26,,,,,,,,,,,8.43,,,3,,,,,,< 0.1000,0.001383,,31,31,13,,,0,0,,,,,115,110,144,176,0.65,,,0.06,0.27,,0.14,,8.05,,,,1.3,1.2,31,29,358,6,207,,144,,0.22,22,21,,,,,,< 3.0000,< 3.0000,,,,,100,100,< 1.0000,< 1.0000,< 5.0000,< 5.0000,,,< 20.0000,< 20.0000,850,420,< 5.0000,< 5.0000,,,9,8,,,< 0.5000,< 0.5000,,,,,,< 2.0000,< 2.0000,,,,,,,,,,,,,,< 50.0000,< 50.0000,," Ammonia, Unionized :AUTOCALCULATE 2016-06-16 14:48:20 Using 1/2 AMNN Analysis DO :Analysis Value from : DO (field or ext)  2026-03-19 18:01:53 Analysis Hardness :Analysis Value from : Hardness Diss  2018-02-01 18:01:08 Analysis pH :Analysis Value from : Field pH  2026-03-19 18:03:49 Analysis TDS :Analysis Value from : Lab Total Dissolved Solids  2018-02-01 18:01:32 Analysis Temp :Analysis Value from : Field Temp  2026-03-19 18:03:08 Analysis SAR :Analysis Value from : SAR Diss  2018-06-19 18:01:44 Analysis Nitrate :Analysis Value from : Nitrate 2018-02-01 18:01:04",
00149633-0,Nevada Division of Environmental Protection,NV06-SC-41-C_00,Steamboat Creek @ Pleasant Valley &[STBT02Stbt-2],SB3,1999-04-13 09:30:00,0.00,,,6.21,,,,,,,,,,,8.5,,,7.4,,,,,,< 0.1000,0.002279,,,,12,,,0,0,,,,,,,160,195,0.99,,,0.21,0.93,,0.28,,8.1,,,,,,,,368,7,260,,160,,0.4,74,78.1,,,,,,,,,,,,,,,,,,,,,,,,,,,,,,,,,,,,,,,,,,,,,,,,,,,,,,,,," Ammonia, Unionized :AUTOCALCULATE 2016-06-16 14:48:20 Using 1/2 AMNN Analysis DO :Analysis Value from : DO (field or ext)  2026-03-19 18:01:53 Analysis pH :Analysis Value from : Field pH  2026-03-19 18:03:49 Analysis TDS :Analysis Value from : Lab Total Dissolved Solids  2018-02-01 18:01:32 Analysis Temp :Analysis Value from : Field Temp  2026-03-19 18:03:08 Analysis Nitrate :Analysis Value from : Nitrate 2018-02-01 18:01:04",
00149634-0,Nevada Division of Environmental Protection,NV06-SC-41-C_00,Steamboat Creek @ Pleasant Valley &[STBT02Stbt-2],SB3,1999-06-15 14:15:00,0.00,,,7.05,,,,,,,,,,,8.4,,,21,,,,,,< 0.1000,0.004830,,,,12,,,0,0,,,,,,,150,183,0.94,,,0.09,0.4,,0.27,,8.07,,,,,,,,348,6,219,,150,,0.35,50,44.4,,,,,,,,,,,,,,,,,,,,,,,,,,,,,,,,,,,,,,,,,,,,,,,,,,,,,,,,," Ammonia, Unionized :AUTOCALCULATE 2016-06-16 14:48:20 Using 1/2 AMNN Analysis DO :Analysis Value from : DO (field or ext)  2026-03-19 18:01:53 Analysis pH :Analysis Value from : Field pH  2026-03-19 18:03:49 Analysis TDS :Analysis Value from : Lab Total Dissolved Solids  2018-02-01 18:01:32 Analysis Temp :Analysis Value from : Field Temp  2026-03-19 18:03:08 Analysis Nitrate :Analysis Value from : Nitrate 2018-02-01 18:01:04",
00149635-0,Nevada Division of Environmental Protection,NV06-SC-41-C_00,Steamboat Creek @ Pleasant Valley &[STBT02Stbt-2],SB3,1999-08-10 09:30:00,0.00,,,7.67,,,,,,,,,,,8.16,,,17.9,,,,,,0.17,0.007942,,40,39,14,,,0,0,,,,,149,143,192,234,1.41,,,0.29,1.28,,0.38,,7.88,,,,1.3,1.4,37,39,432,7,277,,192,,0.58,82,76.1,,,,,,7,6,,,,,< 100.0000,100,< 1.0000,< 1.0000,< 5.0000,< 5.0000,,,< 20.0000,< 20.0000,4640,530,< 5.0000,< 5.0000,,,12,11,,,0.8,< 0.5000,,,,,,< 4.0000,< 4.0000,,,,,,,,,,,,,,< 50.0000,< 50.0000,," Ammonia, Unionized :AUTOCALCULATE 2016-06-16 14:48:20 Analysis DO :Analysis Value from : DO (field or ext)  2026-03-19 18:01:53 Analysis Hardness :Analysis Value from : Hardness Diss  2018-02-01 18:01:08 Analysis pH :Analysis Value from : Field pH  2026-03-19 18:03:49 Analysis TDS :Analysis Value from : Lab Total Dissolved Solids  2018-02-01 18:01:32 Analysis Temp :Analysis Value from : Field Temp  2026-03-19 18:03:08 Analysis SAR :Analysis Value from : SAR Diss  2018-06-19 18:01:44 Analysis Nitrate :Analysis Value from : Nitrate 2018-02-01 18:01:04",
00149636-0,Nevada Division of Environmental Protection,NV06-SC-41-C_00,Steamboat Creek @ Pleasant Valley &[STBT02Stbt-2],SB3,1999-10-13 09:30:00,0.00,,,7.28,,,,,,,,,,,8.49,,,12.8,,,,,,0.11,0.007319,,,,14,,,0,0,,,,,,,210,256,1.3,,,0.38,1.68,,0.35,,7.94,,,,,,,,460,8,296,,210,,0.51,42,63.3,,,,,,,,,,,,,,,,,,,,,,,,,,,,,,,,,,,,,,,,,,,,,,,,,,,,,,,,," Ammonia, Unionized :AUTOCALCULATE 2016-06-16 14:48:20 Analysis DO :Analysis Value from : DO (field or ext)  2026-03-19 18:01:53 Analysis pH :Analysis Value from : Field pH  2026-03-19 18:03:49 Analysis TDS :Analysis Value from : Lab Total Dissolved Solids  2018-02-01 18:01:32 Analysis Temp :Analysis Value from : Field Temp  2026-03-19 18:03:08 Analysis Nitrate :Analysis Value from : Nitrate 2018-02-01 18:01:04",
00149637-0,Nevada Division of Environmental Protection,NV06-SC-41-C_00,Steamboat Creek @ Pleasant Valley &[STBT02Stbt-2],SB3,1999-12-20 09:25:00,0.00,,,12.6,,,,,,,,,,,8.11,,,4.1,,,,,,< 0.1000,0.000734,,,,10,,,0,0,,,,,,,168,205,0.24,,,0.09,0.4,,0.09,,7.7,,,,,,,,393,6,228,,168,,0.12,4,2.8,,,,,,,,,,,,,,,,,,,,,,,,,,,,,,,,,,,,,,,,,,,,,,,,,,,,,,,,," Ammonia, Unionized :AUTOCALCULATE 2016-06-16 14:48:20 Using 1/2 AMNN Analysis DO :Analysis Value from : DO (field or ext)  2026-03-19 18:01:53 Analysis pH :Analysis Value from : Field pH  2026-03-19 18:03:49 Analysis TDS :Analysis Value from : Lab Total Dissolved Solids  2018-02-01 18:01:32 Analysis Temp :Analysis Value from : Field Temp  2026-03-19 18:03:08 Analysis Nitrate :Analysis Value from : Nitrate 2018-02-01 18:01:04",
00149638-0,Nevada Division of Environmental Protection,NV06-SC-41-C_00,Steamboat Creek @ Pleasant Valley &[STBT02Stbt-2],SB3,2000-02-09 09:20:00,0.00,,,12.76,,,,,,,,,,,8.38,,,8.2,,,,,,< 0.1000,0.001859,,27,28,9,,,0,0,,,,,113,115,158,193,0.3,,,0.09,0.4,,0.07,,7.63,,,,1.2,1.3,30,33,376,5,224,,158,,0.11,5,6.6,,,,,,< 3.0000,< 3.0000,,,,,< 100.0000,100,< 1.0000,< 1.0000,< 1.0000,< 1.0000,,,< 20.0000,< 20.0000,400,200,< 2.0000,< 2.0000,,,11,11,,,< 0.5000,< 0.5000,,,,,,< 2.0000,< 2.0000,,,,,,,,,,,,,,< 50.0000,80,," Ammonia, Unionized :AUTOCALCULATE 2016-06-16 14:48:20 Using 1/2 AMNN Analysis DO :Analysis Value from : DO (field or ext)  2026-03-19 18:01:53 Analysis Hardness :Analysis Value from : Hardness Diss  2018-02-01 18:01:08 Analysis pH :Analysis Value from : Field pH  2026-03-19 18:03:49 Analysis TDS :Analysis Value from : Lab Total Dissolved Solids  2018-02-01 18:01:32 Analysis Temp :Analysis Value from : Field Temp  2026-03-19 18:03:08 Analysis SAR :Analysis Value from : SAR Diss  2018-06-19 18:01:44 Analysis Nitrate :Analysis Value from : Nitrate 2018-02-01 18:01:04",
00149639-0,Nevada Division of Environmental Protection,NV06-SC-41-C_00,Steamboat Creek @ Pleasant Valley &[STBT02Stbt-2],SB3,2000-04-10 09:20:00,0.00,,,,,,,,,,,,,,8.04,,,12.5,,,,,,< 0.1000,0.001205,,,,15,,,0,0,,,,,,,122,149,1.09,,,0.02,0.09,,0.19,,8.12,,,,,,,,290,5,200,,122,,0.36,90,115,,,,,,,,,,,,,,,,,,,,,,,,,,,,,,,,,,,,,,,,,,,,,,,,,,,,,,,,," Ammonia, Unionized :AUTOCALCULATE 2016-06-16 14:48:20 Using 1/2 AMNN Analysis pH :Analysis Value from : Field pH  2026-03-19 18:03:49 Analysis TDS :Analysis Value from : Lab Total Dissolved Solids  2018-02-01 18:01:32 Analysis Temp :Analysis Value from : Field Temp  2026-03-19 18:03:08 Analysis Nitrate :Analysis Value from : Nitrate 2018-02-01 18:01:04",
00149640-0,Nevada Division of Environmental Protection,NV06-SC-41-C_00,Steamboat Creek @ Pleasant Valley &[STBT02Stbt-2],SB3,2000-06-13 09:25:00,0.00,,,7.4,,,,,,,,,,,6,,,15.25,,,,,,< 0.1000,0.000013,,,,12,,,0,0,,,,,,,168,205,0.38,,,0.09,0.4,,0.12,,8.16,,,,,,,,383,6,232,,168,,0.16,5,7.5,,,,,,,,,,,,,,,,,,,,,,,,,,,,,,,,,,,,,,,,,,,,,,,,,,,,,,,,," Ammonia, Unionized :AUTOCALCULATE 2016-06-16 14:48:20 Using 1/2 AMNN Analysis DO :Analysis Value from : DO (field or ext)  2026-03-19 18:01:53 Analysis pH :Analysis Value from : Field pH  2026-03-19 18:03:49 Analysis TDS :Analysis Value from : Lab Total Dissolved Solids  2018-02-01 18:01:32 Analysis Temp :Analysis Value from : Field Temp  2026-03-19 18:03:08 Analysis Nitrate :Analysis Value from : Nitrate 2018-02-01 18:01:04",
00149641-0,Nevada Division of Environmental Protection,NV06-SC-41-C_00,Steamboat Creek @ Pleasant Valley &[STBT02Stbt-2],SB3,2000-08-08 09:25:00,0.00,,,7.5,,,,,,,,,,,8.08,,,21.25,,,,,,< 0.1000,0.002476,,58,56,24,,,16,10,,,,,211,202,264,322,1.67,,,0.12,0.53,,0.63,,8.43,,,,1.7,1.8,57,59,616,10,372,,280,,0.8,84,65,,,,,,7,8,,,,,100,100,< 1.0000,< 1.0000,< 2.0000,< 2.0000,,,< 20.0000,< 20.0000,3320,290,4,< 2.0000,,,16,15,,,1.1,< 0.5000,,,,,,< 2.0000,< 2.0000,,,,,,,,,,,,,,< 50.0000,< 50.0000,," Ammonia, Unionized :AUTOCALCULATE 2016-06-16 14:48:20 Using 1/2 AMNN Analysis DO :Analysis Value from : DO (field or ext)  2026-03-19 18:01:53 Analysis Hardness :Analysis Value from : Hardness Diss  2018-02-01 18:01:08 Analysis pH :Analysis Value from : Field pH  2026-03-19 18:03:49 Analysis TDS :Analysis Value from : Lab Total Dissolved Solids  2018-02-01 18:01:32 Analysis Temp :Analysis Value from : Field Temp  2026-03-19 18:03:08 Analysis SAR :Analysis Value from : SAR Diss  2018-06-19 18:01:44 Analysis Nitrate :Analysis Value from : Nitrate 2018-02-01 18:01:04",
00149642-0,Nevada Division of Environmental Protection,NV06-SC-41-C_00,Steamboat Creek @ Pleasant Valley &[STBT02Stbt-2],SB3,2000-10-10 09:25:00,0.00,,,8.5,,,,,,,,,,,7.92,,,8,,,,,,< 0.1000,0.000650,,,,10,,,0,0,,,,,,,192,234,0.27,,,0.02,0.09,,0.18,,8.2,,,,,,,,414,5,254,,192,,0.22,3,13,,,,,,,,,,,,,,,,,,,,,,,,,,,,,,,,,,,,,,,,,,,,,,,,,,,,,,,,," Ammonia, Unionized :AUTOCALCULATE 2016-06-16 14:48:20 Using 1/2 AMNN Analysis DO :Analysis Value from : DO (field or ext)  2026-03-19 18:01:53 Analysis pH :Analysis Value from : Field pH  2026-03-19 18:03:49 Analysis TDS :Analysis Value from : Lab Total Dissolved Solids  2018-02-01 18:01:32 Analysis Temp :Analysis Value from : Field Temp  2026-03-19 18:03:08 Analysis Nitrate :Analysis Value from : Nitrate 2018-02-01 18:01:04",
00149643-0,Nevada Division of Environmental Protection,NV06-SC-41-C_00,Steamboat Creek @ Pleasant Valley &[STBT02Stbt-2],SB3,2000-12-19 09:25:00,0.00,,,10.8,,,,,,,,,,,7.76,,,2,,,,,,< 0.1000,0.000278,,,,10,,,0,0,,,,,,,162,198,0.29,,,0.07,0.31,,0.08,,8.03,,,,,,,,352,6,214,,162,,0.15,20,8.9,,,,,,,,,,,,,,,,,,,,,,,,,,,,,,,,,,,,,,,,,,,,,,,,,,,,,,,,," Ammonia, Unionized :AUTOCALCULATE 2016-06-16 14:48:20 Using 1/2 AMNN Analysis DO :Analysis Value from : DO (field or ext)  2026-03-19 18:01:53 Analysis pH :Analysis Value from : Field pH  2026-03-19 18:03:49 Analysis TDS :Analysis Value from : Lab Total Dissolved Solids  2018-02-01 18:01:32 Analysis Temp :Analysis Value from : Field Temp  2026-03-19 18:03:08 Analysis Nitrate :Analysis Value from : Nitrate 2018-02-01 18:01:04",
00149644-0,Nevada Division of Environmental Protection,NV06-SC-41-C_00,Steamboat Creek @ Pleasant Valley &[STBT02Stbt-2],SB3,2001-02-13 09:45:00,0.00,,,10.78,,,,,,,,,,,7.69,,,3.9,,,,,,< 0.1000,0.000277,,28,27,11,,,0,0,,,,,115,113,156,190,0.3,,,,,0,0.09,,8.09,,,,1.2,1.3,30,32,339,6,200,,156,,0.13,1,4.2,,,,,,< 3.0000,< 3.0000,,,,,< 100.0000,100,< 2.0000,< 2.0000,< 5.0000,< 5.0000,,,< 20.0000,< 20.0000,360,160,< 5.0000,< 5.0000,,,11,11,,,< 0.5000,< 0.5000,,,,,,< 5.0000,< 5.0000,,,,,,,,,,,,,,< 50.0000,90,," Ammonia, Unionized :AUTOCALCULATE 2016-06-16 14:48:20 Using 1/2 AMNN Analysis DO :Analysis Value from : DO (field or ext)  2026-03-19 18:01:53 Analysis Hardness :Analysis Value from : Hardness Diss  2018-02-01 18:01:08 Analysis pH :Analysis Value from : Field pH  2026-03-19 18:03:49 Analysis TDS :Analysis Value from : Lab Total Dissolved Solids  2018-02-01 18:01:32 Analysis Temp :Analysis Value from : Field Temp  2026-03-19 18:03:08 Analysis SAR :Analysis Value from : SAR Diss  2018-06-19 18:01:44",
00149645-0,Nevada Division of Environmental Protection,NV06-SC-41-C_00,Steamboat Creek @ Pleasant Valley &[STBT02Stbt-2],SB3,2001-04-10 10:10:00,0.00,,,12.24,,,,,,,,,,,7.77,,,6.4,,,,,,< 0.1000,0.000407,,,,8,,,0,0,,,,,,,160,195,0.31,,,,,0,0.08,,8.08,,,,,,,,346,8,206,,160,,0.13,5,6,,,,,,,,,,,,,,,,,,,,,,,,,,,,,,,,,,,,,,,,,,,,,,,,,,,,,,,,," Ammonia, Unionized :AUTOCALCULATE 2016-06-16 14:48:20 Using 1/2 AMNN Analysis DO :Analysis Value from : DO (field or ext)  2026-03-19 18:01:53 Analysis pH :Analysis Value from : Field pH  2026-03-19 18:03:49 Analysis TDS :Analysis Value from : Lab Total Dissolved Solids  2018-02-01 18:01:32 Analysis Temp :Analysis Value from : Field Temp  2026-03-19 18:03:08",
00149646-0,Nevada Division of Environmental Protection,NV06-SC-41-C_00,Steamboat Creek @ Pleasant Valley &[STBT02Stbt-2],SB3,2001-06-18 10:00:00,0.00,,,8.1,,,,,,,,,,,7.85,,,11,,,,,,< 0.1000,0.000700,,,,11,,,8,5,,,,,,,182,222,0.53,,,,,0.06,0.11,,8.33,,,,,,,,422,12,250,,190,,0.18,10,3.8,,,,,,,,,,,,,,,,,,,,,,,,,,,,,,,,,,,,,,,,,,,,,,,,,,,,,,,,," Ammonia, Unionized :AUTOCALCULATE 2016-06-16 14:48:20 Using 1/2 AMNN Analysis DO :Analysis Value from : DO (field or ext)  2026-03-19 18:01:53 Analysis pH :Analysis Value from : Field pH  2026-03-19 18:03:49 Analysis TDS :Analysis Value from : Lab Total Dissolved Solids  2018-02-01 18:01:32 Analysis Temp :Analysis Value from : Field Temp  2026-03-19 18:03:08 Analysis Nitrate :Analysis Value from : Nitrate Nitrite  2018-02-01 18:01:04",
00149647-0,Nevada Division of Environmental Protection,NV06-SC-41-C_00,Steamboat Creek @ Pleasant Valley &[STBT02Stbt-2],SB3,2001-08-14 09:30:00,0.00,,,8.7,,,,,,,,,,,7.88,,,13,,,,,,< 0.1000,0.000872,,32,31,9,,,0,0,,,,,129,127,184,224,0.29,,,,,0.12,0.07,,8.14,,,,1.3,1.3,35,34,393,8,226,,184,,0.1,1,2.3,,,,,,< 3.0000,< 3.0000,,,,,100,100,< 1.0000,< 1.0000,3,< 2.0000,,,< 20.0000,< 20.0000,250,< 50.0000,< 2.0000,< 2.0000,,,12,12,,,< 0.5000,< 0.5000,,,,,,< 2.0000,7,,,,,,,,,,,,,,< 50.0000,< 50.0000,," Ammonia, Unionized :AUTOCALCULATE 2016-06-16 14:48:20 Using 1/2 AMNN Analysis DO :Analysis Value from : DO (field or ext)  2026-03-19 18:01:53 Analysis Hardness :Analysis Value from : Hardness Diss  2018-02-01 18:01:08 Analysis pH :Analysis Value from : Field pH  2026-03-19 18:03:49 Analysis TDS :Analysis Value from : Lab Total Dissolved Solids  2018-02-01 18:01:32 Analysis Temp :Analysis Value from : Field Temp  2026-03-19 18:03:08 Analysis SAR :Analysis Value from : SAR Diss  2018-06-19 18:01:44 Analysis Nitrate :Analysis Value from : Nitrate Nitrite  2018-02-01 18:01:04",
00149648-0,Nevada Division of Environmental Protection,NV06-SC-41-C_00,Steamboat Creek @ Pleasant Valley &[STBT02Stbt-2],SB3,2001-10-09 09:00:00,0.00,,,8.6,,,,,,,,,,,7.5,,,9.25,,,,,,< 0.1000,0.000275,,,,8,,,0,0,,,,,,,188,229,0.22,,,,,0,0.06,,8.2,,,,,,,,400,8,250,,188,,0.08,2,1.7,,,,,,,,,,,,,,,,,,,,,,,,,,,,,,,,,,,,,,,,,,,,,,,,,,,,,,,,," Ammonia, Unionized :AUTOCALCULATE 2016-06-16 14:48:20 Using 1/2 AMNN Analysis DO :Analysis Value from : DO (field or ext)  2026-03-19 18:01:53 Analysis pH :Analysis Value from : Field pH  2026-03-19 18:03:49 Analysis TDS :Analysis Value from : Lab Total Dissolved Solids  2018-02-01 18:01:32 Analysis Temp :Analysis Value from : Field Temp  2026-03-19 18:03:08",
00149649-0,Nevada Division of Environmental Protection,NV06-SC-41-C_00,Steamboat Creek @ Pleasant Valley &[STBT02Stbt-2],SB3,2002-02-05 09:45:00,0.00,,,9.7,,,,,,,,,,,8.1,,,2,,,,,,< 0.1000,0.000605,,23,25,7,,,0,0,,,,,95,104,142,173,0.32,,,,,0.1,0.06,,7.87,,,,1.2,1.3,27,30,310,7,176,,142,,0.13,20,10,,,,,,< 3.0000,< 3.0000,,,,,< 100.0000,100,< 1.0000,< 1.0000,< 2.0000,< 2.0000,,,< 20.0000,< 20.0000,740,130,< 2.0000,< 2.0000,,,9,10,,,< 0.5000,< 0.5000,,,,,,< 2.0000,3,,,,,,,,,,,,,,< 50.0000,100,," Ammonia, Unionized :AUTOCALCULATE 2016-06-16 14:48:20 Using 1/2 AMNN Analysis DO :Analysis Value from : DO (field or ext)  2026-03-19 18:01:53 Analysis Hardness :Analysis Value from : Hardness Diss  2018-02-01 18:01:08 Analysis pH :Analysis Value from : Field pH  2026-03-19 18:03:49 Analysis TDS :Analysis Value from : Lab Total Dissolved Solids  2018-02-01 18:01:32 Analysis Temp :Analysis Value from : Field Temp  2026-03-19 18:03:08 Analysis SAR :Analysis Value from : SAR Diss  2018-06-19 18:01:44 Analysis Nitrate :Analysis Value from : Nitrate Nitrite  2018-02-01 18:01:04",
00149650-0,Nevada Division of Environmental Protection,NV06-SC-41-C_00,Steamboat Creek @ Pleasant Valley &[STBT02Stbt-2],SB3,2002-04-10 09:20:00,0.00,,,9.05,,,,,,,,,,,7.19,,,8.9,,,,,,< 0.1000,0.000131,,,,6,,,0,0,,,,,,,132,161,0.21,,,,,0.02,0.06,,8.13,,,,,,,,280,4,204,,132,,0.08,5,3.5,,,,,,,,,,,,,,,,,,,,,,,,,,,,,,,,,,,,,,,,,,,,,,,,,,,,,,,,," Ammonia, Unionized :AUTOCALCULATE 2016-06-16 14:48:20 Using 1/2 AMNN Analysis DO :Analysis Value from : DO (field or ext)  2026-03-19 18:01:53 Analysis pH :Analysis Value from : Field pH  2026-03-19 18:03:49 Analysis TDS :Analysis Value from : Lab Total Dissolved Solids  2018-02-01 18:01:32 Analysis Temp :Analysis Value from : Field Temp  2026-03-19 18:03:08 Analysis Nitrate :Analysis Value from : Nitrate Nitrite  2018-02-01 18:01:04",
00149651-0,Nevada Division of Environmental Protection,NV06-SC-41-C_00,Steamboat Creek @ Pleasant Valley &[STBT02Stbt-2],SB3,2002-06-04 09:20:00,0.00,,,5.84,,,,,,,,,,,7.5,,,12.7,,,,,,< 0.1000,0.000359,,,,12,,,0,0,,,,,,,118,144,0.41,,,,,0.03,0.09,,7.88,,,,,,,,280,4,185,,118,,0.12,6,2,,,,,,,,,,,,,,,,,,,,,,,,,,,,,,,,,,,,,,,,,,,,,,,,,,,,,,,,," Ammonia, Unionized :AUTOCALCULATE 2016-06-16 14:48:20 Using 1/2 AMNN Analysis DO :Analysis Value from : DO (field or ext)  2026-03-19 18:01:53 Analysis pH :Analysis Value from : Field pH  2026-03-19 18:03:49 Analysis TDS :Analysis Value from : Lab Total Dissolved Solids  2018-02-01 18:01:32 Analysis Temp :Analysis Value from : Field Temp  2026-03-19 18:03:08 Analysis Nitrate :Analysis Value from : Nitrate Nitrite  2018-02-01 18:01:04",
00149652-0,Nevada Division of Environmental Protection,NV06-SC-41-C_00,Steamboat Creek @ Pleasant Valley &[STBT02Stbt-2],SB3,2004-06-08 09:15:00,0.00,,,10.5,,,,,,,,,,,7.49,,,10.61,,,,,,< 0.1000,0.000299,,,23,12,,,< 20.0000,< 12.0000,,,,300,,94,136,166,0.6,< 1.1,0.6,,,< 0.5000,0.09,,7.81,,,,,1.3,,29,300,< 5.0000,202,14,136,2005,0.14,< 10.0000,2.8,,,,< 5.0000,,6,6,70,,< 2.0000,,< 100.0000,,< 1.0000,< 1.0000,< 2.0000,< 2.0000,,,3,4,430,,< 1.0000,< 1.0000,,,,9,40,,< 0.2000,< 0.2000,< 10.0000,,< 5.0000,< 5.0000,,< 2.0000,< 2.0000,,,,< 2.0000,< 1.0000,,,,,,,,,< 10.0000,83,," Ammonia, Unionized :AUTOCALCULATE 2016-06-16 14:48:20 Using 1/2 AMNN Analysis DO :Analysis Value from : DO (field or ext)  2026-03-19 18:01:53 Analysis Hardness :Analysis Value from : Hardness Diss  2018-02-01 18:01:08 Analysis pH :Analysis Value from : Field pH  2026-03-19 18:03:49 Analysis TDS :Analysis Value from : Lab Total Dissolved Solids  2018-02-01 18:01:32 Analysis Temp :Analysis Value from : Field Temp  2026-03-19 18:03:08 Analysis SAR :Analysis Value from : SAR Diss  2018-06-19 18:01:44 Analysis Nitrate :Analysis Value from : Nitrate Nitrite  2018-02-01 18:01:04",
00149655-0,Nevada Division of Environmental Protection,NV06-SC-41-C_00,Steamboat Creek @ Rhodes Road,SB5,1987-10-21 10:45:00,0.00,,,9.6,,,,,,,,,,,7.85,,,6,,,,,,< 0.1,0.000473,1.36,,,10,,,0,0,,,,,,,202,246,0.39,,,0.16,0.69,,0.15,,8.19,,,,,,,,437,,278,,202,,0.17,8,3.4,,,,,,8,,,,,,< 50,,< 1,,< 5,,,,10,,450,,< 5,,,,,,,,< 0.5,,,,,,,< 1,,,,,,,,,,,,,,,10,,," Ammonia, Unionized :AUTOCALCULATE 2016-06-16 14:48:20 Using 1/2 AMNN Analysis DO :Analysis Value from : DO (field or ext)  2026-03-19 18:01:53 Analysis pH :Analysis Value from : Field pH  2026-03-19 18:03:49 Analysis TDS :Analysis Value from : Lab Total Dissolved Solids  2018-02-01 18:01:32 Analysis Temp :Analysis Value from : Field Temp  2026-03-19 18:03:08 Analysis Nitrate :Analysis Value from : Nitrate 2018-02-01 18:01:04",
00149656-0,Nevada Division of Environmental Protection,NV06-SC-41-C_00,Steamboat Creek @ Rhodes Road,SB5,1987-12-01 00:00:00,0.00,,,10.2,,,,,,,,,,,7.9,,,6,,,,,,< 0.1,0.000530,,,,6,,,0,0,11.8,,,,,,162,198,0.34,,,0.05,0.21,,0.08,,8.04,,,,,,,,333,,228,,162,,0.1,5,2.4,,,,,,,,,,,,,,,,,,,,,,,,,,,,,,,,,,,,,,,,,,,,,,,,,,,,,,,,," Ammonia, Unionized :AUTOCALCULATE 2016-06-16 14:48:20 Using 1/2 AMNN Analysis DO :Analysis Value from : DO (field or ext)  2026-03-19 18:01:53 Analysis pH :Analysis Value from : Field pH  2026-03-19 18:03:49 Analysis TDS :Analysis Value from : Lab Total Dissolved Solids  2018-02-01 18:01:32 Analysis Temp :Analysis Value from : Field Temp  2026-03-19 18:03:08 Analysis Nitrate :Analysis Value from : Nitrate 2018-02-01 18:01:04",
00149657-0,Nevada Division of Environmental Protection,NV06-SC-41-C_00,Steamboat Creek @ Rhodes Road,SB5,1988-02-02 10:10:00,0.00,,,10.6,,,,,,,,,,,,,,2.5,,,,,,< 0.1,0.001,2,,,9,,,0,0,,,,,,,156,190,0.34,,,0.12,0.55,,0.06,,8.07,,,,,,,,320,,209,,156,,0.11,13,2.5,,,,,,6,,,,,,< 50,,< 1,,< 5,,,,10,,470,,< 5,,,,,,,,< 0.5,,,,,,,< 1,,,,,,,,,,,,,,,10,,, Analysis DO :Analysis Value from : DO (field or ext)  2026-03-19 18:01:53 Analysis TDS :Analysis Value from : Lab Total Dissolved Solids  2018-02-01 18:01:32 Analysis Temp :Analysis Value from : Field Temp  2026-03-19 18:03:08 Analysis Nitrate :Analysis Value from : Nitrate 2018-02-01 18:01:04,
00149658-0,Nevada Division of Environmental Protection,NV06-SC-41-C_00,Steamboat Creek @ Rhodes Road,SB5,1988-04-06 12:20:00,0.00,,,8.5,,,,,,,,,,,,,,14,,,,,,< 0.1,0.002,,,,8,,,0,0,19.6,,,,,,190,232,0.77,,,0.14,0.64,,0.16,,7.92,,,,,,,,407,,257,,190,,0.2,7,3.4,,,,,,,,,,,,,,,,,,,,,,,,,,,,,,,,,,,,,,,,,,,,,,,,,,,,,,,,, Analysis DO :Analysis Value from : DO (field or ext)  2026-03-19 18:01:53 Analysis TDS :Analysis Value from : Lab Total Dissolved Solids  2018-02-01 18:01:32 Analysis Temp :Analysis Value from : Field Temp  2026-03-19 18:03:08 Analysis Nitrate :Analysis Value from : Nitrate 2018-02-01 18:01:04,
00149659-0,Nevada Division of Environmental Protection,NV06-SC-41-C_00,Steamboat Creek @ Rhodes Road,SB5,1988-06-14 10:05:00,0.00,,,6.8,,,,,,,,,,,,,,21,,,,,,< 0.1,0.01,1.85,,,14,,,20,12,,,,,,,204,249,0.67,,,0.27,1.18,,0.19,,8.42,,,,,,,,465,,311,,224,,0.21,6,4,,,,,,11,,,,,,100,,< 1,,< 5,,,,< 5,,740,,< 5,,,,,,,,< 0.5,,,,,,,< 1,,,,,,,,,,,,,,,10,,, Analysis DO :Analysis Value from : DO (field or ext)  2026-03-19 18:01:53 Analysis TDS :Analysis Value from : Lab Total Dissolved Solids  2018-02-01 18:01:32 Analysis Temp :Analysis Value from : Field Temp  2026-03-19 18:03:08 Analysis Nitrate :Analysis Value from : Nitrate 2018-02-01 18:01:04,
00149660-0,Nevada Division of Environmental Protection,NV06-SC-41-C_00,Steamboat Creek @ Rhodes Road,SB5,1988-08-02 09:45:00,0.00,,,5.75,,,,,,,,,,,,,,24.5,,,,,,< 0.1,0.005,,,,17,,,0,0,18,,,,,,212,259,0.29,,,0.3,1.32,,0.14,,7.98,,,,,,,,468,,315,,212,,0.16,4,3,,,,,,8,,,,,,100,,< 1,,< 5,,,,< 5,,160,,< 5,,,,,,,,0.6,,,,,,,< 1,,,,,,,,,,,,,,,20,,, Analysis DO :Analysis Value from : DO (field or ext)  2026-03-19 18:01:53 Analysis TDS :Analysis Value from : Lab Total Dissolved Solids  2018-02-01 18:01:32 Analysis Temp :Analysis Value from : Field Temp  2026-03-19 18:03:08 Analysis Nitrate :Analysis Value from : Nitrate 2018-02-01 18:01:04,
00149661-0,Nevada Division of Environmental Protection,NV06-SC-41-C_00,Steamboat Creek @ Rhodes Road,SB5,1988-10-05 12:20:00,0.00,,,,,,,,,,,,,,,,,,,,,,,< 0.1,,1.83,,,9,,,23,14,,,,,,,134,163,0.49,,,0.06,0.27,,0.12,,8.44,,,,,,,,346,,231,,158,,0.13,9,1.4,,,,,,,,,,,,,,,,,,,,,,,,,,,,,,,,,,,,,,,,,,,,,,,,,,,,,,,,, Analysis TDS :Analysis Value from : Lab Total Dissolved Solids  2018-02-01 18:01:32 Analysis Nitrate :Analysis Value from : Nitrate 2018-02-01 18:01:04,
00149662-0,Nevada Division of Environmental Protection,NV06-SC-41-C_00,Steamboat Creek @ Rhodes Road,SB5,1988-12-07 09:39:00,0.00,,,10.8,,,,,,,,,,,,,,3.2,,,,,,< 0.1,0.001,,,,8,,,0,0,15.9,,,,,,154,188,0.23,,,0.08,0.34,,0.09,,7.95,,,,,,,,341,,226,,154,,0.1,2,2,,,,,,5,,,,,,100,,< 1,,< 5,,,,< 5,,420,,< 5,,,,,,,,< 0.5,,,,,,,< 1,,,,,,,,,,,,,,,< 5,,, Analysis DO :Analysis Value from : DO (field or ext)  2026-03-19 18:01:53 Analysis TDS :Analysis Value from : Lab Total Dissolved Solids  2018-02-01 18:01:32 Analysis Temp :Analysis Value from : Field Temp  2026-03-19 18:03:08 Analysis Nitrate :Analysis Value from : Nitrate 2018-02-01 18:01:04,
00149663-0,Nevada Division of Environmental Protection,NV06-SC-41-C_00,Steamboat Creek @ Rhodes Road,SB5,1989-02-01 13:20:00,0.00,,,11.9,,,,,,,,,,,,,,6,,,,,,< 0.1,,0.29,,,10,,,8,5,,,,,,,124,151,0.8,,,0.14,0.62,,0.15,,,,,,,,,,291,,199,,132,,0.18,18,4.6,,,,,,6,,,,,,< 50,,< 1,,< 5,,,,10,,380,,< 5,,,,,,,,< 0.5,,,,,,,< 1,,,,,,,,,,,,,,,20,,, Analysis DO :Analysis Value from : DO (field or ext)  2026-03-19 18:01:53 Analysis TDS :Analysis Value from : Lab Total Dissolved Solids  2018-02-01 18:01:32 Analysis Temp :Analysis Value from : Field Temp  2026-03-19 18:03:08 Analysis Nitrate :Analysis Value from : Nitrate 2018-02-01 18:01:04,
00149664-0,Nevada Division of Environmental Protection,NV06-SC-41-C_00,Steamboat Creek @ Rhodes Road,SB5,1989-04-05 10:00:00,0.00,,,9.2,,,,,,,,,,,,,,11,,,,,,< 0.1,,,,,14,,,20,12,17.8,,,,,,142,173,0.43,,,0.07,0.29,,0.06,,,,,,,,,,363,,222,,162,,0.08,9,1.8,,,,,,4,,,,,,< 50,,< 1,,< 5,,,,10,,610,,< 5,,,,,,,,< 0.5,,,,,,,< 1,,,,,,,,,,,,,,,< 5,,, Analysis DO :Analysis Value from : DO (field or ext)  2026-03-19 18:01:53 Analysis TDS :Analysis Value from : Lab Total Dissolved Solids  2018-02-01 18:01:32 Analysis Temp :Analysis Value from : Field Temp  2026-03-19 18:03:08 Analysis Nitrate :Analysis Value from : Nitrate 2018-02-01 18:01:04,
00149665-0,Nevada Division of Environmental Protection,NV06-SC-41-C_00,Steamboat Creek @ Rhodes Road,SB5,1989-06-06 09:30:00,0.00,,,8.4,,,,,,,,,,,,,,13,,,,,,< 0.1,,1.44,,,7,,,0,0,,,,,,,90,110,0.74,,,0.07,0.29,,0.09,,,,,,,,,,213,,163,,90,,0.14,17,3,,,,,,4,,,,,,< 50,,1,,5,,,,30,,430,,< 5,,,,,,,,< 0.5,,,,,,,< 1,,,,,,,,,,,,,,,20,,, Analysis DO :Analysis Value from : DO (field or ext)  2026-03-19 18:01:53 Analysis TDS :Analysis Value from : Lab Total Dissolved Solids  2018-02-01 18:01:32 Analysis Temp :Analysis Value from : Field Temp  2026-03-19 18:03:08 Analysis Nitrate :Analysis Value from : Nitrate 2018-02-01 18:01:04,
00149666-0,Nevada Division of Environmental Protection,NV06-SC-41-C_00,Steamboat Creek @ Rhodes Road,SB5,1989-08-01 08:43:00,0.00,,,8.3,,,,,,,,,,,,,,14,,,,,,< 0.1,,,,,11,,,0,0,16.6,,,,,,142,173,0.5,,,0.09,0.4,,0.14,,,,,,,,,,306,,218,,142,,0.2,11,4.6,,,,,,7,,,,,,100,,< 1,,< 5,,,,20,,670,,< 5,,,,,,,,< 0.5,,,,,,,< 1,,,,,,,,,,,,,,,10,,, Analysis DO :Analysis Value from : DO (field or ext)  2026-03-19 18:01:53 Analysis TDS :Analysis Value from : Lab Total Dissolved Solids  2018-02-01 18:01:32 Analysis Temp :Analysis Value from : Field Temp  2026-03-19 18:03:08 Analysis Nitrate :Analysis Value from : Nitrate 2018-02-01 18:01:04,
00149667-0,Nevada Division of Environmental Protection,NV06-SC-41-C_00,Steamboat Creek @ Rhodes Road,SB5,1989-10-05 09:10:00,0.00,,,9.5,,,,,,,,,,,,,,5,,,,,,0.1,,,,,8,,,28,16.8,23,,,,,,102,124,0.56,,,0.05,0.22,,0.08,,,,,,,,,,289,,199,,130,,0.12,13,3.4,,,,,,6,,,,,,< 50,,< 1,,< 5,,,,< 5,,540,,< 5,,,,,,,,< 0.5,,,,,,,< 1,,,,,,,,,,,,,,,< 5,,, Analysis DO :Analysis Value from : DO (field or ext)  2026-03-19 18:01:53 Analysis TDS :Analysis Value from : Lab Total Dissolved Solids  2018-02-01 18:01:32 Analysis Temp :Analysis Value from : Field Temp  2026-03-19 18:03:08 Analysis Nitrate :Analysis Value from : Nitrate 2018-02-01 18:01:04,
00149668-0,Nevada Division of Environmental Protection,NV06-SC-41-C_00,Steamboat Creek @ Rhodes Road,SB5,1989-12-05 09:41:00,0.00,,,12.2,,,,,,,,,,,,,,2.5,,,,,,< 0.1,,,,,9,,,12,7,16.6,,,,,,136,166,0.41,,,0.4,1.75,,0.07,,,,,,,,,,325,,216,,148,,0.1,10,3.9,,,,,,6,,,,,,< 50,,< 1,,< 5,,,,< 5,,470,,< 5,,,,,,,,< 0.5,,,,,,,< 1,,,,,,,,,,,,,,,20,,, Analysis DO :Analysis Value from : DO (field or ext)  2026-03-19 18:01:53 Analysis TDS :Analysis Value from : Lab Total Dissolved Solids  2018-02-01 18:01:32 Analysis Temp :Analysis Value from : Field Temp  2026-03-19 18:03:08 Analysis Nitrate :Analysis Value from : Nitrate 2018-02-01 18:01:04,
00149669-0,Nevada Division of Environmental Protection,NV06-SC-41-C_00,Steamboat Creek @ Rhodes Road,SB5,1990-02-14 09:30:00,0.00,,,15,,,,,,,,,,,,,,-1.5,,,,,,< 0.1,,,,,12,,,24,14.4,13.8,,,,,,144,176,0.5,,,0.72,3.17,,0.1,,,,,,,,,,370,,246,,168,,0.17,21,7.8,,,,,,< 5,,,,,,< 50,,< 1,,< 5,,,,< 5,,690,,< 5,,,,,,,,< 0.5,,,,,,,< 1,,,,,,,,,,,,,,,10,,, Analysis DO :Analysis Value from : DO (field or ext)  2026-03-19 18:01:53 Analysis TDS :Analysis Value from : Lab Total Dissolved Solids  2018-02-01 18:01:32 Analysis Temp :Analysis Value from : Field Temp  2026-03-19 18:03:08 Analysis Nitrate :Analysis Value from : Nitrate 2018-02-01 18:01:04,
00149670-0,Nevada Division of Environmental Protection,NV06-SC-41-C_00,Steamboat Creek @ Rhodes Road,SB5,1990-04-10 09:37:00,0.00,,,10.4,,,,,,,,,,,,,,5,,,,,,< 0.1,,2.08,,,10,,,20,12,,,,,,,134,163,0.45,,,0.12,0.54,,0.09,,,,,,,,,,328,,222,,154,,0.14,12,4.2,,,,,,6,,,,,,< 50,,< 1,,7,,,,< 5,,590,,< 5,,,,,,,,< 0.5,,,,,,,< 1,,,,,,,,,,,,,,,< 5,,, Analysis DO :Analysis Value from : DO (field or ext)  2026-03-19 18:01:53 Analysis TDS :Analysis Value from : Lab Total Dissolved Solids  2018-02-01 18:01:32 Analysis Temp :Analysis Value from : Field Temp  2026-03-19 18:03:08 Analysis Nitrate :Analysis Value from : Nitrate 2018-02-01 18:01:04,
00149671-0,Nevada Division of Environmental Protection,NV06-SC-41-C_00,Steamboat Creek @ Rhodes Road,SB5,1990-06-05 09:30:00,0.00,,,9,,,,,,,,,,,,,,7.5,,,,,,< 0.1,,,,,13,,,0,0,19.1,,,,,,158,193,0.53,,,0.06,0.25,,0.11,,,,,,,,,,340,,230,,158,,0.15,11,4.4,,,,,,7,,,,,,< 50,,< 1,,< 5,,,,< 5,,630,,< 5,,,,,,,,< 0.5,,,,,,,< 1,,,,,,,,,,,,,,,< 5,,, Analysis DO :Analysis Value from : DO (field or ext)  2026-03-19 18:01:53 Analysis TDS :Analysis Value from : Lab Total Dissolved Solids  2018-02-01 18:01:32 Analysis Temp :Analysis Value from : Field Temp  2026-03-19 18:03:08 Analysis Nitrate :Analysis Value from : Nitrate 2018-02-01 18:01:04,
00149672-0,Nevada Division of Environmental Protection,NV06-SC-41-C_00,Steamboat Creek @ Rhodes Road,SB5,1990-08-07 09:25:00,0.00,,,4.7,,,,,,,,,,,,,,28,,,,,,< 0.1,,1.13,,,12,,,8,4.8,,,,,,,218,266,0.23,,,0.43,1.91,,0.16,,,,,,,,,,493,,369,,226,,0.2,6,2.1,,,,,,24,,,,,,< 50,,< 1,,< 5,,,,< 5,,470,,< 5,,,,,,,,< 0.5,,,,,,,< 1,,,,,,,,,,,,,,,< 5,,, Analysis DO :Analysis Value from : DO (field or ext)  2026-03-19 18:01:53 Analysis TDS :Analysis Value from : Lab Total Dissolved Solids  2018-02-01 18:01:32 Analysis Temp :Analysis Value from : Field Temp  2026-03-19 18:03:08 Analysis Nitrate :Analysis Value from : Nitrate 2018-02-01 18:01:04,
00149673-0,Nevada Division of Environmental Protection,NV06-SC-41-C_00,Steamboat Creek @ Rhodes Road,SB5,1990-10-09 09:32:00,0.00,,,6.6,,,,,,,,,,,,,,10.5,,,,,,< 0.1,,,,,20,,,20,12,20.4,,,,,,208,254,0.42,,,0.13,0.57,,0.16,,,,,,,,,,498,,325,,228,,0.22,14,6,,,,,,11,,,,,,< 50,,< 1,,< 5,,,,< 5,,940,,< 5,,,,,,,,< 0.5,,,,,,,< 1,,,,,,,,,,,,,,,< 5,,, Analysis DO :Analysis Value from : DO (field or ext)  2026-03-19 18:01:53 Analysis TDS :Analysis Value from : Lab Total Dissolved Solids  2018-02-01 18:01:32 Analysis Temp :Analysis Value from : Field Temp  2026-03-19 18:03:08 Analysis Nitrate :Analysis Value from : Nitrate 2018-02-01 18:01:04,
00149674-0,Nevada Division of Environmental Protection,NV06-SC-41-C_00,Steamboat Creek @ Rhodes Road,SB5,1990-12-04 09:25:00,0.00,,,,,,,,,,,,,,,,,2.5,,,,,,< 0.1,,1.65,,,9,,,0,0,,,,,,,156,190,0.44,,,0.11,0.47,,0.06,,,,,,,,,,334,,228,,156,,0.1,10,4.2,,,,,,4,,,,,,100,,< 1,,< 5,,,,< 5,,510,,< 5,,,,,,,,< 0.5,,,,,,,< 1,,,,,,,,,,,,,,,< 5,,, Analysis TDS :Analysis Value from : Lab Total Dissolved Solids  2018-02-01 18:01:32 Analysis Temp :Analysis Value from : Field Temp  2026-03-19 18:03:08 Analysis Nitrate :Analysis Value from : Nitrate 2018-02-01 18:01:04,
00149675-0,Nevada Division of Environmental Protection,NV06-SC-41-C_00,Steamboat Creek @ Rhodes Road,SB5,1991-02-05 09:20:00,0.00,,,9.6,,,,,,,,,,,,,,5.2,,,,,,< 0.1,,,,,9,,,0,0,17.2,,,,,,144,176,0.51,,,0.07,0.3,,0.08,,,,,,,,,,314,,205,,144,,0.13,8,3.3,,,,,,5,,,,,,< 50,,< 1,,< 5,,,,< 5,,450,,< 5,,,,,,,,< 0.5,,,,,,,1,,,,,,,,,,,,,,,30,,, Analysis DO :Analysis Value from : DO (field or ext)  2026-03-19 18:01:53 Analysis TDS :Analysis Value from : Lab Total Dissolved Solids  2018-02-01 18:01:32 Analysis Temp :Analysis Value from : Field Temp  2026-03-19 18:03:08 Analysis Nitrate :Analysis Value from : Nitrate 2018-02-01 18:01:04,
00149676-0,Nevada Division of Environmental Protection,NV06-SC-41-C_00,Steamboat Creek @ Rhodes Road,SB5,1991-04-09 09:56:00,0.00,,,9.5,,,,,,,,,,,,,,9,,,,,,< 0.1,,1.04,,,15,,,12,7.2,,,,,,,156,190,0.39,,,0.05,0.2,,0.14,,,,,,,,,,379,,241,,168,,0.17,5,4.9,,,,,,9,,,,,,100,,< 1,,< 5,,,,< 5,,720,,< 5,,,,,,,,< 0.5,,,,,,,2,,,,,,,,,,,,,,,< 5,,, Analysis DO :Analysis Value from : DO (field or ext)  2026-03-19 18:01:53 Analysis TDS :Analysis Value from : Lab Total Dissolved Solids  2018-02-01 18:01:32 Analysis Temp :Analysis Value from : Field Temp  2026-03-19 18:03:08 Analysis Nitrate :Analysis Value from : Nitrate 2018-02-01 18:01:04,
00149677-0,Nevada Division of Environmental Protection,NV06-SC-41-C_00,Steamboat Creek @ Rhodes Road,SB5,1991-06-05 09:48:00,0.00,,,9.1,,,,,,,,,,,,,,9.7,,,,,,< 0.1,,,,,7,,,8,4.8,21.6,,,,,,86,105,0.5,,,0.05,0.24,,0.1,,,,,,,,,,216,,161,,94,,0.13,6,3.5,,,,,,5,,,,,,100,,< 1,,< 5,,,,< 5,,420,,< 5,,,,,,,,< 0.5,,,,,,,< 1,,,,,,,,,,,,,,,< 5,,, Analysis DO :Analysis Value from : DO (field or ext)  2026-03-19 18:01:53 Analysis TDS :Analysis Value from : Lab Total Dissolved Solids  2018-02-01 18:01:32 Analysis Temp :Analysis Value from : Field Temp  2026-03-19 18:03:08 Analysis Nitrate :Analysis Value from : Nitrate 2018-02-01 18:01:04,
00149678-0,Nevada Division of Environmental Protection,NV06-SC-41-C_00,Steamboat Creek @ Rhodes Road,SB5,1991-08-14 09:40:00,0.00,,,6.2,,,,,,,,,,,,,,19.6,,,,,,< 0.1,,1.68,,,14,,,8,4.8,,,,,,,144,176,0.69,,,0.05,0.2,,0.22,,,,,,,,,,348,,231,,152,,0.31,15,7,,,,,,16,,,,,,100,,< 1,,< 5,,,,< 5,,1250,,< 5,,,,,,,,< 0.5,,,,,,,< 1,,,,,,,,,,,,,,,< 5,,, Analysis DO :Analysis Value from : DO (field or ext)  2026-03-19 18:01:53 Analysis TDS :Analysis Value from : Lab Total Dissolved Solids  2018-02-01 18:01:32 Analysis Temp :Analysis Value from : Field Temp  2026-03-19 18:03:08 Analysis Nitrate :Analysis Value from : Nitrate 2018-02-01 18:01:04,
00149679-0,Nevada Division of Environmental Protection,NV06-SC-41-C_00,Steamboat Creek @ Rhodes Road,SB5,1991-10-16 10:10:00,0.00,,,7.02,,,,,,,,,,,,,,14.2,,,,,,< 0.1,,,,,11,,,0,0,18.7,,,,,,170,207,0.47,,,0.06,0.26,,0.18,,,,,,,,,,355,,239,,170,,0.27,12,5.6,,,,,,15,,,,,,100,,< 1,,< 5,,,,< 5,,1010,,< 5,,,,,,,,< 0.5,,,,,,,1,,,,,,,,,,,,,,,< 5,,, Analysis DO :Analysis Value from : DO (field or ext)  2026-03-19 18:01:53 Analysis TDS :Analysis Value from : Lab Total Dissolved Solids  2018-02-01 18:01:32 Analysis Temp :Analysis Value from : Field Temp  2026-03-19 18:03:08 Analysis Nitrate :Analysis Value from : Nitrate 2018-02-01 18:01:04,
00149680-0,Nevada Division of Environmental Protection,NV06-SC-41-C_00,Steamboat Creek @ Rhodes Road,SB5,1991-12-03 10:25:00,0.00,,,10.4,,,,,,,,,,,,,,2.5,,,,,,< 0.1,,2.11,,,9,,,0,0,,,,,,,144,176,0.41,,,0.06,0.28,,0.07,,,,,,,,,,309,,205,,144,,0.12,13,5.4,,,,,,4,,,,,,< 50,,< 1,,< 5,,,,< 5,,710,,< 5,,,,,,,,< 0.5,,,,,,,< 1,,,,,,,,,,,,,,,< 5,,, Analysis DO :Analysis Value from : DO (field or ext)  2026-03-19 18:01:53 Analysis TDS :Analysis Value from : Lab Total Dissolved Solids  2018-02-01 18:01:32 Analysis Temp :Analysis Value from : Field Temp  2026-03-19 18:03:08 Analysis Nitrate :Analysis Value from : Nitrate 2018-02-01 18:01:04,
00149681-0,Nevada Division of Environmental Protection,NV06-SC-41-C_00,Steamboat Creek @ Rhodes Road,SB5,1992-02-04 10:10:00,0.00,,,11.2,,,,,,,,,,,7.51,,,3.3,,,,,,< 0.1,0.000174,,27,,10,,,0,0,13,,,,109,,142,173,0.39,,,0,0.01,,0.06,,8.09,,,,1,,24,,312,8,211,,142,,0.11,9,4.2,,,,,,4,,,,,,< 50,,< 1,,< 5,,,,< 5,,570,,< 5,,,,10,,,,< 0.5,,,,,,,< 1,,,,,,,,,,,,,,,< 5,,," Ammonia, Unionized :AUTOCALCULATE 2016-06-16 14:48:20 Using 1/2 AMNN Analysis DO :Analysis Value from : DO (field or ext)  2026-03-19 18:01:53 Analysis Hardness :Analysis Value from : Hardness 2018-02-01 18:01:08 Analysis pH :Analysis Value from : Field pH  2026-03-19 18:03:49 Analysis TDS :Analysis Value from : Lab Total Dissolved Solids  2018-02-01 18:01:32 Analysis Temp :Analysis Value from : Field Temp  2026-03-19 18:03:08 Analysis SAR :Analysis Value from : SAR 2018-06-19 18:01:44",
00149682-0,Nevada Division of Environmental Protection,NV06-SC-41-C_00,Steamboat Creek @ Rhodes Road,SB5,1992-04-07 10:00:00,0.00,,,9,,,,,,,,,,,7.32,,,8,,,,,,< 0.1,0.000165,2.61,28,,10,,,0,0,,,,,115,,160,195,0.66,,,0.1,0.44,,0.1,,8.02,,,,1.09,,27,,329,10,216,,160,,0.15,12,8.6,,,,,,6,,,,,,< 50,,< 1,,< 5,,,,< 5,,1050,,< 5,,,,11,,,,< 0.5,,,,,,,< 1,,,,,,,,,,,,,,,10,,," Ammonia, Unionized :AUTOCALCULATE 2016-06-16 14:48:20 Using 1/2 AMNN Analysis DO :Analysis Value from : DO (field or ext)  2026-03-19 18:01:53 Analysis Hardness :Analysis Value from : Hardness 2018-02-01 18:01:08 Analysis pH :Analysis Value from : Field pH  2026-03-19 18:03:49 Analysis TDS :Analysis Value from : Lab Total Dissolved Solids  2018-02-01 18:01:32 Analysis Temp :Analysis Value from : Field Temp  2026-03-19 18:03:08 Analysis SAR :Analysis Value from : SAR 2018-06-19 18:01:44 Analysis Nitrate :Analysis Value from : Nitrate 2018-02-01 18:01:04",
00149683-0,Nevada Division of Environmental Protection,NV06-SC-41-C_00,Steamboat Creek @ Rhodes Road,SB5,1992-06-02 09:42:00,0.00,,,5.9,,,,,,,,,,,7.29,,,20.5,,,,,,< 0.1,0.000397,,40,,20,,,0,0,20.8,,,,158,,202,246,0.32,,,0.08,0.34,,0.14,,8.11,,,,1.28,,37,,428,6,300,,202,,0.23,7,8.4,,,,,,15,,,,,,100,,< 1,,< 5,,,,< 5,,1430,,< 5,,,,14,,,,< 0.5,,,,,,,< 1,,,,,,,,,,,,,,,< 5,,," Ammonia, Unionized :AUTOCALCULATE 2016-06-16 14:48:20 Using 1/2 AMNN Analysis DO :Analysis Value from : DO (field or ext)  2026-03-19 18:01:53 Analysis Hardness :Analysis Value from : Hardness 2018-02-01 18:01:08 Analysis pH :Analysis Value from : Field pH  2026-03-19 18:03:49 Analysis TDS :Analysis Value from : Lab Total Dissolved Solids  2018-02-01 18:01:32 Analysis Temp :Analysis Value from : Field Temp  2026-03-19 18:03:08 Analysis SAR :Analysis Value from : SAR 2018-06-19 18:01:44 Analysis Nitrate :Analysis Value from : Nitrate 2018-02-01 18:01:04",
00149684-0,Nevada Division of Environmental Protection,NV06-SC-41-C_00,Steamboat Creek @ Rhodes Road,SB5,1992-08-11 10:03:00,0.00,,,6.4,,,,,,,,,,,7.42,,,32,,,,,,0.11,0.002598,4.13,26,,9,,,20,12,,,,,98,,182,222,0.54,,,0.03,0.15,,0.29,,8.3,,,,2.6,,58,,420,171,350,,202,,0.35,5,2.5,,,,,,33,,,,,,100,,< 1,,< 5,,,,< 5,,370,,< 5,,,,8,,,,< 0.5,,,,,,,< 1,,,,,,,,,,,,,,,< 5,,," Ammonia, Unionized :AUTOCALCULATE 2016-06-16 14:48:20 Analysis DO :Analysis Value from : DO (field or ext)  2026-03-19 18:01:53 Analysis Hardness :Analysis Value from : Hardness 2018-02-01 18:01:08 Analysis pH :Analysis Value from : Field pH  2026-03-19 18:03:49 Analysis TDS :Analysis Value from : Lab Total Dissolved Solids  2018-02-01 18:01:32 Analysis Temp :Analysis Value from : Field Temp  2026-03-19 18:03:08 Analysis SAR :Analysis Value from : SAR 2018-06-19 18:01:44 Analysis Nitrate :Analysis Value from : Nitrate 2018-02-01 18:01:04",
00149685-0,Nevada Division of Environmental Protection,NV06-SC-41-C_00,Steamboat Creek @ Rhodes Road,SB5,1992-10-13 10:05:00,0.00,,,7.5,,,,,,,,,,,7.24,,,11.5,,,,,,< 0.1,0.000180,,26,,10,,,16,10,15.9,,,,102,,120,146,0.27,,,0.02,0.09,,0.1,,8.34,,,,0.99,,23,,288,5,197,,136,,0.13,5,1.4,,,,,,7,,,,,,< 50,,< 1,,< 5,,,,< 5,,700,,< 5,,,,9,,,,< 0.5,,,,,,,< 1,,,,,,,,,,,,,,,< 5,,," Ammonia, Unionized :AUTOCALCULATE 2016-06-16 14:48:20 Using 1/2 AMNN Analysis DO :Analysis Value from : DO (field or ext)  2026-03-19 18:01:53 Analysis Hardness :Analysis Value from : Hardness 2018-02-01 18:01:08 Analysis pH :Analysis Value from : Field pH  2026-03-19 18:03:49 Analysis TDS :Analysis Value from : Lab Total Dissolved Solids  2018-02-01 18:01:32 Analysis Temp :Analysis Value from : Field Temp  2026-03-19 18:03:08 Analysis SAR :Analysis Value from : SAR 2018-06-19 18:01:44 Analysis Nitrate :Analysis Value from : Nitrate 2018-02-01 18:01:04",
00149686-0,Nevada Division of Environmental Protection,NV06-SC-41-C_00,Steamboat Creek @ Rhodes Road,SB5,1992-12-15 10:10:00,0.00,,,,,,,,,,,,,,,,,,,,,,,< 0.1,,2.24,26,,11,,,8,5,,,,,106,,130,159,0.56,,,0.08,0.37,,0.07,,8.22,,,,1.01,,24,,294,11,212,,138,,0.24,33,8.6,,,,,,28,,,,,,< 50,,< 1,,< 5,,,,< 5,,1210,,< 5,,,,10,,,,< 0.5,,,,,,,< 1,,,,,,,,,,,,,,,10,,, Analysis Hardness :Analysis Value from : Hardness 2018-02-01 18:01:08 Analysis TDS :Analysis Value from : Lab Total Dissolved Solids  2018-02-01 18:01:32 Analysis SAR :Analysis Value from : SAR 2018-06-19 18:01:44 Analysis Nitrate :Analysis Value from : Nitrate 2018-02-01 18:01:04,
00149687-0,Nevada Division of Environmental Protection,NV06-SC-41-C_00,Steamboat Creek @ Rhodes Road,SB5,1993-02-09 10:05:00,0.00,,,9.1,,,,,,,,,,,7.57,,,5.5,,,,,,< 0.1,0.000239,,26,,23,,,0,0,22.4,,,,106,,110,134,0.57,,,0.78,3.47,,0.09,,8.02,,,,1.06,,25,,311,17,211,,110,,0.14,9,10,,,,,,3,,,,,,< 50,,< 1,,< 5,,,,< 5,,880,,8,,,,10,,,,< 0.5,,,,,,,< 1,,,,,,,,,,,,,,,10,,," Ammonia, Unionized :AUTOCALCULATE 2016-06-16 14:48:20 Using 1/2 AMNN Analysis DO :Analysis Value from : DO (field or ext)  2026-03-19 18:01:53 Analysis Hardness :Analysis Value from : Hardness 2018-02-01 18:01:08 Analysis pH :Analysis Value from : Field pH  2026-03-19 18:03:49 Analysis TDS :Analysis Value from : Lab Total Dissolved Solids  2018-02-01 18:01:32 Analysis Temp :Analysis Value from : Field Temp  2026-03-19 18:03:08 Analysis SAR :Analysis Value from : SAR 2018-06-19 18:01:44 Analysis Nitrate :Analysis Value from : Nitrate 2018-02-01 18:01:04",
00149688-0,Nevada Division of Environmental Protection,NV06-SC-41-C_00,Steamboat Creek @ Rhodes Road,SB5,1993-04-13 10:18:00,0.00,,,9.1,,,,,,,,,,,7.35,,,6.8,,,,,,< 0.1,0.000160,2.39,29,,24,,,20,12,,,,,118,,106,129,0.72,,,0.82,3.63,,0.05,,8.34,,,,1,,25,,337,15,222,,126,,0.07,5,4,,,,,,5,,,,,,< 50,,< 1,,< 5,,,,< 5,,540,,< 5,,,,11,,,,< 0.5,,,,,,,< 1,,,,,,,,,,,,,,,10,,," Ammonia, Unionized :AUTOCALCULATE 2016-06-16 14:48:20 Using 1/2 AMNN Analysis DO :Analysis Value from : DO (field or ext)  2026-03-19 18:01:53 Analysis Hardness :Analysis Value from : Hardness 2018-02-01 18:01:08 Analysis pH :Analysis Value from : Field pH  2026-03-19 18:03:49 Analysis TDS :Analysis Value from : Lab Total Dissolved Solids  2018-02-01 18:01:32 Analysis Temp :Analysis Value from : Field Temp  2026-03-19 18:03:08 Analysis SAR :Analysis Value from : SAR 2018-06-19 18:01:44 Analysis Nitrate :Analysis Value from : Nitrate 2018-02-01 18:01:04",
00149689-0,Nevada Division of Environmental Protection,NV06-SC-41-C_00,Steamboat Creek @ Rhodes Road,SB5,1993-05-04 10:30:00,0.00,,,,,,,,,,,,,,7.56,,,,,,,,,< 0.1,,,,,16,,,0,0,26.9,,,,,,94,115,0.68,,,0.17,0.76,,0.08,,8.09,,,,,,,,237,,167,,94,,0.15,18,4.8,,,,,,,,,,,,,,,,,,,,,,,,,,,,,,,,,,,,,,,,,,,,,,,,,,,,,,,,, Analysis pH :Analysis Value from : Field pH  2026-03-19 18:03:49 Analysis TDS :Analysis Value from : Lab Total Dissolved Solids  2018-02-01 18:01:32 Analysis Nitrate :Analysis Value from : Nitrate 2018-02-01 18:01:04,
00149690-0,Nevada Division of Environmental Protection,NV06-SC-41-C_00,Steamboat Creek @ Rhodes Road,SB5,1993-06-08 10:15:00,0.00,,,9.6,,,,,,,,,,,7.71,,,8.8,,,,,,< 0.1,0.000429,1,18,,13,,,8,4.8,,,,,70,,74,90,0.8,,,0.09,0.38,,0.04,,8.28,,,,0.78,,15,,199,6,138,,82,,0.1,16,4.9,,,,,,4,,,,,,< 50,,< 1,,< 5,,,,< 5,,470,,< 5,,,,6,,,,< 0.5,,,,,,,< 1,,,,,,,,,,,,,,,10,,," Ammonia, Unionized :AUTOCALCULATE 2016-06-16 14:48:20 Using 1/2 AMNN Analysis DO :Analysis Value from : DO (field or ext)  2026-03-19 18:01:53 Analysis Hardness :Analysis Value from : Hardness 2018-02-01 18:01:08 Analysis pH :Analysis Value from : Field pH  2026-03-19 18:03:49 Analysis TDS :Analysis Value from : Lab Total Dissolved Solids  2018-02-01 18:01:32 Analysis Temp :Analysis Value from : Field Temp  2026-03-19 18:03:08 Analysis SAR :Analysis Value from : SAR 2018-06-19 18:01:44 Analysis Nitrate :Analysis Value from : Nitrate 2018-02-01 18:01:04",
00149691-0,Nevada Division of Environmental Protection,NV06-SC-41-C_00,Steamboat Creek @ Rhodes Road,SB5,1993-07-07 10:20:00,0.00,,,8.4,,,,,,,,,,,7.67,,,14,,,,,,< 0.1,0.000584,,14,,8,,,0,0,16.7,,,,51,,60,73,0.41,,,0.03,0.14,,0.05,,8,,,,0.61,,10,,148,0,109,,60,,0.09,9,3,,,,,,< 3,,,,,,< 50,,< 1,,< 5,,,,< 5,,390,,< 5,,,,4,,,,< 0.5,,,,,,,< 1,,,,,,,,,,,,,,,< 5,,," Ammonia, Unionized :AUTOCALCULATE 2016-06-16 14:48:20 Using 1/2 AMNN Analysis DO :Analysis Value from : DO (field or ext)  2026-03-19 18:01:53 Analysis Hardness :Analysis Value from : Hardness 2018-02-01 18:01:08 Analysis pH :Analysis Value from : Field pH  2026-03-19 18:03:49 Analysis TDS :Analysis Value from : Lab Total Dissolved Solids  2018-02-01 18:01:32 Analysis Temp :Analysis Value from : Field Temp  2026-03-19 18:03:08 Analysis SAR :Analysis Value from : SAR 2018-06-19 18:01:44 Analysis Nitrate :Analysis Value from : Nitrate 2018-02-01 18:01:04",
00149692-0,Nevada Division of Environmental Protection,NV06-SC-41-C_00,Steamboat Creek @ Rhodes Road,SB5,1993-08-10 10:20:00,0.00,,,7.3,,,,,,,,,,,7.4,,,16,,,,,,< 0.1,0.000366,1.59,23,,12,,,0,0,,,,,90,,112,137,0.59,,,0.06,0.27,,0.1,,7.97,,,,0.87,,19,,253,4,179,,112,,0.21,16,4,,,,,,5,,,,,,< 50,,< 1,,< 5,,,,10,,780,,< 5,,,,8,,,,< 0.5,,,,,,,< 1,,,,,,,,,,,,,,,< 5,,," Ammonia, Unionized :AUTOCALCULATE 2016-06-16 14:48:20 Using 1/2 AMNN Analysis DO :Analysis Value from : DO (field or ext)  2026-03-19 18:01:53 Analysis Hardness :Analysis Value from : Hardness 2018-02-01 18:01:08 Analysis pH :Analysis Value from : Field pH  2026-03-19 18:03:49 Analysis TDS :Analysis Value from : Lab Total Dissolved Solids  2018-02-01 18:01:32 Analysis Temp :Analysis Value from : Field Temp  2026-03-19 18:03:08 Analysis SAR :Analysis Value from : SAR 2018-06-19 18:01:44 Analysis Nitrate :Analysis Value from : Nitrate 2018-02-01 18:01:04",
00149693-0,Nevada Division of Environmental Protection,NV06-SC-41-C_00,Steamboat Creek @ Rhodes Road,SB5,1993-09-08 09:50:00,0.00,,,7.1,,,,,,,,,,,7.48,,,15,,,,,,< 0.1,0.000408,,,,15,,,0,0,20,,,,,,142,173,0.38,,,0.05,0.21,,0.11,,8.1,,,,,,,,319,,208,,142,,0.25,2,2.3,,,,,,,,,,,,,,,,,,,,,,,,,,,,,,,,,,,,,,,,,,,,,,,,,,,,,,,,," Ammonia, Unionized :AUTOCALCULATE 2016-06-16 14:48:20 Using 1/2 AMNN Analysis DO :Analysis Value from : DO (field or ext)  2026-03-19 18:01:53 Analysis pH :Analysis Value from : Field pH  2026-03-19 18:03:49 Analysis TDS :Analysis Value from : Lab Total Dissolved Solids  2018-02-01 18:01:32 Analysis Temp :Analysis Value from : Field Temp  2026-03-19 18:03:08 Analysis Nitrate :Analysis Value from : Nitrate 2018-02-01 18:01:04",
00149694-0,Nevada Division of Environmental Protection,NV06-SC-41-C_00,Steamboat Creek @ Rhodes Road,SB5,1993-10-06 10:05:00,0.00,,,8.2,,,,,,,,,,,7.11,,,8.5,,,,,,< 0.1,0.000106,8.28,28,28,24,,,0,0,,,,,115,115,142,173,1.38,,,0.38,1.69,,0.13,,8.13,,,,1.21,1.22,30,30,355,9,264,,142,,0.19,12,5.6,,,,,,5,,,,,,< 50,,< 1,,< 5,,,,10,,830,,< 5,,,,11,11,,,< 0.5,,,,,,,< 1,,,,,,,,,,,,,,,< 5,,," Ammonia, Unionized :AUTOCALCULATE 2016-06-16 14:48:20 Using 1/2 AMNN Analysis DO :Analysis Value from : DO (field or ext)  2026-03-19 18:01:53 Analysis Hardness :Analysis Value from : Hardness Diss  2018-02-01 18:01:08 Analysis pH :Analysis Value from : Field pH  2026-03-19 18:03:49 Analysis TDS :Analysis Value from : Lab Total Dissolved Solids  2018-02-01 18:01:32 Analysis Temp :Analysis Value from : Field Temp  2026-03-19 18:03:08 Analysis SAR :Analysis Value from : SAR Diss  2018-06-19 18:01:44 Analysis Nitrate :Analysis Value from : Nitrate 2018-02-01 18:01:04",
00149695-0,Nevada Division of Environmental Protection,NV06-SC-41-C_00,Steamboat Creek @ Rhodes Road,SB5,1993-12-07 09:45:00,0.00,,,10.2,,,,,,,,,,,7.16,,,3,,,,,,< 0.1,0.000076,,,,13,,,16,9.6,18.4,,,,,,110,134,0.51,,,0.18,0.81,,0.04,,8.56,,,,,,,,299,,196,,126,,0.08,4,4.1,,,,,,,,,,,,,,,,,,,,,,,,,,,,,,,,,,,,,,,,,,,,,,,,,,,,,,,,," Ammonia, Unionized :AUTOCALCULATE 2016-06-16 14:48:20 Using 1/2 AMNN Analysis DO :Analysis Value from : DO (field or ext)  2026-03-19 18:01:53 Analysis pH :Analysis Value from : Field pH  2026-03-19 18:03:49 Analysis TDS :Analysis Value from : Lab Total Dissolved Solids  2018-02-01 18:01:32 Analysis Temp :Analysis Value from : Field Temp  2026-03-19 18:03:08 Analysis Nitrate :Analysis Value from : Nitrate 2018-02-01 18:01:04",
00149696-0,Nevada Division of Environmental Protection,NV06-SC-41-C_00,Steamboat Creek @ Rhodes Road,SB5,1994-02-08 10:30:00,0.00,,,10.6,,,,,,,,,,,7.14,,,4,,,,,,< 0.1,0.000079,4,26,,16,,,8,5,,,,,106,,116,142,0.53,,,0.12,0.55,,0.03,,8.25,,,,0.97,,23,,292,9,192,,124,,0.14,22,8,,,,,,4,,,,,,< 50,,< 1,,< 5,,,,< 5,,700,,< 5,,,,10,,,,< 0.5,,,,,,,< 1,,,,,,,,,,,,,,,< 5,,," Ammonia, Unionized :AUTOCALCULATE 2016-06-16 14:48:20 Using 1/2 AMNN Analysis DO :Analysis Value from : DO (field or ext)  2026-03-19 18:01:53 Analysis Hardness :Analysis Value from : Hardness 2018-02-01 18:01:08 Analysis pH :Analysis Value from : Field pH  2026-03-19 18:03:49 Analysis TDS :Analysis Value from : Lab Total Dissolved Solids  2018-02-01 18:01:32 Analysis Temp :Analysis Value from : Field Temp  2026-03-19 18:03:08 Analysis SAR :Analysis Value from : SAR 2018-06-19 18:01:44 Analysis Nitrate :Analysis Value from : Nitrate 2018-02-01 18:01:04",
00149697-0,Nevada Division of Environmental Protection,NV06-SC-41-C_00,Steamboat Creek @ Rhodes Road,SB5,1994-04-12 10:20:00,0.00,,,10.4,,,,,,,,,,,7.76,,,8.5,,,,,,< 0.1,0.000470,,20,,11,,,8,5,13,,,,83,,88,107,0.36,,,0.03,0.14,,0.04,,8.27,,,,0.76,,16,,226,6,152,,96,,0.09,10,3.3,,,,,,3,,,,,,< 50,,< 1,,< 5,,,,< 5,,560,,< 5,,,,8,,,,< 0.5,,,,,,,< 1,,,,,,,,,,,,,,,10,,," Ammonia, Unionized :AUTOCALCULATE 2016-06-16 14:48:20 Using 1/2 AMNN Analysis DO :Analysis Value from : DO (field or ext)  2026-03-19 18:01:53 Analysis Hardness :Analysis Value from : Hardness 2018-02-01 18:01:08 Analysis pH :Analysis Value from : Field pH  2026-03-19 18:03:49 Analysis TDS :Analysis Value from : Lab Total Dissolved Solids  2018-02-01 18:01:32 Analysis Temp :Analysis Value from : Field Temp  2026-03-19 18:03:08 Analysis SAR :Analysis Value from : SAR 2018-06-19 18:01:44 Analysis Nitrate :Analysis Value from : Nitrate 2018-02-01 18:01:04",
00149698-0,Nevada Division of Environmental Protection,NV06-SC-41-C_00,Steamboat Creek @ Rhodes Road,SB5,1994-06-07 10:30:00,0.00,,,8.7,,,,,,,,,,,,,,12.5,,,,,,< 0.1,< 0.004,2,24,,11,,,8,5,,,,,93,,108,132,0.86,,,0.03,0.15,,0.07,,8.33,,,,0.81,,18,,252,4,172,,116,,0.11,8,4.4,,,,,,5,,,,,,< 50,,< 1,,< 5,,,,< 5,,590,,< 5,,,,8,,,,< 0.5,,,,,,,1,,,,,,,,,,,,,,,< 5,,, Analysis DO :Analysis Value from : DO (field or ext)  2026-03-19 18:01:53 Analysis Hardness :Analysis Value from : Hardness 2018-02-01 18:01:08 Analysis TDS :Analysis Value from : Lab Total Dissolved Solids  2018-02-01 18:01:32 Analysis Temp :Analysis Value from : Field Temp  2026-03-19 18:03:08 Analysis SAR :Analysis Value from : SAR 2018-06-19 18:01:44 Analysis Nitrate :Analysis Value from : Nitrate 2018-02-01 18:01:04,
00149699-0,Nevada Division of Environmental Protection,NV06-SC-41-C_00,Steamboat Creek @ Rhodes Road,SB5,1994-08-16 09:55:00,0.00,,,7.5,,,,,,,,,,,7.8,,,17,,,,,,< 0.1,0.000980,,28,,13,,,12,7,13,,,,111,,128,156,0.41,,,0.07,0.33,,0.16,,8.36,,,,1,,24,,308,8,200,,140,,0.24,5,6,,,,,,12,,,,,,< 50,,< 1,,< 5,,,,10,,10,,< 5,,,,10,,,,< 0.5,,,,,,,< 1,,,,,,,,,,,,,,,10,,," Ammonia, Unionized :AUTOCALCULATE 2016-06-16 14:48:20 Using 1/2 AMNN Analysis DO :Analysis Value from : DO (field or ext)  2026-03-19 18:01:53 Analysis Hardness :Analysis Value from : Hardness 2018-02-01 18:01:08 Analysis pH :Analysis Value from : Field pH  2026-03-19 18:03:49 Analysis TDS :Analysis Value from : Lab Total Dissolved Solids  2018-02-01 18:01:32 Analysis Temp :Analysis Value from : Field Temp  2026-03-19 18:03:08 Analysis SAR :Analysis Value from : SAR 2018-06-19 18:01:44 Analysis Nitrate :Analysis Value from : Nitrate 2018-02-01 18:01:04",
00149700-0,Nevada Division of Environmental Protection,NV06-SC-41-C_00,Steamboat Creek @ Rhodes Road,SB5,1994-10-11 09:50:00,0.00,,,9.2,,,,,,,,,,,7.88,,,10.2,,,,,,< 0.1,0.000705,< 2,20,,7,,,8,5,,,,,83,,92,112,0.38,,,0.03,0.14,,0.06,,8.22,,,,0.8,,17,,221,5,152,,100,,0.08,7,2.8,,,,,,4,,,,,,< 50,,< 1,,< 5,,,,< 5,,460,,< 5,,,,8,,,,< 0.5,,,,,,,< 1,,,,,,,,,,,,,,,10,,," Ammonia, Unionized :AUTOCALCULATE 2016-06-16 14:48:20 Using 1/2 AMNN Analysis DO :Analysis Value from : DO (field or ext)  2026-03-19 18:01:53 Analysis Hardness :Analysis Value from : Hardness 2018-02-01 18:01:08 Analysis pH :Analysis Value from : Field pH  2026-03-19 18:03:49 Analysis TDS :Analysis Value from : Lab Total Dissolved Solids  2018-02-01 18:01:32 Analysis Temp :Analysis Value from : Field Temp  2026-03-19 18:03:08 Analysis SAR :Analysis Value from : SAR 2018-06-19 18:01:44 Analysis Nitrate :Analysis Value from : Nitrate 2018-02-01 18:01:04",
00149701-0,Nevada Division of Environmental Protection,NV06-SC-41-C_00,Steamboat Creek @ Rhodes Road,SB5,1994-12-14 09:45:00,0.00,,,11,,,,,,,,,,,8.46,,,1.5,,,,,,< 0.1,0.001311,,25,,15,,,12,7,11,,,,104,,116,142,0.42,,,0.03,0.12,,0.04,,8.26,,,,1,,24,,292,9,194,,128,,0.13,22,7.8,,,,,,4,,,,,,100,,< 1,,< 5,,,,10,,780,,< 5,,,,10,,,,< 0.5,,,,,,,< 1,,,,,,,,,,,,,,,20,,," Ammonia, Unionized :AUTOCALCULATE 2016-06-16 14:48:20 Using 1/2 AMNN Analysis DO :Analysis Value from : DO (field or ext)  2026-03-19 18:01:53 Analysis Hardness :Analysis Value from : Hardness 2018-02-01 18:01:08 Analysis pH :Analysis Value from : Field pH  2026-03-19 18:03:49 Analysis TDS :Analysis Value from : Lab Total Dissolved Solids  2018-02-01 18:01:32 Analysis Temp :Analysis Value from : Field Temp  2026-03-19 18:03:08 Analysis SAR :Analysis Value from : SAR 2018-06-19 18:01:44 Analysis Nitrate :Analysis Value from : Nitrate 2018-02-01 18:01:04",
00149702-0,Nevada Division of Environmental Protection,NV06-SC-41-C_00,Steamboat Creek @ Rhodes Road,SB5,1995-02-15 10:10:00,0.00,,,11.9,,,,,,,,,,,,,,2.5,,,,,,< 0.1,< 0.002,2.69,29,,25,,,12,7,,,,,118,,116,142,0.56,,,0.18,0.78,,0.03,,8.27,,,,1.1,,27,,345,12,222,,128,,0.08,9,6,,,,,,4,,,,,,100,,< 1,,< 5,,,,10,,650,,< 5,,,,11,,,,< 0.5,,,,,,,< 1,,,,,,,,,,,,,,,10,,, Analysis DO :Analysis Value from : DO (field or ext)  2026-03-19 18:01:53 Analysis Hardness :Analysis Value from : Hardness 2018-02-01 18:01:08 Analysis TDS :Analysis Value from : Lab Total Dissolved Solids  2018-02-01 18:01:32 Analysis Temp :Analysis Value from : Field Temp  2026-03-19 18:03:08 Analysis SAR :Analysis Value from : SAR 2018-06-19 18:01:44 Analysis Nitrate :Analysis Value from : Nitrate 2018-02-01 18:01:04,
00149703-0,Nevada Division of Environmental Protection,NV06-SC-41-C_00,Steamboat Creek @ Rhodes Road,SB5,1995-04-11 10:20:00,0.00,,,13.2,,,,,,,,,,,8.04,,,9,,,,,,< 0.1,0.000923,,23,,25,,,8,5,24,,,,95,,90,110,0.42,,,0.17,0.74,,0.02,,8.44,,,,0.9,,20,,291,13,189,,98,,0.06,6,3.2,,,,,,3,,,,,,< 50,,< 1,,< 5,,,,10,,380,,< 5,,,,9,,,,< 0.5,,,,,,,< 1,,,,,,,,,,,,,,,10,,," Ammonia, Unionized :AUTOCALCULATE 2016-06-16 14:48:20 Using 1/2 AMNN Analysis DO :Analysis Value from : DO (field or ext)  2026-03-19 18:01:53 Analysis Hardness :Analysis Value from : Hardness 2018-02-01 18:01:08 Analysis pH :Analysis Value from : Field pH  2026-03-19 18:03:49 Analysis TDS :Analysis Value from : Lab Total Dissolved Solids  2018-02-01 18:01:32 Analysis Temp :Analysis Value from : Field Temp  2026-03-19 18:03:08 Analysis SAR :Analysis Value from : SAR 2018-06-19 18:01:44 Analysis Nitrate :Analysis Value from : Nitrate 2018-02-01 18:01:04",
00149704-0,Nevada Division of Environmental Protection,NV06-SC-41-C_00,Steamboat Creek @ Rhodes Road,SB5,1995-06-13 10:00:00,0.00,,,10,,,,,,,,,,,8.26,,,8,,,,,,< 0.1,0.001401,1.23,10,,11,,,8,5,,,,,37,,28,34,0.44,,,0.06,0.27,,0.03,,8.37,,,,0.6,,9,,107,1,80,,36,,0.09,35,10,,,,,,< 3,,,,,,< 50,,< 1,,< 5,,,,10,,920,,< 5,,,,3,,,,< 0.5,,,,,,,< 1,,,,,,,,,,,,,,,30,,," Ammonia, Unionized :AUTOCALCULATE 2016-06-16 14:48:20 Using 1/2 AMNN Analysis DO :Analysis Value from : DO (field or ext)  2026-03-19 18:01:53 Analysis Hardness :Analysis Value from : Hardness 2018-02-01 18:01:08 Analysis pH :Analysis Value from : Field pH  2026-03-19 18:03:49 Analysis TDS :Analysis Value from : Lab Total Dissolved Solids  2018-02-01 18:01:32 Analysis Temp :Analysis Value from : Field Temp  2026-03-19 18:03:08 Analysis SAR :Analysis Value from : SAR 2018-06-19 18:01:44 Analysis Nitrate :Analysis Value from : Nitrate 2018-02-01 18:01:04",
00149705-0,Nevada Division of Environmental Protection,NV06-SC-41-C_00,Steamboat Creek @ Rhodes Road,SB5,1995-08-08 09:45:00,0.00,,,9.4,,,,,,,,,,,,,,9.9,,,,,,< 0.1,< 0.0003,,10,,8,,,0,0,4,,,,37,,36,44,0.51,,,0.03,0.13,,0.03,,7.16,,,,0.6,,9,,104,2,77,,36,,0.07,16,2.9,,,,,,< 3,,,,,,< 50,,< 1,,< 5,,,,10,,690,,< 5,,,,3,,,,< 0.5,,,,,,,< 1,,,,,,,,,,,,,,,10,,, Analysis DO :Analysis Value from : DO (field or ext)  2026-03-19 18:01:53 Analysis Hardness :Analysis Value from : Hardness 2018-02-01 18:01:08 Analysis TDS :Analysis Value from : Lab Total Dissolved Solids  2018-02-01 18:01:32 Analysis Temp :Analysis Value from : Field Temp  2026-03-19 18:03:08 Analysis SAR :Analysis Value from : SAR 2018-06-19 18:01:44 Analysis Nitrate :Analysis Value from : Nitrate 2018-02-01 18:01:04,
00149706-0,Nevada Division of Environmental Protection,NV06-SC-41-C_00,Steamboat Creek @ Rhodes Road,SB5,1995-10-09 09:45:00,0.00,,,7.8,,,,,,,,,,,,,,8,,,,,,< 0.1,< 0.003,1.48,24,,12,,,0,0,,,,,93,,104,127,0.74,,,0.04,0.18,,0.07,,8.15,,,,0.8,,18,,237,4,169,,104,,0.1,1,2.1,,,,,,5,,,,,,< 50,,< 1,,< 5,,,,10,,340,,< 5,,,,8,,,,< 0.5,,,,,,,< 1,,,,,,,,,,,,,,,20,,, Analysis DO :Analysis Value from : DO (field or ext)  2026-03-19 18:01:53 Analysis Hardness :Analysis Value from : Hardness 2018-02-01 18:01:08 Analysis TDS :Analysis Value from : Lab Total Dissolved Solids  2018-02-01 18:01:32 Analysis Temp :Analysis Value from : Field Temp  2026-03-19 18:03:08 Analysis SAR :Analysis Value from : SAR 2018-06-19 18:01:44 Analysis Nitrate :Analysis Value from : Nitrate 2018-02-01 18:01:04,
00149707-0,Nevada Division of Environmental Protection,NV06-SC-41-C_00,Steamboat Creek @ Rhodes Road,SB5,1995-12-27 09:40:00,0.00,,,9.7,,,,,,,,,,,7.76,,,3,,,,,,< 0.1,0.000302,,26,,14,,,0,0,10,,,,102,,112,137,0.75,,,0.28,1.25,,0.06,,8.13,,,,0.9,,20,,278,11,178,,112,,0.14,22,9.2,,,,,,4,,,,,,< 50,,< 1,,< 5,,,,20,,1060,,< 5,,,,9,,,,< 0.5,,,,,,,< 1,,,,,,,,,,,,,,,20,,," Ammonia, Unionized :AUTOCALCULATE 2016-06-16 14:48:20 Using 1/2 AMNN Analysis DO :Analysis Value from : DO (field or ext)  2026-03-19 18:01:53 Analysis Hardness :Analysis Value from : Hardness 2018-02-01 18:01:08 Analysis pH :Analysis Value from : Field pH  2026-03-19 18:03:49 Analysis TDS :Analysis Value from : Lab Total Dissolved Solids  2018-02-01 18:01:32 Analysis Temp :Analysis Value from : Field Temp  2026-03-19 18:03:08 Analysis SAR :Analysis Value from : SAR 2018-06-19 18:01:44 Analysis Nitrate :Analysis Value from : Nitrate 2018-02-01 18:01:04",
00149708-0,Nevada Division of Environmental Protection,NV06-SC-41-C_00,Steamboat Creek @ Rhodes Road,SB5,1996-02-14 10:10:00,0.00,,,9.6,,,,,,,,,,,7.77,,,6,,,,,,< 0.1,0.000394,1.92,26,,21,,,0,0,,,,,106,,112,137,0.29,,,0.65,2.89,,0.06,,8.02,,,,1,,24,,301,14,204,,112,,0.09,13,8.5,,,,,,3,,,,,,100,,< 1,,< 5,,,,10,,660,,< 5,,,,10,,,,< 0.5,,,,,,,< 1,,,,,,,,,,,,,,,20,,," Ammonia, Unionized :AUTOCALCULATE 2016-06-16 14:48:20 Using 1/2 AMNN Analysis DO :Analysis Value from : DO (field or ext)  2026-03-19 18:01:53 Analysis Hardness :Analysis Value from : Hardness 2018-02-01 18:01:08 Analysis pH :Analysis Value from : Field pH  2026-03-19 18:03:49 Analysis TDS :Analysis Value from : Lab Total Dissolved Solids  2018-02-01 18:01:32 Analysis Temp :Analysis Value from : Field Temp  2026-03-19 18:03:08 Analysis SAR :Analysis Value from : SAR 2018-06-19 18:01:44 Analysis Nitrate :Analysis Value from : Nitrate 2018-02-01 18:01:04",
00149709-0,Nevada Division of Environmental Protection,NV06-SC-41-C_00,Steamboat Creek @ Rhodes Road,SB5,1996-04-09 10:05:00,0.00,,,9.2,,,,,,,,,,,8.22,,,10,,,,,,< 0.1,0.001494,,26,,15,,,8,5,24,,,,94,,92,112,0.74,,,0.11,0.49,,0.17,,8.32,,,,1.1,,24,,268,5,178,,100,,0.31,54,19,,,,,,3,,,,,,100,,< 1,,< 5,,,,10,,1020,,< 5,,,,7,,,,< 0.5,,,,,,,< 1,,,,,,,,,,,,,,,10,,," Ammonia, Unionized :AUTOCALCULATE 2016-06-16 14:48:20 Using 1/2 AMNN Analysis DO :Analysis Value from : DO (field or ext)  2026-03-19 18:01:53 Analysis Hardness :Analysis Value from : Hardness 2018-02-01 18:01:08 Analysis pH :Analysis Value from : Field pH  2026-03-19 18:03:49 Analysis TDS :Analysis Value from : Lab Total Dissolved Solids  2018-02-01 18:01:32 Analysis Temp :Analysis Value from : Field Temp  2026-03-19 18:03:08 Analysis SAR :Analysis Value from : SAR 2018-06-19 18:01:44 Analysis Nitrate :Analysis Value from : Nitrate 2018-02-01 18:01:04",
00149710-0,Nevada Division of Environmental Protection,NV06-SC-41-C_00,Steamboat Creek @ Rhodes Road,SB5,1996-06-18 10:40:00,0.00,,,8.2,,,,,,,,,,,,,,15,,,,,,< 0.1,< 0.002,1.47,20,,9,,,0,0,,,,,71,,98,120,0.66,,,0.04,0.16,,0.27,,7.8,,,,0.9,,18,,218,3,141,,98,,0.36,19,12,,,,,,< 3,,,,,,< 50,,< 1,,< 5,,,,10,,660,,< 5,,,,5,,,,< 0.5,,,,,,,< 1,,,,,,,,,,,,,,,10,,, Analysis DO :Analysis Value from : DO (field or ext)  2026-03-19 18:01:53 Analysis Hardness :Analysis Value from : Hardness 2018-02-01 18:01:08 Analysis TDS :Analysis Value from : Lab Total Dissolved Solids  2018-02-01 18:01:32 Analysis Temp :Analysis Value from : Field Temp  2026-03-19 18:03:08 Analysis SAR :Analysis Value from : SAR 2018-06-19 18:01:44 Analysis Nitrate :Analysis Value from : Nitrate 2018-02-01 18:01:04,
00149711-0,Nevada Division of Environmental Protection,NV06-SC-41-C_00,Steamboat Creek @ Rhodes Road,SB5,1996-08-13 10:10:00,0.00,,,8.5,,,,,,,,,,,7.72,,,16,,,,,,< 0.1,0.000760,,20,,8,,,8,5,1,,,,75,,80,98,0.45,,,0.2,0.9,,0.1,,8.37,,,,0.8,,16,,214,3,136,,88,,0.14,7,4.1,,,,,,4,,,,,,100,,< 1,,< 5,,,,< 5,,450,,< 5,,,,6,,,,< 0.5,,,,,,,< 1,,,,,,,,,,,,,,,10,,," Ammonia, Unionized :AUTOCALCULATE 2016-06-16 14:48:20 Using 1/2 AMNN Analysis DO :Analysis Value from : DO (field or ext)  2026-03-19 18:01:53 Analysis Hardness :Analysis Value from : Hardness 2018-02-01 18:01:08 Analysis pH :Analysis Value from : Field pH  2026-03-19 18:03:49 Analysis TDS :Analysis Value from : Lab Total Dissolved Solids  2018-02-01 18:01:32 Analysis Temp :Analysis Value from : Field Temp  2026-03-19 18:03:08 Analysis SAR :Analysis Value from : SAR 2018-06-19 18:01:44 Analysis Nitrate :Analysis Value from : Nitrate 2018-02-01 18:01:04",
00149712-0,Nevada Division of Environmental Protection,NV06-SC-41-C_00,Steamboat Creek @ Rhodes Road,SB5,1996-10-08 10:00:00,0.00,,,8.2,,,,,,,,,,,7.71,,,12.2,,,,,,< 0.1,0.000558,1.02,38,,14,,,16,10,,,,,140,,158,193,0.79,,,0.14,0.6,,0.18,,8.52,,,,1.1,,31,,381,3,245,,174,,0.24,13,12,,,,,,5,,,,,,100,,< 1,,< 5,,,,10,,670,,< 5,,,,11,,,,< 0.5,,,,,,,< 1,,,,,,,,,,,,,,,10,,," Ammonia, Unionized :AUTOCALCULATE 2016-06-16 14:48:20 Using 1/2 AMNN Analysis DO :Analysis Value from : DO (field or ext)  2026-03-19 18:01:53 Analysis Hardness :Analysis Value from : Hardness 2018-02-01 18:01:08 Analysis pH :Analysis Value from : Field pH  2026-03-19 18:03:49 Analysis TDS :Analysis Value from : Lab Total Dissolved Solids  2018-02-01 18:01:32 Analysis Temp :Analysis Value from : Field Temp  2026-03-19 18:03:08 Analysis SAR :Analysis Value from : SAR 2018-06-19 18:01:44 Analysis Nitrate :Analysis Value from : Nitrate 2018-02-01 18:01:04",
00149713-0,Nevada Division of Environmental Protection,NV06-SC-41-C_00,Steamboat Creek @ Rhodes Road,SB5,1996-12-17 09:55:00,0.00,,,12.8,,,,,,,,,,,7.78,,,4,,,,,,< 0.1,0.000343,,31,,12,,,12,7,15,,,,110,,118,144,0.59,,,0.11,0.49,,0.11,,8.26,,,,1,,25,,303,4,195,,130,,0.22,33,21,,,,,,< 3,,,,,,100,,< 1,,< 5,,,,10,,820,,< 5,,,,8,,,,< 0.5,,,,,,,3,,,,,,,,,,,,,,,20,,," Ammonia, Unionized :AUTOCALCULATE 2016-06-16 14:48:20 Using 1/2 AMNN Analysis DO :Analysis Value from : DO (field or ext)  2026-03-19 18:01:53 Analysis Hardness :Analysis Value from : Hardness 2018-02-01 18:01:08 Analysis pH :Analysis Value from : Field pH  2026-03-19 18:03:49 Analysis TDS :Analysis Value from : Lab Total Dissolved Solids  2018-02-01 18:01:32 Analysis Temp :Analysis Value from : Field Temp  2026-03-19 18:03:08 Analysis SAR :Analysis Value from : SAR 2018-06-19 18:01:44 Analysis Nitrate :Analysis Value from : Nitrate 2018-02-01 18:01:04",
00149714-0,Nevada Division of Environmental Protection,NV06-SC-41-C_00,Steamboat Creek @ Rhodes Road,SB5,1997-02-12 10:25:00,0.00,,,11.6,,,,,,,,,,,7.97,,,4.9,,,,,,< 0.1,0.000569,,28,,10,,,0,0,,,,,99,,114,139,0.87,,,0.22,0.98,,0.26,,8.18,,,,1.1,,25,,264,6,184,,114,,0.42,50,55,,,,,,4,,,,,,100,,< 1,,< 5,,,,10,,1610,,8,,,,7,,,,0.8,,,,,,,< 1,,,,,,,,,,,,,,,20,,," Ammonia, Unionized :AUTOCALCULATE 2016-06-16 14:48:20 Using 1/2 AMNN Analysis DO :Analysis Value from : DO (field or ext)  2026-03-19 18:01:53 Analysis Hardness :Analysis Value from : Hardness 2018-02-01 18:01:08 Analysis pH :Analysis Value from : Field pH  2026-03-19 18:03:49 Analysis TDS :Analysis Value from : Lab Total Dissolved Solids  2018-02-01 18:01:32 Analysis Temp :Analysis Value from : Field Temp  2026-03-19 18:03:08 Analysis SAR :Analysis Value from : SAR 2018-06-19 18:01:44 Analysis Nitrate :Analysis Value from : Nitrate 2018-02-01 18:01:04",
00149715-0,Nevada Division of Environmental Protection,NV06-SC-41-C_00,Steamboat Creek @ Rhodes Road,SB5,1997-04-09 10:10:00,0.00,,,11.5,,,,,,,,,,,8.48,,,6,,,,,,< 0.1,0.001959,,28,,11,,,0,0,,,,,99,,130,159,1.01,,,0.06,0.25,,0.23,,8.04,,,,1.1,,25,,276,5,170,,130,,0.37,34,28,,,,,,3,,,,,,100,,< 1,,< 5,,,,10,,870,,< 5,,,,7,,,,< 0.5,,,,,,,< 1,,,,,,,,,,,,,,,20,,," Ammonia, Unionized :AUTOCALCULATE 2016-06-16 14:48:20 Using 1/2 AMNN Analysis DO :Analysis Value from : DO (field or ext)  2026-03-19 18:01:53 Analysis Hardness :Analysis Value from : Hardness 2018-02-01 18:01:08 Analysis pH :Analysis Value from : Field pH  2026-03-19 18:03:49 Analysis TDS :Analysis Value from : Lab Total Dissolved Solids  2018-02-01 18:01:32 Analysis Temp :Analysis Value from : Field Temp  2026-03-19 18:03:08 Analysis SAR :Analysis Value from : SAR 2018-06-19 18:01:44 Analysis Nitrate :Analysis Value from : Nitrate 2018-02-01 18:01:04",
00149716-0,Nevada Division of Environmental Protection,NV06-SC-41-C_00,Steamboat Creek @ Rhodes Road,SB5,1997-06-10 09:55:00,0.00,,,8.7,,,,,,,,,,,,,,13.5,,,,,,< 0.1,< 0.003,,22,,7,,,0,0,,,,,80,,100,122,0.48,,,0,0,,0.21,,8.14,,,,0.9,,18,,231,3,143,,100,,0.32,23,17,,,,,,< 3,,,,,,< 50,,< 1,,< 5,,,,10,,1500,,< 5,,,,6,,,,< 0.5,,,,,,,< 1,,,,,,,,,,,,,,,50,,, Analysis DO :Analysis Value from : DO (field or ext)  2026-03-19 18:01:53 Analysis Hardness :Analysis Value from : Hardness 2018-02-01 18:01:08 Analysis TDS :Analysis Value from : Lab Total Dissolved Solids  2018-02-01 18:01:32 Analysis Temp :Analysis Value from : Field Temp  2026-03-19 18:03:08 Analysis SAR :Analysis Value from : SAR 2018-06-19 18:01:44,
00149717-0,Nevada Division of Environmental Protection,NV06-SC-41-C_00,Steamboat Creek @ Rhodes Road,SB5,1997-08-12 09:55:00,0.00,,,9.5,,,,,,,,,,,8.13,,,15.9,,,,,,< 0.1,0.001894,,28.1,,10,,,12,7,,,,,104,,124,151,0.91,,,0.16,0.7,,0.23,,8.31,,,,0.96,,22.5,,298,3,187,,136,,0.3,11,8.5,,,,,,6.7,,,,,,36.1,,< 1.4,,< 2.2,,,,< 2.3,,698,,1.2,,,,8.18,,,,0.22,,,,,,,< 0.7,,,,,,,,,,,,,,,2.2,,," Ammonia, Unionized :AUTOCALCULATE 2016-06-16 14:48:20 Using 1/2 AMNN Analysis DO :Analysis Value from : DO (field or ext)  2026-03-19 18:01:53 Analysis Hardness :Analysis Value from : Hardness 2018-02-01 18:01:08 Analysis pH :Analysis Value from : Field pH  2026-03-19 18:03:49 Analysis TDS :Analysis Value from : Lab Total Dissolved Solids  2018-02-01 18:01:32 Analysis Temp :Analysis Value from : Field Temp  2026-03-19 18:03:08 Analysis SAR :Analysis Value from : SAR 2018-06-19 18:01:44 Analysis Nitrate :Analysis Value from : Nitrate 2018-02-01 18:01:04",
00149718-0,Nevada Division of Environmental Protection,NV06-SC-41-C_00,Steamboat Creek @ Rhodes Road,SB5,1997-10-28 09:55:00,0.00,,,11.2,,,,,,,,,,,8.08,,,4,,,,,,< 0.1,0.000680,,23.8,,10,,,8,5,,,,,91,,102,124,0.51,,,0.08,0.34,,0.06,,8.6,,,,0.78,,17.1,,258,5,163,,110,,0.1,6,3.3,,,,,,4.1,,,,,,30,,< 1.3,,< 1.7,,,,< 1.5,,471,,1.1,,,,7.67,,,,< 0.1,,,,,,,< 0.9,,,,,,,,,,,,,,,5.4,,," Ammonia, Unionized :AUTOCALCULATE 2016-06-16 14:48:20 Using 1/2 AMNN Analysis DO :Analysis Value from : DO (field or ext)  2026-03-19 18:01:53 Analysis Hardness :Analysis Value from : Hardness 2018-02-01 18:01:08 Analysis pH :Analysis Value from : Field pH  2026-03-19 18:03:49 Analysis TDS :Analysis Value from : Lab Total Dissolved Solids  2018-02-01 18:01:32 Analysis Temp :Analysis Value from : Field Temp  2026-03-19 18:03:08 Analysis SAR :Analysis Value from : SAR 2018-06-19 18:01:44 Analysis Nitrate :Analysis Value from : Nitrate 2018-02-01 18:01:04",
00149719-0,Nevada Division of Environmental Protection,NV06-SC-41-C_00,Steamboat Creek @ Rhodes Road,SB5,1997-12-16 09:55:00,0.00,,,10.3,,,,,,,,,,,8.89,,,4,,,,,,< 0.1,0.004090,,30,,12,,,16,10,,,,,118,,126,154,0.34,,,0.33,1.44,,0.07,,8.45,,,,0.9,,23.4,,335,7,200,,142,,0.11,9,4.5,,,,,,4.3,,,,,,51.8,,< 1.3,,3.2,,,,2.7,,761,,< 1.1,,,,10.4,,,,< 0.1,,,,,,,< 0.9,,,,,,,,,,,,,,,7.2,,," Ammonia, Unionized :AUTOCALCULATE 2016-06-16 14:48:20 Using 1/2 AMNN Analysis DO :Analysis Value from : DO (field or ext)  2026-03-19 18:01:53 Analysis Hardness :Analysis Value from : Hardness 2018-02-01 18:01:08 Analysis pH :Analysis Value from : Field pH  2026-03-19 18:03:49 Analysis TDS :Analysis Value from : Lab Total Dissolved Solids  2018-02-01 18:01:32 Analysis Temp :Analysis Value from : Field Temp  2026-03-19 18:03:08 Analysis SAR :Analysis Value from : SAR 2018-06-19 18:01:44 Analysis Nitrate :Analysis Value from : Nitrate 2018-02-01 18:01:04",
00149720-0,Nevada Division of Environmental Protection,NV06-SC-41-C_00,Steamboat Creek @ Rhodes Road,SB5,1998-02-10 10:10:00,0.00,,,8.44,,,,,,,,,,,8.42,,,3.1,,,,,,< 0.1,0.001363,,29.6,,20,,,0,0,,,,,113,,136,166,0.48,,,0.28,1.2,,0.07,,8.1,,,,1.02,,24.9,,354,8,211,,136,,0.14,22,15.1,,,,,,2.5,,,,,,31.4,,< 1.3,,< 2.2,,,,< 1.9,,1060,,< 1.1,,,,9.48,,,,0.21,,,,,,,< 0.9,,,,,,,,,,,,,,,< 1.1,,," Ammonia, Unionized :AUTOCALCULATE 2016-06-16 14:48:20 Using 1/2 AMNN Analysis DO :Analysis Value from : DO (field or ext)  2026-03-19 18:01:53 Analysis Hardness :Analysis Value from : Hardness 2018-02-01 18:01:08 Analysis pH :Analysis Value from : Field pH  2026-03-19 18:03:49 Analysis TDS :Analysis Value from : Lab Total Dissolved Solids  2018-02-01 18:01:32 Analysis Temp :Analysis Value from : Field Temp  2026-03-19 18:03:08 Analysis SAR :Analysis Value from : SAR 2018-06-19 18:01:44 Analysis Nitrate :Analysis Value from : Nitrate 2018-02-01 18:01:04",
00149721-0,Nevada Division of Environmental Protection,NV06-SC-41-C_00,Steamboat Creek @ Rhodes Road,SB5,1998-04-14 10:05:00,0.00,,,13.9,,,,,,,,,,,8.39,,,5.8,,,,,,< 0.1,0.001579,,30.9,,13,,,8,5,,,,,113,,138,168,0.64,,,0.09,0.4,,0.22,,8.21,,,,1.25,,30.5,,354,6,201,,146,,0.2,14,18,,,,,,< 1.3,,,,,,43.5,,< 1.2,,< 2,,,,2.6,,891,,1,,,,8.69,,,,0.4,,,,,,,0.87,,,,,,,,,,,,,,,9.3,,," Ammonia, Unionized :AUTOCALCULATE 2016-06-16 14:48:20 Using 1/2 AMNN Analysis DO :Analysis Value from : DO (field or ext)  2026-03-19 18:01:53 Analysis Hardness :Analysis Value from : Hardness 2018-02-01 18:01:08 Analysis pH :Analysis Value from : Field pH  2026-03-19 18:03:49 Analysis TDS :Analysis Value from : Lab Total Dissolved Solids  2018-02-01 18:01:32 Analysis Temp :Analysis Value from : Field Temp  2026-03-19 18:03:08 Analysis SAR :Analysis Value from : SAR 2018-06-19 18:01:44 Analysis Nitrate :Analysis Value from : Nitrate 2018-02-01 18:01:04",
00149722-0,Nevada Division of Environmental Protection,NV06-SC-41-C_00,Steamboat Creek @ Rhodes Road,SB5,1998-06-16 09:50:00,0.00,,,10.25,,,,,,,,,,,8.12,,,13.6,,,,,,< 0.1,0.001565,,22.6,,9,,,0,0,,,,,83,,106,129,0.34,,,0.07,0.3,,0.11,,8.08,,,,0.89,,18.5,,258,4,152,,106,,0.2,22,15,,,,,,3.7,,,,,,27.8,,< 1.2,,< 2,,,,6.6,,2070,,2.7,,,,6.35,,,,0.92,,,,,,,< 0.5,,,,,,,,,,,,,,,11.9,,," Ammonia, Unionized :AUTOCALCULATE 2016-06-16 14:48:20 Using 1/2 AMNN Analysis DO :Analysis Value from : DO (field or ext)  2026-03-19 18:01:53 Analysis Hardness :Analysis Value from : Hardness 2018-02-01 18:01:08 Analysis pH :Analysis Value from : Field pH  2026-03-19 18:03:49 Analysis TDS :Analysis Value from : Lab Total Dissolved Solids  2018-02-01 18:01:32 Analysis Temp :Analysis Value from : Field Temp  2026-03-19 18:03:08 Analysis SAR :Analysis Value from : SAR 2018-06-19 18:01:44 Analysis Nitrate :Analysis Value from : Nitrate 2018-02-01 18:01:04",
00149723-0,Nevada Division of Environmental Protection,NV06-SC-41-C_00,Steamboat Creek @ Rhodes Road,SB5,1998-08-11 10:45:00,0.00,,,8.1,,,,,,,,,,,8.21,,,17.5,,,,,,< 0.1,0.002533,,26.6,,11,,,0,0,,,,,99,,124,151,0.45,,,0.03,0.1,,0.15,,7.95,,,,1,,22.8,,304,4,200,,124,,0.22,14,7.5,,,,,,4.4,,,,,,31.8,,< 1.4,,< 2.1,,,,2,,696,,1.4,,,,7.9,,,,0.15,,,,,,,< 0.6,,,,,,,,,,,,,,,7.9,,," Ammonia, Unionized :AUTOCALCULATE 2016-06-16 14:48:20 Using 1/2 AMNN Analysis DO :Analysis Value from : DO (field or ext)  2026-03-19 18:01:53 Analysis Hardness :Analysis Value from : Hardness 2018-02-01 18:01:08 Analysis pH :Analysis Value from : Field pH  2026-03-19 18:03:49 Analysis TDS :Analysis Value from : Lab Total Dissolved Solids  2018-02-01 18:01:32 Analysis Temp :Analysis Value from : Field Temp  2026-03-19 18:03:08 Analysis SAR :Analysis Value from : SAR 2018-06-19 18:01:44 Analysis Nitrate :Analysis Value from : Nitrate 2018-02-01 18:01:04",
00149724-0,Nevada Division of Environmental Protection,NV06-SC-41-C_00,Steamboat Creek @ Rhodes Road,SB5,1998-10-13 10:15:00,0.00,,,9.57,,,,,,,,,,,8.15,,,9.2,,,,,,< 0.04,0.000480,,24,,13,,,< 20,< 12,,,,,93,,110,134,0.46,,,0.07,0.31,,< 0.06,,,,,,0.77,,17,,,4.3,170,,110,,0.12,< 10,,,,,,,3.5,,,,,,27,,< 1,,< 2.3,,,,1.8,,500,,1.1,,,,8,,,,< 0.1,,,,,,,< 0.6,,,,,,,,,,,,,,,8.6,,," Ammonia, Unionized :AUTOCALCULATE 2016-06-16 14:48:20 Using 1/2 AMNN Analysis DO :Analysis Value from : DO (field or ext)  2026-03-19 18:01:53 Analysis Hardness :Analysis Value from : Hardness 2018-02-01 18:01:08 Analysis pH :Analysis Value from : Field pH  2026-03-19 18:03:49 Analysis TDS :Analysis Value from : Lab Total Dissolved Solids  2018-02-01 18:01:32 Analysis Temp :Analysis Value from : Field Temp  2026-03-19 18:03:08 Analysis SAR :Analysis Value from : SAR 2018-06-19 18:01:44 Analysis Nitrate :Analysis Value from : Nitrate 2018-02-01 18:01:04",
00149725-0,Nevada Division of Environmental Protection,NV06-SC-41-C_00,Steamboat Creek @ Rhodes Road,SB5,1998-12-15 10:20:00,0.00,,,13.06,,,,,,,,,,,8.18,,,2.5,,,,,,< 0.1,0.000756,,23,,11,,,0,0,,,,,90,,112,137,0.48,,,0.24,1.06,,0.07,,7.7,,,,0.9,,20,,287,5,174,,112,,0.1,9,5.8,,,,,,< 3,,,,,,< 100,,< 1,,< 5,,,,10,,440,,< 5,,,,8,,,,< 0.5,,,,,,,< 2,,,,,,,,,,,,,,,< 50,,," Ammonia, Unionized :AUTOCALCULATE 2016-06-16 14:48:20 Using 1/2 AMNN Analysis DO :Analysis Value from : DO (field or ext)  2026-03-19 18:01:53 Analysis Hardness :Analysis Value from : Hardness 2018-02-01 18:01:08 Analysis pH :Analysis Value from : Field pH  2026-03-19 18:03:49 Analysis TDS :Analysis Value from : Lab Total Dissolved Solids  2018-02-01 18:01:32 Analysis Temp :Analysis Value from : Field Temp  2026-03-19 18:03:08 Analysis SAR :Analysis Value from : SAR 2018-06-19 18:01:44 Analysis Nitrate :Analysis Value from : Nitrate 2018-02-01 18:01:04",
00149726-0,Nevada Division of Environmental Protection,NV06-SC-41-C_00,Steamboat Creek @ Rhodes Road,SB5,1999-02-02 10:00:00,0.00,,,9.43,,,,,,,,,,,8.6,,,2.6,,,,,,< 0.1000,0.001956,,30,31,14,,,0,0,,,,,112,114,144,176,0.64,,,0.16,0.71,,0.12,,8.03,,,,1.2,1.3,29,33,366,7,209,,144,,0.2,18,18.5,,,,,,< 3.0000,< 3.0000,,,,,< 100.0000,100,< 1.0000,< 1.0000,< 5.0000,< 5.0000,,,< 20.0000,< 20.0000,910,300,< 5.0000,< 5.0000,,,9,9,,,< 0.5000,< 0.5000,,,,,,< 2.0000,< 4.0000,,,,,,,,,,,,,,< 50.0000,50,," Ammonia, Unionized :AUTOCALCULATE 2016-06-16 14:48:20 Using 1/2 AMNN Analysis DO :Analysis Value from : DO (field or ext)  2026-03-19 18:01:53 Analysis Hardness :Analysis Value from : Hardness Diss  2018-02-01 18:01:08 Analysis pH :Analysis Value from : Field pH  2026-03-19 18:03:49 Analysis TDS :Analysis Value from : Lab Total Dissolved Solids  2018-02-01 18:01:32 Analysis Temp :Analysis Value from : Field Temp  2026-03-19 18:03:08 Analysis SAR :Analysis Value from : SAR Diss  2018-06-19 18:01:44 Analysis Nitrate :Analysis Value from : Nitrate 2018-02-01 18:01:04",
00149727-0,Nevada Division of Environmental Protection,NV06-SC-41-C_00,Steamboat Creek @ Rhodes Road,SB5,1999-04-13 10:20:00,0.00,,,12.55,,,,,,,,,,,8.43,,,7.6,,,,,,< 0.1000,0.001984,,30,,14,,,0,0,,,,,112,,142,173,0.79,,,0.22,0.97,,0.22,,8.03,,,,1.2,,29,,341,6,241,,142,,0.33,50,62.1,,,,,,6,,,,,,100,,< 1.0000,,< 5.0000,,,,< 20.0000,,2150,,50,,,,9,,,,< 0.5000,,,,,,,< 2.0000,,,,,,,,,,,,,,,< 50.0000,,," Ammonia, Unionized :AUTOCALCULATE 2016-06-16 14:48:20 Using 1/2 AMNN Analysis DO :Analysis Value from : DO (field or ext)  2026-03-19 18:01:53 Analysis Hardness :Analysis Value from : Hardness 2018-02-01 18:01:08 Analysis pH :Analysis Value from : Field pH  2026-03-19 18:03:49 Analysis TDS :Analysis Value from : Lab Total Dissolved Solids  2018-02-01 18:01:32 Analysis Temp :Analysis Value from : Field Temp  2026-03-19 18:03:08 Analysis SAR :Analysis Value from : SAR 2018-06-19 18:01:44 Analysis Nitrate :Analysis Value from : Nitrate 2018-02-01 18:01:04",
00149728-0,Nevada Division of Environmental Protection,NV06-SC-41-C_00,Steamboat Creek @ Rhodes Road,SB5,1999-06-15 14:45:00,0.00,,,7.65,,,,,,,,,,,8.22,,,19.5,,,,,,< 0.1000,0.002977,,22,22,10,,,0,0,,,,,84,80,100,122,0.78,,,0.07,0.31,,0.16,,7.92,,,,0.9,1.1,20,23,250,4,152,,100,,0.23,44,28.2,,,,,,5,5,,,,,< 100.0000,100,< 1.0000,< 1.0000,< 5.0000,< 5.0000,,,< 20.0000,< 20.0000,1420,390,< 5.0000,< 5.0000,,,7,6,,,< 0.5000,< 0.5000,,,,,,< 2.0000,< 4.0000,,,,,,,,,,,,,,< 50.0000,< 50.0000,," Ammonia, Unionized :AUTOCALCULATE 2016-06-16 14:48:20 Using 1/2 AMNN Analysis DO :Analysis Value from : DO (field or ext)  2026-03-19 18:01:53 Analysis Hardness :Analysis Value from : Hardness Diss  2018-02-01 18:01:08 Analysis pH :Analysis Value from : Field pH  2026-03-19 18:03:49 Analysis TDS :Analysis Value from : Lab Total Dissolved Solids  2018-02-01 18:01:32 Analysis Temp :Analysis Value from : Field Temp  2026-03-19 18:03:08 Analysis SAR :Analysis Value from : SAR Diss  2018-06-19 18:01:44 Analysis Nitrate :Analysis Value from : Nitrate 2018-02-01 18:01:04",
00149729-0,Nevada Division of Environmental Protection,NV06-SC-41-C_00,Steamboat Creek @ Rhodes Road,SB5,1999-08-10 10:05:00,0.00,,,8.27,,,,,,,,,,,8.23,,,16.2,,,,,,< 0.1000,0.002413,,31,32,13,,,0,0,,,,,115,117,148,181,1,,,0.19,0.84,,0.2,,7.85,,,,1.1,1.3,27,32,353,5,226,,148,,0.34,31,38.4,,,,,,6,5,,,,,< 100.0000,100,< 1.0000,< 1.0000,< 5.0000,< 5.0000,,,< 20.0000,< 20.0000,1510,310,< 5.0000,< 5.0000,,,9,9,,,0.5,< 0.5000,,,,,,< 2.0000,< 4.0000,,,,,,,,,,,,,,< 50.0000,< 50.0000,," Ammonia, Unionized :AUTOCALCULATE 2016-06-16 14:48:20 Using 1/2 AMNN Analysis DO :Analysis Value from : DO (field or ext)  2026-03-19 18:01:53 Analysis Hardness :Analysis Value from : Hardness Diss  2018-02-01 18:01:08 Analysis pH :Analysis Value from : Field pH  2026-03-19 18:03:49 Analysis TDS :Analysis Value from : Lab Total Dissolved Solids  2018-02-01 18:01:32 Analysis Temp :Analysis Value from : Field Temp  2026-03-19 18:03:08 Analysis SAR :Analysis Value from : SAR Diss  2018-06-19 18:01:44 Analysis Nitrate :Analysis Value from : Nitrate 2018-02-01 18:01:04",
00149730-0,Nevada Division of Environmental Protection,NV06-SC-41-C_00,Steamboat Creek @ Rhodes Road,SB5,1999-10-13 10:00:00,0.00,,,7.33,,,,,,,,,,,8.48,,,11.2,,,,,,< 0.1000,0.002899,,37,37,13,,,0,0,,,,,138,138,178,217,0.88,,,0.23,1.02,,0.21,,7.91,,,,1.3,1.5,34,41,408,7,244,,178,,0.3,26,31.3,,,,,,5,6,,,,,< 100.0000,100,< 1.0000,< 1.0000,< 5.0000,< 5.0000,,,< 20.0000,< 20.0000,1140,300,< 5.0000,< 5.0000,,,11,11,,,< 0.5000,< 0.5000,,,,,,< 3.0000,< 3.0000,,,,,,,,,,,,,,< 50.0000,< 50.0000,," Ammonia, Unionized :AUTOCALCULATE 2016-06-16 14:48:20 Using 1/2 AMNN Analysis DO :Analysis Value from : DO (field or ext)  2026-03-19 18:01:53 Analysis Hardness :Analysis Value from : Hardness Diss  2018-02-01 18:01:08 Analysis pH :Analysis Value from : Field pH  2026-03-19 18:03:49 Analysis TDS :Analysis Value from : Lab Total Dissolved Solids  2018-02-01 18:01:32 Analysis Temp :Analysis Value from : Field Temp  2026-03-19 18:03:08 Analysis SAR :Analysis Value from : SAR Diss  2018-06-19 18:01:44 Analysis Nitrate :Analysis Value from : Nitrate 2018-02-01 18:01:04",
00149731-0,Nevada Division of Environmental Protection,NV06-SC-41-C_00,Steamboat Creek @ Rhodes Road,SB5,1999-12-20 10:10:00,0.00,,,14.02,,,,,,,,,,,8.13,,,3.9,,,,,,< 0.1000,0.000756,,34,34,15,,,0,0,,,,,134,134,166,203,0.24,,,0.31,1.37,,0.08,,7.72,,,,1.1,1.2,29,32,420,9,236,,166,,0.12,10,7.8,,,,,,3,3,,,,,< 100.0000,100,< 1.0000,< 1.0000,< 5.0000,< 5.0000,,,< 20.0000,< 20.0000,610,270,< 5.0000,< 5.0000,,,12,12,,,< 0.5000,< 0.5000,,,,,,< 3.0000,< 3.0000,,,,,,,,,,,,,,< 50.0000,100,," Ammonia, Unionized :AUTOCALCULATE 2016-06-16 14:48:20 Using 1/2 AMNN Analysis DO :Analysis Value from : DO (field or ext)  2026-03-19 18:01:53 Analysis Hardness :Analysis Value from : Hardness Diss  2018-02-01 18:01:08 Analysis pH :Analysis Value from : Field pH  2026-03-19 18:03:49 Analysis TDS :Analysis Value from : Lab Total Dissolved Solids  2018-02-01 18:01:32 Analysis Temp :Analysis Value from : Field Temp  2026-03-19 18:03:08 Analysis SAR :Analysis Value from : SAR Diss  2018-06-19 18:01:44 Analysis Nitrate :Analysis Value from : Nitrate 2018-02-01 18:01:04",
00149732-0,Nevada Division of Environmental Protection,NV06-SC-41-C_00,Steamboat Creek @ Rhodes Road,SB5,2000-02-09 10:15:00,0.00,,,7.8,,,,,,,,,,,8.51,,,7.7,,,,,,< 0.1000,0.002384,,31,31,16,,,0,0,,,,,127,123,148,181,0.81,,,0.18,0.8,,0.05,,7.71,,,,1,1.1,27,28,393,9,230,,148,,0.21,50,26,,,,,,6,4,,,,,< 100.0000,100,< 1.0000,< 1.0000,< 1.0000,< 1.0000,,,< 20.0000,< 20.0000,1480,300,3,< 2.0000,,,12,11,,,0.7,< 0.5000,,,,,,< 2.0000,< 2.0000,,,,,,,,,,,,,,< 50.0000,70,," Ammonia, Unionized :AUTOCALCULATE 2016-06-16 14:48:20 Using 1/2 AMNN Analysis DO :Analysis Value from : DO (field or ext)  2026-03-19 18:01:53 Analysis Hardness :Analysis Value from : Hardness Diss  2018-02-01 18:01:08 Analysis pH :Analysis Value from : Field pH  2026-03-19 18:03:49 Analysis TDS :Analysis Value from : Lab Total Dissolved Solids  2018-02-01 18:01:32 Analysis Temp :Analysis Value from : Field Temp  2026-03-19 18:03:08 Analysis SAR :Analysis Value from : SAR Diss  2018-06-19 18:01:44 Analysis Nitrate :Analysis Value from : Nitrate 2018-02-01 18:01:04",
00149733-0,Nevada Division of Environmental Protection,NV06-SC-41-C_00,Steamboat Creek @ Rhodes Road,SB5,2000-04-10 10:00:00,0.00,,,,,,,,,,,,,,7.22,,,13.7,,,,,,< 0.1000,0.000204,,23,23,15,,,0,0,,,,,86,86,96,117,0.54,,,0.01,0.04,,0.09,,8.08,,,,0.9,1,19,21,252,6,174,,96,,0.18,50,52.5,,,,,,4,< 3.0000,,,,,< 100.0000,100,< 1.0000,< 1.0000,< 2.0000,< 2.0000,,,< 20.0000,< 20.0000,1970,580,4,< 2.0000,,,7,7,,,< 0.5000,< 0.5000,,,,,,< 1.0000,< 1.0000,,,,,,,,,,,,,,< 50.0000,60,," Ammonia, Unionized :AUTOCALCULATE 2016-06-16 14:48:20 Using 1/2 AMNN Analysis Hardness :Analysis Value from : Hardness Diss  2018-02-01 18:01:08 Analysis pH :Analysis Value from : Field pH  2026-03-19 18:03:49 Analysis TDS :Analysis Value from : Lab Total Dissolved Solids  2018-02-01 18:01:32 Analysis Temp :Analysis Value from : Field Temp  2026-03-19 18:03:08 Analysis SAR :Analysis Value from : SAR Diss  2018-06-19 18:01:44 Analysis Nitrate :Analysis Value from : Nitrate 2018-02-01 18:01:04",
00149734-0,Nevada Division of Environmental Protection,NV06-SC-41-C_00,Steamboat Creek @ Rhodes Road,SB5,2000-06-13 09:50:00,0.00,,,15,,,,,,,,,,,,,,8,,,,,,< 0.1000,< 0.002,,17,17,9,,,0,0,,,,,63,63,78,95,0.17,,,0.07,0.31,,0.06,,8.08,,,,0.7,0.8,12,14,199,3,125,,78,,0.1,7,6.7,,,,,,4,< 3.0000,,,,,< 100.0000,< 100.0000,< 1.0000,< 1.0000,< 1.0000,< 1.0000,,,< 20.0000,< 20.0000,520,190,< 2.0000,< 2.0000,,,5,5,,,< 0.5000,< 0.5000,,,,,,< 1.0000,< 1.0000,,,,,,,,,,,,,,< 50.0000,< 50.0000,, Analysis DO :Analysis Value from : DO (field or ext)  2026-03-19 18:01:53 Analysis Hardness :Analysis Value from : Hardness Diss  2018-02-01 18:01:08 Analysis TDS :Analysis Value from : Lab Total Dissolved Solids  2018-02-01 18:01:32 Analysis Temp :Analysis Value from : Field Temp  2026-03-19 18:03:08 Analysis SAR :Analysis Value from : SAR Diss  2018-06-19 18:01:44 Analysis Nitrate :Analysis Value from : Nitrate 2018-02-01 18:01:04,
00149735-0,Nevada Division of Environmental Protection,NV06-SC-41-C_00,Steamboat Creek @ Rhodes Road,SB5,2000-08-08 10:10:00,0.00,,,8.95,,,,,,,,,,,8.16,,,19,,,,,,< 0.1000,0.002523,,54,53,23,,,16,10,,,,,201,194,242,295,1.12,,,0.07,0.31,,0.51,,8.51,,,,1.6,1.7,52,54,574,9,354,,258,,0.67,46,39,,,,,,8,9,,,,,100,100,< 1.0000,< 1.0000,< 2.0000,< 2.0000,,,< 20.0000,< 20.0000,2320,160,3,< 2.0000,,,16,15,,,< 0.5000,< 0.5000,,,,,,< 2.0000,< 2.0000,,,,,,,,,,,,,,< 50.0000,< 50.0000,," Ammonia, Unionized :AUTOCALCULATE 2016-06-16 14:48:20 Using 1/2 AMNN Analysis DO :Analysis Value from : DO (field or ext)  2026-03-19 18:01:53 Analysis Hardness :Analysis Value from : Hardness Diss  2018-02-01 18:01:08 Analysis pH :Analysis Value from : Field pH  2026-03-19 18:03:49 Analysis TDS :Analysis Value from : Lab Total Dissolved Solids  2018-02-01 18:01:32 Analysis Temp :Analysis Value from : Field Temp  2026-03-19 18:03:08 Analysis SAR :Analysis Value from : SAR Diss  2018-06-19 18:01:44 Analysis Nitrate :Analysis Value from : Nitrate 2018-02-01 18:01:04",
00149736-0,Nevada Division of Environmental Protection,NV06-SC-41-C_00,Steamboat Creek @ Rhodes Road,SB5,2000-10-10 10:30:00,0.00,,,7.2,,,,,,,,,,,8.12,,,8.5,,,,,,< 0.1000,0.001063,,37,37,18,,,0,0,,,,,146,146,182,222,0.57,,,0.06,0.27,,0.12,,8.12,,,,1.1,1.3,31,35,423,6,234,,182,,0.16,2,3.2,,,,,,5,6,,,,,100,100,< 1.0000,< 1.0000,< 2.0000,< 2.0000,,,< 20.0000,< 20.0000,390,260,< 2.0000,< 2.0000,,,13,13,,,< 0.5000,< 0.5000,,,,,,< 2.0000,< 2.0000,,,,,,,,,,,,,,< 50.0000,60,," Ammonia, Unionized :AUTOCALCULATE 2016-06-16 14:48:20 Using 1/2 AMNN Analysis DO :Analysis Value from : DO (field or ext)  2026-03-19 18:01:53 Analysis Hardness :Analysis Value from : Hardness Diss  2018-02-01 18:01:08 Analysis pH :Analysis Value from : Field pH  2026-03-19 18:03:49 Analysis TDS :Analysis Value from : Lab Total Dissolved Solids  2018-02-01 18:01:32 Analysis Temp :Analysis Value from : Field Temp  2026-03-19 18:03:08 Analysis SAR :Analysis Value from : SAR Diss  2018-06-19 18:01:44 Analysis Nitrate :Analysis Value from : Nitrate 2018-02-01 18:01:04",
00149737-0,Nevada Division of Environmental Protection,NV06-SC-41-C_00,Steamboat Creek @ Rhodes Road,SB5,2000-12-19 10:00:00,0.00,,,10.8,,,,,,,,,,,8.08,,,0,,,,,,< 0.1000,0.000490,,33,34,16,,,0,0,,,,,132,134,164,200,0.33,,,0.16,0.71,,0.06,,8.05,,,,1.1,1.2,29,33,381,8,226,,164,,0.09,6,4.2,,,,,,4,4,,,,,< 100.0000,100,< 1.0000,< 1.0000,< 2.0000,< 2.0000,,,< 20.0000,< 20.0000,490,230,< 2.0000,< 2.0000,,,12,12,,,< 0.5000,< 0.5000,,,,,,< 2.0000,< 2.0000,,,,,,,,,,,,,,< 50.0000,110,," Ammonia, Unionized :AUTOCALCULATE 2016-06-16 14:48:20 Using 1/2 AMNN Analysis DO :Analysis Value from : DO (field or ext)  2026-03-19 18:01:53 Analysis Hardness :Analysis Value from : Hardness Diss  2018-02-01 18:01:08 Analysis pH :Analysis Value from : Field pH  2026-03-19 18:03:49 Analysis TDS :Analysis Value from : Lab Total Dissolved Solids  2018-02-01 18:01:32 Analysis SAR :Analysis Value from : SAR Diss  2018-06-19 18:01:44 Analysis Nitrate :Analysis Value from : Nitrate 2018-02-01 18:01:04",
00149738-0,Nevada Division of Environmental Protection,NV06-SC-41-C_00,Steamboat Creek @ Rhodes Road,SB5,2001-02-13 10:30:00,0.00,,,11.2,,,,,,,,,,,7.88,,,2.1,,,,,,< 0.1000,0.000369,,30,31,16,,,8,5,,,,,120,123,146,178,0.44,,,,,0.18,0.06,,8.35,,,,1.1,1.2,27,30,360,8,210,,154,,0.1,8,6.3,,,,,,< 3.0000,3,,,,,< 100.0000,100,< 2.0000,< 2.0000,< 5.0000,< 5.0000,,,< 20.0000,< 20.0000,540,210,< 5.0000,< 5.0000,,,11,11,,,< 0.5000,< 0.5000,,,,,,< 5.0000,< 5.0000,,,,,,,,,,,,,,< 50.0000,90,," Ammonia, Unionized :AUTOCALCULATE 2016-06-16 14:48:20 Using 1/2 AMNN Analysis DO :Analysis Value from : DO (field or ext)  2026-03-19 18:01:53 Analysis Hardness :Analysis Value from : Hardness Diss  2018-02-01 18:01:08 Analysis pH :Analysis Value from : Field pH  2026-03-19 18:03:49 Analysis TDS :Analysis Value from : Lab Total Dissolved Solids  2018-02-01 18:01:32 Analysis Temp :Analysis Value from : Field Temp  2026-03-19 18:03:08 Analysis SAR :Analysis Value from : SAR Diss  2018-06-19 18:01:44 Analysis Nitrate :Analysis Value from : Nitrate Nitrite  2018-02-01 18:01:04",
00149739-0,Nevada Division of Environmental Protection,NV06-SC-41-C_00,Steamboat Creek @ Rhodes Road,SB5,2001-04-10 10:40:00,0.00,,,12.25,,,,,,,,,,,7.79,,,4,,,,,,< 0.1000,0.000351,,32,33,16,,,0,0,,,,,129,132,160,195,0.53,,,,,0.12,0.09,,8.03,,,,1,1.1,27,30,383,9,222,,160,,0.15,10,7.2,,,,,,4,4,,,,,100,100,< 1.0000,< 1.0000,< 5.0000,< 5.0000,,,< 20.0000,< 20.0000,750,350,< 5.0000,< 5.0000,,,12,12,,,< 0.5000,< 0.5000,,,,,,< 1.0000,< 1.0000,,,,,,,,,,,,,,< 50.0000,100,," Ammonia, Unionized :AUTOCALCULATE 2016-06-16 14:48:20 Using 1/2 AMNN Analysis DO :Analysis Value from : DO (field or ext)  2026-03-19 18:01:53 Analysis Hardness :Analysis Value from : Hardness Diss  2018-02-01 18:01:08 Analysis pH :Analysis Value from : Field pH  2026-03-19 18:03:49 Analysis TDS :Analysis Value from : Lab Total Dissolved Solids  2018-02-01 18:01:32 Analysis Temp :Analysis Value from : Field Temp  2026-03-19 18:03:08 Analysis SAR :Analysis Value from : SAR Diss  2018-06-19 18:01:44 Analysis Nitrate :Analysis Value from : Nitrate Nitrite  2018-02-01 18:01:04",
00149740-0,Nevada Division of Environmental Protection,NV06-SC-41-C_00,Steamboat Creek @ Rhodes Road,SB5,2001-06-18 10:50:00,0.00,,,7.5,,,,,,,,,,,7.92,,,15,,,,,,< 0.1000,0.001109,,24,25,13,,,0,0,,,,,97,99,124,151,0.39,,,,,0.03,0.12,,8.16,,,,0.9,1,20,23,297,6,180,,124,,0.18,14,7.5,,,,,,6,6,,,,,< 100.0000,100,< 1.0000,< 1.0000,< 2.0000,< 2.0000,,,< 20.0000,< 20.0000,810,390,< 2.0000,< 2.0000,,,9,9,,,< 0.5000,< 0.5000,,,,,,< 2.0000,< 2.0000,,,,,,,,,,,,,,< 50.0000,70,," Ammonia, Unionized :AUTOCALCULATE 2016-06-16 14:48:20 Using 1/2 AMNN Analysis DO :Analysis Value from : DO (field or ext)  2026-03-19 18:01:53 Analysis Hardness :Analysis Value from : Hardness Diss  2018-02-01 18:01:08 Analysis pH :Analysis Value from : Field pH  2026-03-19 18:03:49 Analysis TDS :Analysis Value from : Lab Total Dissolved Solids  2018-02-01 18:01:32 Analysis Temp :Analysis Value from : Field Temp  2026-03-19 18:03:08 Analysis SAR :Analysis Value from : SAR Diss  2018-06-19 18:01:44 Analysis Nitrate :Analysis Value from : Nitrate Nitrite  2018-02-01 18:01:04",
00149741-0,Nevada Division of Environmental Protection,NV06-SC-41-C_00,Steamboat Creek @ Rhodes Road,SB5,2001-10-09 10:00:00,0.00,,,6.9,,,,,,,,,,,7.8,,,10.5,,,,,,< 0.1000,0.000601,,33,30,15,,,0,0,,,,,132,120,160,195,0.35,,,,,0.06,0.11,,7.99,,,,1.1,1.2,30,30,390,10,246,,160,,0.15,5,3.7,,,,,,8,9,,,,,100,100,< 1.0000,< 1.0000,< 2.0000,< 2.0000,,,< 20.0000,< 20.0000,540,320,< 2.0000,< 2.0000,,,12,11,,,< 0.5000,< 0.5000,,,,,,< 5.0000,< 2.0000,,,,,,,,,,,,,,< 50.0000,70,," Ammonia, Unionized :AUTOCALCULATE 2016-06-16 14:48:20 Using 1/2 AMNN Analysis DO :Analysis Value from : DO (field or ext)  2026-03-19 18:01:53 Analysis Hardness :Analysis Value from : Hardness Diss  2018-02-01 18:01:08 Analysis pH :Analysis Value from : Field pH  2026-03-19 18:03:49 Analysis TDS :Analysis Value from : Lab Total Dissolved Solids  2018-02-01 18:01:32 Analysis Temp :Analysis Value from : Field Temp  2026-03-19 18:03:08 Analysis SAR :Analysis Value from : SAR Diss  2018-06-19 18:01:44 Analysis Nitrate :Analysis Value from : Nitrate Nitrite  2018-02-01 18:01:04",
00149742-0,Nevada Division of Environmental Protection,NV06-SC-41-C_00,Steamboat Creek @ Rhodes Road,SB5,2002-02-05 10:20:00,0.00,,,9.3,,,,,,,,,,,8,,,1,,,,,,< 0.1000,0.000443,,28,28,16,,,0,0,,,,,111,111,140,171,0.35,,,,,0.15,0.05,,8.12,,,,1.1,1.2,27,29,350,13,212,,140,,0.09,10,5,,,,,,< 3.0000,3,,,,,< 100.0000,100,< 1.0000,< 1.0000,< 2.0000,< 2.0000,,,< 20.0000,< 20.0000,420,200,< 2.0000,< 2.0000,,,10,10,,,< 0.5000,< 0.5000,,,,,,< 2.0000,< 2.0000,,,,,,,,,,,,,,< 50.0000,70,," Ammonia, Unionized :AUTOCALCULATE 2016-06-16 14:48:20 Using 1/2 AMNN Analysis DO :Analysis Value from : DO (field or ext)  2026-03-19 18:01:53 Analysis Hardness :Analysis Value from : Hardness Diss  2018-02-01 18:01:08 Analysis pH :Analysis Value from : Field pH  2026-03-19 18:03:49 Analysis TDS :Analysis Value from : Lab Total Dissolved Solids  2018-02-01 18:01:32 Analysis Temp :Analysis Value from : Field Temp  2026-03-19 18:03:08 Analysis SAR :Analysis Value from : SAR Diss  2018-06-19 18:01:44 Analysis Nitrate :Analysis Value from : Nitrate Nitrite  2018-02-01 18:01:04",
00149743-0,Nevada Division of Environmental Protection,NV06-SC-41-C_00,Steamboat Creek @ Rhodes Road,SB5,2002-04-10 10:05:00,0.00,,,9.94,,,,,,,,,,,7.86,,,8.6,,,,,,< 0.1000,0.000594,,32,32,22,,,0,0,,,,,125,125,150,183,0.47,,,,,0.11,0.08,,8.05,,,,1.2,1.3,31,34,390,13,260,,150,,0.11,4,3.8,,,,,,4,3,,,,,< 100.0000,100,< 2.0000,< 2.0000,< 2.0000,2,,,< 20.0000,< 20.0000,510,270,< 2.0000,< 2.0000,,,11,11,,,< 0.5000,< 0.5000,,,,,,< 2.0000,< 2.0000,,,,,,,,,,,,,,< 50.0000,60,," Ammonia, Unionized :AUTOCALCULATE 2016-06-16 14:48:20 Using 1/2 AMNN Analysis DO :Analysis Value from : DO (field or ext)  2026-03-19 18:01:53 Analysis Hardness :Analysis Value from : Hardness Diss  2018-02-01 18:01:08 Analysis pH :Analysis Value from : Field pH  2026-03-19 18:03:49 Analysis TDS :Analysis Value from : Lab Total Dissolved Solids  2018-02-01 18:01:32 Analysis Temp :Analysis Value from : Field Temp  2026-03-19 18:03:08 Analysis SAR :Analysis Value from : SAR Diss  2018-06-19 18:01:44 Analysis Nitrate :Analysis Value from : Nitrate Nitrite  2018-02-01 18:01:04",
00149744-0,Nevada Division of Environmental Protection,NV06-SC-41-C_00,Steamboat Creek @ Rhodes Road,SB5,2002-06-04 09:55:00,0.00,,,6.87,,,,,,,,,,,7.5,,,14.3,,,,,,< 0.1000,0.000405,,21,21,12,,,0,0,,,,,81,81,92,112,0.44,,,,,0.08,0.11,,7.99,,,,0.8,1,17,20,240,4,158,,92,,0.15,12,5,,,,,,5,4,,,,,< 100.0000,100,< 2.0000,< 2.0000,< 2.0000,< 2.0000,,,< 20.0000,< 20.0000,880,590,< 2.0000,< 2.0000,,,7,7,,,< 0.5000,< 0.5000,,,,,,< 2.0000,< 2.0000,,,,,,,,,,,,,,< 50.0000,60,," Ammonia, Unionized :AUTOCALCULATE 2016-06-16 14:48:20 Using 1/2 AMNN Analysis DO :Analysis Value from : DO (field or ext)  2026-03-19 18:01:53 Analysis Hardness :Analysis Value from : Hardness Diss  2018-02-01 18:01:08 Analysis pH :Analysis Value from : Field pH  2026-03-19 18:03:49 Analysis TDS :Analysis Value from : Lab Total Dissolved Solids  2018-02-01 18:01:32 Analysis Temp :Analysis Value from : Field Temp  2026-03-19 18:03:08 Analysis SAR :Analysis Value from : SAR Diss  2018-06-19 18:01:44 Analysis Nitrate :Analysis Value from : Nitrate Nitrite  2018-02-01 18:01:04",
00149745-0,Nevada Division of Environmental Protection,NV06-SC-41-C_00,Steamboat Creek @ Rhodes Road,SB5,2004-06-10 08:15:00,0.00,,,11.47,,,,,,,,,,,7.59,,,11.81,,,,,,< 0.1000,0.000412,,,20,13,,,< 20.0000,< 12.0000,,,,100,,75,84,102,0.5,< 1,0.5,,,< 0.5000,0.06,,7.92,,,,,0.76,,15,220,< 5.0000,151,15.5,84,2005,0.09,< 10.0000,5.9,,,,< 5.0000,,< 3.0000,< 3.0000,50,,< 2.0000,,< 100.0000,,< 1.0000,< 1.0000,< 2.0000,< 2.0000,,,2,2,650,,< 1.0000,< 1.0000,,,,6,50,,< 0.2000,< 0.2000,< 10.0000,,< 5.0000,< 5.0000,,< 2.0000,< 2.0000,,,,< 2.0000,< 1.0000,,,,,,,,,< 10.0000,75,," Ammonia, Unionized :AUTOCALCULATE 2016-06-16 14:48:20 Using 1/2 AMNN Analysis DO :Analysis Value from : DO (field or ext)  2026-03-19 18:01:53 Analysis Hardness :Analysis Value from : Hardness Diss  2018-02-01 18:01:08 Analysis pH :Analysis Value from : Field pH  2026-03-19 18:03:49 Analysis TDS :Analysis Value from : Lab Total Dissolved Solids  2018-02-01 18:01:32 Analysis Temp :Analysis Value from : Field Temp  2026-03-19 18:03:08 Analysis SAR :Analysis Value from : SAR Diss  2018-06-19 18:01:44 Analysis Nitrate :Analysis Value from : Nitrate Nitrite  2018-02-01 18:01:04",
00149746-0,Nevada Division of Environmental Protection,NV06-SC-41-C_00,Steamboat Creek @ Rhodes Road,SB5,2004-09-21 10:30:00,0.00,,,7.5,,,,,,,,,,,7,,,8.5,,,,,,< 0.1000,0.000082,,,,15,,,< 20.0000,< 12.0000,,,,,,,119,145,0.2,< 0.7,0.2,,,< 0.5000,0.08,,8.18,,,,,,,,280,< 5.0000,198,18.1,119,2005,0.13,< 10.0000,2.4,,,,,,,,,,,,,,,,,,,,,,,,,,,,,,,,,,,,,,,,,,,,,,,,,,,,,,,,," Ammonia, Unionized :AUTOCALCULATE 2016-06-16 14:48:20 Using 1/2 AMNN Analysis DO :Analysis Value from : DO (field or ext)  2026-03-19 18:01:53 Analysis pH :Analysis Value from : Field pH  2026-03-19 18:03:49 Analysis TDS :Analysis Value from : Lab Total Dissolved Solids  2018-02-01 18:01:32 Analysis Temp :Analysis Value from : Field Temp  2026-03-19 18:03:08 Analysis Nitrate :Analysis Value from : Nitrate Nitrite  2018-02-01 18:01:04",
00149747-0,Nevada Division of Environmental Protection,NV06-SC-41-C_00,Steamboat Creek @ Rhodes Road,SB5,2005-01-26 10:40:00,0.00,,,9.3,,,,,,,,,,,7.7,,,4.9,,,,,,< 0.1000,0.000307,,,,37,,,< 20.0000,< 12.0000,,,,,,,151,184,0.5,< 1,0.5,,,< 0.5000,0.06,,8.27,,,,,,,,440,12,261,20.3,151,2005,0.16,16,9.3,,,,,,,,,,,,,,,,,,,,,,,,,,,,,,,,,,,,,,,,,,,,,,,,,,,,,,,,," Ammonia, Unionized :AUTOCALCULATE 2016-06-16 14:48:20 Using 1/2 AMNN Analysis DO :Analysis Value from : DO (field or ext)  2026-03-19 18:01:53 Analysis pH :Analysis Value from : Field pH  2026-03-19 18:03:49 Analysis TDS :Analysis Value from : Lab Total Dissolved Solids  2018-02-01 18:01:32 Analysis Temp :Analysis Value from : Field Temp  2026-03-19 18:03:08 Analysis Nitrate :Analysis Value from : Nitrate Nitrite  2018-02-01 18:01:04",
00149748-0,Nevada Division of Environmental Protection,NV06-SC-41-C_00,Steamboat Creek @ Rhodes Road,SB5,2005-03-30 12:20:00,0.00,,,8.9,,,,,,,,,,,,,,10.3,,,,,,< 0.1000,< 0.0037,,,27,26,,,2,1,,,,200,,109,111,135,0.3,,,,,0.2,0.04,,8.3,,,,,1.13,,27,320,9.9,202,19,113,2005,0.07,< 10.0000,2.6,,,,< 5.0000,,< 3.0000,< 3.0000,60,,< 2.0000,,< 100.0000,,< 1.0000,< 1.0000,< 2.0000,< 2.0000,,,< 2.0000,< 2.0000,520,,< 1.0000,< 1.0000,,,,10,60,,< 0.2000,< 0.2000,< 10.0000,,< 5.0000,< 5.0000,,< 2.0000,< 2.0000,,,,< 2.0000,< 1.0000,,,,,,,,,< 10.0000,38,, Analysis DO :Analysis Value from : DO (field or ext)  2026-03-19 18:01:53 Analysis Hardness :Analysis Value from : Hardness Diss  2018-02-01 18:01:08 Analysis TDS :Analysis Value from : Lab Total Dissolved Solids  2018-02-01 18:01:32 Analysis Temp :Analysis Value from : Field Temp  2026-03-19 18:03:08 Analysis SAR :Analysis Value from : SAR Diss  2018-06-19 18:01:44 Analysis Nitrate :Analysis Value from : Nitrate Nitrite  2018-02-01 18:01:04,
00149749-0,Nevada Division of Environmental Protection,NV06-SC-41-C_00,Steamboat Creek @ Rhodes Road,SB5,2005-07-13 11:30:00,0.00,,,5.7,,,,,,,,,,,7.7,,,18.2,,,,,,< 0.1000,0.000853,,,,15,,,< 20.0000,< 12.0000,,,,,,,82,100,0.4,< 0.5,0.4,,,< 0.1000,0.09,,8.15,,,,,,,,220,< 5.0000,152,20.4,82,2005,0.15,16,8.3,,,,,,,,,,,,,,,,,,,,,,,,,,,,,,,,,,,,,,,,,,,,,,,,,,,,,,,,," Ammonia, Unionized :AUTOCALCULATE 2016-06-16 14:48:20 Using 1/2 AMNN Analysis DO :Analysis Value from : DO (field or ext)  2026-03-19 18:01:53 Analysis pH :Analysis Value from : Field pH  2026-03-19 18:03:49 Analysis TDS :Analysis Value from : Lab Total Dissolved Solids  2018-02-01 18:01:32 Analysis Temp :Analysis Value from : Field Temp  2026-03-19 18:03:08 Analysis Nitrate :Analysis Value from : Nitrate Nitrite  2018-02-01 18:01:04",
00149750-0,Nevada Division of Environmental Protection,NV06-SC-41-C_00,Steamboat Creek @ Rhodes Road,SB5,2005-09-21 11:10:00,0.00,,,,,,,,,,,,,,7.3,,,15,,,,,,< 0.1000,0.000270,,,34,26,,,< 20.0000,< 12.0000,,,,200,,130,148,181,0.3,,,,,0.1,0.07,,8.3,,,,,1.07,,28,380,5,223,19.7,151,2005,0.1,< 10.0000,3.4,,,,< 5.0000,,4,4,70,,< 2.0000,,< 100.0000,,< 1.0000,< 1.0000,< 2.0000,< 2.0000,,,< 2.0000,< 2.0000,510,,< 1.0000,< 1.0000,,,,11,100,,< 0.2000,< 0.2000,< 10.0000,,< 5.0000,< 5.0000,,< 2.0000,< 2.0000,,,,< 2.0000,< 1.0000,,,,,,,,,< 10.0000,51,," Ammonia, Unionized :AUTOCALCULATE 2016-06-16 14:48:20 Using 1/2 AMNN Analysis Hardness :Analysis Value from : Hardness Diss  2018-02-01 18:01:08 Analysis pH :Analysis Value from : Field pH  2026-03-19 18:03:49 Analysis TDS :Analysis Value from : Lab Total Dissolved Solids  2018-02-01 18:01:32 Analysis Temp :Analysis Value from : Field Temp  2026-03-19 18:03:08 Analysis SAR :Analysis Value from : SAR Diss  2018-06-19 18:01:44 Analysis Nitrate :Analysis Value from : Nitrate Nitrite  2018-02-01 18:01:04",
00149751-0,Nevada Division of Environmental Protection,NV06-SC-41-C_00,Steamboat Creek @ Rhodes Road,SB5,2005-12-21 11:00:00,0.00,,,9,,,,,,,,,,,,415,,7.3,,,,,,< 0.1000,< 0.0024,,,,28,,,< 20.0000,< 12.0000,,,,,,,140,171,0.7,,,,,0.5,0.09,,8.21,,,,,,,,440,15,247,17.1,140,2005,0.19,17,20,,,,,,,,,,,,,,,,,,,,,,,,,,,,,,,,,,,,,,,,,,,,,,,,,,,,,,,,, Total N :AUTOCALCULATE 2016-06-16 14:48:17 Analysis DO :Analysis Value from : DO (field or ext)  2026-03-19 18:01:53 Analysis TDS :Analysis Value from : Lab Total Dissolved Solids  2018-02-01 18:01:32 Analysis Temp :Analysis Value from : Field Temp  2026-03-19 18:03:08 Analysis Nitrate :Analysis Value from : Nitrate Nitrite  2018-02-01 18:01:04,
00149752-0,Nevada Division of Environmental Protection,NV06-SC-41-C_00,Steamboat Creek @ Rhodes Road,SB5,2006-06-21 10:15:00,0.00,,,13.5,,,,,,,,,,,7.9,291,,12.1,,,,,,< 0.1000,0.000853,,,13,12,,,< 20.0000,< 12.0000,,,,< 100.0000,,< 43.0000,50,61,0.3,< 0.4,0.3,,,< 0.1000,0.04,,8.13,,,,,< 0.6000,,9,160,< 5.0000,112,20.9,50,2005,0.09,15,6.8,,,,< 5.0000,,< 3.0000,< 3.0000,30,,< 2.0000,,< 100.0000,,< 1.0000,< 1.0000,< 2.0000,< 2.0000,,,< 2.0000,< 2.0000,690,,< 1.0000,< 1.0000,,,,< 5.0000,40,,< 0.2000,< 0.2000,< 10.0000,,< 5.0000,< 5.0000,,< 2.0000,< 2.0000,,,,< 2.0000,< 1.0000,,,,,,,,,< 10.0000,< 10.0000,," Total N :AUTOCALCULATE 2016-06-16 14:48:17 Using 1/2 NandN Ammonia, Unionized :AUTOCALCULATE 2016-06-16 14:48:20 Using 1/2 AMNN Analysis DO :Analysis Value from : DO (field or ext)  2026-03-19 18:01:53 Analysis Hardness :Analysis Value from : Hardness Diss  2018-02-01 18:01:08 Analysis pH :Analysis Value from : Field pH  2026-03-19 18:03:49 Analysis TDS :Analysis Value from : Lab Total Dissolved Solids  2018-02-01 18:01:32 Analysis Temp :Analysis Value from : Field Temp  2026-03-19 18:03:08 Analysis SAR :Analysis Value from : SAR Diss  2018-06-19 18:01:44 Analysis Nitrate :Analysis Value from : Nitrate Nitrite  2018-02-01 18:01:04",
00149753-0,Nevada Division of Environmental Protection,NV06-SC-41-C_00,Steamboat Creek @ Rhodes Road,SB5,2006-08-17 11:30:00,0.00,,,6.5,,,,,,,,,,,7.8,274,,14.2,,,,,,< 0.1000,0.000797,,,18,16,,,< 20.0000,< 12.0000,,,,< 100.0000,,70,83,101,0.3,< 0.4,0.3,,,< 0.1000,0.08,,8.17,,,,,0.73,,14,220,< 5.0000,141,19.3,83,2005,0.13,< 10.0000,2.9,,,,< 5.0000,,4,4,40,,< 2.0000,,< 100.0000,,< 1.0000,< 1.0000,< 2.0000,< 2.0000,,,< 2.0000,< 2.0000,390,,< 1.0000,< 1.0000,,,,6,30,,< 0.2000,< 0.2000,< 10.0000,,< 5.0000,< 5.0000,,< 2.0000,< 2.0000,,,,< 2.0000,< 1.0000,,,,,,,,,< 10.0000,< 10.0000,," Total N :AUTOCALCULATE 2016-06-16 14:48:17 Using 1/2 NandN SAR Diss :AUTOCALCULATE 2018-05-02 18:00:44 Ammonia, Unionized :AUTOCALCULATE 2016-06-16 14:48:20 Using 1/2 AMNN Analysis DO :Analysis Value from : DO (field or ext)  2026-03-19 18:01:53 Analysis Hardness :Analysis Value from : Hardness Diss  2018-02-01 18:01:08 Analysis pH :Analysis Value from : Field pH  2026-03-19 18:03:49 Analysis TDS :Analysis Value from : Lab Total Dissolved Solids  2018-02-01 18:01:32 Analysis Temp :Analysis Value from : Field Temp  2026-03-19 18:03:08 Analysis SAR :Analysis Value from : SAR Diss  2018-06-19 18:01:44 Analysis Nitrate :Analysis Value from : Nitrate Nitrite  2018-02-01 18:01:04",
00149754-0,Nevada Division of Environmental Protection,NV06-SC-41-C_00,Steamboat Creek @ Rhodes Road,SB5,2006-12-12 10:45:00,0.00,,,10.6,,,,,,,,,,,8,,,5.8,,,,,,< 0.1000,0.000655,,,22,14,,,< 20.0000,< 12.0000,,,,200,,92,107,131,0.4,,,,,0.2,0.04,,8.13,,,,,0.86,,19,260,5,189,20.6,107,1652,0.09,< 10.0000,3.1,,,,< 5.0000,,4,< 3.0000,50,,< 2.0000,,< 100.0000,,< 1.0000,< 1.0000,< 2.0000,< 2.0000,,,< 2.0000,< 2.0000,580,,< 1.0000,< 1.0000,,,,9,90,,< 0.2000,< 0.2000,< 10.0000,,< 5.0000,< 5.0000,,< 2.0000,< 2.0000,,,,< 2.0000,< 1.0000,,,,,,,,,< 10.0000,< 10.0000,," Total N :AUTOCALCULATE 2016-06-16 14:48:17 SAR Diss :AUTOCALCULATE 2018-05-02 18:00:44 Ammonia, Unionized :AUTOCALCULATE 2016-06-16 14:48:20 Using 1/2 AMNN Analysis DO :Analysis Value from : DO (field or ext)  2026-03-19 18:01:53 Analysis Hardness :Analysis Value from : Hardness Diss  2018-02-01 18:01:08 Analysis pH :Analysis Value from : Field pH  2026-03-19 18:03:49 Analysis TDS :Analysis Value from : Lab Total Dissolved Solids  2018-02-01 18:01:32 Analysis Temp :Analysis Value from : Field Temp  2026-03-19 18:03:08 Analysis SAR :Analysis Value from : SAR Diss  2018-06-19 18:01:44 Analysis Nitrate :Analysis Value from : Nitrate Nitrite  2018-02-01 18:01:04",
00149755-0,Nevada Division of Environmental Protection,NV06-SC-41-C_00,Steamboat Creek @ Rhodes Road,SB5,2007-03-21 11:00:00,0.00,,,9.1,,,,,,,,,,,8,,,7,,,,,,< 0.1000,0.000721,,,19,16,,,< 20.0000,< 12.0000,,,,< 100.0000,,76,94,115,0.2,,,,,0.1,0.04,,8.1,,,,,0.8,,16,240,< 5.0000,168,17.8,94,238,0.06,< 10.0000,2,,,,< 5.0000,,< 3.0000,< 3.0000,50,,< 2.0000,,< 100.0000,,< 1.0000,< 1.0000,< 2.0000,< 2.0000,,,< 2.0000,< 2.0000,390,,< 1.0000,< 1.0000,,,,7,60,,< 0.2000,< 0.2000,< 10.0000,,< 5.0000,< 5.0000,,< 2.0000,< 2.0000,,,,< 2.0000,< 1.0000,,,,,,,,,< 10.0000,< 10.0000,," Total N :AUTOCALCULATE 2016-06-16 14:48:17 SAR Diss :AUTOCALCULATE 2018-05-02 18:00:44 Ammonia, Unionized :AUTOCALCULATE 2016-06-16 14:48:20 Using 1/2 AMNN Analysis DO :Analysis Value from : DO (field or ext)  2026-03-19 18:01:53 Analysis Hardness :Analysis Value from : Hardness Diss  2018-02-01 18:01:08 Analysis pH :Analysis Value from : Field pH  2026-03-19 18:03:49 Analysis TDS :Analysis Value from : Lab Total Dissolved Solids  2018-02-01 18:01:32 Analysis Temp :Analysis Value from : Field Temp  2026-03-19 18:03:08 Analysis SAR :Analysis Value from : SAR Diss  2018-06-19 18:01:44 Analysis Nitrate :Analysis Value from : Nitrate Nitrite  2018-02-01 18:01:04",
00149756-0,Nevada Division of Environmental Protection,NV06-SC-41-C_00,Steamboat Creek @ Rhodes Road,SB5,2007-06-13 10:40:00,0.00,,,8.4,,,,,,,,,,,8.1,,,15.9,,,,,,< 0.1000,0.001772,,,21,13,,,< 20.0000,< 12.0000,,,,100,,81,97,118,0.5,< 0.6,0.5,,,< 0.1000,0.06,,8.27,,,,,0.68,,14,230,< 5.0000,161,20.5,97,2005,0.12,< 10.0000,4.3,,,,< 5.0000,,5,4,40,,< 2.0000,,< 100.0000,,< 1.0000,< 1.0000,< 2.0000,< 2.0000,,,< 2.0000,< 2.0000,570,,< 1.0000,< 1.0000,,,,7,40,,< 0.2000,< 0.2000,< 10.0000,,< 5.0000,< 5.0000,,< 2.0000,< 2.0000,,,,< 2.0000,< 1.0000,,,,,,,,,< 10.0000,< 10.0000,," Total N :AUTOCALCULATE 2016-06-16 14:48:17 Using 1/2 NandN SAR Diss :AUTOCALCULATE 2018-05-02 18:00:44 Ammonia, Unionized :AUTOCALCULATE 2016-06-16 14:48:20 Using 1/2 AMNN Analysis DO :Analysis Value from : DO (field or ext)  2026-03-19 18:01:53 Analysis Hardness :Analysis Value from : Hardness Diss  2018-02-01 18:01:08 Analysis pH :Analysis Value from : Field pH  2026-03-19 18:03:49 Analysis TDS :Analysis Value from : Lab Total Dissolved Solids  2018-02-01 18:01:32 Analysis Temp :Analysis Value from : Field Temp  2026-03-19 18:03:08 Analysis SAR :Analysis Value from : SAR Diss  2018-06-19 18:01:44 Analysis Nitrate :Analysis Value from : Nitrate Nitrite  2018-02-01 18:01:04",
00149757-0,Nevada Division of Environmental Protection,NV06-SC-41-C_00,Steamboat Creek @ Rhodes Road,SB5,2007-12-18 09:30:00,0.00,,,10.1,,,,,,,,,,,8.1,,,4.2,,,,,,< 0.1000,0.000723,,,25,15,,,< 20.0000,< 12.0000,,,,200,,104,118,144,0.3,,,,,0.1,0.05,,8.29,,,,,0.86,,20,310,8,197,20.1,119,504,0.08,< 10.0000,1.8,,,,< 5.0000,,4,4,60,,< 2.0000,,< 100.0000,,< 1.0000,< 1.0000,< 2.0000,< 2.0000,,,< 2.0000,< 2.0000,360,,< 1.0000,< 1.0000,,,,10,40,,< 0.2000,< 0.2000,< 10.0000,,< 5.0000,< 5.0000,,< 2.0000,< 2.0000,,,,< 2.0000,< 1.0000,,,,,,,,,< 10.0000,< 10.0000,," Total N :AUTOCALCULATE 2016-06-16 14:48:17 SAR Diss :AUTOCALCULATE 2018-05-02 18:00:44 Ammonia, Unionized :AUTOCALCULATE 2016-06-16 14:48:20 Using 1/2 AMNN Analysis DO :Analysis Value from : DO (field or ext)  2026-03-19 18:01:53 Analysis Hardness :Analysis Value from : Hardness Diss  2018-02-01 18:01:08 Analysis pH :Analysis Value from : Field pH  2026-03-19 18:03:49 Analysis TDS :Analysis Value from : Lab Total Dissolved Solids  2018-02-01 18:01:32 Analysis Temp :Analysis Value from : Field Temp  2026-03-19 18:03:08 Analysis SAR :Analysis Value from : SAR Diss  2018-06-19 18:01:44 Analysis Nitrate :Analysis Value from : Nitrate Nitrite  2018-02-01 18:01:04",
00149758-0,Nevada Division of Environmental Protection,NV06-SC-41-C_00,Steamboat Creek @ Rhodes Road,SB5,2009-03-25 09:30:00,0.00,,,10.5,,,,,,,,,,,8.1,,,5.1,,,,,,< 0.1000,0.000777,,,,26,,,< 20.0000,< 12.0000,,,,,,,112,137,0.3,< 0.4,0.3,,,< 0.1000,0.04,,8.27,,,,,,,,310,6,198,20.7,113,213,0.08,< 10.0000,2.9,,,,,,,,,,,,,,,,,,,,,,,,,,,,,,,,,,,,,,,,,,,,,,,,,,,,,,,,," Total N :AUTOCALCULATE 2016-06-16 14:48:17 Using 1/2 NandN Ammonia, Unionized :AUTOCALCULATE 2016-06-16 14:48:20 Using 1/2 AMNN Analysis DO :Analysis Value from : DO (field or ext)  2026-03-19 18:01:53 Analysis pH :Analysis Value from : Field pH  2026-03-19 18:03:49 Analysis TDS :Analysis Value from : Lab Total Dissolved Solids  2018-02-01 18:01:32 Analysis Temp :Analysis Value from : Field Temp  2026-03-19 18:03:08 Analysis Nitrate :Analysis Value from : Nitrate Nitrite  2018-02-01 18:01:04",
00149759-0,Nevada Division of Environmental Protection,NV06-SC-41-C_00,Steamboat Creek @ Rhodes Road,SB5,2009-05-21 10:50:00,0.00,,,10.03,,,,,,,,,,,7.66,,,11.2,,,,,,< 0.1000,0.000461,,,14,12,,,< 20.0000,< 12.0000,,,,< 100.0000,,< 45.0000,55,67,0.4,< 0.5,0.4,,,< 0.1000,0.04,,8.13,,,,,< 0.6400,,11,150,< 5.0000,115,19.7,55,4611,0.09,< 10.0000,5.1,,,,< 5.0000,,< 3.0000,< 3.0000,30,,< 2.0000,,< 100.0000,,< 1.0000,< 1.0000,< 2.0000,< 2.0000,,,< 2.0000,< 2.0000,570,,< 1.0000,< 1.0000,,,,< 5.0000,40,,< 0.2000,< 0.2000,< 10.0000,,< 5.0000,< 5.0000,,< 2.0000,< 2.0000,,,,< 2.0000,< 1.0000,,,,,,,,,< 10.0000,< 10.0000,," Total N :AUTOCALCULATE 2016-06-16 14:48:17 Using 1/2 NandN Ammonia, Unionized :AUTOCALCULATE 2016-06-16 14:48:20 Using 1/2 AMNN Analysis DO :Analysis Value from : DO (field or ext)  2026-03-19 18:01:53 Analysis Hardness :Analysis Value from : Hardness Diss  2018-02-01 18:01:08 Analysis pH :Analysis Value from : Field pH  2026-03-19 18:03:49 Analysis TDS :Analysis Value from : Lab Total Dissolved Solids  2018-02-01 18:01:32 Analysis Temp :Analysis Value from : Field Temp  2026-03-19 18:03:08 Analysis SAR :Analysis Value from : SAR Diss  2018-06-19 18:01:44 Analysis Nitrate :Analysis Value from : Nitrate Nitrite  2018-02-01 18:01:04",
00149760-0,Nevada Division of Environmental Protection,NV06-SC-41-C_00,Steamboat Creek @ Rhodes Road,SB5,2009-07-08 10:15:00,0.00,,,8.82,,,,,,,,,,,7.8,,,13.4,,,,,,< 0.1000,0.000750,,,24,19,,,< 20.0000,< 12.0000,,,,200,,93,109,133,0.5,< 0.6,0.5,,,< 0.1000,0.11,,8.18,,,,,0.81,,18,260,< 5.0000,184,18.3,109,14136,0.16,< 10.0000,2.3,,,,< 5.0000,,5,4,40,,< 2.0000,,< 100.0000,,< 1.0000,< 1.0000,< 2.0000,< 2.0000,,,< 2.0000,3,480,,< 1.0000,< 1.0000,,,,8,20,,< 0.2000,< 0.2000,< 10.0000,,< 5.0000,< 5.0000,,< 2.0000,< 2.0000,,,,< 2.0000,< 1.0000,,,,,,,,,< 10.0000,< 10.0000,," Total N :AUTOCALCULATE 2016-06-16 14:48:17 Using 1/2 NandN SAR Diss :AUTOCALCULATE 2018-05-02 18:00:44 Ammonia, Unionized :AUTOCALCULATE 2016-06-16 14:48:20 Using 1/2 AMNN Analysis DO :Analysis Value from : DO (field or ext)  2026-03-19 18:01:53 Analysis Hardness :Analysis Value from : Hardness Diss  2018-02-01 18:01:08 Analysis pH :Analysis Value from : Field pH  2026-03-19 18:03:49 Analysis TDS :Analysis Value from : Lab Total Dissolved Solids  2018-02-01 18:01:32 Analysis Temp :Analysis Value from : Field Temp  2026-03-19 18:03:08 Analysis SAR :Analysis Value from : SAR Diss  2018-06-19 18:01:44 Analysis Nitrate :Analysis Value from : Nitrate Nitrite  2018-02-01 18:01:04",
00149761-0,Nevada Division of Environmental Protection,NV06-SC-41-C_00,Steamboat Creek @ Rhodes Road,SB5,2009-10-19 11:20:00,0.00,,,8.64,,,,,,,,,,,7.83,,,10.4,,,,,,< 0.1000,0.000639,,,15,15,,,< 20.0000,< 12.0000,,,,< 100.0000,,58,64,78,0.4,< 0.5,0.4,,,< 0.1000,0.05,,8.1,,,,,0.63,,11,180,< 5.0000,128,20.3,64,2489,0.09,< 10.0000,1.9,,,,< 5.0000,,4,3,40,,< 2.0000,,< 100.0000,,< 1.0000,< 1.0000,< 2.0000,< 2.0000,,,2,< 2.0000,440,,< 1.0000,< 1.0000,,,,5,30,,< 0.2000,< 0.2000,< 10.0000,,< 5.0000,< 5.0000,,< 2.0000,< 2.0000,,,,< 2.0000,< 1.0000,,,,,,,,,< 10.0000,< 10.0000,," Total N :AUTOCALCULATE 2016-06-16 14:48:17 Using 1/2 NandN SAR Diss :AUTOCALCULATE 2018-05-02 18:00:44 Ammonia, Unionized :AUTOCALCULATE 2016-06-16 14:48:20 Using 1/2 AMNN Analysis DO :Analysis Value from : DO (field or ext)  2026-03-19 18:01:53 Analysis Hardness :Analysis Value from : Hardness Diss  2018-02-01 18:01:08 Analysis pH :Analysis Value from : Field pH  2026-03-19 18:03:49 Analysis TDS :Analysis Value from : Lab Total Dissolved Solids  2018-02-01 18:01:32 Analysis Temp :Analysis Value from : Field Temp  2026-03-19 18:03:08 Analysis SAR :Analysis Value from : SAR Diss  2018-06-19 18:01:44 Analysis Nitrate :Analysis Value from : Nitrate Nitrite  2018-02-01 18:01:04",
00149762-0,Nevada Division of Environmental Protection,NV06-SC-41-C_00,Steamboat Creek @ Rhodes Road,SB5,2010-02-23 10:50:00,0.00,,,12.35,,,,,,,,,,,8.1,,,3.5,,,,,,< 0.1000,0.000684,,,,29,,,< 20.0000,< 12.0000,,,,,,,138.6,169,0.4,< 0.5,0.4,,,< 0.1000,0.04,,8.27,,,,,,,,360,8,237,20.3,139,275,0.1,< 10.0000,4.3,,,,,,,,,,,,,,,,,,,,,,,,,,,,,,,,,,,,,,,,,,,,,,,,,,,,,,,,," Total N :AUTOCALCULATE 2016-06-16 14:48:17 Using 1/2 NandN Ammonia, Unionized :AUTOCALCULATE 2016-06-16 14:48:20 Using 1/2 AMNN Analysis DO :Analysis Value from : DO (field or ext)  2026-03-19 18:01:53 Analysis pH :Analysis Value from : Field pH  2026-03-19 18:03:49 Analysis TDS :Analysis Value from : Lab Total Dissolved Solids  2018-02-01 18:01:32 Analysis Temp :Analysis Value from : Field Temp  2026-03-19 18:03:08 Analysis Nitrate :Analysis Value from : Nitrate Nitrite  2018-02-01 18:01:04",
00149763-0,Nevada Division of Environmental Protection,NV06-SC-41-C_00,Steamboat Creek @ Rhodes Road,SB5,2010-02-25 08:30:00,0.00,,,,,,,,,,,,,,,,,,,,,,,,,,,26,,,,,,,,,,,106,,,,,,,,,,,,,,,,1.1,,26,,,,,,,,,,,,,< 5.0000,,4,3,70,,< 2.0000,,< 100.0000,,< 1.0000,< 1.0000,< 2.0000,< 2.0000,,,< 2.0000,2,1100,,< 1.0000,< 1.0000,,,,10,90,,< 0.2000,< 0.2000,< 10.0000,,< 5.0000,< 5.0000,,< 2.0000,< 2.0000,,,,< 2.0000,< 1.0000,,,,,,,,,< 10.0000,< 10.0000,, SAR Diss :AUTOCALCULATE 2018-05-02 18:00:44 Analysis Hardness :Analysis Value from : Hardness Diss  2018-02-01 18:01:08 Analysis SAR :Analysis Value from : SAR Diss  2018-06-19 18:01:44,
00149764-0,Nevada Division of Environmental Protection,NV06-SC-41-C_00,Steamboat Creek @ Rhodes Road,SB5,2010-04-14 09:40:00,0.00,,,8.66,,,,,,,,,,,7.93,,,8.1,,,,,,< 0.1000,0.000670,,,31,28,,,< 20.0000,< 12.0000,,,,200,,127,149.2,182,0.4,,,,,0.1,0.05,,8.21,,,,,1,,26,380,10,255,20.9,149,1017,0.1,< 10.0000,3,,,,< 5.0000,,4,< 3.0000,70,,< 2.0000,,< 100.0000,,< 1.0000,< 1.0000,< 2.0000,< 2.0000,,,< 2.0000,< 2.0000,660,,< 1.0000,< 1.0000,,,,12,90,,< 0.2000,< 0.2000,< 10.0000,,< 5.0000,< 5.0000,,< 2.0000,< 2.0000,,,,< 2.0000,< 1.0000,,,,,,,,,< 10.0000,< 10.0000,," Total N :AUTOCALCULATE 2016-06-16 14:48:17 SAR Diss :AUTOCALCULATE 2018-05-02 18:00:44 Ammonia, Unionized :AUTOCALCULATE 2016-06-16 14:48:20 Using 1/2 AMNN Analysis DO :Analysis Value from : DO (field or ext)  2026-03-19 18:01:53 Analysis Hardness :Analysis Value from : Hardness Diss  2018-02-01 18:01:08 Analysis pH :Analysis Value from : Field pH  2026-03-19 18:03:49 Analysis TDS :Analysis Value from : Lab Total Dissolved Solids  2018-02-01 18:01:32 Analysis Temp :Analysis Value from : Field Temp  2026-03-19 18:03:08 Analysis SAR :Analysis Value from : SAR Diss  2018-06-19 18:01:44 Analysis Nitrate :Analysis Value from : Nitrate Nitrite  2018-02-01 18:01:04",
00149765-0,Nevada Division of Environmental Protection,NV06-SC-41-C_00,Steamboat Creek @ Rhodes Road,SB5,2010-08-16 09:55:00,0.00,,,6.85,,,,,,,,,,,7.68,,,18,,,,,,< 0.1000,0.000804,,,30,22,,,< 20.0000,< 12.0000,,,,200,,112,127.9,156,0.3,< 0.4,0.3,,,< 0.1000,0.09,,8.15,,,,,1.07,,26,310,< 5.0000,215,17.3,128,3255,0.16,< 10.0000,3.6,,,,< 5.0000,,7,5,70,,< 2.0000,,< 0.1000,,< 1.0000,< 1.0000,< 2.0000,< 2.0000,,,< 2.0000,3,720,,< 1.0000,< 1.0000,,,,9,80,,< 0.2000,< 0.2000,< 10.0000,,< 5.0000,< 5.0000,,< 2.0000,< 2.0000,,,,< 2.0000,< 1.0000,,,,,,,,,< 10.0000,< 10.0000,," Total N :AUTOCALCULATE 2016-06-16 14:48:17 Using 1/2 NandN SAR Diss :AUTOCALCULATE 2018-05-02 18:00:44 Ammonia, Unionized :AUTOCALCULATE 2016-06-16 14:48:20 Using 1/2 AMNN Analysis DO :Analysis Value from : DO (field or ext)  2026-03-19 18:01:53 Analysis Hardness :Analysis Value from : Hardness Diss  2018-02-01 18:01:08 Analysis pH :Analysis Value from : Field pH  2026-03-19 18:03:49 Analysis TDS :Analysis Value from : Lab Total Dissolved Solids  2018-02-01 18:01:32 Analysis Temp :Analysis Value from : Field Temp  2026-03-19 18:03:08 Analysis SAR :Analysis Value from : SAR Diss  2018-06-19 18:01:44 Analysis Nitrate :Analysis Value from : Nitrate Nitrite  2018-02-01 18:01:04",
00149766-0,Nevada Division of Environmental Protection,NV06-SC-41-C_00,Steamboat Creek @ Rhodes Road,SB5,2010-11-02 10:20:00,0.00,,,8.92,,,,,,,,,,,7.74,,,9.1,,,,,,< 0.1000,0.000470,,,32,24,,,< 20.0000,< 12.0000,,,,200,,125,144.3,176,0.4,,,,,0.1,0.06,,8.16,,,,,1.01,,26,370,8,239,16.3,144,6867,0.12,< 10.0000,5,,,,< 5.0000,,4,3,80,,< 2.0000,,< 0.1000,,< 1.0000,< 1.0000,< 2.0000,< 2.0000,,,< 2.0000,< 2.0000,880,,< 1.0000,< 1.0000,,,,11,120,,< 0.2000,< 0.2000,< 10.0000,,< 5.0000,< 5.0000,,< 2.0000,< 2.0000,,,,< 2.0000,< 1.0000,,,,,,,,,< 10.0000,< 10.0000,," Total N :AUTOCALCULATE 2016-06-16 14:48:17 SAR Diss :AUTOCALCULATE 2018-05-02 18:00:44 Ammonia, Unionized :AUTOCALCULATE 2016-06-16 14:48:20 Using 1/2 AMNN Analysis DO :Analysis Value from : DO (field or ext)  2026-03-19 18:01:53 Analysis Hardness :Analysis Value from : Hardness Diss  2018-02-01 18:01:08 Analysis pH :Analysis Value from : Field pH  2026-03-19 18:03:49 Analysis TDS :Analysis Value from : Lab Total Dissolved Solids  2018-02-01 18:01:32 Analysis Temp :Analysis Value from : Field Temp  2026-03-19 18:03:08 Analysis SAR :Analysis Value from : SAR Diss  2018-06-19 18:01:44 Analysis Nitrate :Analysis Value from : Nitrate Nitrite  2018-02-01 18:01:04",
00149767-0,Nevada Division of Environmental Protection,NV06-SC-41-C_00,Steamboat Creek @ Rhodes Road,SB5,2011-06-15 08:45:00,0.00,,,9.47,,,,,,,,,,,7.94,,,9.3,,,,,,< 0.1000,0.000753,,,11,11,,,< 20.0000,< 12.0000,,,,< 100.0000,,< 38.0000,48.4,59,0.5,< 0.6,0.5,,,< 0.1000,0.04,,7.89,,,,,0.57,,8,140,< 5.0000,109,16.7,48,17329,0.12,23,14,,,,< 5.0000,,< 3.0000,< 3.0000,30,,< 2.0000,,< 0.1000,,< 1.0000,< 1.0000,< 2.0000,< 2.0000,,,2,2,1000,,1,< 1.0000,,,,< 5.0000,60,,< 0.2000,< 0.2000,< 10.0000,,< 5.0000,< 5.0000,,< 2.0000,< 2.0000,,,,< 2.0000,< 1.0000,,,,,,,,,11,< 10.0000,," Total N :AUTOCALCULATE 2016-06-16 14:48:17 Using 1/2 NandN SAR Diss :AUTOCALCULATE 2018-05-02 18:00:44 Using 1/2 Mg Ammonia, Unionized :AUTOCALCULATE 2016-06-16 14:48:20 Using 1/2 AMNN Analysis DO :Analysis Value from : DO (field or ext)  2026-03-19 18:01:53 Analysis Hardness :Analysis Value from : Hardness Diss  2018-02-01 18:01:08 Analysis pH :Analysis Value from : Field pH  2026-03-19 18:03:49 Analysis TDS :Analysis Value from : Lab Total Dissolved Solids  2018-02-01 18:01:32 Analysis Temp :Analysis Value from : Field Temp  2026-03-19 18:03:08 Analysis SAR :Analysis Value from : SAR Diss  2018-06-19 18:01:44 Analysis Nitrate :Analysis Value from : Nitrate Nitrite  2018-02-01 18:01:04",
00149768-0,Nevada Division of Environmental Protection,NV06-SC-41-C_00,Steamboat Creek @ Rhodes Road,SB5,2012-05-17 08:15:00,0.00,,,9.22,,,,,,,,,,,7.59,,,11.6,,,,,,< 0.1000,0.000405,,,18,9,,,< 20.0000,< 12.0000,,,,200,,70,75.4,92,0.4,< 0.5,0.4,,,< 0.1000,0.07,,8.09,,,,,0.63,,12,190,< 5.0000,135,15.8,76,14136,0.12,< 10.0000,4.7,,,,< 5.0000,,< 3.0000,< 3.0000,40,,< 2.0000,,< 0.1000,,< 1.0000,< 1.0000,< 2.0000,< 2.0000,,,< 2.0000,2,620,,< 1.0000,< 1.0000,,,,6,60,,< 0.2000,< 0.2000,< 10.0000,,< 5.0000,< 5.0000,,< 2.0000,< 2.0000,,,,< 2.0000,< 1.0000,,,,,,,,,< 10.0000,< 10.0000,," Total N :AUTOCALCULATE 2016-06-16 14:48:17 Using 1/2 NandN SAR Diss :AUTOCALCULATE 2018-05-02 18:00:44 Ammonia, Unionized :AUTOCALCULATE 2016-06-16 14:48:20 Using 1/2 AMNN Analysis DO :Analysis Value from : DO (field or ext)  2026-03-19 18:01:53 Analysis Hardness :Analysis Value from : Hardness Diss  2018-02-01 18:01:08 Analysis pH :Analysis Value from : Field pH  2026-03-19 18:03:49 Analysis TDS :Analysis Value from : Lab Total Dissolved Solids  2018-02-01 18:01:32 Analysis Temp :Analysis Value from : Field Temp  2026-03-19 18:03:08 Analysis SAR :Analysis Value from : SAR Diss  2018-06-19 18:01:44 Analysis Nitrate :Analysis Value from : Nitrate Nitrite  2018-02-01 18:01:04",
00149769-0,Nevada Division of Environmental Protection,NV06-SC-41-C_00,Steamboat Creek @ Rhodes Road,SB5,2012-08-08 08:10:00,0.00,,,4.05,,,,,,,,,,,7.39,,,19.8,,,,,,< 0.1000,0.000474,,,54,72,,,< 20.0000,< 12.0000,,,,300,,201,269,328,0.4,,,,,0.8,0.04,,8.18,,,,,2.21,,72,750,16,490,18.5,269,12997,0.17,29,10,,,,< 5.0000,,16,12,90,,< 2.0000,,200,,< 1.0000,< 1.0000,< 2.0000,< 2.0000,,,2,2,880,,< 1.0000,< 1.0000,,,,16,210,,0.2,< 0.2000,< 10.0000,,< 5.0000,< 5.0000,,< 2.0000,< 2.0000,,,,< 2.0000,< 1.0000,,,,,,,,,< 10.0000,< 10.0000,," SAR Diss :AUTOCALCULATE 2018-05-02 18:00:44 Ammonia, Unionized :AUTOCALCULATE 2016-06-16 14:48:20 Using 1/2 AMNN Analysis DO :Analysis Value from : DO (field or ext)  2026-03-19 18:01:53 Analysis Hardness :Analysis Value from : Hardness Diss  2018-02-01 18:01:08 Analysis pH :Analysis Value from : Field pH  2026-03-19 18:03:49 Analysis TDS :Analysis Value from : Lab Total Dissolved Solids  2018-02-01 18:01:32 Analysis Temp :Analysis Value from : Field Temp  2026-03-19 18:03:08 Analysis SAR :Analysis Value from : SAR Diss  2018-06-19 18:01:44 Analysis Nitrate :Analysis Value from : Nitrate Nitrite  2018-02-01 18:01:04",
00149770-0,Nevada Division of Environmental Protection,NV06-SC-41-C_00,Steamboat Creek @ Rhodes Road,SB5,2012-11-13 08:55:00,0.00,,,9.7,,,,,,,,,,,8.68,,,4,,,,,,< 0.1000,0.002603,,,29,20,,,< 20.0000,< 12.0000,,,,200,,118,141,172,0.4,< 0.5,0.4,,,< 0.1000,0.07,,8.07,,,,,1.04,,26,350,8,242,17.7,141,6867,0.13,< 10.0000,1.7,,,,< 5.0000,,4,4,60,,< 2.0000,,< 0.1000,,< 1.0000,< 1.0000,< 2.0000,< 2.0000,,,2,< 2.0000,660,,< 1.0000,< 1.0000,,,,11,80,,< 0.2000,< 0.2000,< 10.0000,,< 5.0000,< 5.0000,,< 2.0000,< 2.0000,,,,< 2.0000,< 1.0000,,,,,,,,,< 10.0000,< 10.0000,," Total N :AUTOCALCULATE 2016-06-16 14:48:17 Using 1/2 NandN SAR Diss :AUTOCALCULATE 2018-05-02 18:00:44 Ammonia, Unionized :AUTOCALCULATE 2016-06-16 14:48:20 Using 1/2 AMNN Analysis DO :Analysis Value from : DO (field or ext)  2026-03-19 18:01:53 Analysis Hardness :Analysis Value from : Hardness Diss  2018-02-01 18:01:08 Analysis pH :Analysis Value from : Field pH  2026-03-19 18:03:49 Analysis TDS :Analysis Value from : Lab Total Dissolved Solids  2018-02-01 18:01:32 Analysis Temp :Analysis Value from : Field Temp  2026-03-19 18:03:08 Analysis SAR :Analysis Value from : SAR Diss  2018-06-19 18:01:44 Analysis Nitrate :Analysis Value from : Nitrate Nitrite  2018-02-01 18:01:04",
00149771-0,Nevada Division of Environmental Protection,NV06-SC-41-C_00,Steamboat Creek @ Rhodes Road,SB5,2013-03-19 09:25:00,0.00,,,10.03,,,,,,,,,,,7.47,,,9.5,,,,,,< 0.1000,0.000261,,,32,20,,,< 20.0000,< 12.0000,,,,300,,125,133.7,163,0.4,< 0.5,0.4,,,< 0.1000,0.05,,8.31,,,,,1.01,,26,360,7,211,21.4,136,262,0.11,< 10.0000,2.5,,,,< 5.0000,,5,4,60,,< 2.0000,,< 0.1000,,< 1.0000,< 1.0000,< 2.0000,< 2.0000,,,< 2.0000,< 2.0000,600,,< 1.0000,< 1.0000,,,,11,80,,< 0.2000,< 0.2000,< 10.0000,,< 5.0000,< 5.0000,,< 2.0000,< 2.0000,,,,< 2.0000,< 1.0000,,,,,,,,,< 10.0000,< 10.0000,," Total N :AUTOCALCULATE 2016-06-16 14:48:17 Using 1/2 NandN SAR Diss :AUTOCALCULATE 2018-05-02 18:00:44 Ammonia, Unionized :AUTOCALCULATE 2016-06-16 14:48:20 Using 1/2 AMNN Analysis DO :Analysis Value from : DO (field or ext)  2026-03-19 18:01:53 Analysis Hardness :Analysis Value from : Hardness Diss  2018-02-01 18:01:08 Analysis pH :Analysis Value from : Field pH  2026-03-19 18:03:49 Analysis TDS :Analysis Value from : Lab Total Dissolved Solids  2018-02-01 18:01:32 Analysis Temp :Analysis Value from : Field Temp  2026-03-19 18:03:08 Analysis SAR :Analysis Value from : SAR Diss  2018-06-19 18:01:44 Analysis Nitrate :Analysis Value from : Nitrate Nitrite  2018-02-01 18:01:04",
00149772-0,Nevada Division of Environmental Protection,NV06-SC-41-C_00,Steamboat Creek @ Rhodes Road,SB5,2013-07-08 09:15:00,0.00,,,5,,,,,,,,,,,7.51,,,18.5,,,,,,< 0.1000,0.000567,,,,22,,,< 20,< 12.0000,,,,,,,158.3,193,0.6,,,,,< 0.1000,0.14,,8.14,,,,,,,,400,< 5.0000,250,19.8,158,5794,0.22,< 10.0000,1.6,,,,,,,,,,,,,,,,,,,,,,,,,,,,,,,,,,,,,,,,,,,,,,,,,,,,,,,,," Total N :AUTOCALCULATE 2018-08-06 18:00:25 Using 1/2 NandN Ammonia, Unionized :AUTOCALCULATE 2018-08-06 18:00:28 Using 1/2 AMNN Analysis DO :Analysis Value from : DO (field or ext)  2026-03-19 18:01:53 Analysis pH :Analysis Value from : Field pH  2026-03-19 18:03:49 Analysis TDS :Analysis Value from : Lab Total Dissolved Solids  2018-08-06 18:01:20 Analysis Temp :Analysis Value from : Field Temp  2026-03-19 18:03:08 Analysis Nitrate :Analysis Value from : Nitrate Nitrite  2018-08-06 18:00:29",
00149773-0,Nevada Division of Environmental Protection,NV06-SC-41-C_00,Steamboat Creek @ Rhodes Road,SB5,2013-10-16 08:50:00,0.00,,,8.43,,,,,,,,,,,6.76,,,7.4,,,,,,< 0.1,0.000043,,,24,18,,,< 20,< 12,,,,200,,101,118.9,145,1.1,< 1.2,1.1,,,< 0.1,0.06,,8.23,,,,,1,,23,310,5,192,20,119,3873,0.12,< 10,3.4,,,,< 5,,6,6,60,,< 2,,< 100,,< 1,< 1,< 2,< 2,,,< 2,3,470,,< 1,< 1,,,,10,40,,< 0.2,< 0.2,< 10,,< 5,< 5,,< 2,< 2,,,,< 2,< 1,,,,,,,,,< 10,< 10,," Ammonia, Unionized :AUTOCALCULATE 2016-06-16 14:48:20 Using 1/2 AMNN Analysis DO :Analysis Value from : DO (field or ext)  2026-03-19 18:01:53 Analysis Hardness :Analysis Value from : Hardness Diss  2018-02-01 18:01:08 Analysis pH :Analysis Value from : Field pH  2026-03-19 18:03:49 Analysis TDS :Analysis Value from : Lab Total Dissolved Solids  2018-02-01 18:01:32 Analysis Temp :Analysis Value from : Field Temp  2026-03-19 18:03:08 Analysis SAR :Analysis Value from : SAR Diss  2018-06-19 18:01:44 Analysis Nitrate :Analysis Value from : Nitrate Nitrite  2018-02-01 18:01:04",
00150014-0,Nevada Division of Environmental Protection,NV06-SC-42-D_00,Steamboat Creek @ Geiger Grade,SB7,1987-10-21 11:30:00,0.00,,,11.5,,,,,,,,,,,7.9,,,12.3,,,,,,< 0.1,0.000866,1.9,,,690,,,0,0,,,,,,,246,300,0.37,,,0.09,0.39,,0.9,,8.16,,,,,,,,2797,,1758,,246,,0.92,9,2.6,,,,,,1630,,,,,,36500,,5,,< 5,,,,< 5,,790,,< 5,,,,,,,,< 0.5,,,,,,,< 1,,,,,,,,,,,,,,,10,,," Ammonia, Unionized :AUTOCALCULATE 2016-06-16 14:48:20 Using 1/2 AMNN Analysis DO :Analysis Value from : DO (field or ext)  2026-03-19 18:01:53 Analysis pH :Analysis Value from : Field pH  2026-03-19 18:03:49 Analysis TDS :Analysis Value from : Lab Total Dissolved Solids  2018-02-01 18:01:32 Analysis Temp :Analysis Value from : Field Temp  2026-03-19 18:03:08 Analysis Nitrate :Analysis Value from : Nitrate 2018-02-01 18:01:04",
00150015-0,Nevada Division of Environmental Protection,NV06-SC-42-D_00,Steamboat Creek @ Geiger Grade,SB7,1987-12-01 00:00:00,0.00,,,9.6,,,,,,,,,,,7.9,,,7.5,,,,,,< 0.1,0.000597,,,,738,,,0,0,24.1,,,,,,246,300,0.36,,,0.1,0.44,,0.86,,8,,,,,,,,2939,,1929,,246,,0.88,2,3.5,,,,,,1420,,,,,,39800,,7,,< 5,,,,< 5,,1180,,14,,,,,,,,< 0.5,,,,,,,< 1,,,,,,,,,,,,,,,10,,," Ammonia, Unionized :AUTOCALCULATE 2016-06-16 14:48:20 Using 1/2 AMNN Analysis DO :Analysis Value from : DO (field or ext)  2026-03-19 18:01:53 Analysis pH :Analysis Value from : Field pH  2026-03-19 18:03:49 Analysis TDS :Analysis Value from : Lab Total Dissolved Solids  2018-02-01 18:01:32 Analysis Temp :Analysis Value from : Field Temp  2026-03-19 18:03:08 Analysis Nitrate :Analysis Value from : Nitrate 2018-02-01 18:01:04",
00150016-0,Nevada Division of Environmental Protection,NV06-SC-42-D_00,Steamboat Creek @ Geiger Grade,SB7,1988-02-02 10:30:00,0.00,,,10.2,,,,,,,,,,,,,,5.3,,,,,,< 0.1,0.002,1.91,,,106,,,0,0,,,,,,,170,207,0.36,,,0.1,0.44,,0.15,,8.09,,,,,,,,705,,450,,170,,0.26,37,3.8,,,,,,256,,,,,,5500,,1,,< 5,,,,10,,700,,< 5,,,,,,,,< 0.5,,,,,,,< 1,,,,,,,,,,,,,,,10,,, Analysis DO :Analysis Value from : DO (field or ext)  2026-03-19 18:01:53 Analysis TDS :Analysis Value from : Lab Total Dissolved Solids  2018-02-01 18:01:32 Analysis Temp :Analysis Value from : Field Temp  2026-03-19 18:03:08 Analysis Nitrate :Analysis Value from : Nitrate 2018-02-01 18:01:04,
00150017-0,Nevada Division of Environmental Protection,NV06-SC-42-D_00,Steamboat Creek @ Geiger Grade,SB7,1988-04-06 12:35:00,0.00,,,7.8,,,,,,,,,,,,,,16,,,,,,< 0.1,0.005,,,,220,,,48,29,49.3,,,,,,186,227,0.56,,,0.12,0.55,,0.33,,8.28,,,,,,,,1248,,770,,234,,0.38,7,4.4,,,,,,1110,,,,,,24000,,3,,< 5,,,,< 5,,1220,,< 5,,,,,,,,< 0.5,,,,,,,< 1,,,,,,,,,,,,,,,20,,, Analysis DO :Analysis Value from : DO (field or ext)  2026-03-19 18:01:53 Analysis TDS :Analysis Value from : Lab Total Dissolved Solids  2018-02-01 18:01:32 Analysis Temp :Analysis Value from : Field Temp  2026-03-19 18:03:08 Analysis Nitrate :Analysis Value from : Nitrate 2018-02-01 18:01:04,
00150018-0,Nevada Division of Environmental Protection,NV06-SC-42-D_00,Steamboat Creek @ Geiger Grade,SB7,1988-06-14 10:35:00,0.00,,,6.8,,,,,,,,,,,,,,19,,,,,,< 0.1,0.007,2.14,,,480,,,28,17,,,,,,,170,207,0.77,,,0.08,0.34,,0.98,,8.34,,,,,,,,2139,,1322,,198,,1,11,2.2,,,,,,1410,,,,,,26100,,< 1,,< 5,,,,< 5,,460,,< 5,,,,,,,,< 0.5,,,,,,,< 1,,,,,,,,,,,,,,,10,,, Analysis DO :Analysis Value from : DO (field or ext)  2026-03-19 18:01:53 Analysis TDS :Analysis Value from : Lab Total Dissolved Solids  2018-02-01 18:01:32 Analysis Temp :Analysis Value from : Field Temp  2026-03-19 18:03:08 Analysis Nitrate :Analysis Value from : Nitrate 2018-02-01 18:01:04,
00150019-0,Nevada Division of Environmental Protection,NV06-SC-42-D_00,Steamboat Creek @ Geiger Grade,SB7,1988-08-02 09:55:00,0.00,,,7.5,,,,,,,,,,,,,,18,,,,,,< 0.1,0.005,,,,385,,,0,0,24.5,,,,,,180,220,0.38,,,0.04,0.18,,0.7,,8.16,,,,,,,,1710,,1061,,180,,0.72,9,2.3,,,,,,1060,,,,,,20900,,< 1,,< 5,,,,< 5,,380,,< 5,,,,,,,,< 0.5,,,,,,,< 1,,,,,,,,,,,,,,,10,,, Analysis DO :Analysis Value from : DO (field or ext)  2026-03-19 18:01:53 Analysis TDS :Analysis Value from : Lab Total Dissolved Solids  2018-02-01 18:01:32 Analysis Temp :Analysis Value from : Field Temp  2026-03-19 18:03:08 Analysis Nitrate :Analysis Value from : Nitrate 2018-02-01 18:01:04,
00150020-0,Nevada Division of Environmental Protection,NV06-SC-42-D_00,Steamboat Creek @ Geiger Grade,SB7,1988-10-05 12:10:00,0.00,,,,,,,,,,,,,,,,,,,,,,,< 0.1,,2.26,,,670,,,32,19,,,,,,,222,271,0.37,,,0.05,0.22,,0.73,,8.21,,,,,,,,2748,,1751,,254,,0.74,8,2.1,,,,,,,,,,,,,,,,,,,,,,,,,,,,,,,,,,,,,,,,,,,,,,,,,,,,,,,,, Analysis TDS :Analysis Value from : Lab Total Dissolved Solids  2018-02-01 18:01:32 Analysis Nitrate :Analysis Value from : Nitrate 2018-02-01 18:01:04,
00150021-0,Nevada Division of Environmental Protection,NV06-SC-42-D_00,Steamboat Creek @ Geiger Grade,SB7,1988-12-07 10:00:00,0.00,,,11.2,,,,,,,,,,,,,,7,,,,,,< 0.1,0.002,,,,283,,,0,0,26.5,,,,,,196,239,0.32,,,0.07,0.3,,0.29,,8.06,,,,,,,,1389,,871,,196,,0.32,17,3.3,,,,,,500,,,,,,14600,,< 1,,< 5,,,,< 5,,690,,< 5,,,,,,,,< 0.5,,,,,,,< 1,,,,,,,,,,,,,,,10,,, Analysis DO :Analysis Value from : DO (field or ext)  2026-03-19 18:01:53 Analysis TDS :Analysis Value from : Lab Total Dissolved Solids  2018-02-01 18:01:32 Analysis Temp :Analysis Value from : Field Temp  2026-03-19 18:03:08 Analysis Nitrate :Analysis Value from : Nitrate 2018-02-01 18:01:04,
00150022-0,Nevada Division of Environmental Protection,NV06-SC-42-D_00,Steamboat Creek @ Geiger Grade,SB7,1989-02-01 12:10:00,0.00,,,11.9,,,,,,,,,,,,,,7,,,,,,< 0.1,,3.2,,,88,,,8,5,,,,,,,140,171,0.78,,,0.16,0.71,,0.2,,,,,,,,,,585,,395,,148,,0.23,33,6.3,,,,,,202,,,,,,4300,,< 1,,< 5,,,,< 5,,620,,< 5,,,,,,,,< 0.5,,,,,,,< 1,,,,,,,,,,,,,,,20,,, Analysis DO :Analysis Value from : DO (field or ext)  2026-03-19 18:01:53 Analysis TDS :Analysis Value from : Lab Total Dissolved Solids  2018-02-01 18:01:32 Analysis Temp :Analysis Value from : Field Temp  2026-03-19 18:03:08 Analysis Nitrate :Analysis Value from : Nitrate 2018-02-01 18:01:04,
00150023-0,Nevada Division of Environmental Protection,NV06-SC-42-D_00,Steamboat Creek @ Geiger Grade,SB7,1989-04-05 10:20:00,0.00,,,8.2,,,,,,,,,,,,,,14,,,,,,< 0.1,,,,,144,,,32,19,20.3,,,,,,158,193,0.69,,,0.05,0.2,,0.23,,,,,,,,,,877,,556,,190,,0.25,5,2.6,,,,,,362,,,,,,7300,,< 1,,< 5,,,,20,,590,,< 5,,,,,,,,< 0.5,,,,,,,< 1,,,,,,,,,,,,,,,< 5,,, Analysis DO :Analysis Value from : DO (field or ext)  2026-03-19 18:01:53 Analysis TDS :Analysis Value from : Lab Total Dissolved Solids  2018-02-01 18:01:32 Analysis Temp :Analysis Value from : Field Temp  2026-03-19 18:03:08 Analysis Nitrate :Analysis Value from : Nitrate 2018-02-01 18:01:04,
00150024-0,Nevada Division of Environmental Protection,NV06-SC-42-D_00,Steamboat Creek @ Geiger Grade,SB7,1989-06-06 10:00:00,0.00,,,8.4,,,,,,,,,,,,,,17,,,,,,< 0.1,,2,,,55,,,0,0,,,,,,,96,117,0.59,,,0.04,0.17,,0.2,,,,,,,,,,396,,267,,96,,0.24,16,11,,,,,,200,,,,,,2800,,< 1,,< 5,,,,< 5,,400,,< 5,,,,,,,,< 0.5,,,,,,,< 1,,,,,,,,,,,,,,,10,,, Analysis DO :Analysis Value from : DO (field or ext)  2026-03-19 18:01:53 Analysis TDS :Analysis Value from : Lab Total Dissolved Solids  2018-02-01 18:01:32 Analysis Temp :Analysis Value from : Field Temp  2026-03-19 18:03:08 Analysis Nitrate :Analysis Value from : Nitrate 2018-02-01 18:01:04,
00150025-0,Nevada Division of Environmental Protection,NV06-SC-42-D_00,Steamboat Creek @ Geiger Grade,SB7,1989-08-01 09:44:00,0.00,,,8.6,,,,,,,,,,,,,,15,,,,,,< 0.1,,,,,243,,,8,5,31.6,,,,,,130,159,0.33,,,0.05,0.2,,0.34,,,,,,,,,,1106,,712,,138,,0.36,11,2.4,,,,,,670,,,,,,13600,,< 1,,< 5,,,,< 5,,240,,< 5,,,,,,,,< 0.5,,,,,,,< 1,,,,,,,,,,,,,,,< 5,,, Analysis DO :Analysis Value from : DO (field or ext)  2026-03-19 18:01:53 Analysis TDS :Analysis Value from : Lab Total Dissolved Solids  2018-02-01 18:01:32 Analysis Temp :Analysis Value from : Field Temp  2026-03-19 18:03:08 Analysis Nitrate :Analysis Value from : Nitrate 2018-02-01 18:01:04,
00150026-0,Nevada Division of Environmental Protection,NV06-SC-42-D_00,Steamboat Creek @ Geiger Grade,SB7,1989-10-05 09:40:00,0.00,,,9.2,,,,,,,,,,,,,,8.5,,,,,,0.1,,,,,78,,,32,19.2,22.2,,,,,,64,78,0.23,,,0.02,0.11,,0.12,,,,,,,,,,474,,295,,96,,0.13,6,3.4,,,,,,182,,,,,,3900,,< 1,,< 5,,,,< 5,,320,,< 5,,,,,,,,< 0.5,,,,,,,< 1,,,,,,,,,,,,,,,< 5,,, Analysis DO :Analysis Value from : DO (field or ext)  2026-03-19 18:01:53 Analysis TDS :Analysis Value from : Lab Total Dissolved Solids  2018-02-01 18:01:32 Analysis Temp :Analysis Value from : Field Temp  2026-03-19 18:03:08 Analysis Nitrate :Analysis Value from : Nitrate 2018-02-01 18:01:04,
00150027-0,Nevada Division of Environmental Protection,NV06-SC-42-D_00,Steamboat Creek @ Geiger Grade,SB7,1989-12-05 10:00:00,0.00,,,11.2,,,,,,,,,,,,,,6,,,,,,< 0.1,,,,,122,,,20,12,32.4,,,,,,148,181,0.33,,,0.18,0.79,,0.21,,,,,,,,,,754,,491,,168,,0.23,4,2.9,,,,,,305,,,,,,5900,,< 1,,< 5,,,,< 5,,410,,< 5,,,,,,,,< 0.5,,,,,,,< 1,,,,,,,,,,,,,,,10,,, Analysis DO :Analysis Value from : DO (field or ext)  2026-03-19 18:01:53 Analysis TDS :Analysis Value from : Lab Total Dissolved Solids  2018-02-01 18:01:32 Analysis Temp :Analysis Value from : Field Temp  2026-03-19 18:03:08 Analysis Nitrate :Analysis Value from : Nitrate 2018-02-01 18:01:04,
00150028-0,Nevada Division of Environmental Protection,NV06-SC-42-D_00,Steamboat Creek @ Geiger Grade,SB7,1990-02-14 09:50:00,0.00,,,15.2,,,,,,,,,,,,,,-1.5,,,,,,< 0.1,,,,,130,,,20,12,19.6,,,,,,152,185,0.38,,,0.29,1.3,,0.19,,,,,,,,,,763,,502,,172,,0.22,13,5.7,,,,,,280,,,,,,6300,,< 1,,< 5,,,,< 5,,560,,< 5,,,,,,,,< 0.5,,,,,,,< 1,,,,,,,,,,,,,,,< 5,,, Analysis DO :Analysis Value from : DO (field or ext)  2026-03-19 18:01:53 Analysis TDS :Analysis Value from : Lab Total Dissolved Solids  2018-02-01 18:01:32 Analysis Temp :Analysis Value from : Field Temp  2026-03-19 18:03:08 Analysis Nitrate :Analysis Value from : Nitrate 2018-02-01 18:01:04,
00150029-0,Nevada Division of Environmental Protection,NV06-SC-42-D_00,Steamboat Creek @ Geiger Grade,SB7,1990-04-10 09:51:00,0.00,,,10.3,,,,,,,,,,,,,,4,,,,,,< 0.1,,1.34,,,118,,,24,14.4,,,,,,,154,188,0.39,,,0.05,0.21,,0.22,,,,,,,,,,747,,484,,178,,0.26,5,3.7,,,,,,335,,,,,,5500,,< 1,,6,,,,< 5,,520,,< 5,,,,,,,,< 0.5,,,,,,,1,,,,,,,,,,,,,,,< 5,,, Analysis DO :Analysis Value from : DO (field or ext)  2026-03-19 18:01:53 Analysis TDS :Analysis Value from : Lab Total Dissolved Solids  2018-02-01 18:01:32 Analysis Temp :Analysis Value from : Field Temp  2026-03-19 18:03:08 Analysis Nitrate :Analysis Value from : Nitrate 2018-02-01 18:01:04,
00150030-0,Nevada Division of Environmental Protection,NV06-SC-42-D_00,Steamboat Creek @ Geiger Grade,SB7,1990-06-05 10:15:00,0.00,,,6.5,,,,,,,,,,,,,,8,,,,,,< 0.1,,,,,500,,,36,21.6,53.2,,,,,,182,222,0.42,,,0.06,0.25,,0.66,,,,,,,,,,2045,,1295,,218,,0.7,4,2.4,,,,,,1180,,,,,,25800,,< 1,,< 5,,,,< 5,,400,,< 5,,,,,,,,< 0.5,,,,,,,< 1,,,,,,,,,,,,,,,< 5,,, Analysis DO :Analysis Value from : DO (field or ext)  2026-03-19 18:01:53 Analysis TDS :Analysis Value from : Lab Total Dissolved Solids  2018-02-01 18:01:32 Analysis Temp :Analysis Value from : Field Temp  2026-03-19 18:03:08 Analysis Nitrate :Analysis Value from : Nitrate 2018-02-01 18:01:04,
00150031-0,Nevada Division of Environmental Protection,NV06-SC-42-D_00,Steamboat Creek @ Geiger Grade,SB7,1990-10-09 10:00:00,0.00,,,8.5,,,,,,,,,,,,,,10.3,,,,,,< 0.1,,,,,590,,,0,0,65.2,,,,,,252,307,0.32,,,0.06,0.25,,0.54,,,,,,,,,,2519,,1589,,252,,0.56,4,2.1,,,,,,960,,,,,,30600,,< 1,,< 5,,,,< 5,,690,,12,,,,,,,,< 0.5,,,,,,,< 1,,,,,,,,,,,,,,,10,,, Analysis DO :Analysis Value from : DO (field or ext)  2026-03-19 18:01:53 Analysis TDS :Analysis Value from : Lab Total Dissolved Solids  2018-02-01 18:01:32 Analysis Temp :Analysis Value from : Field Temp  2026-03-19 18:03:08 Analysis Nitrate :Analysis Value from : Nitrate 2018-02-01 18:01:04,
00150032-0,Nevada Division of Environmental Protection,NV06-SC-42-D_00,Steamboat Creek @ Geiger Grade,SB7,1990-12-04 09:40:00,0.00,,,,,,,,,,,,,,,,,5,,,,,,< 0.1,,1.99,,,600,,,0,0,,,,,,,232,283,0.42,,,0.03,0.15,,0.42,,,,,,,,,,2383,,1541,,232,,0.48,11,5.6,,,,,,760,,,,,,30000,,< 1,,< 5,,,,< 5,,790,,< 5,,,,,,,,< 0.5,,,,,,,< 1,,,,,,,,,,,,,,,< 5,,, Analysis TDS :Analysis Value from : Lab Total Dissolved Solids  2018-02-01 18:01:32 Analysis Temp :Analysis Value from : Field Temp  2026-03-19 18:03:08 Analysis Nitrate :Analysis Value from : Nitrate 2018-02-01 18:01:04,
00150033-0,Nevada Division of Environmental Protection,NV06-SC-42-D_00,Steamboat Creek @ Geiger Grade,SB7,1991-02-05 09:37:00,0.00,,,10.4,,,,,,,,,,,,,,9,,,,,,< 0.1,,,,,93,,,8,4.8,17.6,,,,,,148,181,0.45,,,0.04,0.19,,0.13,,,,,,,,,,638,,410,,156,,0.18,10,5.1,,,,,,212,,,,,,4300,,< 1,,< 5,,,,< 5,,560,,< 5,,,,,,,,< 0.5,,,,,,,< 1,,,,,,,,,,,,,,,10,,, Analysis DO :Analysis Value from : DO (field or ext)  2026-03-19 18:01:53 Analysis TDS :Analysis Value from : Lab Total Dissolved Solids  2018-02-01 18:01:32 Analysis Temp :Analysis Value from : Field Temp  2026-03-19 18:03:08 Analysis Nitrate :Analysis Value from : Nitrate 2018-02-01 18:01:04,
00150034-0,Nevada Division of Environmental Protection,NV06-SC-42-D_00,Steamboat Creek @ Geiger Grade,SB7,1991-04-09 10:15:00,0.00,,,10.8,,,,,,,,,,,,,,12.8,,,,,,< 0.1,,1.42,,,138,,,28,16.8,,,,,,,164,200,0.53,,,0.05,0.23,,0.22,,,,,,,,,,856,,541,,192,,0.25,7,6.3,,,,,,285,,,,,,6800,,< 1,,< 5,,,,< 5,,700,,< 5,,,,,,,,< 0.5,,,,,,,2,,,,,,,,,,,,,,,< 5,,, Analysis DO :Analysis Value from : DO (field or ext)  2026-03-19 18:01:53 Analysis TDS :Analysis Value from : Lab Total Dissolved Solids  2018-02-01 18:01:32 Analysis Temp :Analysis Value from : Field Temp  2026-03-19 18:03:08 Analysis Nitrate :Analysis Value from : Nitrate 2018-02-01 18:01:04,
00150035-0,Nevada Division of Environmental Protection,NV06-SC-42-D_00,Steamboat Creek @ Geiger Grade,SB7,1991-06-05 10:10:00,0.00,,,10.2,,,,,,,,,,,,,,14.9,,,,,,< 0.1,,,,,99,,,0,0,28.2,,,,,,98,120,0.29,,,0.02,0.11,,0.27,,,,,,,,,,544,,345,,98,,0.3,10,4.4,,,,,,330,,,,,,5400,,< 1,,< 5,,,,< 5,,530,,< 5,,,,,,,,< 0.5,,,,,,,< 1,,,,,,,,,,,,,,,< 5,,, Analysis DO :Analysis Value from : DO (field or ext)  2026-03-19 18:01:53 Analysis TDS :Analysis Value from : Lab Total Dissolved Solids  2018-02-01 18:01:32 Analysis Temp :Analysis Value from : Field Temp  2026-03-19 18:03:08 Analysis Nitrate :Analysis Value from : Nitrate 2018-02-01 18:01:04,
00150036-0,Nevada Division of Environmental Protection,NV06-SC-42-D_00,Steamboat Creek @ Geiger Grade,SB7,1991-08-14 10:05:00,0.00,,,10.6,,,,,,,,,,,,,,21.5,,,,,,< 0.1,,1.76,,,570,,,16,9.6,,,,,,,238,290,0.8,,,0.05,0.2,,0.8,,,,,,,,,,2490,,1566,,254,,0.88,31,21,,,,,,1370,,,,,,32900,,< 1,,< 5,,,,20,,1110,,< 5,,,,,,,,< 0.5,,,,,,,< 1,,,,,,,,,,,,,,,10,,, Analysis DO :Analysis Value from : DO (field or ext)  2026-03-19 18:01:53 Analysis TDS :Analysis Value from : Lab Total Dissolved Solids  2018-02-01 18:01:32 Analysis Temp :Analysis Value from : Field Temp  2026-03-19 18:03:08 Analysis Nitrate :Analysis Value from : Nitrate 2018-02-01 18:01:04,
00150037-0,Nevada Division of Environmental Protection,NV06-SC-42-D_00,Steamboat Creek @ Geiger Grade,SB7,1991-10-16 10:30:00,0.00,,,7.1,,,,,,,,,,,,,,13.2,,,,,,< 0.1,,,,,640,,,0,0,20.3,,,,,,258,315,0.41,,,0.05,0.24,,0.53,,,,,,,,,,2569,,1650,,258,,0.54,14,5,,,,,,956,,,,,,35300,,< 1,,< 5,,,,< 5,,530,,< 5,,,,,,,,< 0.5,,,,,,,< 1,,,,,,,,,,,,,,,< 5,,, Analysis DO :Analysis Value from : DO (field or ext)  2026-03-19 18:01:53 Analysis TDS :Analysis Value from : Lab Total Dissolved Solids  2018-02-01 18:01:32 Analysis Temp :Analysis Value from : Field Temp  2026-03-19 18:03:08 Analysis Nitrate :Analysis Value from : Nitrate 2018-02-01 18:01:04,
00150038-0,Nevada Division of Environmental Protection,NV06-SC-42-D_00,Steamboat Creek @ Geiger Grade,SB7,1991-12-03 10:45:00,0.00,,,10.4,,,,,,,,,,,,,,6.1,,,,,,< 0.1,,1.5,,,10,,,0,0,,,,,,,162,198,0.32,,,0.09,0.38,,0.15,,,,,,,,,,652,,425,,162,,0.2,19,10,,,,,,212,,,,,,4900,,< 1,,< 5,,,,< 5,,780,,< 5,,,,,,,,< 0.5,,,,,,,< 1,,,,,,,,,,,,,,,< 5,,, Analysis DO :Analysis Value from : DO (field or ext)  2026-03-19 18:01:53 Analysis TDS :Analysis Value from : Lab Total Dissolved Solids  2018-02-01 18:01:32 Analysis Temp :Analysis Value from : Field Temp  2026-03-19 18:03:08 Analysis Nitrate :Analysis Value from : Nitrate 2018-02-01 18:01:04,
00150039-0,Nevada Division of Environmental Protection,NV06-SC-42-D_00,Steamboat Creek @ Geiger Grade,SB7,1992-02-04 10:33:00,0.00,,,10.8,,,,,,,,,,,7.57,,,5,,,,,,< 0.1,0.000230,,26,,88,,,0,0,30.8,,,,102,,156,190,0.32,,,0,0,,0.15,,8.12,,,,3.62,,84,,615,21,403,,156,,0.18,6,3.6,,,,,,214,,,,,,4400,,< 1,,< 5,,,,< 5,,480,,< 5,,,,9,,,,< 0.5,,,,,,,< 1,,,,,,,,,,,,,,,< 5,,," Ammonia, Unionized :AUTOCALCULATE 2016-06-16 14:48:20 Using 1/2 AMNN Analysis DO :Analysis Value from : DO (field or ext)  2026-03-19 18:01:53 Analysis Hardness :Analysis Value from : Hardness 2018-02-01 18:01:08 Analysis pH :Analysis Value from : Field pH  2026-03-19 18:03:49 Analysis TDS :Analysis Value from : Lab Total Dissolved Solids  2018-02-01 18:01:32 Analysis Temp :Analysis Value from : Field Temp  2026-03-19 18:03:08 Analysis SAR :Analysis Value from : SAR 2018-06-19 18:01:44",
00150040-0,Nevada Division of Environmental Protection,NV06-SC-42-D_00,Steamboat Creek @ Geiger Grade,SB7,1992-04-07 10:34:00,0.00,,,9,,,,,,,,,,,7.65,,,11.5,,,,,,< 0.1,0.000461,1.87,29,,102,,,0,0,,,,,114,,190,232,0.44,,,0.02,0.1,,0.21,,8.09,,,,4.04,,99,,694,22,460,,190,,0.23,5,7.1,,,,,,290,,,,,,5000,,< 1,,< 5,,,,< 5,,660,,< 5,,,,10,,,,< 0.5,,,,,,,< 1,,,,,,,,,,,,,,,< 5,,," Ammonia, Unionized :AUTOCALCULATE 2016-06-16 14:48:20 Using 1/2 AMNN Analysis DO :Analysis Value from : DO (field or ext)  2026-03-19 18:01:53 Analysis Hardness :Analysis Value from : Hardness 2018-02-01 18:01:08 Analysis pH :Analysis Value from : Field pH  2026-03-19 18:03:49 Analysis TDS :Analysis Value from : Lab Total Dissolved Solids  2018-02-01 18:01:32 Analysis Temp :Analysis Value from : Field Temp  2026-03-19 18:03:08 Analysis SAR :Analysis Value from : SAR 2018-06-19 18:01:44 Analysis Nitrate :Analysis Value from : Nitrate 2018-02-01 18:01:04",
00150041-0,Nevada Division of Environmental Protection,NV06-SC-42-D_00,Steamboat Creek @ Geiger Grade,SB7,1992-10-13 10:30:00,0.00,,,9.2,,,,,,,,,,,7.98,,,12.5,,,,,,< 0.1,0.001053,,41,,760,,,40,24,46.1,,,,152,,228,278,0.24,,,0.01,0.04,,0.5,,8.28,,,,22.5,,637,,3037,102,1871,,268,,0.57,13,3.8,,,,,,1060,,,,,,38500,,< 1,,< 5,,,,< 5,,660,,< 5,,,,12,,,,< 0.5,,,,,,,< 1,,,,,,,,,,,,,,,< 5,,," Ammonia, Unionized :AUTOCALCULATE 2016-06-16 14:48:20 Using 1/2 AMNN Analysis DO :Analysis Value from : DO (field or ext)  2026-03-19 18:01:53 Analysis Hardness :Analysis Value from : Hardness 2018-02-01 18:01:08 Analysis pH :Analysis Value from : Field pH  2026-03-19 18:03:49 Analysis TDS :Analysis Value from : Lab Total Dissolved Solids  2018-02-01 18:01:32 Analysis Temp :Analysis Value from : Field Temp  2026-03-19 18:03:08 Analysis SAR :Analysis Value from : SAR 2018-06-19 18:01:44 Analysis Nitrate :Analysis Value from : Nitrate 2018-02-01 18:01:04",
00150042-0,Nevada Division of Environmental Protection,NV06-SC-42-D_00,Steamboat Creek @ Geiger Grade,SB7,1992-12-15 10:20:00,0.00,,,,,,,,,,,,,,,,,,,,,,,< 0.1,,1.68,28,,225,,,8,5,,,,,111,,168,205,0.38,,,0.06,0.26,,0.22,,8.22,,,,7.6,,184,,1109,42,709,,176,,0.29,31,16,,,,,,368,,,,,,11500,,< 1,,< 5,,,,< 5,,950,,< 5,,,,10,,,,< 0.5,,,,,,,< 1,,,,,,,,,,,,,,,< 5,,, Analysis Hardness :Analysis Value from : Hardness 2018-02-01 18:01:08 Analysis TDS :Analysis Value from : Lab Total Dissolved Solids  2018-02-01 18:01:32 Analysis SAR :Analysis Value from : SAR 2018-06-19 18:01:44 Analysis Nitrate :Analysis Value from : Nitrate 2018-02-01 18:01:04,
00150043-0,Nevada Division of Environmental Protection,NV06-SC-42-D_00,Steamboat Creek @ Geiger Grade,SB7,1993-02-09 10:40:00,0.00,,,9.9,,,,,,,,,,,7.48,,,5.5,,,,,,< 0.1,0.000195,,19,,50,,,0,0,34.7,,,,76,,86,105,0.63,,,0.56,2.47,,0.15,,8.01,,,,2.29,,46,,358,19,254,,86,,0.22,26,23,,,,,,108,,,,,,1900,,< 1,,< 5,,,,< 5,,1460,,9,,,,7,,,,< 0.5,,,,,,,< 1,,,,,,,,,,,,,,,10,,," Ammonia, Unionized :AUTOCALCULATE 2016-06-16 14:48:20 Using 1/2 AMNN Analysis DO :Analysis Value from : DO (field or ext)  2026-03-19 18:01:53 Analysis Hardness :Analysis Value from : Hardness 2018-02-01 18:01:08 Analysis pH :Analysis Value from : Field pH  2026-03-19 18:03:49 Analysis TDS :Analysis Value from : Lab Total Dissolved Solids  2018-02-01 18:01:32 Analysis Temp :Analysis Value from : Field Temp  2026-03-19 18:03:08 Analysis SAR :Analysis Value from : SAR 2018-06-19 18:01:44 Analysis Nitrate :Analysis Value from : Nitrate 2018-02-01 18:01:04",
00150044-0,Nevada Division of Environmental Protection,NV06-SC-42-D_00,Steamboat Creek @ Geiger Grade,SB7,1993-04-13 10:35:00,0.00,,,8.8,,,,,,,,,,,7.32,,,9.5,,,,,,< 0.1,0.000185,1.8,29,,104,,,12,7.2,,,,,118,,142,173,0.41,,,0.41,1.8,,0.16,,8.32,,,,3.57,,89,,656,29,421,,154,,0.18,3,3.8,,,,,,204,,,,,,4200,,< 1,,< 5,,,,< 5,,630,,< 5,,,,11,,,,< 0.5,,,,,,,< 1,,,,,,,,,,,,,,,< 5,,," Ammonia, Unionized :AUTOCALCULATE 2016-06-16 14:48:20 Using 1/2 AMNN Analysis DO :Analysis Value from : DO (field or ext)  2026-03-19 18:01:53 Analysis Hardness :Analysis Value from : Hardness 2018-02-01 18:01:08 Analysis pH :Analysis Value from : Field pH  2026-03-19 18:03:49 Analysis TDS :Analysis Value from : Lab Total Dissolved Solids  2018-02-01 18:01:32 Analysis Temp :Analysis Value from : Field Temp  2026-03-19 18:03:08 Analysis SAR :Analysis Value from : SAR 2018-06-19 18:01:44 Analysis Nitrate :Analysis Value from : Nitrate 2018-02-01 18:01:04",
00150045-0,Nevada Division of Environmental Protection,NV06-SC-42-D_00,Steamboat Creek @ Geiger Grade,SB7,1993-05-04 11:00:00,0.00,,,,,,,,,,,,,,7.73,,,,,,,,,< 0.1,,,,,103,,,0,0,26.9,,,,,,100,122,0.36,,,0.07,0.33,,0.17,,8.08,,,,,,,,540,,360,,100,,0.23,19,17,,,,,,,,,,,,,,,,,,,,,,,,,,,,,,,,,,,,,,,,,,,,,,,,,,,,,,,,, Analysis pH :Analysis Value from : Field pH  2026-03-19 18:03:49 Analysis TDS :Analysis Value from : Lab Total Dissolved Solids  2018-02-01 18:01:32 Analysis Nitrate :Analysis Value from : Nitrate 2018-02-01 18:01:04,
00150046-0,Nevada Division of Environmental Protection,NV06-SC-42-D_00,Steamboat Creek @ Geiger Grade,SB7,1993-06-08 10:42:00,0.00,,,9.9,,,,,,,,,,,8.01,,,10.4,,,,,,< 0.1,0.000961,1.13,15,,28,,,0,0,,,,,58,,70,85,0.51,,,0.04,0.19,,0.07,,8.1,,,,1.49,,26,,230,8,162,,70,,0.12,19,6.4,,,,,,58,,,,,,1000,,< 1,,< 5,,,,< 5,,490,,< 5,,,,5,,,,< 0.5,,,,,,,< 1,,,,,,,,,,,,,,,< 5,,," Ammonia, Unionized :AUTOCALCULATE 2016-06-16 14:48:20 Using 1/2 AMNN Analysis DO :Analysis Value from : DO (field or ext)  2026-03-19 18:01:53 Analysis Hardness :Analysis Value from : Hardness 2018-02-01 18:01:08 Analysis pH :Analysis Value from : Field pH  2026-03-19 18:03:49 Analysis TDS :Analysis Value from : Lab Total Dissolved Solids  2018-02-01 18:01:32 Analysis Temp :Analysis Value from : Field Temp  2026-03-19 18:03:08 Analysis SAR :Analysis Value from : SAR 2018-06-19 18:01:44 Analysis Nitrate :Analysis Value from : Nitrate 2018-02-01 18:01:04",
00150047-0,Nevada Division of Environmental Protection,NV06-SC-42-D_00,Steamboat Creek @ Geiger Grade,SB7,1993-07-07 11:00:00,0.00,,,7.8,,,,,,,,,,,7.28,,,16.5,,,,,,< 0.1,0.000289,,13,,48,,,0,0,18.4,,,,49,,78,95,0.33,,,0.03,0.12,,0.19,,8.09,,,,2.74,,44,,316,9.1,209,,78,,0.21,5,3.3,,,,,,180,,,,,,2300,,< 1,,< 5,,,,< 5,,600,,< 5,,,,4,,,,< 0.5,,,,,,,< 1,,,,,,,,,,,,,,,< 5,,," Ammonia, Unionized :AUTOCALCULATE 2016-06-16 14:48:20 Using 1/2 AMNN Analysis DO :Analysis Value from : DO (field or ext)  2026-03-19 18:01:53 Analysis Hardness :Analysis Value from : Hardness 2018-02-01 18:01:08 Analysis pH :Analysis Value from : Field pH  2026-03-19 18:03:49 Analysis TDS :Analysis Value from : Lab Total Dissolved Solids  2018-02-01 18:01:32 Analysis Temp :Analysis Value from : Field Temp  2026-03-19 18:03:08 Analysis SAR :Analysis Value from : SAR 2018-06-19 18:01:44 Analysis Nitrate :Analysis Value from : Nitrate 2018-02-01 18:01:04",
00150048-0,Nevada Division of Environmental Protection,NV06-SC-42-D_00,Steamboat Creek @ Geiger Grade,SB7,1993-08-10 11:00:00,0.00,,,8.3,,,,,,,,,,,7.62,,,20.5,,,,,,< 0.1,0.000841,0.87,17,,132,,,0,0,,,,,63,,104,127,0.56,,,0.04,0.18,,0.22,,8,,,,5.7,,104,,668,26,423,,104,,0.28,7,4.9,,,,,,280,,,,,,6800,,< 1,,< 5,,,,10,,790,,< 5,,,,5,,,,< 0.5,,,,,,,< 1,,,,,,,,,,,,,,,< 5,,," Ammonia, Unionized :AUTOCALCULATE 2016-06-16 14:48:20 Using 1/2 AMNN Analysis DO :Analysis Value from : DO (field or ext)  2026-03-19 18:01:53 Analysis Hardness :Analysis Value from : Hardness 2018-02-01 18:01:08 Analysis pH :Analysis Value from : Field pH  2026-03-19 18:03:49 Analysis TDS :Analysis Value from : Lab Total Dissolved Solids  2018-02-01 18:01:32 Analysis Temp :Analysis Value from : Field Temp  2026-03-19 18:03:08 Analysis SAR :Analysis Value from : SAR 2018-06-19 18:01:44 Analysis Nitrate :Analysis Value from : Nitrate 2018-02-01 18:01:04",
00150049-0,Nevada Division of Environmental Protection,NV06-SC-42-D_00,Steamboat Creek @ Geiger Grade,SB7,1993-10-06 10:25:00,0.00,,,7.7,,,,,,,,,,,7.17,,,11,,,,,,< 0.1,0.000148,7.85,34,34,262,,,0,0,,,,,130,130,144,176,1.79,,,0.21,0.93,,0.27,,8.18,,,,7.01,7.02,184,184,1256,66,825,,144,,0.43,86,54,,,,,,335,,,,,,11700,,< 1,,< 5,,,,10,,3860,,< 5,,,,11,11,,,< 0.5,,,,,,,< 1,,,,,,,,,,,,,,,10,,," Ammonia, Unionized :AUTOCALCULATE 2016-06-16 14:48:20 Using 1/2 AMNN Analysis DO :Analysis Value from : DO (field or ext)  2026-03-19 18:01:53 Analysis Hardness :Analysis Value from : Hardness Diss  2018-02-01 18:01:08 Analysis pH :Analysis Value from : Field pH  2026-03-19 18:03:49 Analysis TDS :Analysis Value from : Lab Total Dissolved Solids  2018-02-01 18:01:32 Analysis Temp :Analysis Value from : Field Temp  2026-03-19 18:03:08 Analysis SAR :Analysis Value from : SAR Diss  2018-06-19 18:01:44 Analysis Nitrate :Analysis Value from : Nitrate 2018-02-01 18:01:04",
00150050-0,Nevada Division of Environmental Protection,NV06-SC-42-D_00,Steamboat Creek @ Geiger Grade,SB7,1993-12-07 10:20:00,0.00,,,10.3,,,,,,,,,,,6.85,,,6,,,,,,< 0.1,0.000047,,27,,78,,,24,14,21.2,,,,105,,120,146,0.5,,,0.12,0.53,,0.09,,8.6,,,,2.98,,70,,554,18,358,,144,,0.12,8,5.3,,,,,,148,,,,,,3400,,< 1,,< 5,,,,< 5,,560,,< 5,,,,9,,,,< 0.5,,,,,,,< 1,,,,,,,,,,,,,,,10,,," Ammonia, Unionized :AUTOCALCULATE 2016-06-16 14:48:20 Using 1/2 AMNN Analysis DO :Analysis Value from : DO (field or ext)  2026-03-19 18:01:53 Analysis Hardness :Analysis Value from : Hardness 2018-02-01 18:01:08 Analysis pH :Analysis Value from : Field pH  2026-03-19 18:03:49 Analysis TDS :Analysis Value from : Lab Total Dissolved Solids  2018-02-01 18:01:32 Analysis Temp :Analysis Value from : Field Temp  2026-03-19 18:03:08 Analysis SAR :Analysis Value from : SAR 2018-06-19 18:01:44 Analysis Nitrate :Analysis Value from : Nitrate 2018-02-01 18:01:04",
00150051-0,Nevada Division of Environmental Protection,NV06-SC-42-D_00,Steamboat Creek @ Geiger Grade,SB7,1994-02-08 11:00:00,0.00,,,,,,,,,,,,,,,,,,,,,,,0.1,,3,27,,81,,,12,7,,,,,105,,126,154,0.47,,,0.08,0.34,,0.05,,8.33,,,,3.1,,73,,543,20,359,,138,,0.17,15,7,,,,,,162,,,,,,3500,,< 1,,< 5,,,,< 5,,680,,< 5,,,,9,,,,< 0.5,,,,,,,< 1,,,,,,,,,,,,,,,< 5,,, Analysis Hardness :Analysis Value from : Hardness 2018-02-01 18:01:08 Analysis TDS :Analysis Value from : Lab Total Dissolved Solids  2018-02-01 18:01:32 Analysis SAR :Analysis Value from : SAR 2018-06-19 18:01:44 Analysis Nitrate :Analysis Value from : Nitrate 2018-02-01 18:01:04,
00150052-0,Nevada Division of Environmental Protection,NV06-SC-42-D_00,Steamboat Creek @ Geiger Grade,SB7,1994-04-12 10:55:00,0.00,,,10.7,,,,,,,,,,,8.09,,,13,,,,,,< 0.1,0.001400,,15,,154,,,12,7,24,,,,58,,100,122,0.36,,,0.04,0.18,,0.29,,8.23,,,,7.08,,124,,752,30,481,,112,,0.37,19,13,,,,,,410,,,,,,8000,,< 1,,< 5,,,,< 5,,1510,,< 5,,,,5,,,,< 0.5,,,,,,,< 1,,,,,,,,,,,,,,,10,,," Ammonia, Unionized :AUTOCALCULATE 2016-06-16 14:48:20 Using 1/2 AMNN Analysis DO :Analysis Value from : DO (field or ext)  2026-03-19 18:01:53 Analysis Hardness :Analysis Value from : Hardness 2018-02-01 18:01:08 Analysis pH :Analysis Value from : Field pH  2026-03-19 18:03:49 Analysis TDS :Analysis Value from : Lab Total Dissolved Solids  2018-02-01 18:01:32 Analysis Temp :Analysis Value from : Field Temp  2026-03-19 18:03:08 Analysis SAR :Analysis Value from : SAR 2018-06-19 18:01:44 Analysis Nitrate :Analysis Value from : Nitrate 2018-02-01 18:01:04",
00150053-0,Nevada Division of Environmental Protection,NV06-SC-42-D_00,Steamboat Creek @ Geiger Grade,SB7,1994-04-28 09:45:00,0.00,,,,,,,,,,,,,,,,,,,,,,,,,,13,13,,,,,,,,,,53,49,,,,,,,,,,,8.33,,,,2.63,2.61,44,42,321,,,,,,,12,8,,,,,,110,98,,,,,2300,2200,< 1,< 1,< 5,< 5,,,< 5,< 5,55,70,< 5,< 5,,,5,4,,,< 0.5,< 0.5,,,,,,< 1,< 1,,,,,,,,,,,,,,< 5,10,, Analysis Hardness :Analysis Value from : Hardness Diss  2018-02-01 18:01:08 Analysis SAR :Analysis Value from : SAR Diss  2018-06-19 18:01:44,
00150054-0,Nevada Division of Environmental Protection,NV06-SC-42-D_00,Steamboat Creek @ Geiger Grade,SB7,1994-06-07 10:50:00,0.00,,,8.9,,,,,,,,,,,,,,14.7,,,,,,< 0.1,< 0.006,1,25,,490,,,16,10,,,,,91,,194,237,0.69,,,0.04,0.16,,0.58,,8.36,,,,16.49,,362,,2074,70,1287,,210,,0.62,3,4.3,,,,,,900,,,,,,26200,,< 1,,< 5,,,,< 5,,640,,< 5,,,,7,,,,< 0.5,,,,,,,< 1,,,,,,,,,,,,,,,< 5,,, Analysis DO :Analysis Value from : DO (field or ext)  2026-03-19 18:01:53 Analysis Hardness :Analysis Value from : Hardness 2018-02-01 18:01:08 Analysis TDS :Analysis Value from : Lab Total Dissolved Solids  2018-02-01 18:01:32 Analysis Temp :Analysis Value from : Field Temp  2026-03-19 18:03:08 Analysis SAR :Analysis Value from : SAR 2018-06-19 18:01:44 Analysis Nitrate :Analysis Value from : Nitrate 2018-02-01 18:01:04,
00150055-0,Nevada Division of Environmental Protection,NV06-SC-42-D_00,Steamboat Creek @ Geiger Grade,SB7,1994-10-11 10:15:00,0.00,,,6.6,,,,,,,,,,,7.65,,,13,,,,,,< 0.1,0.000517,< 2,29,,570,,,0,0,,,,,106,,196,239,0.3,,,0.05,0.2,,0.35,,8.09,,,,13.9,,328,,1923,65,1156,,196,,0.4,6,3.8,,,,,,605,,,,,,22500,,< 1,,< 5,,,,< 5,,850,,< 5,,,,8,,,,< 0.5,,,,,,,< 1,,,,,,,,,,,,,,,< 5,,," Ammonia, Unionized :AUTOCALCULATE 2016-06-16 14:48:20 Using 1/2 AMNN Analysis DO :Analysis Value from : DO (field or ext)  2026-03-19 18:01:53 Analysis Hardness :Analysis Value from : Hardness 2018-02-01 18:01:08 Analysis pH :Analysis Value from : Field pH  2026-03-19 18:03:49 Analysis TDS :Analysis Value from : Lab Total Dissolved Solids  2018-02-01 18:01:32 Analysis Temp :Analysis Value from : Field Temp  2026-03-19 18:03:08 Analysis SAR :Analysis Value from : SAR 2018-06-19 18:01:44 Analysis Nitrate :Analysis Value from : Nitrate 2018-02-01 18:01:04",
00150056-0,Nevada Division of Environmental Protection,NV06-SC-42-D_00,Steamboat Creek @ Geiger Grade,SB7,1994-12-14 10:00:00,0.00,,,11.1,,,,,,,,,,,8.4,,,5,,,,,,< 0.1,0.001516,,25,,140,,,16,10,23,,,,100,,134,163,0.38,,,0.03,0.15,,0.1,,8.27,,,,4.9,,112,,752,28,488,,150,,0.18,11,5.4,,,,,,252,,,,,,6100,,< 1,,< 5,,,,10,,520,,< 5,,,,9,,,,< 0.5,,,,,,,< 1,,,,,,,,,,,,,,,10,,," Ammonia, Unionized :AUTOCALCULATE 2016-06-16 14:48:20 Using 1/2 AMNN Analysis DO :Analysis Value from : DO (field or ext)  2026-03-19 18:01:53 Analysis Hardness :Analysis Value from : Hardness 2018-02-01 18:01:08 Analysis pH :Analysis Value from : Field pH  2026-03-19 18:03:49 Analysis TDS :Analysis Value from : Lab Total Dissolved Solids  2018-02-01 18:01:32 Analysis Temp :Analysis Value from : Field Temp  2026-03-19 18:03:08 Analysis SAR :Analysis Value from : SAR 2018-06-19 18:01:44 Analysis Nitrate :Analysis Value from : Nitrate 2018-02-01 18:01:04",
00150057-0,Nevada Division of Environmental Protection,NV06-SC-42-D_00,Steamboat Creek @ Geiger Grade,SB7,1995-02-15 10:20:00,0.00,,,11.6,,,,,,,,,,,,,,6,,,,,,< 0.1,< 0.003,2.45,28,,135,,,8,5,,,,,111,,142,173,0.41,,,0.09,0.34,,0.17,,8.25,,,,4.3,,105,,752,31,480,,150,,0.22,10,7,,,,,,253,,,,,,5400,,< 1,,< 5,,,,10,,750,,< 5,,,,10,,,,< 0.5,,,,,,,< 1,,,,,,,,,,,,,,,20,,, Analysis DO :Analysis Value from : DO (field or ext)  2026-03-19 18:01:53 Analysis Hardness :Analysis Value from : Hardness 2018-02-01 18:01:08 Analysis TDS :Analysis Value from : Lab Total Dissolved Solids  2018-02-01 18:01:32 Analysis Temp :Analysis Value from : Field Temp  2026-03-19 18:03:08 Analysis SAR :Analysis Value from : SAR 2018-06-19 18:01:44 Analysis Nitrate :Analysis Value from : Nitrate 2018-02-01 18:01:04,
00150058-0,Nevada Division of Environmental Protection,NV06-SC-42-D_00,Steamboat Creek @ Geiger Grade,SB7,1995-04-11 10:45:00,0.00,,,10.4,,,,,,,,,,,7.98,,,12.8,,,,,,< 0.1,0.001077,,25,,92,,,8,5,25,,,,100,,122,149,0.36,,,0.16,0.73,,0.11,,8.24,,,,3.1,,72,,588,27,377,,130,,0.15,5,3.1,,,,,,178,,,,,,3500,,< 1,,< 5,,,,10,,510,,< 5,,,,9,,,,< 0.5,,,,,,,< 1,,,,,,,,,,,,,,,10,,," Ammonia, Unionized :AUTOCALCULATE 2016-06-16 14:48:20 Using 1/2 AMNN Analysis DO :Analysis Value from : DO (field or ext)  2026-03-19 18:01:53 Analysis Hardness :Analysis Value from : Hardness 2018-02-01 18:01:08 Analysis pH :Analysis Value from : Field pH  2026-03-19 18:03:49 Analysis TDS :Analysis Value from : Lab Total Dissolved Solids  2018-02-01 18:01:32 Analysis Temp :Analysis Value from : Field Temp  2026-03-19 18:03:08 Analysis SAR :Analysis Value from : SAR 2018-06-19 18:01:44 Analysis Nitrate :Analysis Value from : Nitrate 2018-02-01 18:01:04",
00150059-0,Nevada Division of Environmental Protection,NV06-SC-42-D_00,Steamboat Creek @ Geiger Grade,SB7,1995-06-13 10:25:00,0.00,,,9.8,,,,,,,,,,,8.05,,,10.5,,,,,,< 0.1,0.001059,1.47,10,,22,,,0,0,,,,,37,,40,49,0.39,,,0.04,0.16,,0.05,,8.16,,,,1.4,,19,,158,4,111,,40,,0.11,18,11,,,,,,43,,,,,,600,,< 1,,< 5,,,,10,,600,,< 5,,,,3,,,,< 0.5,,,,,,,< 1,,,,,,,,,,,,,,,20,,," Ammonia, Unionized :AUTOCALCULATE 2016-06-16 14:48:20 Using 1/2 AMNN Analysis DO :Analysis Value from : DO (field or ext)  2026-03-19 18:01:53 Analysis Hardness :Analysis Value from : Hardness 2018-02-01 18:01:08 Analysis pH :Analysis Value from : Field pH  2026-03-19 18:03:49 Analysis TDS :Analysis Value from : Lab Total Dissolved Solids  2018-02-01 18:01:32 Analysis Temp :Analysis Value from : Field Temp  2026-03-19 18:03:08 Analysis SAR :Analysis Value from : SAR 2018-06-19 18:01:44 Analysis Nitrate :Analysis Value from : Nitrate 2018-02-01 18:01:04",
00150060-0,Nevada Division of Environmental Protection,NV06-SC-42-D_00,Steamboat Creek @ Geiger Grade,SB7,1995-08-08 10:15:00,0.00,,,8.8,,,,,,,,,,,,,,15.2,,,,,,< 0.1,< 0.002,,10,,45,,,0,0,7,,,,37,,56,68,0.59,,,0.04,0.17,,0.17,,7.88,,,,2.7,,38,,279,9,182,,56,,0.2,7,3.8,,,,,,145,,,,,,2200,,< 1,,< 5,,,,< 5,,540,,< 5,,,,3,,,,< 0.5,,,,,,,< 1,,,,,,,,,,,,,,,< 5,,, Analysis DO :Analysis Value from : DO (field or ext)  2026-03-19 18:01:53 Analysis Hardness :Analysis Value from : Hardness 2018-02-01 18:01:08 Analysis TDS :Analysis Value from : Lab Total Dissolved Solids  2018-02-01 18:01:32 Analysis Temp :Analysis Value from : Field Temp  2026-03-19 18:03:08 Analysis SAR :Analysis Value from : SAR 2018-06-19 18:01:44 Analysis Nitrate :Analysis Value from : Nitrate 2018-02-01 18:01:04,
00150061-0,Nevada Division of Environmental Protection,NV06-SC-42-D_00,Steamboat Creek @ Geiger Grade,SB7,1995-10-09 10:15:00,0.00,,,8.5,,,,,,,,,,,,,,12,,,,,,< 0.1,< 0.002,1.26,15,,79,,,0,0,,,,,54,,88,107,0.71,,,0.04,0.16,,0.2,,7.96,,,,4.1,,69,,446,14,297,,88,,0.28,17,11,,,,,,250,,,,,,3800,,< 1,,< 5,,,,10,,890,,< 5,,,,4,,,,< 0.5,,,,,,,< 1,,,,,,,,,,,,,,,20,,, Analysis DO :Analysis Value from : DO (field or ext)  2026-03-19 18:01:53 Analysis Hardness :Analysis Value from : Hardness 2018-02-01 18:01:08 Analysis TDS :Analysis Value from : Lab Total Dissolved Solids  2018-02-01 18:01:32 Analysis Temp :Analysis Value from : Field Temp  2026-03-19 18:03:08 Analysis SAR :Analysis Value from : SAR 2018-06-19 18:01:44 Analysis Nitrate :Analysis Value from : Nitrate 2018-02-01 18:01:04,
00150062-0,Nevada Division of Environmental Protection,NV06-SC-42-D_00,Steamboat Creek @ Geiger Grade,SB7,1995-12-27 10:10:00,0.00,,,9.7,,,,,,,,,,,7.89,,,5,,,,,,< 0.1,0.000478,,25,,71,,,0,0,38,,,,95,,128,156,0.54,,,0.27,1.18,,0.11,,8.09,,,,2.7,,61,,499,22,312,,128,,0.18,20,9.6,,,,,,140,,,,,,2600,,< 1,,< 5,,,,10,,890,,< 5,,,,8,,,,< 0.5,,,,,,,< 1,,,,,,,,,,,,,,,< 5,,," Ammonia, Unionized :AUTOCALCULATE 2016-06-16 14:48:20 Using 1/2 AMNN Analysis DO :Analysis Value from : DO (field or ext)  2026-03-19 18:01:53 Analysis Hardness :Analysis Value from : Hardness 2018-02-01 18:01:08 Analysis pH :Analysis Value from : Field pH  2026-03-19 18:03:49 Analysis TDS :Analysis Value from : Lab Total Dissolved Solids  2018-02-01 18:01:32 Analysis Temp :Analysis Value from : Field Temp  2026-03-19 18:03:08 Analysis SAR :Analysis Value from : SAR 2018-06-19 18:01:44 Analysis Nitrate :Analysis Value from : Nitrate 2018-02-01 18:01:04",
00150063-0,Nevada Division of Environmental Protection,NV06-SC-42-D_00,Steamboat Creek @ Geiger Grade,SB7,1996-02-14 10:40:00,0.00,,,9,,,,,,,,,,,7.84,,,9.3,,,,,,< 0.1,0.000600,1.57,26,,78,,,0,0,,,,,102,,128,156,0.33,,,0.58,2.55,,0.12,,8.02,,,,2.8,,65,,520,28,345,,128,,0.18,15,10,,,,,,140,,,,,,2700,,< 1,,< 5,,,,10,,870,,< 5,,,,9,,,,< 0.5,,,,,,,< 1,,,,,,,,,,,,,,,20,,," Ammonia, Unionized :AUTOCALCULATE 2016-06-16 14:48:20 Using 1/2 AMNN Analysis DO :Analysis Value from : DO (field or ext)  2026-03-19 18:01:53 Analysis Hardness :Analysis Value from : Hardness 2018-02-01 18:01:08 Analysis pH :Analysis Value from : Field pH  2026-03-19 18:03:49 Analysis TDS :Analysis Value from : Lab Total Dissolved Solids  2018-02-01 18:01:32 Analysis Temp :Analysis Value from : Field Temp  2026-03-19 18:03:08 Analysis SAR :Analysis Value from : SAR 2018-06-19 18:01:44 Analysis Nitrate :Analysis Value from : Nitrate 2018-02-01 18:01:04",
00150064-0,Nevada Division of Environmental Protection,NV06-SC-42-D_00,Steamboat Creek @ Geiger Grade,SB7,1996-04-09 10:35:00,0.00,,,9.8,,,,,,,,,,,7.94,,,12,,,,,,< 0.1,0.000926,,26,,23,,,8,5,21,,,,94,,106,129,0.71,,,0.11,0.49,,0.17,,8.34,,,,1.3,,30,,298,7,190,,114,,0.29,31,18,,,,,,27,,,,,,400,,< 1,,< 5,,,,10,,870,,< 5,,,,7,,,,< 0.5,,,,,,,< 1,,,,,,,,,,,,,,,10,,," Ammonia, Unionized :AUTOCALCULATE 2016-06-16 14:48:20 Using 1/2 AMNN Analysis DO :Analysis Value from : DO (field or ext)  2026-03-19 18:01:53 Analysis Hardness :Analysis Value from : Hardness 2018-02-01 18:01:08 Analysis pH :Analysis Value from : Field pH  2026-03-19 18:03:49 Analysis TDS :Analysis Value from : Lab Total Dissolved Solids  2018-02-01 18:01:32 Analysis Temp :Analysis Value from : Field Temp  2026-03-19 18:03:08 Analysis SAR :Analysis Value from : SAR 2018-06-19 18:01:44 Analysis Nitrate :Analysis Value from : Nitrate 2018-02-01 18:01:04",
00150065-0,Nevada Division of Environmental Protection,NV06-SC-42-D_00,Steamboat Creek @ Geiger Grade,SB7,1996-06-18 11:15:00,0.00,,,8.8,,,,,,,,,,,,,,16,,,,,,< 0.1,< 0.003,1.45,19,,12,,,0,0,,,,,68,,90,110,0.63,,,0.02,0.07,,0.24,,7.97,,,,1.1,,21,,214,4,142,,90,,0.33,30,21,,,,,,18,,,,,,300,,< 1,,< 5,,,,10,,800,,< 5,,,,5,,,,< 0.5,,,,,,,< 1,,,,,,,,,,,,,,,10,,, Analysis DO :Analysis Value from : DO (field or ext)  2026-03-19 18:01:53 Analysis Hardness :Analysis Value from : Hardness 2018-02-01 18:01:08 Analysis TDS :Analysis Value from : Lab Total Dissolved Solids  2018-02-01 18:01:32 Analysis Temp :Analysis Value from : Field Temp  2026-03-19 18:03:08 Analysis SAR :Analysis Value from : SAR 2018-06-19 18:01:44 Analysis Nitrate :Analysis Value from : Nitrate 2018-02-01 18:01:04,
00150066-0,Nevada Division of Environmental Protection,NV06-SC-42-D_00,Steamboat Creek @ Geiger Grade,SB7,1996-08-13 10:40:00,0.00,,,7.8,,,,,,,,,,,7.91,,,21.5,,,,,,< 0.1,0.001731,,17,,105,,,8,5,16,,,,63,,90,110,1.46,,,0.01,0.03,,0.23,,8.35,,,,4.7,,86,,572,20,340,,98,,0.25,4,5.1,,,,,,390,,,,,,5000,,< 1,,< 5,,,,< 5,,650,,< 5,,,,5,,,,< 0.5,,,,,,,< 1,,,,,,,,,,,,,,,10,,," Ammonia, Unionized :AUTOCALCULATE 2016-06-16 14:48:20 Using 1/2 AMNN Analysis DO :Analysis Value from : DO (field or ext)  2026-03-19 18:01:53 Analysis Hardness :Analysis Value from : Hardness 2018-02-01 18:01:08 Analysis pH :Analysis Value from : Field pH  2026-03-19 18:03:49 Analysis TDS :Analysis Value from : Lab Total Dissolved Solids  2018-02-01 18:01:32 Analysis Temp :Analysis Value from : Field Temp  2026-03-19 18:03:08 Analysis SAR :Analysis Value from : SAR 2018-06-19 18:01:44 Analysis Nitrate :Analysis Value from : Nitrate 2018-02-01 18:01:04",
00150067-0,Nevada Division of Environmental Protection,NV06-SC-42-D_00,Steamboat Creek @ Geiger Grade,SB7,1996-10-08 10:30:00,0.00,,,7,,,,,,,,,,,7.83,,,17,,,,,,0.11,0.002308,0.49,33,,392,,,24,14,,,,,120,,164,200,0.63,,,0.05,0.2,,0.45,,8.39,,,,11.5,,290,,1767,66,1104,,188,,0.46,5,4.5,,,,,,680,,,,,,18700,,< 1,,< 5,,,,10,,600,,< 5,,,,9,,,,< 0.5,,,,,,,< 1,,,,,,,,,,,,,,,10,,," Ammonia, Unionized :AUTOCALCULATE 2016-06-16 14:48:20 Analysis DO :Analysis Value from : DO (field or ext)  2026-03-19 18:01:53 Analysis Hardness :Analysis Value from : Hardness 2018-02-01 18:01:08 Analysis pH :Analysis Value from : Field pH  2026-03-19 18:03:49 Analysis TDS :Analysis Value from : Lab Total Dissolved Solids  2018-02-01 18:01:32 Analysis Temp :Analysis Value from : Field Temp  2026-03-19 18:03:08 Analysis SAR :Analysis Value from : SAR 2018-06-19 18:01:44 Analysis Nitrate :Analysis Value from : Nitrate 2018-02-01 18:01:04",
00150068-0,Nevada Division of Environmental Protection,NV06-SC-42-D_00,Steamboat Creek @ Geiger Grade,SB7,1996-12-17 10:25:00,0.00,,,13,,,,,,,,,,,7.87,,,4.8,,,,,,< 0.1,0.000450,,30,,27,,,12,7,24,,,,108,,122,149,0.43,,,0.12,0.52,,0.12,,8.3,,,,1.5,,36,,365,7,242,,134,,0.22,24,18,,,,,,50,,,,,,800,,< 1,,< 5,,,,10,,750,,< 5,,,,8,,,,< 0.5,,,,,,,< 1,,,,,,,,,,,,,,,20,,," Ammonia, Unionized :AUTOCALCULATE 2016-06-16 14:48:20 Using 1/2 AMNN Analysis DO :Analysis Value from : DO (field or ext)  2026-03-19 18:01:53 Analysis Hardness :Analysis Value from : Hardness 2018-02-01 18:01:08 Analysis pH :Analysis Value from : Field pH  2026-03-19 18:03:49 Analysis TDS :Analysis Value from : Lab Total Dissolved Solids  2018-02-01 18:01:32 Analysis Temp :Analysis Value from : Field Temp  2026-03-19 18:03:08 Analysis SAR :Analysis Value from : SAR 2018-06-19 18:01:44 Analysis Nitrate :Analysis Value from : Nitrate 2018-02-01 18:01:04",
00150069-0,Nevada Division of Environmental Protection,NV06-SC-42-D_00,Steamboat Creek @ Geiger Grade,SB7,1997-02-12 10:55:00,0.00,,,14,,,,,,,,,,,8.02,,,5,,,,,,< 0.1,0.000643,,28,,13,,,0,0,,,,,99,,114,139,1.25,,,0.24,1.08,,0.26,,8.14,,,,1.2,,28,,283,8,216,,114,,0.45,74,60,,,,,,19,,,,,,300,,< 1,,< 5,,,,10,,1800,,7,,,,7,,,,0.9,,,,,,,< 1,,,,,,,,,,,,,,,20,,," Ammonia, Unionized :AUTOCALCULATE 2016-06-16 14:48:20 Using 1/2 AMNN Analysis DO :Analysis Value from : DO (field or ext)  2026-03-19 18:01:53 Analysis Hardness :Analysis Value from : Hardness 2018-02-01 18:01:08 Analysis pH :Analysis Value from : Field pH  2026-03-19 18:03:49 Analysis TDS :Analysis Value from : Lab Total Dissolved Solids  2018-02-01 18:01:32 Analysis Temp :Analysis Value from : Field Temp  2026-03-19 18:03:08 Analysis SAR :Analysis Value from : SAR 2018-06-19 18:01:44 Analysis Nitrate :Analysis Value from : Nitrate 2018-02-01 18:01:04",
00150070-0,Nevada Division of Environmental Protection,NV06-SC-42-D_00,Steamboat Creek @ Geiger Grade,SB7,1997-04-09 10:40:00,0.00,,,11.6,,,,,,,,,,,8.37,,,6.5,,,,,,< 0.1,0.001595,,28,,17,,,0,0,,,,,99,,132,161,1.07,,,0.07,0.32,,0.23,,8,,,,1.4,,31,,307,6,190,,132,,0.37,34,31,,,,,,26,,,,,,400,,< 1,,< 5,,,,10,,880,,< 5,,,,7,,,,< 0.5,,,,,,,< 1,,,,,,,,,,,,,,,20,,," Ammonia, Unionized :AUTOCALCULATE 2016-06-16 14:48:20 Using 1/2 AMNN Analysis DO :Analysis Value from : DO (field or ext)  2026-03-19 18:01:53 Analysis Hardness :Analysis Value from : Hardness 2018-02-01 18:01:08 Analysis pH :Analysis Value from : Field pH  2026-03-19 18:03:49 Analysis TDS :Analysis Value from : Lab Total Dissolved Solids  2018-02-01 18:01:32 Analysis Temp :Analysis Value from : Field Temp  2026-03-19 18:03:08 Analysis SAR :Analysis Value from : SAR 2018-06-19 18:01:44 Analysis Nitrate :Analysis Value from : Nitrate 2018-02-01 18:01:04",
00150071-0,Nevada Division of Environmental Protection,NV06-SC-42-D_00,Steamboat Creek @ Geiger Grade,SB7,1997-06-10 10:15:00,0.00,,,8.8,,,,,,,,,,,,,,14,,,,,,< 0.1,< 0.004,,21,,13,,,0,0,,,,,77,,96,117,0.69,,,0,0,,0.21,,8.18,,,,1.1,,22,,248,4,150,,96,,0.33,45,22,,,,,,28,,,,,,400,,< 1,,< 5,,,,< 5,,1180,,< 5,,,,6,,,,< 0.5,,,,,,,< 1,,,,,,,,,,,,,,,20,,, Analysis DO :Analysis Value from : DO (field or ext)  2026-03-19 18:01:53 Analysis Hardness :Analysis Value from : Hardness 2018-02-01 18:01:08 Analysis TDS :Analysis Value from : Lab Total Dissolved Solids  2018-02-01 18:01:32 Analysis Temp :Analysis Value from : Field Temp  2026-03-19 18:03:08 Analysis SAR :Analysis Value from : SAR 2018-06-19 18:01:44,
00150072-0,Nevada Division of Environmental Protection,NV06-SC-42-D_00,Steamboat Creek @ Geiger Grade,SB7,1997-08-12 10:15:00,0.00,,,8.74,,,,,,,,,,,8,,,19.9,,,,,,< 0.1,0.001890,,21.2,,83,,,8,5,,,,,78,,110,134,0.45,,,0.06,0.27,,0.25,,8.25,,,,3.55,,71.9,,539,17,329,,118,,0.34,9,9.7,,,,,,260,,,,,,4150,,< 1.4,,< 2.2,,,,< 2.3,,855,,< 0.9,,,,6,,,,0.11,,,,,,,< 0.7,,,,,,,,,,,,,,,2.1,,," Ammonia, Unionized :AUTOCALCULATE 2016-06-16 14:48:20 Using 1/2 AMNN Analysis DO :Analysis Value from : DO (field or ext)  2026-03-19 18:01:53 Analysis Hardness :Analysis Value from : Hardness 2018-02-01 18:01:08 Analysis pH :Analysis Value from : Field pH  2026-03-19 18:03:49 Analysis TDS :Analysis Value from : Lab Total Dissolved Solids  2018-02-01 18:01:32 Analysis Temp :Analysis Value from : Field Temp  2026-03-19 18:03:08 Analysis SAR :Analysis Value from : SAR 2018-06-19 18:01:44 Analysis Nitrate :Analysis Value from : Nitrate 2018-02-01 18:01:04",
00150073-0,Nevada Division of Environmental Protection,NV06-SC-42-D_00,Steamboat Creek @ Geiger Grade,SB7,1997-10-28 10:10:00,0.00,,,8.4,,,,,,,,,,,7.98,,,9,,,,,,< 0.1,0.000806,,28.3,,221,,,8,5,,,,,103,,150,183,0.42,,,0.03,0.12,,0.29,,8.54,,,,7.41,,173,,1133,48,688,,158,,0.46,8,6.1,,,,,,605,,,,,,11600,,< 1.3,,< 1.7,,,,< 1.5,,1010,,0.95,,,,7.88,,,,< 0.1,,,,,,,1,,,,,,,,,,,,,,,3,,," Ammonia, Unionized :AUTOCALCULATE 2016-06-16 14:48:20 Using 1/2 AMNN Analysis DO :Analysis Value from : DO (field or ext)  2026-03-19 18:01:53 Analysis Hardness :Analysis Value from : Hardness 2018-02-01 18:01:08 Analysis pH :Analysis Value from : Field pH  2026-03-19 18:03:49 Analysis TDS :Analysis Value from : Lab Total Dissolved Solids  2018-02-01 18:01:32 Analysis Temp :Analysis Value from : Field Temp  2026-03-19 18:03:08 Analysis SAR :Analysis Value from : SAR 2018-06-19 18:01:44 Analysis Nitrate :Analysis Value from : Nitrate 2018-02-01 18:01:04",
00150074-0,Nevada Division of Environmental Protection,NV06-SC-42-D_00,Steamboat Creek @ Geiger Grade,SB7,1997-12-16 10:10:00,0.00,,,8.8,,,,,,,,,,,8.83,,,3,,,,,,< 0.1,0.003335,,28.6,,115,,,16,10,,,,,110,,146,178,0.32,,,0.2,0.87,,0.17,,8.44,,,,4.1,,97.8,,739,24,438,,162,,0.25,13,8,,,,,,264,,,,,,5180,,< 1.3,,< 2.2,,,,< 1.9,,1060,,< 1.1,,,,9.37,,,,< 0.1,,,,,,,< 0.9,,,,,,,,,,,,,,,13.7,,," Ammonia, Unionized :AUTOCALCULATE 2016-06-16 14:48:20 Using 1/2 AMNN Analysis DO :Analysis Value from : DO (field or ext)  2026-03-19 18:01:53 Analysis Hardness :Analysis Value from : Hardness 2018-02-01 18:01:08 Analysis pH :Analysis Value from : Field pH  2026-03-19 18:03:49 Analysis TDS :Analysis Value from : Lab Total Dissolved Solids  2018-02-01 18:01:32 Analysis Temp :Analysis Value from : Field Temp  2026-03-19 18:03:08 Analysis SAR :Analysis Value from : SAR 2018-06-19 18:01:44 Analysis Nitrate :Analysis Value from : Nitrate 2018-02-01 18:01:04",
00150075-0,Nevada Division of Environmental Protection,NV06-SC-42-D_00,Steamboat Creek @ Geiger Grade,SB7,1998-02-10 10:25:00,0.00,,,7.68,,,,,,,,,,,8.36,,,4.5,,,,,,< 0.1,0.001333,,29.6,,63,,,0,0,,,,,112,,144,176,0.72,,,0.26,1.2,,0.1,,8.08,,,,2.18,,53.2,,528,17,309,,144,,0.19,24,14.5,,,,,,135,,,,,,2130,,< 1.3,,2.9,,,,< 1.9,,1180,,1.3,,,,9.36,,,,0.16,,,,,,,< 0.9,,,,,,,,,,,,,,,2.1,,," Ammonia, Unionized :AUTOCALCULATE 2016-06-16 14:48:20 Using 1/2 AMNN Analysis DO :Analysis Value from : DO (field or ext)  2026-03-19 18:01:53 Analysis Hardness :Analysis Value from : Hardness 2018-02-01 18:01:08 Analysis pH :Analysis Value from : Field pH  2026-03-19 18:03:49 Analysis TDS :Analysis Value from : Lab Total Dissolved Solids  2018-02-01 18:01:32 Analysis Temp :Analysis Value from : Field Temp  2026-03-19 18:03:08 Analysis SAR :Analysis Value from : SAR 2018-06-19 18:01:44 Analysis Nitrate :Analysis Value from : Nitrate 2018-02-01 18:01:04",
00150076-0,Nevada Division of Environmental Protection,NV06-SC-42-D_00,Steamboat Creek @ Geiger Grade,SB7,1998-04-14 10:25:00,0.00,,,14.5,,,,,,,,,,,8.33,,,6.6,,,,,,< 0.1,0.001470,,31.5,,21,,,0,0,,,,,115,,148,181,0.8,,,0.05,0.2,,0.23,,8.19,,,,1.49,,36.7,,396,10,233,,148,,0.21,20,19,,,,,,10.8,,,,,,493,,< 1.2,,< 2,,,,2.3,,1100,,0.89,,,,8.84,,,,0.44,,,,,,,< 0.6,,,,,,,,,,,,,,,19,,," Ammonia, Unionized :AUTOCALCULATE 2016-06-16 14:48:20 Using 1/2 AMNN Analysis DO :Analysis Value from : DO (field or ext)  2026-03-19 18:01:53 Analysis Hardness :Analysis Value from : Hardness 2018-02-01 18:01:08 Analysis pH :Analysis Value from : Field pH  2026-03-19 18:03:49 Analysis TDS :Analysis Value from : Lab Total Dissolved Solids  2018-02-01 18:01:32 Analysis Temp :Analysis Value from : Field Temp  2026-03-19 18:03:08 Analysis SAR :Analysis Value from : SAR 2018-06-19 18:01:44 Analysis Nitrate :Analysis Value from : Nitrate 2018-02-01 18:01:04",
00150077-0,Nevada Division of Environmental Protection,NV06-SC-42-D_00,Steamboat Creek @ Geiger Grade,SB7,1998-06-16 10:10:00,0.00,,,10.3,,,,,,,,,,,8.07,,,14.2,,,,,,< 0.1,0.001464,,24.1,,14,,,0,0,,,,,87,,108,132,0.49,,,0.05,0.2,,0.12,,8.13,,,,1.08,,23.3,,280,5,161,,108,,0.23,38,16,,,,,,25.5,,,,,,308,,< 1.2,,< 2,,,,6.3,,2090,,2.1,,,,6.63,,,,0.21,,,,,,,< 0.5,,,,,,,,,,,,,,,12.6,,," Ammonia, Unionized :AUTOCALCULATE 2016-06-16 14:48:20 Using 1/2 AMNN Analysis DO :Analysis Value from : DO (field or ext)  2026-03-19 18:01:53 Analysis Hardness :Analysis Value from : Hardness 2018-02-01 18:01:08 Analysis pH :Analysis Value from : Field pH  2026-03-19 18:03:49 Analysis TDS :Analysis Value from : Lab Total Dissolved Solids  2018-02-01 18:01:32 Analysis Temp :Analysis Value from : Field Temp  2026-03-19 18:03:08 Analysis SAR :Analysis Value from : SAR 2018-06-19 18:01:44 Analysis Nitrate :Analysis Value from : Nitrate 2018-02-01 18:01:04",
00150078-0,Nevada Division of Environmental Protection,NV06-SC-42-D_00,Steamboat Creek @ Geiger Grade,SB7,1998-08-11 12:35:00,0.00,,,6.2,,,,,,,,,,,7.93,,,28,,,,,,< 0.1,0.002809,,29,,290,,,0,0,,,,,103,,168,205,0.66,,,0,0,,0.55,,7.98,,,,7.88,,184,,1361,55,831,,168,,0.6,9,5.2,,,,,,773,,,,,,14500,,< 1.4,,< 2.1,,,,< 1.8,,825,,1.1,,,,7.47,,,,< 0.1,,,,,,,< 0.6,,,,,,,,,,,,,,,7.2,,," Ammonia, Unionized :AUTOCALCULATE 2016-06-16 14:48:20 Using 1/2 AMNN Analysis DO :Analysis Value from : DO (field or ext)  2026-03-19 18:01:53 Analysis Hardness :Analysis Value from : Hardness 2018-02-01 18:01:08 Analysis pH :Analysis Value from : Field pH  2026-03-19 18:03:49 Analysis TDS :Analysis Value from : Lab Total Dissolved Solids  2018-02-01 18:01:32 Analysis Temp :Analysis Value from : Field Temp  2026-03-19 18:03:08 Analysis SAR :Analysis Value from : SAR 2018-06-19 18:01:44",
00150079-0,Nevada Division of Environmental Protection,NV06-SC-42-D_00,Steamboat Creek @ Geiger Grade,SB7,1998-10-13 10:45:00,0.00,,,9.22,,,,,,,,,,,8.08,,,11.7,,,,,,0.05,0.000621,,,,60,,,< 20,< 12,,,,,,,120,146,0.46,,,0.07,0.31,,< 0.06,,,,,,,,,,,14,300,,120,,0.13,< 10,,,,,,,,,,,,,,,,,,,,,,,,,,,,,,,,,,,,,,,,,,,,,,,,,,,,,,,,,," Ammonia, Unionized :AUTOCALCULATE 2016-06-16 14:48:20 Using 1/2 AMNN Analysis DO :Analysis Value from : DO (field or ext)  2026-03-19 18:01:53 Analysis pH :Analysis Value from : Field pH  2026-03-19 18:03:49 Analysis TDS :Analysis Value from : Lab Total Dissolved Solids  2018-02-01 18:01:32 Analysis Temp :Analysis Value from : Field Temp  2026-03-19 18:03:08 Analysis Nitrate :Analysis Value from : Nitrate 2018-02-01 18:01:04",
00150080-0,Nevada Division of Environmental Protection,NV06-SC-42-D_00,Steamboat Creek @ Geiger Grade,SB7,1998-12-15 10:45:00,0.00,,,14.11,,,,,,,,,,,,,,5.6,,,,,,< 0.1,< 0.0008,,24,,64,,,0,0,,,,,93,,128,156,0.55,,,0.2,0.89,,0.13,,7.83,,,,2.8,,62,,537,14,319,,128,,0.2,15,9.1,,,,,,193,,,,,,2800,,< 1,,< 5,,,,10,,670,,< 5,,,,8,,,,0.5,,,,,,,< 2,,,,,,,,,,,,,,,< 50,,, Analysis DO :Analysis Value from : DO (field or ext)  2026-03-19 18:01:53 Analysis Hardness :Analysis Value from : Hardness 2018-02-01 18:01:08 Analysis TDS :Analysis Value from : Lab Total Dissolved Solids  2018-02-01 18:01:32 Analysis Temp :Analysis Value from : Field Temp  2026-03-19 18:03:08 Analysis SAR :Analysis Value from : SAR 2018-06-19 18:01:44 Analysis Nitrate :Analysis Value from : Nitrate 2018-02-01 18:01:04,
00150081-0,Nevada Division of Environmental Protection,NV06-SC-42-D_00,Steamboat Creek @ Geiger Grade,SB7,1999-02-02 10:15:00,0.00,,,9.52,,,,,,,,,,,8.46,,,3.5,,,,,,< 0.1000,0.001539,,31,32,28,,,0,0,,,,,115,117,148,181,0.63,,,0.18,0.8,,0.14,,8.07,,,,1.8,1.9,44,47,435,10,257,,148,,0.22,19,19.4,,,,,,57,52,,,,,900,1000,< 1.0000,< 1.0000,< 5.0000,< 5.0000,,,< 20.0000,< 20.0000,1090,300,< 5.0000,< 5.0000,,,9,9,,,< 0.5000,< 0.5000,,,,,,< 2.0000,< 4.0000,,,,,,,,,,,,,,< 50.0000,60,," Ammonia, Unionized :AUTOCALCULATE 2016-06-16 14:48:20 Using 1/2 AMNN Analysis DO :Analysis Value from : DO (field or ext)  2026-03-19 18:01:53 Analysis Hardness :Analysis Value from : Hardness Diss  2018-02-01 18:01:08 Analysis pH :Analysis Value from : Field pH  2026-03-19 18:03:49 Analysis TDS :Analysis Value from : Lab Total Dissolved Solids  2018-02-01 18:01:32 Analysis Temp :Analysis Value from : Field Temp  2026-03-19 18:03:08 Analysis SAR :Analysis Value from : SAR Diss  2018-06-19 18:01:44 Analysis Nitrate :Analysis Value from : Nitrate 2018-02-01 18:01:04",
00150082-0,Nevada Division of Environmental Protection,NV06-SC-42-D_00,Steamboat Creek @ Geiger Grade,SB7,1999-04-13 10:50:00,0.00,,,13.84,,,,,,,,,,,8.28,,,8.3,,,,,,< 0.1000,0.001499,,31,,21,,,0,0,,,,,115,,142,173,0.77,,,0.25,1.11,,0.23,,8.02,,,,1.5,,36,,375,8,252,,142,,0.34,61,61.7,,,,,,31,,,,,,400,,< 1.0000,,< 5.0000,,,,< 20.0000,,2190,,6,,,,9,,,,< 0.5000,,,,,,,< 2.0000,,,,,,,,,,,,,,,< 50.0000,,," Ammonia, Unionized :AUTOCALCULATE 2016-06-16 14:48:20 Using 1/2 AMNN Analysis DO :Analysis Value from : DO (field or ext)  2026-03-19 18:01:53 Analysis Hardness :Analysis Value from : Hardness 2018-02-01 18:01:08 Analysis pH :Analysis Value from : Field pH  2026-03-19 18:03:49 Analysis TDS :Analysis Value from : Lab Total Dissolved Solids  2018-02-01 18:01:32 Analysis Temp :Analysis Value from : Field Temp  2026-03-19 18:03:08 Analysis SAR :Analysis Value from : SAR 2018-06-19 18:01:44 Analysis Nitrate :Analysis Value from : Nitrate 2018-02-01 18:01:04",
00150083-0,Nevada Division of Environmental Protection,NV06-SC-42-D_00,Steamboat Creek @ Geiger Grade,SB7,1999-06-15 15:10:00,0.00,,,7.67,,,,,,,,,,,8.31,,,20.7,,,,,,< 0.1000,0.003918,,22,21,16,,,0,0,,,,,80,77,102,124,0.72,,,0.07,0.31,,0.17,,7.96,,,,1.2,1.3,25,27,279,5,171,,102,,0.29,48,28.1,,,,,,34,31,,,,,400,400,< 1.0000,< 1.0000,< 5.0000,< 5.0000,,,< 20.0000,< 20.0000,1520,370,< 5.0000,< 5.0000,,,6,6,,,0.8,< 0.5000,,,,,,< 2.0000,< 2.0000,,,,,,,,,,,,,,< 50.0000,< 50.0000,," Ammonia, Unionized :AUTOCALCULATE 2016-06-16 14:48:20 Using 1/2 AMNN Analysis DO :Analysis Value from : DO (field or ext)  2026-03-19 18:01:53 Analysis Hardness :Analysis Value from : Hardness Diss  2018-02-01 18:01:08 Analysis pH :Analysis Value from : Field pH  2026-03-19 18:03:49 Analysis TDS :Analysis Value from : Lab Total Dissolved Solids  2018-02-01 18:01:32 Analysis Temp :Analysis Value from : Field Temp  2026-03-19 18:03:08 Analysis SAR :Analysis Value from : SAR Diss  2018-06-19 18:01:44 Analysis Nitrate :Analysis Value from : Nitrate 2018-02-01 18:01:04",
00150084-0,Nevada Division of Environmental Protection,NV06-SC-42-D_00,Steamboat Creek @ Geiger Grade,SB7,1999-08-10 11:55:00,0.00,,,9.62,,,,,,,,,,,8.14,,,18.8,,,,,,< 0.1000,0.002382,,30,29,90,,,0,0,,,,,112,105,158,193,0.7,,,0.02,0.09,,0.32,,7.76,,,,3.6,3.8,88,90,654,18,402,,158,,0.43,15,25.6,,,,,,305,308,,,,,4200,4300,< 1.0000,< 1.0000,< 5.0000,< 5.0000,,,< 20.0000,< 20.0000,1170,300,< 5.0000,< 5.0000,,,9,8,,,< 0.5000,< 0.5000,,,,,,< 4.0000,< 4.0000,,,,,,,,,,,,,,< 50.0000,< 50.0000,," Ammonia, Unionized :AUTOCALCULATE 2016-06-16 14:48:20 Using 1/2 AMNN Analysis DO :Analysis Value from : DO (field or ext)  2026-03-19 18:01:53 Analysis Hardness :Analysis Value from : Hardness Diss  2018-02-01 18:01:08 Analysis pH :Analysis Value from : Field pH  2026-03-19 18:03:49 Analysis TDS :Analysis Value from : Lab Total Dissolved Solids  2018-02-01 18:01:32 Analysis Temp :Analysis Value from : Field Temp  2026-03-19 18:03:08 Analysis SAR :Analysis Value from : SAR Diss  2018-06-19 18:01:44 Analysis Nitrate :Analysis Value from : Nitrate 2018-02-01 18:01:04",
00150085-0,Nevada Division of Environmental Protection,NV06-SC-42-D_00,Steamboat Creek @ Geiger Grade,SB7,1999-10-13 10:30:00,0.00,,,6.14,,,,,,,,,,,8.22,,,16.7,,,,,,< 0.1000,0.002446,,33,33,383,,,0,0,,,,,120,119,202,246,0.64,,,0,0,,0.68,,7.83,,,,11.9,11.7,299,294,1709,71,1060,,202,,0.84,10,8.5,,,,,,1300,1230,,,,,18200,18700,< 1.0000,< 1.0000,< 5.0000,< 5.0000,,,< 20.0000,< 20.0000,890,300,< 5.0000,< 5.0000,,,9,9,,,< 0.5000,< 0.5000,,,,,,< 6.0000,< 6.0000,,,,,,,,,,,,,,< 50.0000,50,," Ammonia, Unionized :AUTOCALCULATE 2016-06-16 14:48:20 Using 1/2 AMNN Analysis DO :Analysis Value from : DO (field or ext)  2026-03-19 18:01:53 Analysis Hardness :Analysis Value from : Hardness Diss  2018-02-01 18:01:08 Analysis pH :Analysis Value from : Field pH  2026-03-19 18:03:49 Analysis TDS :Analysis Value from : Lab Total Dissolved Solids  2018-02-01 18:01:32 Analysis Temp :Analysis Value from : Field Temp  2026-03-19 18:03:08 Analysis SAR :Analysis Value from : SAR Diss  2018-06-19 18:01:44",
00150086-0,Nevada Division of Environmental Protection,NV06-SC-42-D_00,Steamboat Creek @ Geiger Grade,SB7,1999-12-20 10:45:00,0.00,,,13.83,,,,,,,,,,,8.45,,,8.9,,,,,,< 0.1000,0.002288,,31,30,119,,,0,0,,,,,119,116,178,217,0.31,,,0.16,0.71,,0.2,,7.81,,,,4.2,4.2,106,105,857,27,468,,178,,0.31,26,1.8,,,,,,300,300,,,,,5300,5300,< 1.0000,< 1.0000,< 5.0000,< 5.0000,,,< 20.0000,< 20.0000,1080,300,< 5.0000,< 5.0000,,,10,10,,,< 0.5000,< 0.5000,,,,,,3,< 3.0000,,,,,,,,,,,,,,< 50.0000,< 50.0000,," Ammonia, Unionized :AUTOCALCULATE 2016-06-16 14:48:20 Using 1/2 AMNN Analysis DO :Analysis Value from : DO (field or ext)  2026-03-19 18:01:53 Analysis Hardness :Analysis Value from : Hardness Diss  2018-02-01 18:01:08 Analysis pH :Analysis Value from : Field pH  2026-03-19 18:03:49 Analysis TDS :Analysis Value from : Lab Total Dissolved Solids  2018-02-01 18:01:32 Analysis Temp :Analysis Value from : Field Temp  2026-03-19 18:03:08 Analysis SAR :Analysis Value from : SAR Diss  2018-06-19 18:01:44 Analysis Nitrate :Analysis Value from : Nitrate 2018-02-01 18:01:04",
00150087-0,Nevada Division of Environmental Protection,NV06-SC-42-D_00,Steamboat Creek @ Geiger Grade,SB7,2000-02-09 10:40:00,0.00,,,9.35,,,,,,,,,,,8.67,,,11.9,,,,,,< 0.1000,0.004572,,31,31,95,,,0,0,,,,,123,123,172,210,0.28,,,0.15,0.66,,0.17,,7.9,,,,3.3,3.3,85,83,734,24,420,,172,,0.22,4,6,,,,,,268,275,,,,,3700,3600,< 1.0000,< 1.0000,< 1.0000,< 1.0000,,,< 20.0000,< 20.0000,580,300,< 2.0000,< 2.0000,,,11,11,,,< 0.5000,< 0.5000,,,,,,< 2.0000,< 2.0000,,,,,,,,,,,,,,< 50.0000,60,," Ammonia, Unionized :AUTOCALCULATE 2016-06-16 14:48:20 Using 1/2 AMNN Analysis DO :Analysis Value from : DO (field or ext)  2026-03-19 18:01:53 Analysis Hardness :Analysis Value from : Hardness Diss  2018-02-01 18:01:08 Analysis pH :Analysis Value from : Field pH  2026-03-19 18:03:49 Analysis TDS :Analysis Value from : Lab Total Dissolved Solids  2018-02-01 18:01:32 Analysis Temp :Analysis Value from : Field Temp  2026-03-19 18:03:08 Analysis SAR :Analysis Value from : SAR Diss  2018-06-19 18:01:44 Analysis Nitrate :Analysis Value from : Nitrate 2018-02-01 18:01:04",
00150088-0,Nevada Division of Environmental Protection,NV06-SC-42-D_00,Steamboat Creek @ Geiger Grade,SB7,2000-04-10 10:30:00,0.00,,,,,,,,,,,,,,7.46,,,15.2,,,,,,< 0.1000,0.000396,,24,23,38,,,0,0,,,,,89,86,104,127,0.61,,,0.02,0.09,,0.11,,8.1,,,,1.7,1.8,37,39,352,10,236,,104,,0.19,46,51.7,,,,,,81,83,,,,,1200,1200,< 1.0000,< 1.0000,< 2.0000,< 2.0000,,,< 20.0000,< 20.0000,2210,610,4,< 2.0000,,,7,7,,,< 0.5000,< 0.5000,,,,,,< 1.0000,< 1.0000,,,,,,,,,,,,,,< 50.0000,< 50.0000,," Ammonia, Unionized :AUTOCALCULATE 2016-06-16 14:48:20 Using 1/2 AMNN Analysis Hardness :Analysis Value from : Hardness Diss  2018-02-01 18:01:08 Analysis pH :Analysis Value from : Field pH  2026-03-19 18:03:49 Analysis TDS :Analysis Value from : Lab Total Dissolved Solids  2018-02-01 18:01:32 Analysis Temp :Analysis Value from : Field Temp  2026-03-19 18:03:08 Analysis SAR :Analysis Value from : SAR Diss  2018-06-19 18:01:44 Analysis Nitrate :Analysis Value from : Nitrate 2018-02-01 18:01:04",
00150089-0,Nevada Division of Environmental Protection,NV06-SC-42-D_00,Steamboat Creek @ Geiger Grade,SB7,2000-06-13 10:20:00,0.00,,,7.5,,,,,,,,,,,,,,20.75,,,,,,< 0.1000,< 0.006,,18,18,127,,,0,0,,,,,66,66,98,120,0.42,,,0,0,,0.23,,8.19,,,,4.7,5,88,93,668,23,364,,98,,0.29,12,5.9,,,,,,412,405,,,,,5700,5800,< 1.0000,< 1.0000,< 1.0000,< 1.0000,,,< 20.0000,< 20.0000,540,240,< 2.0000,< 2.0000,,,5,5,,,< 0.5000,< 0.5000,,,,,,< 1.0000,< 1.0000,,,,,,,,,,,,,,< 50.0000,< 50.0000,, Analysis DO :Analysis Value from : DO (field or ext)  2026-03-19 18:01:53 Analysis Hardness :Analysis Value from : Hardness Diss  2018-02-01 18:01:08 Analysis TDS :Analysis Value from : Lab Total Dissolved Solids  2018-02-01 18:01:32 Analysis Temp :Analysis Value from : Field Temp  2026-03-19 18:03:08 Analysis SAR :Analysis Value from : SAR Diss  2018-06-19 18:01:44,
00150090-0,Nevada Division of Environmental Protection,NV06-SC-42-D_00,Steamboat Creek @ Geiger Grade,SB7,2000-12-19 10:25:00,0.00,,,9.8,,,,,,,,,,,8.05,,,4,,,,,,< 0.1000,0.000635,,30,30,119,,,0,0,,,,,120,116,176,215,0.35,,,0.06,0.27,,0.18,,8.08,,,,4.2,4.2,106,104,763,26,428,,176,,0.23,12,6.6,,,,,,310,293,,,,,5100,5000,< 1.0000,< 1.0000,< 2.0000,< 2.0000,,,20,20,640,260,< 2.0000,< 2.0000,,,11,10,,,< 0.5000,< 0.5000,,,,,,< 2.0000,< 2.0000,,,,,,,,,,,,,,< 50.0000,120,," Ammonia, Unionized :AUTOCALCULATE 2016-06-16 14:48:20 Using 1/2 AMNN Analysis DO :Analysis Value from : DO (field or ext)  2026-03-19 18:01:53 Analysis Hardness :Analysis Value from : Hardness Diss  2018-02-01 18:01:08 Analysis pH :Analysis Value from : Field pH  2026-03-19 18:03:49 Analysis TDS :Analysis Value from : Lab Total Dissolved Solids  2018-02-01 18:01:32 Analysis Temp :Analysis Value from : Field Temp  2026-03-19 18:03:08 Analysis SAR :Analysis Value from : SAR Diss  2018-06-19 18:01:44 Analysis Nitrate :Analysis Value from : Nitrate 2018-02-01 18:01:04",
00150091-0,Nevada Division of Environmental Protection,NV06-SC-42-D_00,Steamboat Creek @ Geiger Grade,SB7,2001-02-13 10:50:00,0.00,,,10.76,,,,,,,,,,,7.82,,,6.1,,,,,,< 0.1000,0.000445,,28,29,105,,,0,0,,,,,111,114,168,205,0.35,,,,,0.08,0.16,,8.22,,,,3.8,3.9,93,96,689,24,392,,168,,0.21,6,5.5,,,,,,267,268,,,,,4300,4400,< 2.0000,< 2.0000,< 5.0000,< 5.0000,,,< 20.0000,< 20.0000,470,250,< 5.0000,< 5.0000,,,10,10,,,< 0.5000,< 0.5000,,,,,,< 5.0000,< 5.0000,,,,,,,,,,,,,,< 50.0000,80,," Ammonia, Unionized :AUTOCALCULATE 2016-06-16 14:48:20 Using 1/2 AMNN Analysis DO :Analysis Value from : DO (field or ext)  2026-03-19 18:01:53 Analysis Hardness :Analysis Value from : Hardness Diss  2018-02-01 18:01:08 Analysis pH :Analysis Value from : Field pH  2026-03-19 18:03:49 Analysis TDS :Analysis Value from : Lab Total Dissolved Solids  2018-02-01 18:01:32 Analysis Temp :Analysis Value from : Field Temp  2026-03-19 18:03:08 Analysis SAR :Analysis Value from : SAR Diss  2018-06-19 18:01:44 Analysis Nitrate :Analysis Value from : Nitrate Nitrite  2018-02-01 18:01:04",
00150092-0,Nevada Division of Environmental Protection,NV06-SC-42-D_00,Steamboat Creek @ Geiger Grade,SB7,2001-04-10 10:55:00,0.00,,,11.75,,,,,,,,,,,8.07,,,10.3,,,,,,< 0.1000,0.001091,,29,29,144,,,0,0,,,,,114,114,184,224,0.4,,,,,0,0.24,,8.24,,,,4.9,5,121,123,871,32,504,,184,,0.28,5,5.1,,,,,,396,404,,,,,6300,6300,< 1.0000,< 1.0000,< 5.0000,< 5.0000,,,< 20.0000,< 20.0000,510,320,< 5.0000,< 5.0000,,,10,10,,,< 0.5000,< 0.5000,,,,,,< 1.0000,< 1.0000,,,,,,,,,,,,,,< 50.0000,80,," Ammonia, Unionized :AUTOCALCULATE 2016-06-16 14:48:20 Using 1/2 AMNN Analysis DO :Analysis Value from : DO (field or ext)  2026-03-19 18:01:53 Analysis Hardness :Analysis Value from : Hardness Diss  2018-02-01 18:01:08 Analysis pH :Analysis Value from : Field pH  2026-03-19 18:03:49 Analysis TDS :Analysis Value from : Lab Total Dissolved Solids  2018-02-01 18:01:32 Analysis Temp :Analysis Value from : Field Temp  2026-03-19 18:03:08 Analysis SAR :Analysis Value from : SAR Diss  2018-06-19 18:01:44",
00150093-0,Nevada Division of Environmental Protection,NV06-SC-42-D_00,Steamboat Creek @ Geiger Grade,SB7,2001-06-18 11:25:00,0.00,,,10.4,,,,,,,,,,,8.03,,,20,,,,,,< 0.1000,0.002034,,13,13,138,,,0,0,,,,,49,49,100,122,0.25,,,,,0,0.32,,8.05,,,,6.8,6.8,110,110,698,24,396,,100,,0.34,3,2.5,,,,,,517,480,,,,,6700,6700,< 1.0000,< 1.0000,< 2.0000,< 2.0000,,,< 20.0000,< 20.0000,290,220,< 2.0000,< 2.0000,,,4,4,,,< 0.5000,< 0.5000,,,,,,< 2.0000,< 2.0000,,,,,,,,,,,,,,< 50.0000,50,," Ammonia, Unionized :AUTOCALCULATE 2016-06-16 14:48:20 Using 1/2 AMNN Analysis DO :Analysis Value from : DO (field or ext)  2026-03-19 18:01:53 Analysis Hardness :Analysis Value from : Hardness Diss  2018-02-01 18:01:08 Analysis pH :Analysis Value from : Field pH  2026-03-19 18:03:49 Analysis TDS :Analysis Value from : Lab Total Dissolved Solids  2018-02-01 18:01:32 Analysis Temp :Analysis Value from : Field Temp  2026-03-19 18:03:08 Analysis SAR :Analysis Value from : SAR Diss  2018-06-19 18:01:44",
00150094-0,Nevada Division of Environmental Protection,NV06-SC-42-D_00,Steamboat Creek @ Geiger Grade,SB7,2001-08-14 10:42:00,0.00,,,11.2,,,,,,,,,,,7.88,,,23,,,,,,< 0.1000,0.001798,,11,10,133,,,0,0,,,,,40,37,88,107,0.17,,,,,0.01,0.34,,8.24,,,,7.4,7.6,108,107,615,24,352,,88,,0.36,0,1.8,,,,,,479,500,,,,,6500,6100,< 1.0000,< 1.0000,3,< 2.0000,,,< 20.0000,< 20.0000,250,100,< 2.0000,< 2.0000,,,3,3,,,< 0.5000,< 0.5000,,,,,,< 2.0000,< 2.0000,,,,,,,,,,,,,,< 50.0000,< 50.0000,," Ammonia, Unionized :AUTOCALCULATE 2016-06-16 14:48:20 Using 1/2 AMNN Analysis DO :Analysis Value from : DO (field or ext)  2026-03-19 18:01:53 Analysis Hardness :Analysis Value from : Hardness Diss  2018-02-01 18:01:08 Analysis pH :Analysis Value from : Field pH  2026-03-19 18:03:49 Analysis TDS :Analysis Value from : Lab Total Dissolved Solids  2018-02-01 18:01:32 Analysis Temp :Analysis Value from : Field Temp  2026-03-19 18:03:08 Analysis SAR :Analysis Value from : SAR Diss  2018-06-19 18:01:44 Analysis Nitrate :Analysis Value from : Nitrate Nitrite  2018-02-01 18:01:04",
00150095-0,Nevada Division of Environmental Protection,NV06-SC-42-D_00,Steamboat Creek @ Geiger Grade,SB7,2001-10-09 11:09:00,0.00,,,6.5,,,,,,,,,,,7.9,,,13.2,,,,,,< 0.1000,0.000927,,11,11,94,,,0,0,,,,,40,40,78,95,0.19,,,,,0.01,0.17,,8.09,,,,5,5.3,72,77,510,17,290,,78,,0.2,1,1.6,,,,,,320,292,,,,,4200,4300,< 1.0000,< 1.0000,< 2.0000,< 2.0000,,,< 20.0000,< 20.0000,160,90,< 2.0000,< 2.0000,,,3,3,,,< 0.5000,< 0.5000,,,,,,< 5.0000,< 2.0000,,,,,,,,,,,,,,< 50.0000,70,," Ammonia, Unionized :AUTOCALCULATE 2016-06-16 14:48:20 Using 1/2 AMNN Analysis DO :Analysis Value from : DO (field or ext)  2026-03-19 18:01:53 Analysis Hardness :Analysis Value from : Hardness Diss  2018-02-01 18:01:08 Analysis pH :Analysis Value from : Field pH  2026-03-19 18:03:49 Analysis TDS :Analysis Value from : Lab Total Dissolved Solids  2018-02-01 18:01:32 Analysis Temp :Analysis Value from : Field Temp  2026-03-19 18:03:08 Analysis SAR :Analysis Value from : SAR Diss  2018-06-19 18:01:44 Analysis Nitrate :Analysis Value from : Nitrate Nitrite  2018-02-01 18:01:04",
00150096-0,Nevada Division of Environmental Protection,NV06-SC-42-D_00,Steamboat Creek @ Geiger Grade,SB7,2002-02-05 10:35:00,0.00,,,10.1,,,,,,,,,,,7.9,,,4,,,,,,< 0.1000,0.000451,,25,27,98,,,0,0,,,,,100,104,154,188,0.34,,,,,0.2,0.14,,8.13,,,,3.6,3.7,83,87,650,28,388,,154,,0.16,5,2.3,,,,,,210,200,,,,,3700,4000,< 1.0000,< 1.0000,< 2.0000,< 2.0000,,,< 20.0000,< 20.0000,260,180,< 2.0000,< 2.0000,,,9,9,,,< 0.5000,< 0.5000,,,,,,< 2.0000,< 2.0000,,,,,,,,,,,,,,< 50.0000,70,," Ammonia, Unionized :AUTOCALCULATE 2016-06-16 14:48:20 Using 1/2 AMNN Analysis DO :Analysis Value from : DO (field or ext)  2026-03-19 18:01:53 Analysis Hardness :Analysis Value from : Hardness Diss  2018-02-01 18:01:08 Analysis pH :Analysis Value from : Field pH  2026-03-19 18:03:49 Analysis TDS :Analysis Value from : Lab Total Dissolved Solids  2018-02-01 18:01:32 Analysis Temp :Analysis Value from : Field Temp  2026-03-19 18:03:08 Analysis SAR :Analysis Value from : SAR Diss  2018-06-19 18:01:44 Analysis Nitrate :Analysis Value from : Nitrate Nitrite  2018-02-01 18:01:04",
00150097-0,Nevada Division of Environmental Protection,NV06-SC-42-D_00,Steamboat Creek @ Geiger Grade,SB7,2002-04-10 10:20:00,0.00,,,10.5,,,,,,,,,,,7.95,,,11.1,,,,,,< 0.1000,0.000885,,28,29,300,,,0,0,,,,,107,109,194,237,0.25,,,,,0,0.43,,8,,,,9.7,10.4,230,250,1400,58,905,,194,,0.45,1,1.6,,,,,,770,750,,,,,12400,13100,< 2.0000,< 2.0000,< 2.0000,< 2.0000,,,< 20.0000,< 20.0000,210,140,< 2.0000,< 2.0000,,,9,9,,,< 0.5000,< 0.5000,,,,,,< 2.0000,< 2.0000,,,,,,,,,,,,,,< 50.0000,90,," Ammonia, Unionized :AUTOCALCULATE 2016-06-16 14:48:20 Using 1/2 AMNN Analysis DO :Analysis Value from : DO (field or ext)  2026-03-19 18:01:53 Analysis Hardness :Analysis Value from : Hardness Diss  2018-02-01 18:01:08 Analysis pH :Analysis Value from : Field pH  2026-03-19 18:03:49 Analysis TDS :Analysis Value from : Lab Total Dissolved Solids  2018-02-01 18:01:32 Analysis Temp :Analysis Value from : Field Temp  2026-03-19 18:03:08 Analysis SAR :Analysis Value from : SAR Diss  2018-06-19 18:01:44",
00150098-0,Nevada Division of Environmental Protection,NV06-SC-42-D_00,Steamboat Creek @ Geiger Grade,SB7,2004-06-10 08:45:00,0.00,,,11.21,,,,,,,,,,,7.69,,,14.53,,,,,,< 0.1000,0.000636,,,18,160,,,< 20.0000,< 12.0000,,,,700,,70,128,156,0.4,< 0.9,0.4,,,< 0.5000,0.36,,7.96,,,,,6.78,,130,810,21,492,15.2,128,2005,0.39,< 10.0000,1.6,,,,< 5.0000,,490,480,60,,< 2.0000,,7800,,< 1.0000,< 1.0000,< 2.0000,< 2.0000,,,< 2.0000,< 2.0000,310,,< 1.0000,< 1.0000,,,,6,40,,< 0.2000,< 0.2000,< 10.0000,,< 5.0000,< 5.0000,,< 2.0000,< 2.0000,,,,< 2.0000,< 1.0000,,,,,,,,,< 10.0000,99,," Ammonia, Unionized :AUTOCALCULATE 2016-06-16 14:48:20 Using 1/2 AMNN Analysis DO :Analysis Value from : DO (field or ext)  2026-03-19 18:01:53 Analysis Hardness :Analysis Value from : Hardness Diss  2018-02-01 18:01:08 Analysis pH :Analysis Value from : Field pH  2026-03-19 18:03:49 Analysis TDS :Analysis Value from : Lab Total Dissolved Solids  2018-02-01 18:01:32 Analysis Temp :Analysis Value from : Field Temp  2026-03-19 18:03:08 Analysis SAR :Analysis Value from : SAR Diss  2018-06-19 18:01:44 Analysis Nitrate :Analysis Value from : Nitrate Nitrite  2018-02-01 18:01:04",
00150099-0,Nevada Division of Environmental Protection,NV06-SC-42-D_00,Steamboat Creek @ Geiger Grade,SB7,2006-06-21 10:40:00,0.00,,,14,,,,,,,,,,,8,308,,13.7,,,,,,< 0.1000,0.001205,,,,16,,,< 20.0000,< 12.0000,,,,< 100.0000,,,50,61,0.3,< 0.4,0.3,,,< 0.1000,0.05,,8.13,,,,,,,,190,< 5.0000,136,20.6,50,2005,0.11,15,8.6,,,,< 5.0000,,24,,40,,< 2.0000,,200,,< 1.0000,,< 2.0000,,,,< 2.0000,,770,,< 1.0000,,,,,,40,,< 0.2000,,< 10.0000,,< 5.0000,,,< 2.0000,,,,,,< 1.0000,,,,,,,,,< 10.0000,,," Total N :AUTOCALCULATE 2016-06-16 14:48:17 Using 1/2 NandN Ammonia, Unionized :AUTOCALCULATE 2016-06-16 14:48:20 Using 1/2 AMNN Analysis DO :Analysis Value from : DO (field or ext)  2026-03-19 18:01:53 Analysis pH :Analysis Value from : Field pH  2026-03-19 18:03:49 Analysis TDS :Analysis Value from : Lab Total Dissolved Solids  2018-02-01 18:01:32 Analysis Temp :Analysis Value from : Field Temp  2026-03-19 18:03:08 Analysis Nitrate :Analysis Value from : Nitrate Nitrite  2018-02-01 18:01:04",
00150100-0,Nevada Division of Environmental Protection,NV06-SC-42-D_00,Steamboat Creek @ Geiger Grade,SB7,2006-08-17 12:00:00,0.00,,,6.7,,,,,,,,,,,8,1011,,22.2,,,,,,< 0.1000,0.002218,,,38,270,,,< 20.0000,< 12.0000,,,,400,,144,131,160,0.5,< 0.6,0.5,,,< 0.1000,0.28,,8.17,,,,,6.16,,170,1200,37,746,19.9,131,2005,0.44,< 10.0000,5,,,,< 5.0000,,360,300,120,,< 2.0000,,11000,,< 1.0000,< 1.0000,< 2.0000,< 2.0000,,,< 2.0000,2,660,,< 1.0000,< 1.0000,,,,12,730,,< 0.2000,< 0.2000,< 10.0000,,< 5.0000,< 5.0000,,< 2.0000,2,,,,< 2.0000,< 1.0000,,,,,,,,,< 10.0000,< 10.0000,," Total N :AUTOCALCULATE 2016-06-16 14:48:17 Using 1/2 NandN SAR Diss :AUTOCALCULATE 2018-05-02 18:00:44 Ammonia, Unionized :AUTOCALCULATE 2016-06-16 14:48:20 Using 1/2 AMNN Analysis DO :Analysis Value from : DO (field or ext)  2026-03-19 18:01:53 Analysis Hardness :Analysis Value from : Hardness Diss  2018-02-01 18:01:08 Analysis pH :Analysis Value from : Field pH  2026-03-19 18:03:49 Analysis TDS :Analysis Value from : Lab Total Dissolved Solids  2018-02-01 18:01:32 Analysis Temp :Analysis Value from : Field Temp  2026-03-19 18:03:08 Analysis SAR :Analysis Value from : SAR Diss  2018-06-19 18:01:44 Analysis Nitrate :Analysis Value from : Nitrate Nitrite  2018-02-01 18:01:04",
00150101-0,Nevada Division of Environmental Protection,NV06-SC-42-D_00,Steamboat Creek @ Geiger Grade,SB7,2006-12-12 11:00:00,0.00,,,11.3,,,,,,,,,,,8.1,,,7.5,,,,,,< 0.1000,0.000940,,,23,120,,,< 20.0000,< 12.0000,,,,400,,90,135,165,0.4,< 0.5,0.4,,,< 0.1000,0.17,,8.13,,,,,5.04,,110,720,25,421,19.7,135,1013,0.26,< 10.0000,3.3,,,,5,,280,240,70,,< 2.0000,,5200,,< 1.0000,< 1.0000,< 2.0000,< 2.0000,,,< 2.0000,< 2.0000,700,,< 1.0000,< 1.0000,,,,8,210,,< 0.2000,< 0.2000,< 10.0000,,< 5.0000,< 5.0000,,< 2.0000,< 2.0000,,,,< 2.0000,< 1.0000,,,,,,,,,< 10.0000,< 10.0000,," Total N :AUTOCALCULATE 2016-06-16 14:48:17 Using 1/2 NandN SAR Diss :AUTOCALCULATE 2018-05-02 18:00:44 Ammonia, Unionized :AUTOCALCULATE 2016-06-16 14:48:20 Using 1/2 AMNN Analysis DO :Analysis Value from : DO (field or ext)  2026-03-19 18:01:53 Analysis Hardness :Analysis Value from : Hardness Diss  2018-02-01 18:01:08 Analysis pH :Analysis Value from : Field pH  2026-03-19 18:03:49 Analysis TDS :Analysis Value from : Lab Total Dissolved Solids  2018-02-01 18:01:32 Analysis Temp :Analysis Value from : Field Temp  2026-03-19 18:03:08 Analysis SAR :Analysis Value from : SAR Diss  2018-06-19 18:01:44 Analysis Nitrate :Analysis Value from : Nitrate Nitrite  2018-02-01 18:01:04",
00150102-0,Nevada Division of Environmental Protection,NV06-SC-42-D_00,Steamboat Creek @ Geiger Grade,SB7,2007-03-21 11:15:00,0.00,,,8,,,,,,,,,,,8.2,,,11.3,,,,,,< 0.1000,0.001576,,,20,73,,,< 20.0000,< 12.0000,,,,300,,79,114,139,0.3,< 0.4,0.3,,,< 0.1000,0.15,,8.12,,,,,3.33,,68,500,16,320,18,114,624,0.19,< 10.0000,3.1,,,,9,,200,200,50,,< 2.0000,,2900,,< 1.0000,< 1.0000,< 2.0000,< 2.0000,,,< 2.0000,< 2.0000,550,,< 1.0000,< 1.0000,,,,7,80,,< 0.2000,< 0.2000,< 10.0000,,< 5.0000,< 5.0000,,< 2.0000,< 2.0000,,,,< 2.0000,< 1.0000,,,,,,,,,< 10.0000,< 10.0000,," Total N :AUTOCALCULATE 2016-06-16 14:48:17 Using 1/2 NandN SAR Diss :AUTOCALCULATE 2018-05-02 18:00:44 Ammonia, Unionized :AUTOCALCULATE 2016-06-16 14:48:20 Using 1/2 AMNN Analysis DO :Analysis Value from : DO (field or ext)  2026-03-19 18:01:53 Analysis Hardness :Analysis Value from : Hardness Diss  2018-02-01 18:01:08 Analysis pH :Analysis Value from : Field pH  2026-03-19 18:03:49 Analysis TDS :Analysis Value from : Lab Total Dissolved Solids  2018-02-01 18:01:32 Analysis Temp :Analysis Value from : Field Temp  2026-03-19 18:03:08 Analysis SAR :Analysis Value from : SAR Diss  2018-06-19 18:01:44 Analysis Nitrate :Analysis Value from : Nitrate Nitrite  2018-02-01 18:01:04",
00150103-0,Nevada Division of Environmental Protection,NV06-SC-42-D_00,Steamboat Creek @ Geiger Grade,SB7,2007-06-13 11:00:00,0.00,,,11.7,,,,,,,,,,,8.3,,,22.6,,,,,,< 0.1000,0.004352,,,42,370,,,< 20.0000,< 12.0000,,,,700,,158,162,198,0.6,< 0.7,0.6,,,< 0.1000,0.33,,8.38,,,,,9.34,,270,1700,32,1009,19.8,177,659,0.47,< 10.0000,3,,,,< 5.0000,,500,470,100,,< 2.0000,,17000,,< 1.0000,< 1.0000,< 2.0000,< 2.0000,,,< 2.0000,< 2.0000,600,,< 1.0000,< 1.0000,,,,13,500,,< 0.2000,< 0.2000,< 10.0000,,< 5.0000,< 5.0000,,< 2.0000,< 2.0000,,,,< 2.0000,< 1.0000,,,,,,,,,< 10.0000,< 10.0000,," Total N :AUTOCALCULATE 2016-06-16 14:48:17 Using 1/2 NandN SAR Diss :AUTOCALCULATE 2018-05-02 18:00:44 Ammonia, Unionized :AUTOCALCULATE 2016-06-16 14:48:20 Using 1/2 AMNN Analysis DO :Analysis Value from : DO (field or ext)  2026-03-19 18:01:53 Analysis Hardness :Analysis Value from : Hardness Diss  2018-02-01 18:01:08 Analysis pH :Analysis Value from : Field pH  2026-03-19 18:03:49 Analysis TDS :Analysis Value from : Lab Total Dissolved Solids  2018-02-01 18:01:32 Analysis Temp :Analysis Value from : Field Temp  2026-03-19 18:03:08 Analysis SAR :Analysis Value from : SAR Diss  2018-06-19 18:01:44 Analysis Nitrate :Analysis Value from : Nitrate Nitrite  2018-02-01 18:01:04",
00150104-0,Nevada Division of Environmental Protection,NV06-SC-42-D_00,Steamboat Creek @ Geiger Grade,SB7,2007-12-18 09:50:00,0.00,,,10,,,,,,,,,,,8,,,3.8,,,,,,< 0.1000,0.000558,,,29,350,,,< 20.0000,< 12.0000,,,,1000,,109,176,215,0.4,< 0.5,0.4,,,< 0.1000,0.32,,8.13,,,,,10.4,,250,1600,63,979,18.7,176,945,0.42,< 10.0000,4.3,,,,6,,570,490,90,,< 5.0000,,14000,,< 1.0000,< 1.0000,< 2.0000,< 2.0000,,,< 2.0000,< 2.0000,730,,< 1.0000,< 1.0000,,,,9,220,,< 0.2000,< 0.2000,< 10.0000,,< 5.0000,< 5.0000,,< 2.0000,2,,,,< 2.0000,< 1.0000,,,,,,,,,< 10.0000,< 10.0000,," Total N :AUTOCALCULATE 2016-06-16 14:48:17 Using 1/2 NandN SAR Diss :AUTOCALCULATE 2018-05-02 18:00:44 Ammonia, Unionized :AUTOCALCULATE 2016-06-16 14:48:20 Using 1/2 AMNN Analysis DO :Analysis Value from : DO (field or ext)  2026-03-19 18:01:53 Analysis Hardness :Analysis Value from : Hardness Diss  2018-02-01 18:01:08 Analysis pH :Analysis Value from : Field pH  2026-03-19 18:03:49 Analysis TDS :Analysis Value from : Lab Total Dissolved Solids  2018-02-01 18:01:32 Analysis Temp :Analysis Value from : Field Temp  2026-03-19 18:03:08 Analysis SAR :Analysis Value from : SAR Diss  2018-06-19 18:01:44 Analysis Nitrate :Analysis Value from : Nitrate Nitrite  2018-02-01 18:01:04",
00150105-0,Nevada Division of Environmental Protection,NV06-SC-42-D_00,Steamboat Creek @ Geiger Grade,SB7,2009-03-25 09:45:00,0.00,,,9.2,,,,,,,,,,,8.2,,,7.8,,,,,,< 0.1000,0.001206,,,,59,,,< 20.0000,< 12.0000,,,,,,,127,155,0.3,< 0.4,0.3,,,< 0.1000,0.1,,8.28,,,,,,,,450,13,282,20.5,127,341,0.15,< 10.0000,2.5,,,,,,,,,,,,,,,,,,,,,,,,,,,,,,,,,,,,,,,,,,,,,,,,,,,,,,,,," Total N :AUTOCALCULATE 2016-06-16 14:48:17 Using 1/2 NandN Ammonia, Unionized :AUTOCALCULATE 2016-06-16 14:48:20 Using 1/2 AMNN Analysis DO :Analysis Value from : DO (field or ext)  2026-03-19 18:01:53 Analysis pH :Analysis Value from : Field pH  2026-03-19 18:03:49 Analysis TDS :Analysis Value from : Lab Total Dissolved Solids  2018-02-01 18:01:32 Analysis Temp :Analysis Value from : Field Temp  2026-03-19 18:03:08 Analysis Nitrate :Analysis Value from : Nitrate Nitrite  2018-02-01 18:01:04",
00150106-0,Nevada Division of Environmental Protection,NV06-SC-42-D_00,Steamboat Creek @ Geiger Grade,SB7,2009-05-21 11:05:00,0.00,,,7.21,,,,,,,,,,,8.03,,,18,,,,,,< 0.1000,0.001765,,,12,45,,,< 20.0000,< 12.0000,,,,300,,< 40.0000,75,92,0.3,< 0.4,0.3,,,< 0.1000,0.22,,8.22,,,,,< 2.6900,,44,310,6,215,19.5,75,839,0.28,< 10.0000,2.9,,,,< 5.0000,,260,230,30,,< 2.0000,,1900,,< 1.0000,< 1.0000,< 2.0000,< 2.0000,,,< 2.0000,< 2.0000,590,,< 1.0000,< 1.0000,,,,< 5.0000,40,,< 0.2000,< 0.2000,< 10.0000,,< 5.0000,< 5.0000,,< 2.0000,< 2.0000,,,,< 2.0000,< 1.0000,,,,,,,,,< 10.0000,< 10.0000,," Total N :AUTOCALCULATE 2016-06-16 14:48:17 Using 1/2 NandN Ammonia, Unionized :AUTOCALCULATE 2016-06-16 14:48:20 Using 1/2 AMNN Analysis DO :Analysis Value from : DO (field or ext)  2026-03-19 18:01:53 Analysis Hardness :Analysis Value from : Hardness Diss  2018-02-01 18:01:08 Analysis pH :Analysis Value from : Field pH  2026-03-19 18:03:49 Analysis TDS :Analysis Value from : Lab Total Dissolved Solids  2018-02-01 18:01:32 Analysis Temp :Analysis Value from : Field Temp  2026-03-19 18:03:08 Analysis SAR :Analysis Value from : SAR Diss  2018-06-19 18:01:44 Analysis Nitrate :Analysis Value from : Nitrate Nitrite  2018-02-01 18:01:04",
00150107-0,Nevada Division of Environmental Protection,NV06-SC-42-D_00,Steamboat Creek @ Geiger Grade,SB7,2009-10-19 11:40:00,0.00,,,7.98,,,,,,,,,,,7.97,,,12.6,,,,,,< 0.1000,0.001037,,,16,50,,,< 20.0000,< 12.0000,,,,200,,65,82.8,101,0.4,< 0.5,0.4,,,< 0.1000,0.12,,8.15,,,,,2.33,,43,350,11,237,20.5,83,3076,0.17,< 10.0000,2.2,,,,13,,120,120,50,,< 2.0000,,1800,,< 1.0000,< 1.0000,< 2.0000,< 2.0000,,,< 2.0000,< 2.0000,470,,< 1.0000,< 1.0000,,,,6,20,,< 0.2000,< 0.2000,< 10.0000,,< 5.0000,< 5.0000,,< 2.0000,< 2.0000,,,,< 2.0000,< 1.0000,,,,,,,,,< 10.0000,< 10.0000,," Total N :AUTOCALCULATE 2016-06-16 14:48:17 Using 1/2 NandN SAR Diss :AUTOCALCULATE 2018-05-02 18:00:44 Ammonia, Unionized :AUTOCALCULATE 2016-06-16 14:48:20 Using 1/2 AMNN Analysis DO :Analysis Value from : DO (field or ext)  2026-03-19 18:01:53 Analysis Hardness :Analysis Value from : Hardness Diss  2018-02-01 18:01:08 Analysis pH :Analysis Value from : Field pH  2026-03-19 18:03:49 Analysis TDS :Analysis Value from : Lab Total Dissolved Solids  2018-02-01 18:01:32 Analysis Temp :Analysis Value from : Field Temp  2026-03-19 18:03:08 Analysis SAR :Analysis Value from : SAR Diss  2018-06-19 18:01:44 Analysis Nitrate :Analysis Value from : Nitrate Nitrite  2018-02-01 18:01:04",
00150108-0,Nevada Division of Environmental Protection,NV06-SC-42-D_00,Steamboat Creek @ Geiger Grade,SB7,2010-02-23 11:10:00,0.00,,,10.48,,,,,,,,,,,8.3,,,6.4,,,,,,< 0.1000,0.001353,,,,70,,,< 20.0000,< 12.0000,,,,,,,144.3,176,0.3,< 0.4,0.3,,,< 0.1000,0.1,,8.32,,,,,,,,530,16,338,20.2,148,432,0.16,< 10.0000,6.1,,,,,,,,,,,,,,,,,,,,,,,,,,,,,,,,,,,,,,,,,,,,,,,,,,,,,,,,," Total N :AUTOCALCULATE 2016-06-16 14:48:17 Using 1/2 NandN Ammonia, Unionized :AUTOCALCULATE 2016-06-16 14:48:20 Using 1/2 AMNN Analysis DO :Analysis Value from : DO (field or ext)  2026-03-19 18:01:53 Analysis pH :Analysis Value from : Field pH  2026-03-19 18:03:49 Analysis TDS :Analysis Value from : Lab Total Dissolved Solids  2018-02-01 18:01:32 Analysis Temp :Analysis Value from : Field Temp  2026-03-19 18:03:08 Analysis Nitrate :Analysis Value from : Nitrate Nitrite  2018-02-01 18:01:04",
00150109-0,Nevada Division of Environmental Protection,NV06-SC-42-D_00,Steamboat Creek @ Geiger Grade,SB7,2010-02-25 08:45:00,0.00,,,,,,,,,,,,,,,,,,,,,,,,,,,22,,,,,,,,,,,88,,,,,,,,,,,,,,,,1.95,,42,,,,,,,,,,,,,9,,84,72,70,,< 2.0000,,1100,,< 1.0000,< 1.0000,< 2.0000,< 2.0000,,,4,2,1700,,< 1.0000,< 1.0000,,,,8,100,,< 0.2000,< 0.2000,< 10.0000,,< 5.0000,< 5.0000,,< 2.0000,< 2.0000,,,,< 2.0000,< 1.0000,,,,,,,,,< 10.0000,< 10.0000,, SAR Diss :AUTOCALCULATE 2018-05-02 18:00:44 Analysis Hardness :Analysis Value from : Hardness Diss  2018-02-01 18:01:08 Analysis SAR :Analysis Value from : SAR Diss  2018-06-19 18:01:44,
00150110-0,Nevada Division of Environmental Protection,NV06-SC-42-D_00,Steamboat Creek @ Geiger Grade,SB7,2010-04-14 10:00:00,0.00,,,8.14,,,,,,,,,,,8.08,,,8.2,,,,,,< 0.1000,0.000949,,,27,160,,,< 20.0000,< 12.0000,,,,600,,104,178.8,218,0.4,< 0.5,0.4,,,< 0.1000,0.23,,8.23,,,,,5.53,,130,880,26,550,20.4,179,262,0.4,< 10.0000,9,,,,7,,390,300,70,,< 2.0000,,5600,,< 1.0000,< 1.0000,< 2.0000,< 2.0000,,,< 2.0000,< 2.0000,1500,,< 1.0000,< 1.0000,,,,9,370,,< 0.2000,< 0.2000,< 10.0000,,< 5.0000,< 5.0000,,< 2.0000,< 2.0000,,,,< 2.0000,< 1.0000,,,,,,,,,< 10.0000,< 10.0000,," Total N :AUTOCALCULATE 2016-06-16 14:48:17 Using 1/2 NandN SAR Diss :AUTOCALCULATE 2018-05-02 18:00:44 Ammonia, Unionized :AUTOCALCULATE 2016-06-16 14:48:20 Using 1/2 AMNN Analysis DO :Analysis Value from : DO (field or ext)  2026-03-19 18:01:53 Analysis Hardness :Analysis Value from : Hardness Diss  2018-02-01 18:01:08 Analysis pH :Analysis Value from : Field pH  2026-03-19 18:03:49 Analysis TDS :Analysis Value from : Lab Total Dissolved Solids  2018-02-01 18:01:32 Analysis Temp :Analysis Value from : Field Temp  2026-03-19 18:03:08 Analysis SAR :Analysis Value from : SAR Diss  2018-06-19 18:01:44 Analysis Nitrate :Analysis Value from : Nitrate Nitrite  2018-02-01 18:01:04",
00150111-0,Nevada Division of Environmental Protection,NV06-SC-42-D_00,Steamboat Creek @ Geiger Grade,SB7,2010-11-02 10:45:00,0.00,,,9.64,,,,,,,,,,,8.12,,,11.2,,,,,,< 0.1000,0.001308,,,30,84,,,< 20.0000,< 12.0000,,,,400,,116,164,200,0.4,,,,,0.1,0.15,,8.22,,,,,2.99,,74,610,20,369,16.5,164,3076,0.21,< 10.0000,4.7,,,,28,,180,160,80,,< 2.0000,,2700,,< 1.0000,< 1.0000,< 2.0000,< 2.0000,,,< 2.0000,< 2.0000,840,,< 1.0000,< 1.0000,,,,10,100,,< 0.2000,< 0.2000,< 10.0000,,< 5.0000,< 5.0000,,< 2.0000,< 2.0000,,,,< 2.0000,< 1.0000,,,,,,,,,< 10.0000,< 10.0000,," Total N :AUTOCALCULATE 2016-06-16 14:48:17 SAR Diss :AUTOCALCULATE 2018-05-02 18:00:44 Ammonia, Unionized :AUTOCALCULATE 2016-06-16 14:48:20 Using 1/2 AMNN Analysis DO :Analysis Value from : DO (field or ext)  2026-03-19 18:01:53 Analysis Hardness :Analysis Value from : Hardness Diss  2018-02-01 18:01:08 Analysis pH :Analysis Value from : Field pH  2026-03-19 18:03:49 Analysis TDS :Analysis Value from : Lab Total Dissolved Solids  2018-02-01 18:01:32 Analysis Temp :Analysis Value from : Field Temp  2026-03-19 18:03:08 Analysis SAR :Analysis Value from : SAR Diss  2018-06-19 18:01:44 Analysis Nitrate :Analysis Value from : Nitrate Nitrite  2018-02-01 18:01:04",
00150112-0,Nevada Division of Environmental Protection,NV06-SC-42-D_00,Steamboat Creek @ Geiger Grade,SB7,2011-06-15 09:10:00,0.00,,,9.38,,,,,,,,,,,7.57,,,10.8,,,,,,< 0.1000,0.000364,,,11,14,,,< 20.0000,< 12.0000,,,,< 100.0000,,< 38.0000,52.5,64,0.5,< 0.6,0.5,,,< 0.1000,0.06,,7.97,,,,,0.85,,12,160,< 5.0000,118,17.1,53,24196,0.13,21,15,,,,< 5.0000,,25,22,40,,< 2.0000,,200,,< 1.0000,< 1.0000,< 2.0000,< 2.0000,,,2,< 2.0000,1100,,1,< 1.0000,,,,< 5.0000,60,,< 0.2000,< 0.2000,< 10.0000,,< 5.0000,< 5.0000,,< 2.0000,< 2.0000,,,,< 2.0000,< 1.0000,,,,,,,,,< 10.0000,< 10.0000,," Total N :AUTOCALCULATE 2016-06-16 14:48:17 Using 1/2 NandN SAR Diss :AUTOCALCULATE 2018-05-02 18:00:44 Using 1/2 Mg Ammonia, Unionized :AUTOCALCULATE 2016-06-16 14:48:20 Using 1/2 AMNN Analysis DO :Analysis Value from : DO (field or ext)  2026-03-19 18:01:53 Analysis Hardness :Analysis Value from : Hardness Diss  2018-02-01 18:01:08 Analysis pH :Analysis Value from : Field pH  2026-03-19 18:03:49 Analysis TDS :Analysis Value from : Lab Total Dissolved Solids  2018-02-01 18:01:32 Analysis Temp :Analysis Value from : Field Temp  2026-03-19 18:03:08 Analysis SAR :Analysis Value from : SAR Diss  2018-06-19 18:01:44 Analysis Nitrate :Analysis Value from : Nitrate Nitrite  2018-02-01 18:01:04",
00150113-0,Nevada Division of Environmental Protection,NV06-SC-42-D_00,Steamboat Creek @ Geiger Grade,SB7,2012-05-17 09:00:00,0.00,,,7.98,,,,,,,,,,,,,,12.4,,,,,,< 0.1000,< 0.0032,,,21,68,,,< 20.0000,< 12.0000,,,,500,,81,126.3,154,< 0.2000,< 0.3,0,,,< 0.1000,0.22,,8.17,,,,,3.52,,73,480,6,305,16.4,127,1153,0.36,15,6.7,,,,< 5.0000,,220,210,70,,< 2.0000,,2600,,< 1.0000,< 1.0000,< 2.0000,< 2.0000,,,< 2.0000,< 2.0000,1400,,1,< 1.0000,,,,7,800,,< 0.2000,< 0.2000,< 10.0000,,< 5.0000,< 5.0000,,< 2.0000,< 2.0000,,,,< 2.0000,< 1.0000,,,,,,,,,< 10.0000,< 10.0000,, Total N :AUTOCALCULATE 2016-06-16 14:48:17 Using 1/2 KJN Using 1/2 NandN SAR Diss :AUTOCALCULATE 2018-05-02 18:00:44 Analysis DO :Analysis Value from : DO (field or ext)  2026-03-19 18:01:53 Analysis Hardness :Analysis Value from : Hardness Diss  2018-02-01 18:01:08 Analysis TDS :Analysis Value from : Lab Total Dissolved Solids  2018-02-01 18:01:32 Analysis Temp :Analysis Value from : Field Temp  2026-03-19 18:03:08 Analysis SAR :Analysis Value from : SAR Diss  2018-06-19 18:01:44 Analysis Nitrate :Analysis Value from : Nitrate Nitrite  2018-02-01 18:01:04,
00150114-0,Nevada Division of Environmental Protection,NV06-SC-42-D_00,Steamboat Creek @ Geiger Grade,SB7,2013-03-19 09:53:00,0.00,,,8.19,,,,,,,,,,,7.72,,,11.5,,,,,,< 0.1000,0.000541,,,32,66,,,< 20.0000,< 12.0000,,,,400,,125,147.6,180,0.4,< 0.5,0.4,,,< 0.1000,0.08,,8.32,,,,,2.84,,73,550,20,339,21.6,151,389,0.14,< 10.0000,5.4,,,,13,,140,110,70,,< 2.0000,,2300,,< 1.0000,< 1.0000,< 2.0000,< 2.0000,,,< 2.0000,< 2.0000,930,,< 1.0000,< 1.0000,,,,11,100,,< 0.2000,< 0.2000,< 10.0000,,< 5.0000,< 5.0000,,< 2.0000,< 2.0000,,,,< 2.0000,< 1.0000,,,,,,,,,< 10.0000,< 10.0000,," Total N :AUTOCALCULATE 2016-06-16 14:48:17 Using 1/2 NandN SAR Diss :AUTOCALCULATE 2018-05-02 18:00:44 Ammonia, Unionized :AUTOCALCULATE 2016-06-16 14:48:20 Using 1/2 AMNN Analysis DO :Analysis Value from : DO (field or ext)  2026-03-19 18:01:53 Analysis Hardness :Analysis Value from : Hardness Diss  2018-02-01 18:01:08 Analysis pH :Analysis Value from : Field pH  2026-03-19 18:03:49 Analysis TDS :Analysis Value from : Lab Total Dissolved Solids  2018-02-01 18:01:32 Analysis Temp :Analysis Value from : Field Temp  2026-03-19 18:03:08 Analysis SAR :Analysis Value from : SAR Diss  2018-06-19 18:01:44 Analysis Nitrate :Analysis Value from : Nitrate Nitrite  2018-02-01 18:01:04",
00150115-0,Nevada Division of Environmental Protection,NV06-SC-42-D_00,Steamboat Creek @ Geiger Grade,SB7,2013-10-16 09:20:00,0.00,,,8.32,,,,,,,,,,,7.44,,,8.3,,,,,,< 0.1,0.000222,,,23,66,,,< 20,< 12,,,,400,,90,130.4,159,0.8,< 0.9,0.8,,,< 0.1,0.11,,8.18,,,,,3.2,,70,530,21,333,19.5,130,4611,0.16,< 10,2.9,,,,16,,150,130,60,,< 2,,2400,,< 1,< 1,< 2,< 2,,,2,< 2,600,,< 1,< 1,,,,8,40,,< 0.2,< 0.2,< 10,,< 5,< 5,,< 2,< 2,,,,< 2,< 1,,,,,,,,,< 10,< 10,," Ammonia, Unionized :AUTOCALCULATE 2016-06-16 14:48:20 Using 1/2 AMNN Analysis DO :Analysis Value from : DO (field or ext)  2026-03-19 18:01:53 Analysis Hardness :Analysis Value from : Hardness Diss  2018-02-01 18:01:08 Analysis pH :Analysis Value from : Field pH  2026-03-19 18:03:49 Analysis TDS :Analysis Value from : Lab Total Dissolved Solids  2018-02-01 18:01:32 Analysis Temp :Analysis Value from : Field Temp  2026-03-19 18:03:08 Analysis SAR :Analysis Value from : SAR Diss  2018-06-19 18:01:44 Analysis Nitrate :Analysis Value from : Nitrate Nitrite  2018-02-01 18:01:04",
00150116-0,Nevada Division of Environmental Protection,NV06-SC-42-D_00,Steamboat Creek @ Old Post Office &[STBT02Stbt-3],SB40,1996-02-14 10:00:00,0.00,,,9.4,,,,,,,,,,,,,,9,,,,,,< 0.1,< 0.002,1.9,26,,55,,,0,0,,,,,106,,124,151,0.38,,,0.62,2.74,,0.09,,8.08,,,,2.1,,49,,435,22,289,,124,,0.14,13,9.2,,,,,,94,,,,,,1700,,< 1,,< 5,,,,10,,760,,< 5,,,,10,,,,< 0.5,,,,,,,< 1,,,,,,,,,,,,,,,20,,, Analysis DO :Analysis Value from : DO (field or ext)  2026-03-19 18:01:53 Analysis Hardness :Analysis Value from : Hardness 2018-02-01 18:01:08 Analysis TDS :Analysis Value from : Lab Total Dissolved Solids  2018-02-01 18:01:32 Analysis Temp :Analysis Value from : Field Temp  2026-03-19 18:03:08 Analysis SAR :Analysis Value from : SAR 2018-06-19 18:01:44 Analysis Nitrate :Analysis Value from : Nitrate 2018-02-01 18:01:04,
00150117-0,Nevada Division of Environmental Protection,NV06-SC-42-D_00,Steamboat Creek @ Old Post Office &[STBT02Stbt-3],SB40,1996-04-09 10:15:00,0.00,,,9.2,,,,,,,,,,,,,,12.2,,,,,,< 0.1,< 0.004,,26,,19,,,8,5,18,,,,94,,104,127,0.69,,,0.12,0.53,,0.17,,8.24,,,,1.2,,27,,285,6,193,,112,,0.29,33,21,,,,,,17,,,,,,300,,< 1,,< 5,,,,10,,880,,< 5,,,,7,,,,0.5,,,,,,,< 1,,,,,,,,,,,,,,,10,,, Analysis DO :Analysis Value from : DO (field or ext)  2026-03-19 18:01:53 Analysis Hardness :Analysis Value from : Hardness 2018-02-01 18:01:08 Analysis TDS :Analysis Value from : Lab Total Dissolved Solids  2018-02-01 18:01:32 Analysis Temp :Analysis Value from : Field Temp  2026-03-19 18:03:08 Analysis SAR :Analysis Value from : SAR 2018-06-19 18:01:44 Analysis Nitrate :Analysis Value from : Nitrate 2018-02-01 18:01:04,
00150118-0,Nevada Division of Environmental Protection,NV06-SC-42-D_00,Steamboat Creek @ Old Post Office &[STBT02Stbt-3],SB40,1996-06-18 11:00:00,0.00,,,7.4,,,,,,,,,,,,,,16,,,,,,< 0.1,< 0.0059,1.1,20,,11,,,12,7,,,,,71,,78,95,0.57,,,0.02,0.11,,0.24,,8.33,,,,1,,20,,213,4,139,,90,,0.34,34,20,,,,,,11,,,,,,200,,< 1,,< 5,,,,10,,980,,< 5,,,,5,,,,< 0.5,,,,,,,< 1,,,,,,,,,,,,,,,10,,, Analysis DO :Analysis Value from : DO (field or ext)  2026-03-19 18:01:53 Analysis Hardness :Analysis Value from : Hardness 2018-02-01 18:01:08 Analysis TDS :Analysis Value from : Lab Total Dissolved Solids  2018-02-01 18:01:32 Analysis Temp :Analysis Value from : Field Temp  2026-03-19 18:03:08 Analysis SAR :Analysis Value from : SAR 2018-06-19 18:01:44 Analysis Nitrate :Analysis Value from : Nitrate 2018-02-01 18:01:04,
00150119-0,Nevada Division of Environmental Protection,NV06-SC-42-D_00,Steamboat Creek @ Old Post Office &[STBT02Stbt-3],SB40,1996-08-13 10:25:00,0.00,,,8.5,,,,,,,,,,,7.5,,,18.5,,,,,,< 0.1,0.000554,,14,,17,,,8,5,3,,,,51,,60,73,0.56,,,0.05,0.23,,0.06,,8.25,,,,1.4,,23,,207,5,142,,68,,0.09,25,16,,,,,,48,,,,,,700,,< 1,,< 5,,,,10,,650,,< 5,,,,4,,,,< 0.5,,,,,,,< 1,,,,,,,,,,,,,,,10,,," Ammonia, Unionized :AUTOCALCULATE 2016-06-16 14:48:20 Using 1/2 AMNN Analysis DO :Analysis Value from : DO (field or ext)  2026-03-19 18:01:53 Analysis Hardness :Analysis Value from : Hardness 2018-02-01 18:01:08 Analysis pH :Analysis Value from : Field pH  2026-03-19 18:03:49 Analysis TDS :Analysis Value from : Lab Total Dissolved Solids  2018-02-01 18:01:32 Analysis Temp :Analysis Value from : Field Temp  2026-03-19 18:03:08 Analysis SAR :Analysis Value from : SAR 2018-06-19 18:01:44 Analysis Nitrate :Analysis Value from : Nitrate 2018-02-01 18:01:04",
00150120-0,Nevada Division of Environmental Protection,NV06-SC-42-D_00,Steamboat Creek @ Old Post Office &[STBT02Stbt-3],SB40,1996-10-08 10:10:00,0.00,,,8.9,,,,,,,,,,,7.83,,,14.5,,,,,,< 0.1,0.000872,0.98,37,,35,,,12,7,,,,,134,,164,200,0.43,,,0.14,0.62,,0.18,,8.45,,,,1.8,,47,,465,8,302,,176,,0.26,19,8.8,,,,,,70,,,,,,1200,,< 1,,< 5,,,,10,,690,,< 5,,,,10,,,,< 0.5,,,,,,,< 1,,,,,,,,,,,,,,,10,,," Ammonia, Unionized :AUTOCALCULATE 2016-06-16 14:48:20 Using 1/2 AMNN Analysis DO :Analysis Value from : DO (field or ext)  2026-03-19 18:01:53 Analysis Hardness :Analysis Value from : Hardness 2018-02-01 18:01:08 Analysis pH :Analysis Value from : Field pH  2026-03-19 18:03:49 Analysis TDS :Analysis Value from : Lab Total Dissolved Solids  2018-02-01 18:01:32 Analysis Temp :Analysis Value from : Field Temp  2026-03-19 18:03:08 Analysis SAR :Analysis Value from : SAR 2018-06-19 18:01:44 Analysis Nitrate :Analysis Value from : Nitrate 2018-02-01 18:01:04",
00150121-0,Nevada Division of Environmental Protection,NV06-SC-42-D_00,Steamboat Creek @ Old Post Office &[STBT02Stbt-3],SB40,1996-12-17 10:10:00,0.00,,,12.4,,,,,,,,,,,7.79,,,4,,,,,,< 0.1,0.000351,,30,,21,,,8,5,,,,,108,,126,154,0.7,,,0.12,0.55,,0.1,,8.25,,,,1.3,,32,,339,6,225,,134,,0.2,27,20,,,,,,30,,,,,,500,,< 1,,< 5,,,,20,,820,,< 5,,,,8,,,,< 0.5,,,,,,,< 1,,,,,,,,,,,,,,,30,,," Ammonia, Unionized :AUTOCALCULATE 2016-06-16 14:48:20 Using 1/2 AMNN Analysis DO :Analysis Value from : DO (field or ext)  2026-03-19 18:01:53 Analysis Hardness :Analysis Value from : Hardness 2018-02-01 18:01:08 Analysis pH :Analysis Value from : Field pH  2026-03-19 18:03:49 Analysis TDS :Analysis Value from : Lab Total Dissolved Solids  2018-02-01 18:01:32 Analysis Temp :Analysis Value from : Field Temp  2026-03-19 18:03:08 Analysis SAR :Analysis Value from : SAR 2018-06-19 18:01:44 Analysis Nitrate :Analysis Value from : Nitrate 2018-02-01 18:01:04",
00150122-0,Nevada Division of Environmental Protection,NV06-SC-42-D_00,Steamboat Creek @ Old Post Office &[STBT02Stbt-3],SB40,1997-02-12 10:40:00,0.00,,,13.8,,,,,,,,,,,8.07,,,5,,,,,,< 0.1,0.000721,,27,,12,,,12,7,,,,,96,,104,127,0.88,,,0.25,1.09,,0.27,,8.24,,,,1.1,,25,,273,7,189,,116,,0.42,66,55,,,,,,9,,,,,,100,,< 1,,< 5,,,,10,,1820,,6,,,,7,,,,0.7,,,,,,,< 1,,,,,,,,,,,,,,,20,,," Ammonia, Unionized :AUTOCALCULATE 2016-06-16 14:48:20 Using 1/2 AMNN Analysis DO :Analysis Value from : DO (field or ext)  2026-03-19 18:01:53 Analysis Hardness :Analysis Value from : Hardness 2018-02-01 18:01:08 Analysis pH :Analysis Value from : Field pH  2026-03-19 18:03:49 Analysis TDS :Analysis Value from : Lab Total Dissolved Solids  2018-02-01 18:01:32 Analysis Temp :Analysis Value from : Field Temp  2026-03-19 18:03:08 Analysis SAR :Analysis Value from : SAR 2018-06-19 18:01:44 Analysis Nitrate :Analysis Value from : Nitrate 2018-02-01 18:01:04",
00150123-0,Nevada Division of Environmental Protection,NV06-SC-42-D_00,Steamboat Creek @ Old Post Office &[STBT02Stbt-3],SB40,2004-06-08 09:52:00,0.00,,,13.35,,,,,,,,,,,7.61,,,13.83,,,,,,< 0.1000,0.000503,,,14,22,,,< 20.0000,< 12.0000,,,,110,,< 45.0000,70,85,0.3,< 0.8,0.3,,,< 0.5000,0.05,,7.84,,,,,< 1.4900,,23,220,7,151,14.3,70,2005,0.12,19,12,,,,< 5.0000,,53,50,40,,< 2.0000,,700,,< 1.0000,< 1.0000,< 2.0000,< 2.0000,,,3,< 2.0000,970,,< 1.0000,< 1.0000,,,,< 5.0000,40,,< 0.2000,< 0.2000,< 10.0000,,< 5.0000,< 5.0000,,< 2.0000,< 2.0000,,,,< 2.0000,< 1.0000,,,,,,,,,< 10.0000,60,," Ammonia, Unionized :AUTOCALCULATE 2016-06-16 14:48:20 Using 1/2 AMNN Analysis DO :Analysis Value from : DO (field or ext)  2026-03-19 18:01:53 Analysis Hardness :Analysis Value from : Hardness Diss  2018-02-01 18:01:08 Analysis pH :Analysis Value from : Field pH  2026-03-19 18:03:49 Analysis TDS :Analysis Value from : Lab Total Dissolved Solids  2018-02-01 18:01:32 Analysis Temp :Analysis Value from : Field Temp  2026-03-19 18:03:08 Analysis SAR :Analysis Value from : SAR Diss  2018-06-19 18:01:44 Analysis Nitrate :Analysis Value from : Nitrate Nitrite  2018-02-01 18:01:04",
00150587-0,Nevada Division of Environmental Protection,NV06-SC-53-A_00,Whites Creek @ North Timberline Drive,SB8,1987-10-21 12:55:00,0.00,,,11.8,,,,,,,,,,,8,,,5,,,,,,< 0.1,0.000615,1.06,,,0,,,0,0,,,,,,,30,37,0.12,,,0.02,0.11,,0.01,,8.01,,,,,,,,82,,65,,30,,0.02,3,0.7,,,,,,,,,,,,,,,,,,,,,,,,,,,,,,,,,,,,,,,,,,,,,,,,,,,,,,,,," Ammonia, Unionized :AUTOCALCULATE 2016-06-16 14:48:20 Using 1/2 AMNN Analysis DO :Analysis Value from : DO (field or ext)  2026-03-19 18:01:53 Analysis pH :Analysis Value from : Field pH  2026-03-19 18:03:49 Analysis TDS :Analysis Value from : Lab Total Dissolved Solids  2018-02-01 18:01:32 Analysis Temp :Analysis Value from : Field Temp  2026-03-19 18:03:08 Analysis Nitrate :Analysis Value from : Nitrate 2018-02-01 18:01:04",
00150588-0,Nevada Division of Environmental Protection,NV06-SC-53-A_00,Whites Creek @ North Timberline Drive,SB8,1987-12-01 11:25:00,0.00,,,10.1,,,,,,,,,,,7.9,,,0,,,,,,< 0.1,0.000324,,,,0,,,0,0,6.5,,,,,,26,32,0.15,,,0.04,0.19,,0.02,,8.06,,,,,,,,80,,57,,26,,0.02,8,0.9,,,,,,,,,,,,,,,,,,,,,,,,,,,,,,,,,,,,,,,,,,,,,,,,,,,,,,,,," Ammonia, Unionized :AUTOCALCULATE 2016-06-16 14:48:20 Using 1/2 AMNN Analysis DO :Analysis Value from : DO (field or ext)  2026-03-19 18:01:53 Analysis pH :Analysis Value from : Field pH  2026-03-19 18:03:49 Analysis TDS :Analysis Value from : Lab Total Dissolved Solids  2018-02-01 18:01:32 Analysis Nitrate :Analysis Value from : Nitrate 2018-02-01 18:01:04",
00150589-0,Nevada Division of Environmental Protection,NV06-SC-53-A_00,Whites Creek @ North Timberline Drive,SB8,1988-02-02 12:30:00,0.00,,,10,,,,,,,,,,,7.9,,,0,,,,,,< 0.1,0.000324,1.71,,,0,,,0,0,,,,,,,34,41,0.11,,,0.03,0.15,,0.01,,7.75,,,,,,,,81,,66,,34,,0.03,6,0.9,,,,,,,,,,,,,,,,,,,,,,,,,,,,,,,,,,,,,,,,,,,,,,,,,,,,,,,,," Ammonia, Unionized :AUTOCALCULATE 2016-06-16 14:48:20 Using 1/2 AMNN Analysis DO :Analysis Value from : DO (field or ext)  2026-03-19 18:01:53 Analysis pH :Analysis Value from : Field pH  2026-03-19 18:03:49 Analysis TDS :Analysis Value from : Lab Total Dissolved Solids  2018-02-01 18:01:32 Analysis Nitrate :Analysis Value from : Nitrate 2018-02-01 18:01:04",
00150590-0,Nevada Division of Environmental Protection,NV06-SC-53-A_00,Whites Creek @ North Timberline Drive,SB8,1988-04-06 13:05:00,0.00,,,8.4,,,,,,,,,,,,,,6,,,,,,< 0.1,0.000090000,,,,0,,,0,0,7.3,,,,,,26,32,0.29,,,0.01,0.05,,0.02,,6.81,,,,,,,,85,,75,,26,,0.02,3,1.4,,,,,,,,,,,,,,,,,,,,,,,,,,,,,,,,,,,,,,,,,,,,,,,,,,,,,,,,, Analysis DO :Analysis Value from : DO (field or ext)  2026-03-19 18:01:53 Analysis TDS :Analysis Value from : Lab Total Dissolved Solids  2018-02-01 18:01:32 Analysis Temp :Analysis Value from : Field Temp  2026-03-19 18:03:08 Analysis Nitrate :Analysis Value from : Nitrate 2018-02-01 18:01:04,
00150591-0,Nevada Division of Environmental Protection,NV06-SC-53-A_00,Whites Creek @ North Timberline Drive,SB8,1988-06-14 11:35:00,0.00,,,7.1,,,,,,,,,,,,,,11,,,,,,< 0.1,0.002,0.9,,,0,,,0,0,,,,,,,28,34,0.33,,,0.05,0.24,,0.02,,7.98,,,,,,,,106,,69,,28,,0.03,10,0.5,,,,,,< 3,,,,,,100,,< 1,,< 5,,,,10,,250,,< 5,,,,,,,,< 0.5,,,,,,,< 1,,,,,,,,,,,,,,,< 5,,, Analysis DO :Analysis Value from : DO (field or ext)  2026-03-19 18:01:53 Analysis TDS :Analysis Value from : Lab Total Dissolved Solids  2018-02-01 18:01:32 Analysis Temp :Analysis Value from : Field Temp  2026-03-19 18:03:08 Analysis Nitrate :Analysis Value from : Nitrate 2018-02-01 18:01:04,
00150592-0,Nevada Division of Environmental Protection,NV06-SC-53-A_00,Whites Creek @ North Timberline Drive,SB8,1988-08-02 10:50:00,0.00,,,7.9,,,,,,,,,,,,,,12,,,,,,< 0.1,0.002,,,,0,,,0,0,9.8,,,,,,32,39,0.19,,,0.03,0.12,,0.02,,7.86,,,,,,,,83,,71,,32,,0.03,10,0.8,,,,,,,,,,,,,,,,,,,,,,,,,,,,,,,,,,,,,,,,,,,,,,,,,,,,,,,,, Analysis DO :Analysis Value from : DO (field or ext)  2026-03-19 18:01:53 Analysis TDS :Analysis Value from : Lab Total Dissolved Solids  2018-02-01 18:01:32 Analysis Temp :Analysis Value from : Field Temp  2026-03-19 18:03:08 Analysis Nitrate :Analysis Value from : Nitrate 2018-02-01 18:01:04,
00150593-0,Nevada Division of Environmental Protection,NV06-SC-53-A_00,Whites Creek @ North Timberline Drive,SB8,1988-10-05 12:00:00,0.00,,,,,,,,,,,,,,,,,,,,,,,< 0.1,,1.81,,,0,,,0,0,,,,,,,32,39,0.14,,,0.03,0.13,,0.02,,7.93,,,,,,,,84,,67,,32,,0.02,6,0.6,,,,,,,,,,,,,,,,,,,,,,,,,,,,,,,,,,,,,,,,,,,,,,,,,,,,,,,,, Analysis TDS :Analysis Value from : Lab Total Dissolved Solids  2018-02-01 18:01:32 Analysis Nitrate :Analysis Value from : Nitrate 2018-02-01 18:01:04,
00150594-0,Nevada Division of Environmental Protection,NV06-SC-53-A_00,Whites Creek @ North Timberline Drive,SB8,1988-12-07 10:54:00,0.00,,,11.6,,,,,,,,,,,,,,0.5,,,,,,< 0.1,0.0005,,,,0,,,0,0,9,,,,,,28,34,0.13,,,0.01,0.04,,0.02,,7.79,,,,,,,,86,,69,,28,,0.02,4,0.9,,,,,,< 3,,,,,,100,,< 1,,< 5,,,,< 5,,180,,< 5,,,,,,,,< 0.5,,,,,,,< 1,,,,,,,,,,,,,,,10,,, Analysis DO :Analysis Value from : DO (field or ext)  2026-03-19 18:01:53 Analysis TDS :Analysis Value from : Lab Total Dissolved Solids  2018-02-01 18:01:32 Analysis Temp :Analysis Value from : Field Temp  2026-03-19 18:03:08 Analysis Nitrate :Analysis Value from : Nitrate 2018-02-01 18:01:04,
00150595-0,Nevada Division of Environmental Protection,NV06-SC-53-A_00,Whites Creek @ North Timberline Drive,SB8,1989-02-01 12:58:00,0.00,,,11,,,,,,,,,,,,,,0.01,,,,,,< 0.1,,0.67,,,0,,,0,0,,,,,,,32,39,0.25,,,0.06,0.25,,0.01,,,,,,,,,,80,,66,,32,,0.02,5,1.1,,,,,,,,,,,,,,,,,,,,,,,,,,,,,,,,,,,,,,,,,,,,,,,,,,,,,,,,, Analysis DO :Analysis Value from : DO (field or ext)  2026-03-19 18:01:53 Analysis TDS :Analysis Value from : Lab Total Dissolved Solids  2018-02-01 18:01:32 Analysis Temp :Analysis Value from : Field Temp  2026-03-19 18:03:08 Analysis Nitrate :Analysis Value from : Nitrate 2018-02-01 18:01:04,
00150596-0,Nevada Division of Environmental Protection,NV06-SC-53-A_00,Whites Creek @ North Timberline Drive,SB8,1989-04-05 11:50:00,0.00,,,9.7,,,,,,,,,,,,,,7,,,,,,< 0.1,,,,,0,,,0,0,7.9,,,,,,36,44,0.24,,,0.02,0.11,,0.02,,,,,,,,,,97,,84,,36,,0.02,6,1.4,,,,,,,,,,,,,,,,,,,,,,,,,,,,,,,,,,,,,,,,,,,,,,,,,,,,,,,,, Analysis DO :Analysis Value from : DO (field or ext)  2026-03-19 18:01:53 Analysis TDS :Analysis Value from : Lab Total Dissolved Solids  2018-02-01 18:01:32 Analysis Temp :Analysis Value from : Field Temp  2026-03-19 18:03:08 Analysis Nitrate :Analysis Value from : Nitrate 2018-02-01 18:01:04,
00150597-0,Nevada Division of Environmental Protection,NV06-SC-53-A_00,Whites Creek @ North Timberline Drive,SB8,1989-06-06 10:57:00,0.00,,,9.5,,,,,,,,,,,,,,8,,,,,,< 0.1,,1.02,,,0,,,0,0,,,,,,,22,27,0.44,,,0.05,0.2,,0.01,,,,,,,,,,64,,54,,22,,0.06,37,9,,,,,,,,,,,,,,,,,,,,,,,,,,,,,,,,,,,,,,,,,,,,,,,,,,,,,,,,, Analysis DO :Analysis Value from : DO (field or ext)  2026-03-19 18:01:53 Analysis TDS :Analysis Value from : Lab Total Dissolved Solids  2018-02-01 18:01:32 Analysis Temp :Analysis Value from : Field Temp  2026-03-19 18:03:08 Analysis Nitrate :Analysis Value from : Nitrate 2018-02-01 18:01:04,
00150598-0,Nevada Division of Environmental Protection,NV06-SC-53-A_00,Whites Creek @ North Timberline Drive,SB8,1989-08-01 10:37:00,0.00,,,10.2,,,,,,,,,,,,,,7,,,,,,< 0.1,,,,,0,,,0,0,5.4,,,,,,24,29,0.14,,,0.02,0.11,,0.01,,,,,,,,,,69,,60,,24,,0.03,6,1.8,,,,,,0,,,,,,< 50,,< 1,,< 5,,,,20,,220,,< 5,,,,,,,,< 0.5,,,,,,,< 1,,,,,,,,,,,,,,,< 5,,, Analysis DO :Analysis Value from : DO (field or ext)  2026-03-19 18:01:53 Analysis TDS :Analysis Value from : Lab Total Dissolved Solids  2018-02-01 18:01:32 Analysis Temp :Analysis Value from : Field Temp  2026-03-19 18:03:08 Analysis Nitrate :Analysis Value from : Nitrate 2018-02-01 18:01:04,
00150599-0,Nevada Division of Environmental Protection,NV06-SC-53-A_00,Whites Creek @ North Timberline Drive,SB8,1989-10-05 15:10:00,0.00,,,10,,,,,,,,,,,,,,4,,,,,,< 0.1,,,,,0,,,0,0,9.2,,,,,,30,37,0.14,,,0.04,0.19,,0.02,,,,,,,,,,78,,64,,30,,0.03,4,1.6,,,,,,,,,,,,,,,,,,,,,,,,,,,,,,,,,,,,,,,,,,,,,,,,,,,,,,,,, Analysis DO :Analysis Value from : DO (field or ext)  2026-03-19 18:01:53 Analysis TDS :Analysis Value from : Lab Total Dissolved Solids  2018-02-01 18:01:32 Analysis Temp :Analysis Value from : Field Temp  2026-03-19 18:03:08 Analysis Nitrate :Analysis Value from : Nitrate 2018-02-01 18:01:04,
00150600-0,Nevada Division of Environmental Protection,NV06-SC-53-A_00,Whites Creek @ North Timberline Drive,SB8,1989-12-05 10:18:00,0.00,,,12.8,,,,,,,,,,,,,,-0.5,,,,,,< 0.1,,,,,0,,,0,0,8.3,,,,,,24,29,0.09,,,0.02,0.08,,0.01,,,,,,,,,,79,,64,,24,,0.02,3,1.5,,,,,,,,,,,,,,,,,,,,,,,,,,,,,,,,,,,,,,,,,,,,,,,,,,,,,,,,, Analysis DO :Analysis Value from : DO (field or ext)  2026-03-19 18:01:53 Analysis TDS :Analysis Value from : Lab Total Dissolved Solids  2018-02-01 18:01:32 Analysis Temp :Analysis Value from : Field Temp  2026-03-19 18:03:08 Analysis Nitrate :Analysis Value from : Nitrate 2018-02-01 18:01:04,
00150601-0,Nevada Division of Environmental Protection,NV06-SC-53-A_00,Whites Creek @ North Timberline Drive,SB8,1990-02-14 10:40:00,0.00,,,14.8,,,,,,,,,,,,,,-3.5,,,,,,< 0.1,,,,,0,,,0,0,3.7,,,,,,30,37,0.12,,,0.01,0.06,,0.01,,,,,,,,,,82,,67,,30,,0.03,8,2.3,,,,,,,,,,,,,,,,,,,,,,,,,,,,,,,,,,,,,,,,,,,,,,,,,,,,,,,,, Analysis DO :Analysis Value from : DO (field or ext)  2026-03-19 18:01:53 Analysis TDS :Analysis Value from : Lab Total Dissolved Solids  2018-02-01 18:01:32 Analysis Temp :Analysis Value from : Field Temp  2026-03-19 18:03:08 Analysis Nitrate :Analysis Value from : Nitrate 2018-02-01 18:01:04,
00150602-0,Nevada Division of Environmental Protection,NV06-SC-53-A_00,Whites Creek @ North Timberline Drive,SB8,1990-04-10 10:40:00,0.00,,,11.5,,,,,,,,,,,,,,0,,,,,,< 0.1,,1.35,,,0,,,0,0,,,,,,,32,39,0.15,,,0.04,0.17,,0.01,,,,,,,,,,83,,69,,32,,0.03,8,2.8,,,,,,,,,,,,,,,,,,,,,,,,,,,,,,,,,,,,,,,,,,,,,,,,,,,,,,,,, Analysis DO :Analysis Value from : DO (field or ext)  2026-03-19 18:01:53 Analysis TDS :Analysis Value from : Lab Total Dissolved Solids  2018-02-01 18:01:32 Analysis Nitrate :Analysis Value from : Nitrate 2018-02-01 18:01:04,
00150603-0,Nevada Division of Environmental Protection,NV06-SC-53-A_00,Whites Creek @ North Timberline Drive,SB8,1990-06-05 11:00:00,0.00,,,10.8,,,,,,,,,,,,,,2.5,,,,,,< 0.1,,,,,0,,,0,0,9.6,,,,,,26,32,0.21,,,0.03,0.13,,0.02,,,,,,,,,,69,,56,,26,,0.05,27,6,,,,,,,,,,,,,,,,,,,,,,,,,,,,,,,,,,,,,,,,,,,,,,,,,,,,,,,,, Analysis DO :Analysis Value from : DO (field or ext)  2026-03-19 18:01:53 Analysis TDS :Analysis Value from : Lab Total Dissolved Solids  2018-02-01 18:01:32 Analysis Temp :Analysis Value from : Field Temp  2026-03-19 18:03:08 Analysis Nitrate :Analysis Value from : Nitrate 2018-02-01 18:01:04,
00150604-0,Nevada Division of Environmental Protection,NV06-SC-53-A_00,Whites Creek @ North Timberline Drive,SB8,1990-08-07 10:37:00,0.00,,,8.4,,,,,,,,,,,,,,14.3,,,,,,< 0.1,,2.06,,,0,,,0,0,,,,,,,32,39,0.26,,,0.04,0.16,,0.02,,,,,,,,,,80,,68,,32,,0.05,68,16,,,,,,,,,,,,,,,,,,,,,,,,,,,,,,,,,,,,,,,,,,,,,,,,,,,,,,,,, Analysis DO :Analysis Value from : DO (field or ext)  2026-03-19 18:01:53 Analysis TDS :Analysis Value from : Lab Total Dissolved Solids  2018-02-01 18:01:32 Analysis Temp :Analysis Value from : Field Temp  2026-03-19 18:03:08 Analysis Nitrate :Analysis Value from : Nitrate 2018-02-01 18:01:04,
00150605-0,Nevada Division of Environmental Protection,NV06-SC-53-A_00,Whites Creek @ North Timberline Drive,SB8,1990-10-09 10:45:00,0.00,,,11.2,,,,,,,,,,,,,,2,,,,,,< 0.1,,,,,0,,,0,0,6.5,,,,,,32,39,0.08,,,0.02,0.11,,0.02,,,,,,,,,,83,,64,,32,,0.03,8,2,,,,,,,,,,,,,,,,,,,,,,,,,,,,,,,,,,,,,,,,,,,,,,,,,,,,,,,,, Analysis DO :Analysis Value from : DO (field or ext)  2026-03-19 18:01:53 Analysis TDS :Analysis Value from : Lab Total Dissolved Solids  2018-02-01 18:01:32 Analysis Temp :Analysis Value from : Field Temp  2026-03-19 18:03:08 Analysis Nitrate :Analysis Value from : Nitrate 2018-02-01 18:01:04,
00150606-0,Nevada Division of Environmental Protection,NV06-SC-53-A_00,Whites Creek @ North Timberline Drive,SB8,1990-12-04 10:30:00,0.00,,,,,,,,,,,,,,,,,0.8,,,,,,< 0.1,,0.54,,,0,,,0,0,,,,,,,30,37,0.14,,,0.02,0.07,,0.01,,,,,,,,,,81,,64,,30,,0.03,23,3.7,,,,,,,,,,,,,,,,,,,,,,,,,,,,,,,,,,,,,,,,,,,,,,,,,,,,,,,,, Analysis TDS :Analysis Value from : Lab Total Dissolved Solids  2018-02-01 18:01:32 Analysis Temp :Analysis Value from : Field Temp  2026-03-19 18:03:08 Analysis Nitrate :Analysis Value from : Nitrate 2018-02-01 18:01:04,
00150607-0,Nevada Division of Environmental Protection,NV06-SC-53-A_00,Whites Creek @ North Timberline Drive,SB8,1991-02-05 10:18:00,0.00,,,10.9,,,,,,,,,,,,,,1.5,,,,,,< 0.1,,,,,0,,,0,0,3.9,,,,,,32,39,0.21,,,0.02,0.11,,0.02,,,,,,,,,,81,,64,,32,,0.03,10,2.6,,,,,,,,,,,,,,,,,,,,,,,,,,,,,,,,,,,,,,,,,,,,,,,,,,,,,,,,, Analysis DO :Analysis Value from : DO (field or ext)  2026-03-19 18:01:53 Analysis TDS :Analysis Value from : Lab Total Dissolved Solids  2018-02-01 18:01:32 Analysis Temp :Analysis Value from : Field Temp  2026-03-19 18:03:08 Analysis Nitrate :Analysis Value from : Nitrate 2018-02-01 18:01:04,
00150608-0,Nevada Division of Environmental Protection,NV06-SC-53-A_00,Whites Creek @ North Timberline Drive,SB8,1991-04-09 10:55:00,0.00,,,11.8,,,,,,,,,,,,,,3,,,,,,< 0.1,,1.36,,,0,,,0,0,,,,,,,32,39,0.18,,,0.01,0.06,,0.01,,,,,,,,,,90,,69,,32,,0.03,12,5.3,,,,,,,,,,,,,,,,,,,,,,,,,,,,,,,,,,,,,,,,,,,,,,,,,,,,,,,,, Analysis DO :Analysis Value from : DO (field or ext)  2026-03-19 18:01:53 Analysis TDS :Analysis Value from : Lab Total Dissolved Solids  2018-02-01 18:01:32 Analysis Temp :Analysis Value from : Field Temp  2026-03-19 18:03:08 Analysis Nitrate :Analysis Value from : Nitrate 2018-02-01 18:01:04,
00150609-0,Nevada Division of Environmental Protection,NV06-SC-53-A_00,Whites Creek @ North Timberline Drive,SB8,1991-06-05 10:50:00,0.00,,,10.3,,,,,,,,,,,,,,4.3,,,,,,< 0.1,,,,,0,,,4,2.4,9.8,,,,,,20,24,0.12,,,0.08,0.36,,0.02,,,,,,,,,,69,,56,,24,,0.08,72,27,,,,,,,,,,,,,,,,,,,,,,,,,,,,,,,,,,,,,,,,,,,,,,,,,,,,,,,,, Analysis DO :Analysis Value from : DO (field or ext)  2026-03-19 18:01:53 Analysis TDS :Analysis Value from : Lab Total Dissolved Solids  2018-02-01 18:01:32 Analysis Temp :Analysis Value from : Field Temp  2026-03-19 18:03:08 Analysis Nitrate :Analysis Value from : Nitrate 2018-02-01 18:01:04,
00150610-0,Nevada Division of Environmental Protection,NV06-SC-53-A_00,Whites Creek @ North Timberline Drive,SB8,1991-08-14 11:00:00,0.00,,,8.7,,,,,,,,,,,,,,12.5,,,,,,< 0.1,,0.78,,,0,,,0,0,,,,,,,28,34,0.17,,,0,0.01,,0.02,,,,,,,,,,82,,69,,28,,0.03,19,3.3,,,,,,,,,,,,,,,,,,,,,,,,,,,,,,,,,,,,,,,,,,,,,,,,,,,,,,,,, Analysis DO :Analysis Value from : DO (field or ext)  2026-03-19 18:01:53 Analysis TDS :Analysis Value from : Lab Total Dissolved Solids  2018-02-01 18:01:32 Analysis Temp :Analysis Value from : Field Temp  2026-03-19 18:03:08,
00150611-0,Nevada Division of Environmental Protection,NV06-SC-53-A_00,Whites Creek @ North Timberline Drive,SB8,1991-10-16 11:35:00,0.00,,,6,,,,,,,,,,,,,,7,,,,,,< 0.1,,,,,0,,,0,0,10.2,,,,,,32,39,0.15,,,0.02,0.08,,0.02,,,,,,,,,,81,,64,,32,,0.04,10,2.5,,,,,,< 3,,,,,,< 50,,< 1,,< 5,,,,< 5,,220,,< 5,,,,,,,,< 0.5,,,,,,,3,,,,,,,,,,,,,,,< 5,,, Analysis DO :Analysis Value from : DO (field or ext)  2026-03-19 18:01:53 Analysis TDS :Analysis Value from : Lab Total Dissolved Solids  2018-02-01 18:01:32 Analysis Temp :Analysis Value from : Field Temp  2026-03-19 18:03:08 Analysis Nitrate :Analysis Value from : Nitrate 2018-02-01 18:01:04,
00150612-0,Nevada Division of Environmental Protection,NV06-SC-53-A_00,Whites Creek @ North Timberline Drive,SB8,1991-12-03 11:30:00,0.00,,,11,,,,,,,,,,,,,,0,,,,,,< 0.1,,1.88,,,0,,,0,0,,,,,,,30,37,0.09,,,0.03,0.15,,0.01,,,,,,,,,,89,,74,,30,,0.02,6,1.6,,,,,,,,,,,,,,,,,,,,,,,,,,,,,,,,,,,,,,,,,,,,,,,,,,,,,,,,, Analysis DO :Analysis Value from : DO (field or ext)  2026-03-19 18:01:53 Analysis TDS :Analysis Value from : Lab Total Dissolved Solids  2018-02-01 18:01:32 Analysis Nitrate :Analysis Value from : Nitrate 2018-02-01 18:01:04,
00150613-0,Nevada Division of Environmental Protection,NV06-SC-53-A_00,Whites Creek @ North Timberline Drive,SB8,1992-02-04 11:20:00,0.00,,,11.6,,,,,,,,,,,7.91,,,0.2,,,,,,< 0.1,0.000338,,,,0,,,0,0,8.5,,,,,,30,37,0.17,,,0,0.01,,0.01,,7.75,,,,,,,,83,,67,,30,,0.06,21,3.1,,,,,,,,,,,,,,,,,,,,,,,,,,,,,,,,,,,,,,,,,,,,,,,,,,,,,,,,," Ammonia, Unionized :AUTOCALCULATE 2016-06-16 14:48:20 Using 1/2 AMNN Analysis DO :Analysis Value from : DO (field or ext)  2026-03-19 18:01:53 Analysis pH :Analysis Value from : Field pH  2026-03-19 18:03:49 Analysis TDS :Analysis Value from : Lab Total Dissolved Solids  2018-02-01 18:01:32 Analysis Temp :Analysis Value from : Field Temp  2026-03-19 18:03:08",
00150614-0,Nevada Division of Environmental Protection,NV06-SC-53-A_00,Whites Creek @ North Timberline Drive,SB8,1992-04-07 11:10:00,0.00,,,10.3,,,,,,,,,,,7.56,,,3.5,,,,,,< 0.1,0.000199,1.38,,,0,,,0,0,,,,,,,30,37,0.23,,,0.01,0.03,,0.01,,7.31,,,,,,,,80,,64,,30,,0.02,9,4.6,,,,,,,,,,,,,,,,,,,,,,,,,,,,,,,,,,,,,,,,,,,,,,,,,,,,,,,,," Ammonia, Unionized :AUTOCALCULATE 2016-06-16 14:48:20 Using 1/2 AMNN Analysis DO :Analysis Value from : DO (field or ext)  2026-03-19 18:01:53 Analysis pH :Analysis Value from : Field pH  2026-03-19 18:03:49 Analysis TDS :Analysis Value from : Lab Total Dissolved Solids  2018-02-01 18:01:32 Analysis Temp :Analysis Value from : Field Temp  2026-03-19 18:03:08 Analysis Nitrate :Analysis Value from : Nitrate 2018-02-01 18:01:04",
00150615-0,Nevada Division of Environmental Protection,NV06-SC-53-A_00,Whites Creek @ North Timberline Drive,SB8,1992-06-02 11:05:00,0.00,,,8.3,,,,,,,,,,,7.41,,,11.5,,,,,,< 0.1,0.000266,,,,0,,,8,4.8,8.6,,,,,,22,27,0.2,,,0.03,0.12,,0.02,,8.43,,,,,,,,73,,61,,30,,0.05,30,4.8,,,,,,,,,,,,,,,,,,,,,,,,,,,,,,,,,,,,,,,,,,,,,,,,,,,,,,,,," Ammonia, Unionized :AUTOCALCULATE 2016-06-16 14:48:20 Using 1/2 AMNN Analysis DO :Analysis Value from : DO (field or ext)  2026-03-19 18:01:53 Analysis pH :Analysis Value from : Field pH  2026-03-19 18:03:49 Analysis TDS :Analysis Value from : Lab Total Dissolved Solids  2018-02-01 18:01:32 Analysis Temp :Analysis Value from : Field Temp  2026-03-19 18:03:08 Analysis Nitrate :Analysis Value from : Nitrate 2018-02-01 18:01:04",
00150616-0,Nevada Division of Environmental Protection,NV06-SC-53-A_00,Whites Creek @ North Timberline Drive,SB8,1992-08-11 11:02:00,0.00,,,8.4,,,,,,,,,,,7.99,,,13,,,,,,< 0.1,0.001118,1.84,,,0,,,0,0,,,,,,,32,39,0.14,,,0.02,0.07,,0.02,,7.93,,,,,,,,80,,70,,32,,0.05,19,4.7,,,,,,,,,,,,,,,,,,,,,,,,,,,,,,,,,,,,,,,,,,,,,,,,,,,,,,,,," Ammonia, Unionized :AUTOCALCULATE 2016-06-16 14:48:20 Using 1/2 AMNN Analysis DO :Analysis Value from : DO (field or ext)  2026-03-19 18:01:53 Analysis pH :Analysis Value from : Field pH  2026-03-19 18:03:49 Analysis TDS :Analysis Value from : Lab Total Dissolved Solids  2018-02-01 18:01:32 Analysis Temp :Analysis Value from : Field Temp  2026-03-19 18:03:08 Analysis Nitrate :Analysis Value from : Nitrate 2018-02-01 18:01:04",
00150617-0,Nevada Division of Environmental Protection,NV06-SC-53-A_00,Whites Creek @ North Timberline Drive,SB8,1992-10-13 11:20:00,0.00,,,6.5,,,,,,,,,,,7.62,,,9.6,,,,,,< 0.1,0.000372,,,,2,,,12,7.2,7.8,,,,,,22,27,0.06,,,0.01,0.04,,0.02,,8.23,,,,,,,,91,,69,,34,,0.03,17,1.4,,,,,,,,,,,,,,,,,,,,,,,,,,,,,,,,,,,,,,,,,,,,,,,,,,,,,,,,," Ammonia, Unionized :AUTOCALCULATE 2016-06-16 14:48:20 Using 1/2 AMNN Analysis DO :Analysis Value from : DO (field or ext)  2026-03-19 18:01:53 Analysis pH :Analysis Value from : Field pH  2026-03-19 18:03:49 Analysis TDS :Analysis Value from : Lab Total Dissolved Solids  2018-02-01 18:01:32 Analysis Temp :Analysis Value from : Field Temp  2026-03-19 18:03:08 Analysis Nitrate :Analysis Value from : Nitrate 2018-02-01 18:01:04",
00150618-0,Nevada Division of Environmental Protection,NV06-SC-53-A_00,Whites Creek @ North Timberline Drive,SB8,1992-12-15 11:15:00,0.00,,,,,,,,,,,,,,,,,,,,,,,< 0.1,,1.8,,,0,,,0,0,,,,,,,30,37,0.12,,,0.02,0.07,,0.01,,7.9,,,,,,,,79,,61,,30,,0.02,4,2.7,,,,,,,,,,,,,,,,,,,,,,,,,,,,,,,,,,,,,,,,,,,,,,,,,,,,,,,,, Analysis TDS :Analysis Value from : Lab Total Dissolved Solids  2018-02-01 18:01:32 Analysis Nitrate :Analysis Value from : Nitrate 2018-02-01 18:01:04,
00150619-0,Nevada Division of Environmental Protection,NV06-SC-53-A_00,Whites Creek @ North Timberline Drive,SB8,1993-02-09 11:40:00,0.00,,,9.5,,,,,,,,,,,7.68,,,2,,,,,,< 0.1,0.000231,,,,0,,,0,0,4.1,,,,,,30,37,0.09,,,0,0.01,,0.01,,7.97,,,,,,,,80,,69,,30,,0.03,6,2.3,,,,,,,,,,,,,,,,,,,,,,,,,,,,,,,,,,,,,,,,,,,,,,,,,,,,,,,,," Ammonia, Unionized :AUTOCALCULATE 2016-06-16 14:48:20 Using 1/2 AMNN Analysis DO :Analysis Value from : DO (field or ext)  2026-03-19 18:01:53 Analysis pH :Analysis Value from : Field pH  2026-03-19 18:03:49 Analysis TDS :Analysis Value from : Lab Total Dissolved Solids  2018-02-01 18:01:32 Analysis Temp :Analysis Value from : Field Temp  2026-03-19 18:03:08",
00150620-0,Nevada Division of Environmental Protection,NV06-SC-53-A_00,Whites Creek @ North Timberline Drive,SB8,1993-04-13 11:40:00,0.00,,,10,,,,,,,,,,,7.65,,,2,,,,,,< 0.1,0.000216,1.6,,,0,,,12,7.2,,,,,,,24,29,0.2,,,0.05,0.22,,0.01,,8.39,,,,,,,,102,,79,,36,,0.03,8,3.4,,,,,,,,,,,,,,,,,,,,,,,,,,,,,,,,,,,,,,,,,,,,,,,,,,,,,,,,," Ammonia, Unionized :AUTOCALCULATE 2016-06-16 14:48:20 Using 1/2 AMNN Analysis DO :Analysis Value from : DO (field or ext)  2026-03-19 18:01:53 Analysis pH :Analysis Value from : Field pH  2026-03-19 18:03:49 Analysis TDS :Analysis Value from : Lab Total Dissolved Solids  2018-02-01 18:01:32 Analysis Temp :Analysis Value from : Field Temp  2026-03-19 18:03:08 Analysis Nitrate :Analysis Value from : Nitrate 2018-02-01 18:01:04",
00150621-0,Nevada Division of Environmental Protection,NV06-SC-53-A_00,Whites Creek @ North Timberline Drive,SB8,1993-05-04 12:00:00,0.00,,,,,,,,,,,,,,7.52,,,,,,,,,< 0.1,,,,,0,,,0,0,10.2,,,,,,26,32,0.27,,,0.05,0.21,,0.02,,8.09,,,,,,,,89,,75,,26,,0.07,32,4.7,,,,,,,,,,,,,,,,,,,,,,,,,,,,,,,,,,,,,,,,,,,,,,,,,,,,,,,,, Analysis pH :Analysis Value from : Field pH  2026-03-19 18:03:49 Analysis TDS :Analysis Value from : Lab Total Dissolved Solids  2018-02-01 18:01:32 Analysis Nitrate :Analysis Value from : Nitrate 2018-02-01 18:01:04,
00150622-0,Nevada Division of Environmental Protection,NV06-SC-53-A_00,Whites Creek @ North Timberline Drive,SB8,1993-06-08 11:38:00,0.00,,,10.4,,,,,,,,,,,7.88,,,5.5,,,,,,< 0.1,0.000487,0.74,,,0,,,0,0,,,,,,,20,24,0.62,,,0.04,0.18,,0.01,,7.99,,,,,,,,77,,72,,20,,0.07,24,5.6,,,,,,,,,,,,,,,,,,,,,,,,,,,,,,,,,,,,,,,,,,,,,,,,,,,,,,,,," Ammonia, Unionized :AUTOCALCULATE 2016-06-16 14:48:20 Using 1/2 AMNN Analysis DO :Analysis Value from : DO (field or ext)  2026-03-19 18:01:53 Analysis pH :Analysis Value from : Field pH  2026-03-19 18:03:49 Analysis TDS :Analysis Value from : Lab Total Dissolved Solids  2018-02-01 18:01:32 Analysis Temp :Analysis Value from : Field Temp  2026-03-19 18:03:08 Analysis Nitrate :Analysis Value from : Nitrate 2018-02-01 18:01:04",
00150623-0,Nevada Division of Environmental Protection,NV06-SC-53-A_00,Whites Creek @ North Timberline Drive,SB8,1993-07-07 11:55:00,0.00,,,9.1,,,,,,,,,,,7.51,,,10,,,,,,< 0.1,0.000298,,,,0,,,0,0,5.3,,,,,,20,24,0.2,,,0.02,0.09,,0.01,,8.01,,,,,,,,53,,41,,20,,0.04,32,6.5,,,,,,,,,,,,,,,,,,,,,,,,,,,,,,,,,,,,,,,,,,,,,,,,,,,,,,,,," Ammonia, Unionized :AUTOCALCULATE 2016-06-16 14:48:20 Using 1/2 AMNN Analysis DO :Analysis Value from : DO (field or ext)  2026-03-19 18:01:53 Analysis pH :Analysis Value from : Field pH  2026-03-19 18:03:49 Analysis TDS :Analysis Value from : Lab Total Dissolved Solids  2018-02-01 18:01:32 Analysis Temp :Analysis Value from : Field Temp  2026-03-19 18:03:08 Analysis Nitrate :Analysis Value from : Nitrate 2018-02-01 18:01:04",
00150624-0,Nevada Division of Environmental Protection,NV06-SC-53-A_00,Whites Creek @ North Timberline Drive,SB8,1993-08-10 12:05:00,0.00,,,8.75,,,,,,,,,,,7.53,,,11,,,,,,< 0.1,0.000337,0.49,,,0,,,0,0,,,,,,,22,27,0.18,,,0.03,0.14,,0.02,,7.29,,,,,,,,61,,58,,22,,0.03,8,2.3,,,,,,,,,,,,,,,,,,,,,,,,,,,,,,,,,,,,,,,,,,,,,,,,,,,,,,,,," Ammonia, Unionized :AUTOCALCULATE 2016-06-16 14:48:20 Using 1/2 AMNN Analysis DO :Analysis Value from : DO (field or ext)  2026-03-19 18:01:53 Analysis pH :Analysis Value from : Field pH  2026-03-19 18:03:49 Analysis TDS :Analysis Value from : Lab Total Dissolved Solids  2018-02-01 18:01:32 Analysis Temp :Analysis Value from : Field Temp  2026-03-19 18:03:08 Analysis Nitrate :Analysis Value from : Nitrate 2018-02-01 18:01:04",
00150625-0,Nevada Division of Environmental Protection,NV06-SC-53-A_00,Whites Creek @ North Timberline Drive,SB8,1993-09-08 11:33:00,0.00,,,9.1,,,,,,,,,,,7.91,,,9.5,,,,,,< 0.1,0.000714,,,,0,,,0,0,5.3,,,,,,28,34,0.12,,,0.02,0.07,,0.01,,8.04,,,,,,,,68,,56,,28,,0.02,5,1.8,,,,,,,,,,,,,,,,,,,,,,,,,,,,,,,,,,,,,,,,,,,,,,,,,,,,,,,,," Ammonia, Unionized :AUTOCALCULATE 2016-06-16 14:48:20 Using 1/2 AMNN Analysis DO :Analysis Value from : DO (field or ext)  2026-03-19 18:01:53 Analysis pH :Analysis Value from : Field pH  2026-03-19 18:03:49 Analysis TDS :Analysis Value from : Lab Total Dissolved Solids  2018-02-01 18:01:32 Analysis Temp :Analysis Value from : Field Temp  2026-03-19 18:03:08 Analysis Nitrate :Analysis Value from : Nitrate 2018-02-01 18:01:04",
00150626-0,Nevada Division of Environmental Protection,NV06-SC-53-A_00,Whites Creek @ North Timberline Drive,SB8,1993-10-06 11:35:00,0.00,,,10.2,,,,,,,,,,,7.65,,,4,,,,,,< 0.1,0.000255,1.78,,,0,,,0,0,,,,,,,30,37,0.24,,,0.1,0.45,,0.01,,8.18,,,,,,,,75,,49,,30,,0.03,13,3.6,,,,,,,,,,,,,,,,,,,,,,,,,,,,,,,,,,,,,,,,,,,,,,,,,,,,,,,,," Ammonia, Unionized :AUTOCALCULATE 2016-06-16 14:48:20 Using 1/2 AMNN Analysis DO :Analysis Value from : DO (field or ext)  2026-03-19 18:01:53 Analysis pH :Analysis Value from : Field pH  2026-03-19 18:03:49 Analysis TDS :Analysis Value from : Lab Total Dissolved Solids  2018-02-01 18:01:32 Analysis Temp :Analysis Value from : Field Temp  2026-03-19 18:03:08 Analysis Nitrate :Analysis Value from : Nitrate 2018-02-01 18:01:04",
00150627-0,Nevada Division of Environmental Protection,NV06-SC-53-A_00,Whites Creek @ North Timberline Drive,SB8,1993-12-07 11:15:00,0.00,,,10.9,,,,,,,,,,,6.97,,,1,,,,,,< 0.1,0.000041,,,,0,,,0,0,3.3,,,,,,30,37,0.24,,,0.03,0.13,,0.01,,8.01,,,,,,,,78,,61,,30,,0.02,1,1.2,,,,,,,,,,,,,,,,,,,,,,,,,,,,,,,,,,,,,,,,,,,,,,,,,,,,,,,,," Ammonia, Unionized :AUTOCALCULATE 2016-06-16 14:48:20 Using 1/2 AMNN Analysis DO :Analysis Value from : DO (field or ext)  2026-03-19 18:01:53 Analysis pH :Analysis Value from : Field pH  2026-03-19 18:03:49 Analysis TDS :Analysis Value from : Lab Total Dissolved Solids  2018-02-01 18:01:32 Analysis Temp :Analysis Value from : Field Temp  2026-03-19 18:03:08 Analysis Nitrate :Analysis Value from : Nitrate 2018-02-01 18:01:04",
00150628-0,Nevada Division of Environmental Protection,NV06-SC-53-A_00,Whites Creek @ North Timberline Drive,SB8,1994-02-08 11:40:00,0.00,,,11,,,,,,,,,,,7.47,,,1,,,,,,< 0.1,0.000131,1.4,8,,0,,,0,0,,,,,28,,30,37,0.11,,,0.02,0.07,,0.01,,8.01,,,,0.41,,5,,78,9,56,,30,,0.05,8,2.2,,,,,,< 3,,,,,,< 50,,< 1,,< 5,,,,< 5,,190,,< 5,,,,2,,,,< 0.5,,,,,,,< 1,,,,,,,,,,,,,,,< 5,,," Ammonia, Unionized :AUTOCALCULATE 2016-06-16 14:48:20 Using 1/2 AMNN Analysis DO :Analysis Value from : DO (field or ext)  2026-03-19 18:01:53 Analysis Hardness :Analysis Value from : Hardness 2018-02-01 18:01:08 Analysis pH :Analysis Value from : Field pH  2026-03-19 18:03:49 Analysis TDS :Analysis Value from : Lab Total Dissolved Solids  2018-02-01 18:01:32 Analysis Temp :Analysis Value from : Field Temp  2026-03-19 18:03:08 Analysis SAR :Analysis Value from : SAR 2018-06-19 18:01:44 Analysis Nitrate :Analysis Value from : Nitrate 2018-02-01 18:01:04",
00150629-0,Nevada Division of Environmental Protection,NV06-SC-53-A_00,Whites Creek @ North Timberline Drive,SB8,1994-04-12 11:57:00,0.00,,,10.6,,,,,,,,,,,8.23,,,3.5,,,,,,< 0.1,0.000918,,,,0,,,0,0,8,,,,,,30,37,0.21,,,0.02,0.07,,0.02,,7.94,,,,,,,,79,,64,,30,,0.03,5,1.4,,,,,,,,,,,,,,,,,,,,,,,,,,,,,,,,,,,,,,,,,,,,,,,,,,,,,,,,," Ammonia, Unionized :AUTOCALCULATE 2016-06-16 14:48:20 Using 1/2 AMNN Analysis DO :Analysis Value from : DO (field or ext)  2026-03-19 18:01:53 Analysis pH :Analysis Value from : Field pH  2026-03-19 18:03:49 Analysis TDS :Analysis Value from : Lab Total Dissolved Solids  2018-02-01 18:01:32 Analysis Temp :Analysis Value from : Field Temp  2026-03-19 18:03:08 Analysis Nitrate :Analysis Value from : Nitrate 2018-02-01 18:01:04",
00150630-0,Nevada Division of Environmental Protection,NV06-SC-53-A_00,Whites Creek @ North Timberline Drive,SB8,1994-06-07 11:45:00,0.00,,,9.7,,,,,,,,,,,,,,5,,,,,,< 0.1,< 0.001,1,,,0,,,0,0,,,,,,,28,34,0.48,,,0.01,0.06,,0.02,,7.96,,,,,,,,66,,49,,28,,0.06,11,4.3,,,,,,,,,,,,,,,,,,,,,,,,,,,,,,,,,,,,,,,,,,,,,,,,,,,,,,,,, Analysis DO :Analysis Value from : DO (field or ext)  2026-03-19 18:01:53 Analysis TDS :Analysis Value from : Lab Total Dissolved Solids  2018-02-01 18:01:32 Analysis Temp :Analysis Value from : Field Temp  2026-03-19 18:03:08 Analysis Nitrate :Analysis Value from : Nitrate 2018-02-01 18:01:04,
00150631-0,Nevada Division of Environmental Protection,NV06-SC-53-A_00,Whites Creek @ North Timberline Drive,SB8,1994-08-16 11:03:00,0.00,,,8.7,,,,,,,,,,,8.4,,,10.8,,,,,,< 0.1,0.002364,,,,0,,,0,0,9,,,,,,28,34,0.38,,,0.02,0.07,,0.02,,8.09,,,,,,,,79,,61,,28,,0.05,8,2.1,,,,,,,,,,,,,,,,,,,,,,,,,,,,,,,,,,,,,,,,,,,,,,,,,,,,,,,,," Ammonia, Unionized :AUTOCALCULATE 2016-06-16 14:48:20 Using 1/2 AMNN Analysis DO :Analysis Value from : DO (field or ext)  2026-03-19 18:01:53 Analysis pH :Analysis Value from : Field pH  2026-03-19 18:03:49 Analysis TDS :Analysis Value from : Lab Total Dissolved Solids  2018-02-01 18:01:32 Analysis Temp :Analysis Value from : Field Temp  2026-03-19 18:03:08 Analysis Nitrate :Analysis Value from : Nitrate 2018-02-01 18:01:04",
00150632-0,Nevada Division of Environmental Protection,NV06-SC-53-A_00,Whites Creek @ North Timberline Drive,SB8,1994-10-11 11:15:00,0.00,,,9.2,,,,,,,,,,,7.78,,,6.5,,,,,,< 0.1,0.000420,< 2,,,0,,,0,0,,,,,,,30,37,0.18,,,0.02,0.1,,0.02,,7.87,,,,,,,,79,,63,,30,,0.04,10,2.3,,,,,,,,,,,,,,,,,,,,,,,,,,,,,,,,,,,,,,,,,,,,,,,,,,,,,,,,," Ammonia, Unionized :AUTOCALCULATE 2016-06-16 14:48:20 Using 1/2 AMNN Analysis DO :Analysis Value from : DO (field or ext)  2026-03-19 18:01:53 Analysis pH :Analysis Value from : Field pH  2026-03-19 18:03:49 Analysis TDS :Analysis Value from : Lab Total Dissolved Solids  2018-02-01 18:01:32 Analysis Temp :Analysis Value from : Field Temp  2026-03-19 18:03:08 Analysis Nitrate :Analysis Value from : Nitrate 2018-02-01 18:01:04",
00150633-0,Nevada Division of Environmental Protection,NV06-SC-53-A_00,Whites Creek @ North Timberline Drive,SB8,1994-12-14 11:10:00,0.00,,,11,,,,,,,,,,,,,,0.5,,,,,,< 0.1,< 0.0009,,,,0,,,0,0,7,,,,,,30,37,0.45,,,0.01,0.03,,0.01,,8.01,,,,,,,,77,,85,,30,,0.03,2,1.9,,,,,,,,,,,,,,,,,,,,,,,,,,,,,,,,,,,,,,,,,,,,,,,,,,,,,,,,, Analysis DO :Analysis Value from : DO (field or ext)  2026-03-19 18:01:53 Analysis TDS :Analysis Value from : Lab Total Dissolved Solids  2018-02-01 18:01:32 Analysis Temp :Analysis Value from : Field Temp  2026-03-19 18:03:08 Analysis Nitrate :Analysis Value from : Nitrate 2018-02-01 18:01:04,
00150634-0,Nevada Division of Environmental Protection,NV06-SC-53-A_00,Whites Creek @ North Timberline Drive,SB8,1995-02-15 11:10:00,0.00,,,11.1,,,,,,,,,,,,,,1,,,,,,< 0.1,< 0.002,1.96,,,0,,,8,5,,,,,,,24,29,0.11,,,0.02,0.07,,0.02,,8.25,,,,,,,,90,,72,,32,,0.03,4,1.6,,,,,,,,,,,,,,,,,,,,,,,,,,,,,,,,,,,,,,,,,,,,,,,,,,,,,,,,, Analysis DO :Analysis Value from : DO (field or ext)  2026-03-19 18:01:53 Analysis TDS :Analysis Value from : Lab Total Dissolved Solids  2018-02-01 18:01:32 Analysis Temp :Analysis Value from : Field Temp  2026-03-19 18:03:08 Analysis Nitrate :Analysis Value from : Nitrate 2018-02-01 18:01:04,
00150635-0,Nevada Division of Environmental Protection,NV06-SC-53-A_00,Whites Creek @ North Timberline Drive,SB8,1995-04-11 11:50:00,0.00,,,10.9,,,,,,,,,,,8,,,5.5,,,,,,< 0.1,0.000640,,,,0,,,0,0,17,,,,,,38,46,0.18,,,0.02,0.1,,0.01,,7.91,,,,,,,,107,,78,,38,,0.03,5,2.3,,,,,,,,,,,,,,,,,,,,,,,,,,,,,,,,,,,,,,,,,,,,,,,,,,,,,,,,," Ammonia, Unionized :AUTOCALCULATE 2016-06-16 14:48:20 Using 1/2 AMNN Analysis DO :Analysis Value from : DO (field or ext)  2026-03-19 18:01:53 Analysis pH :Analysis Value from : Field pH  2026-03-19 18:03:49 Analysis TDS :Analysis Value from : Lab Total Dissolved Solids  2018-02-01 18:01:32 Analysis Temp :Analysis Value from : Field Temp  2026-03-19 18:03:08 Analysis Nitrate :Analysis Value from : Nitrate 2018-02-01 18:01:04",
00150636-0,Nevada Division of Environmental Protection,NV06-SC-53-A_00,Whites Creek @ North Timberline Drive,SB8,1995-06-13 11:00:00,0.00,,,10.1,,,,,,,,,,,7.92,,,7,,,,,,< 0.1,0.000601,0.92,,,0,,,0,0,,,,,,,20,24,0.41,,,0.04,0.18,,0.01,,8.04,,,,,,,,70,,59,,20,,0.06,38,15,,,,,,,,,,,,,,,,,,,,,,,,,,,,,,,,,,,,,,,,,,,,,,,,,,,,,,,,," Ammonia, Unionized :AUTOCALCULATE 2016-06-16 14:48:20 Using 1/2 AMNN Analysis DO :Analysis Value from : DO (field or ext)  2026-03-19 18:01:53 Analysis pH :Analysis Value from : Field pH  2026-03-19 18:03:49 Analysis TDS :Analysis Value from : Lab Total Dissolved Solids  2018-02-01 18:01:32 Analysis Temp :Analysis Value from : Field Temp  2026-03-19 18:03:08 Analysis Nitrate :Analysis Value from : Nitrate 2018-02-01 18:01:04",
00150637-0,Nevada Division of Environmental Protection,NV06-SC-53-A_00,Whites Creek @ North Timberline Drive,SB8,1995-08-08 11:00:00,0.00,,,10.8,,,,,,,,,,,,,,7,,,,,,< 0.1,< 0.002,,,,0,,,0,0,2,,,,,,20,24,0.39,,,0.01,0.05,,0.01,,7.95,,,,,,,,53,,39,,20,,0.03,10,2,,,,,,,,,,,,,,,,,,,,,,,,,,,,,,,,,,,,,,,,,,,,,,,,,,,,,,,,, Analysis DO :Analysis Value from : DO (field or ext)  2026-03-19 18:01:53 Analysis TDS :Analysis Value from : Lab Total Dissolved Solids  2018-02-01 18:01:32 Analysis Temp :Analysis Value from : Field Temp  2026-03-19 18:03:08 Analysis Nitrate :Analysis Value from : Nitrate 2018-02-01 18:01:04,
00150638-0,Nevada Division of Environmental Protection,NV06-SC-53-A_00,Whites Creek @ North Timberline Drive,SB8,1995-10-09 11:10:00,0.00,,,9.9,,,,,,,,,,,,,,5,,,,,,< 0.1,< 0.002,1.45,,,0,,,0,0,,,,,,,28,34,0.6,,,0.01,0.06,,0.01,,8.06,,,,,,,,69,,62,,28,,0.03,1,1.4,,,,,,,,,,,,,,,,,,,,,,,,,,,,,,,,,,,,,,,,,,,,,,,,,,,,,,,,, Analysis DO :Analysis Value from : DO (field or ext)  2026-03-19 18:01:53 Analysis TDS :Analysis Value from : Lab Total Dissolved Solids  2018-02-01 18:01:32 Analysis Temp :Analysis Value from : Field Temp  2026-03-19 18:03:08 Analysis Nitrate :Analysis Value from : Nitrate 2018-02-01 18:01:04,
00150639-0,Nevada Division of Environmental Protection,NV06-SC-53-A_00,Whites Creek @ North Timberline Drive,SB8,1995-12-27 11:00:00,0.00,,,10.5,,,,,,,,,,,8.22,,,1.5,,,,,,< 0.1,0.000762,,,,0,,,0,0,6,,,,,,28,34,0.32,,,0.05,0.24,,0.01,,7.62,,,,,,,,75,,52,,28,,0.03,5,2.1,,,,,,,,,,,,,,,,,,,,,,,,,,,,,,,,,,,,,,,,,,,,,,,,,,,,,,,,," Ammonia, Unionized :AUTOCALCULATE 2016-06-16 14:48:20 Using 1/2 AMNN Analysis DO :Analysis Value from : DO (field or ext)  2026-03-19 18:01:53 Analysis pH :Analysis Value from : Field pH  2026-03-19 18:03:49 Analysis TDS :Analysis Value from : Lab Total Dissolved Solids  2018-02-01 18:01:32 Analysis Temp :Analysis Value from : Field Temp  2026-03-19 18:03:08 Analysis Nitrate :Analysis Value from : Nitrate 2018-02-01 18:01:04",
00150640-0,Nevada Division of Environmental Protection,NV06-SC-53-A_00,Whites Creek @ North Timberline Drive,SB8,1996-02-14 11:20:00,0.00,,,10.8,,,,,,,,,,,8.06,,,2.5,,,,,,< 0.1,0.000575,2.27,,,1,,,0,0,,,,,,,36,44,0.12,,,0,0.01,,0.01,,7.88,,,,,,,,85,9,69,,36,,0.02,3,2.6,,,,,,,,,,,,,,,,,,,,,,,,,,,,,,,,,,,,,,,,,,,,,,,,,,,,,,,,," Ammonia, Unionized :AUTOCALCULATE 2016-06-16 14:48:20 Using 1/2 AMNN Analysis DO :Analysis Value from : DO (field or ext)  2026-03-19 18:01:53 Analysis pH :Analysis Value from : Field pH  2026-03-19 18:03:49 Analysis TDS :Analysis Value from : Lab Total Dissolved Solids  2018-02-01 18:01:32 Analysis Temp :Analysis Value from : Field Temp  2026-03-19 18:03:08",
00150641-0,Nevada Division of Environmental Protection,NV06-SC-53-A_00,Whites Creek @ North Timberline Drive,SB8,1996-04-09 11:15:00,0.00,,,10.4,,,,,,,,,,,7.43,,,5,,,,,,< 0.1,0.000167,,,,0,,,0,0,4,,,,,,32,39,0.14,,,0.01,0.04,,0.02,,8.32,,,,,,,,87,6,74,,32,,0.03,6,2.8,,,,,,,,,,,,,,,,,,,,,,,,,,,,,,,,,,,,,,,,,,,,,,,,,,,,,,,,," Ammonia, Unionized :AUTOCALCULATE 2016-06-16 14:48:20 Using 1/2 AMNN Analysis DO :Analysis Value from : DO (field or ext)  2026-03-19 18:01:53 Analysis pH :Analysis Value from : Field pH  2026-03-19 18:03:49 Analysis TDS :Analysis Value from : Lab Total Dissolved Solids  2018-02-01 18:01:32 Analysis Temp :Analysis Value from : Field Temp  2026-03-19 18:03:08 Analysis Nitrate :Analysis Value from : Nitrate 2018-02-01 18:01:04",
00150642-0,Nevada Division of Environmental Protection,NV06-SC-53-A_00,Whites Creek @ North Timberline Drive,SB8,1996-06-18 11:45:00,0.00,,,9.2,,,,,,,,,,,,,,8.5,,,,,,< 0.1,< 0.002,0.74,,,2,,,0,0,,,,,,,20,24,0.14,,,0,0,,0.01,,8.01,,,,,,,,54,6,41,,20,,0.05,13,10,,,,,,,,,,,,,,,,,,,,,,,,,,,,,,,,,,,,,,,,,,,,,,,,,,,,,,,,, Analysis DO :Analysis Value from : DO (field or ext)  2026-03-19 18:01:53 Analysis TDS :Analysis Value from : Lab Total Dissolved Solids  2018-02-01 18:01:32 Analysis Temp :Analysis Value from : Field Temp  2026-03-19 18:03:08,
00150643-0,Nevada Division of Environmental Protection,NV06-SC-53-A_00,Whites Creek @ North Timberline Drive,SB8,1996-08-13 11:30:00,0.00,,,8.6,,,,,,,,,,,7.6,,,10.5,,,,,,< 0.1,0.000381,,8,,1,,,0,0,1,,,,28,,28,34,0.35,,,0.02,0.1,,0.01,,7.92,,,,0.4,,5,,68,7,48,,28,,0.02,9,2.8,,,,,,< 3,,,,,,< 50,,< 1,,< 5,,,,< 5,,380,,< 5,,,,2,,,,< 0.5,,,,,,,< 1,,,,,,,,,,,,,,,10,,," Ammonia, Unionized :AUTOCALCULATE 2016-06-16 14:48:20 Using 1/2 AMNN Analysis DO :Analysis Value from : DO (field or ext)  2026-03-19 18:01:53 Analysis Hardness :Analysis Value from : Hardness 2018-02-01 18:01:08 Analysis pH :Analysis Value from : Field pH  2026-03-19 18:03:49 Analysis TDS :Analysis Value from : Lab Total Dissolved Solids  2018-02-01 18:01:32 Analysis Temp :Analysis Value from : Field Temp  2026-03-19 18:03:08 Analysis SAR :Analysis Value from : SAR 2018-06-19 18:01:44 Analysis Nitrate :Analysis Value from : Nitrate 2018-02-01 18:01:04",
00150644-0,Nevada Division of Environmental Protection,NV06-SC-53-A_00,Whites Creek @ North Timberline Drive,SB8,1996-10-08 11:40:00,0.00,,,9.7,,,,,,,,,,,8.05,,,7.2,,,,,,< 0.1,0.000820,0.5,,,0,,,0,0,,,,,,,28,34,0.21,,,0.01,0.05,,0.01,,7.6,,,,,,,,74,6,56,,28,,0.03,2,1.8,,,,,,,,,,,,,,,,,,,,,,,,,,,,,,,,,,,,,,,,,,,,,,,,,,,,,,,,," Ammonia, Unionized :AUTOCALCULATE 2016-06-16 14:48:20 Using 1/2 AMNN Analysis DO :Analysis Value from : DO (field or ext)  2026-03-19 18:01:53 Analysis pH :Analysis Value from : Field pH  2026-03-19 18:03:49 Analysis TDS :Analysis Value from : Lab Total Dissolved Solids  2018-02-01 18:01:32 Analysis Temp :Analysis Value from : Field Temp  2026-03-19 18:03:08 Analysis Nitrate :Analysis Value from : Nitrate 2018-02-01 18:01:04",
00150645-0,Nevada Division of Environmental Protection,NV06-SC-53-A_00,Whites Creek @ North Timberline Drive,SB8,1996-12-17 11:05:00,0.00,,,12.2,,,,,,,,,,,8.17,,,0.5,,,,,,< 0.1,0.000627,,,,0,,,0,0,4,,,,,,32,39,0.29,,,0.01,0.05,,0.01,,7.64,,,,,,,,83,7,62,,32,,0.03,7,2.6,,,,,,,,,,,,,,,,,,,,,,,,,,,,,,,,,,,,,,,,,,,,,,,,,,,,,,,,," Ammonia, Unionized :AUTOCALCULATE 2016-06-16 14:48:20 Using 1/2 AMNN Analysis DO :Analysis Value from : DO (field or ext)  2026-03-19 18:01:53 Analysis pH :Analysis Value from : Field pH  2026-03-19 18:03:49 Analysis TDS :Analysis Value from : Lab Total Dissolved Solids  2018-02-01 18:01:32 Analysis Temp :Analysis Value from : Field Temp  2026-03-19 18:03:08 Analysis Nitrate :Analysis Value from : Nitrate 2018-02-01 18:01:04",
00150646-0,Nevada Division of Environmental Protection,NV06-SC-53-A_00,Whites Creek @ North Timberline Drive,SB8,1997-02-12 11:45:00,0.00,,,11.4,,,,,,,,,,,7.76,,,2,,,,,,< 0.1,0.000278,,,,1,,,0,0,,,,,,,32,39,0.31,,,0,0.02,,0.02,,7.62,,,,,,,,89,9,73,,32,,0.03,0,1.7,,,,,,,,,,,,,,,,,,,,,,,,,,,,,,,,,,,,,,,,,,,,,,,,,,,,,,,,," Ammonia, Unionized :AUTOCALCULATE 2016-06-16 14:48:20 Using 1/2 AMNN Analysis DO :Analysis Value from : DO (field or ext)  2026-03-19 18:01:53 Analysis pH :Analysis Value from : Field pH  2026-03-19 18:03:49 Analysis TDS :Analysis Value from : Lab Total Dissolved Solids  2018-02-01 18:01:32 Analysis Temp :Analysis Value from : Field Temp  2026-03-19 18:03:08",
00150647-0,Nevada Division of Environmental Protection,NV06-SC-53-A_00,Whites Creek @ North Timberline Drive,SB8,1997-04-09 11:15:00,0.00,,,12,,,,,,,,,,,8.3,,,1.5,,,,,,< 0.1,0.000914,,,,1,,,0,0,,,,,,,40,49,0.21,,,0.02,0.08,,0.02,,7.66,,,,,,,,86,6,67,,40,,0.02,5,2.7,,,,,,,,,,,,,,,,,,,,,,,,,,,,,,,,,,,,,,,,,,,,,,,,,,,,,,,,," Ammonia, Unionized :AUTOCALCULATE 2016-06-16 14:48:20 Using 1/2 AMNN Analysis DO :Analysis Value from : DO (field or ext)  2026-03-19 18:01:53 Analysis pH :Analysis Value from : Field pH  2026-03-19 18:03:49 Analysis TDS :Analysis Value from : Lab Total Dissolved Solids  2018-02-01 18:01:32 Analysis Temp :Analysis Value from : Field Temp  2026-03-19 18:03:08 Analysis Nitrate :Analysis Value from : Nitrate 2018-02-01 18:01:04",
00150648-0,Nevada Division of Environmental Protection,NV06-SC-53-A_00,Whites Creek @ North Timberline Drive,SB8,1997-06-10 11:05:00,0.00,,,9.7,,,,,,,,,,,,,,7.5,,,,,,< 0.1,< 0.0005,,,,0,,,0,0,,,,,,,22,27,0.41,,,0,0,,0.02,,7.52,,,,,,,,57,4,37,,22,,0.09,18,6.5,,,,,,,,,,,,,,,,,,,,,,,,,,,,,,,,,,,,,,,,,,,,,,,,,,,,,,,,, Analysis DO :Analysis Value from : DO (field or ext)  2026-03-19 18:01:53 Analysis TDS :Analysis Value from : Lab Total Dissolved Solids  2018-02-01 18:01:32 Analysis Temp :Analysis Value from : Field Temp  2026-03-19 18:03:08,
00150649-0,Nevada Division of Environmental Protection,NV06-SC-53-A_00,Whites Creek @ North Timberline Drive,SB8,1997-08-12 11:20:00,0.00,,,11.7,,,,,,,,,,,8.09,,,9.4,,,,,,< 0.1,0.001065,,7.37,,1,,,0,0,,,,,26,,30,37,0.24,,,0.02,0.09,,0.02,,7.94,,,,0.27,,3.12,,72,6,60,,30,,0.03,0,1.8,,,,,,< 1.4,,,,,,14.4,,< 1.4,,< 2.2,,,,< 2.3,,302,,< 0.9,,,,1.85,,,,< 0.1,,,,,,,0.7,,,,,,,,,,,,,,,< 1.5,,," Ammonia, Unionized :AUTOCALCULATE 2016-06-16 14:48:20 Using 1/2 AMNN Analysis DO :Analysis Value from : DO (field or ext)  2026-03-19 18:01:53 Analysis Hardness :Analysis Value from : Hardness 2018-02-01 18:01:08 Analysis pH :Analysis Value from : Field pH  2026-03-19 18:03:49 Analysis TDS :Analysis Value from : Lab Total Dissolved Solids  2018-02-01 18:01:32 Analysis Temp :Analysis Value from : Field Temp  2026-03-19 18:03:08 Analysis SAR :Analysis Value from : SAR 2018-06-19 18:01:44 Analysis Nitrate :Analysis Value from : Nitrate 2018-02-01 18:01:04",
00150650-0,Nevada Division of Environmental Protection,NV06-SC-53-A_00,Whites Creek @ North Timberline Drive,SB8,1997-10-28 10:55:00,0.00,,,11,,,,,,,,,,,7.63,,,0,,,,,,< 0.1,0.000175,,,,2,,,0,0,,,,,,,32,39,0.26,,,0,0,,0.02,,8.15,,,,,,,,81,7,74,,32,,0.04,3,1,,,,,,,,,,,,,,,,,,,,,,,,,,,,,,,,,,,,,,,,,,,,,,,,,,,,,,,,," Ammonia, Unionized :AUTOCALCULATE 2016-06-16 14:48:20 Using 1/2 AMNN Analysis DO :Analysis Value from : DO (field or ext)  2026-03-19 18:01:53 Analysis pH :Analysis Value from : Field pH  2026-03-19 18:03:49 Analysis TDS :Analysis Value from : Lab Total Dissolved Solids  2018-02-01 18:01:32",
00150651-0,Nevada Division of Environmental Protection,NV06-SC-53-A_00,Whites Creek @ North Timberline Drive,SB8,1997-12-16 10:55:00,0.00,,,10.8,,,,,,,,,,,8.82,,,2,,,,,,< 0.1,0.003021,,,,1,,,0,0,,,,,,,32,39,0.12,,,0,0.02,,0.02,,7.92,,,,,,,,81,5,51,,32,,0.03,1,1.7,,,,,,,,,,,,,,,,,,,,,,,,,,,,,,,,,,,,,,,,,,,,,,,,,,,,,,,,," Ammonia, Unionized :AUTOCALCULATE 2016-06-16 14:48:20 Using 1/2 AMNN Analysis DO :Analysis Value from : DO (field or ext)  2026-03-19 18:01:53 Analysis pH :Analysis Value from : Field pH  2026-03-19 18:03:49 Analysis TDS :Analysis Value from : Lab Total Dissolved Solids  2018-02-01 18:01:32 Analysis Temp :Analysis Value from : Field Temp  2026-03-19 18:03:08",
00150652-0,Nevada Division of Environmental Protection,NV06-SC-53-A_00,Whites Creek @ North Timberline Drive,SB8,1998-02-10 11:15:00,0.00,,,7.32,,,,,,,,,,,8.37,,,0.2,,,,,,< 0.1,0.000962,,7.94,,1,,,0,0,,,,,27,,32,39,0.34,,,0,0,,0.02,,7.62,,,,0.28,,3.35,,82,6,57,,32,,0.03,9,3.1,,,,,,< 1.1,,,,,,6.5,,< 1.3,,< 2.2,,,,< 1.9,,453,,< 1.1,,,,1.86,,,,< 0.1,,,,,,,< 0.9,,,,,,,,,,,,,,,< 1.1,,," Ammonia, Unionized :AUTOCALCULATE 2016-06-16 14:48:20 Using 1/2 AMNN Analysis DO :Analysis Value from : DO (field or ext)  2026-03-19 18:01:53 Analysis Hardness :Analysis Value from : Hardness 2018-02-01 18:01:08 Analysis pH :Analysis Value from : Field pH  2026-03-19 18:03:49 Analysis TDS :Analysis Value from : Lab Total Dissolved Solids  2018-02-01 18:01:32 Analysis Temp :Analysis Value from : Field Temp  2026-03-19 18:03:08 Analysis SAR :Analysis Value from : SAR 2018-06-19 18:01:44",
00150653-0,Nevada Division of Environmental Protection,NV06-SC-53-A_00,Whites Creek @ North Timberline Drive,SB8,1998-04-14 11:00:00,0.00,,,16.16,,,,,,,,,,,7.94,,,0.2,,,,,,< 0.1,0.000362,,,,1,,,0,0,,,,,,,34,41,0.43,,,0,0,,0.03,,7.54,,,,,,,,88,6,64,,34,,0.03,0,2.4,,,,,,,,,,,,,,,,,,,,,,,,,,,,,,,,,,,,,,,,,,,,,,,,,,,,,,,,," Ammonia, Unionized :AUTOCALCULATE 2016-06-16 14:48:20 Using 1/2 AMNN Analysis DO :Analysis Value from : DO (field or ext)  2026-03-19 18:01:53 Analysis pH :Analysis Value from : Field pH  2026-03-19 18:03:49 Analysis TDS :Analysis Value from : Lab Total Dissolved Solids  2018-02-01 18:01:32 Analysis Temp :Analysis Value from : Field Temp  2026-03-19 18:03:08",
00150654-0,Nevada Division of Environmental Protection,NV06-SC-53-A_00,Whites Creek @ North Timberline Drive,SB8,1998-06-16 11:05:00,0.00,,,11.71,,,,,,,,,,,7.66,,,7,,,,,,< 0.1,0.000332,,,,0,,,0,0,,,,,,,20,24,0.34,,,0.04,0.2,,0.01,,7.17,,,,,,,,59,5,46,,20,,0.11,46,16,,,,,,,,,,,,,,,,,,,,,,,,,,,,,,,,,,,,,,,,,,,,,,,,,,,,,,,,," Ammonia, Unionized :AUTOCALCULATE 2016-06-16 14:48:20 Using 1/2 AMNN Analysis DO :Analysis Value from : DO (field or ext)  2026-03-19 18:01:53 Analysis pH :Analysis Value from : Field pH  2026-03-19 18:03:49 Analysis TDS :Analysis Value from : Lab Total Dissolved Solids  2018-02-01 18:01:32 Analysis Temp :Analysis Value from : Field Temp  2026-03-19 18:03:08 Analysis Nitrate :Analysis Value from : Nitrate 2018-02-01 18:01:04",
00150655-0,Nevada Division of Environmental Protection,NV06-SC-53-A_00,Whites Creek @ North Timberline Drive,SB8,1998-08-11 12:00:00,0.00,,,8.8,,,,,,,,,,,8.02,,,18,,,,,,< 0.1,0.001726,,6.48,,1,,,0,0,,,,,23,,22,27,0.41,,,0.02,0.09,,0.03,,7.29,,,,0.27,,3.01,,64,4,71,,22,,0.05,7,1.8,,,,,,3.6,,,,,,15.4,,< 1.4,,< 2.1,,,,< 1.8,,398,,0.64,,,,1.63,,,,< 0.1,,,,,,,< 0.6,,,,,,,,,,,,,,,6.4,,," Ammonia, Unionized :AUTOCALCULATE 2016-06-16 14:48:20 Using 1/2 AMNN Analysis DO :Analysis Value from : DO (field or ext)  2026-03-19 18:01:53 Analysis Hardness :Analysis Value from : Hardness 2018-02-01 18:01:08 Analysis pH :Analysis Value from : Field pH  2026-03-19 18:03:49 Analysis TDS :Analysis Value from : Lab Total Dissolved Solids  2018-02-01 18:01:32 Analysis Temp :Analysis Value from : Field Temp  2026-03-19 18:03:08 Analysis SAR :Analysis Value from : SAR 2018-06-19 18:01:44 Analysis Nitrate :Analysis Value from : Nitrate 2018-02-01 18:01:04",
00150656-0,Nevada Division of Environmental Protection,NV06-SC-53-A_00,Whites Creek @ North Timberline Drive,SB8,1998-10-13 11:25:00,0.00,,,10.24,,,,,,,,,,,7.99,,,4.4,,,,,,< 0.04,0.000229,,,,0.38,,,< 20,< 12,,,,,,,30,37,0.16,,,< 0.02,< 0.09,,< 0.06,,,,,,,,,,,5.9,67,,30,,0.08,< 10,,,,,,,,,,,,,,,,,,,,,,,,,,,,,,,,,,,,,,,,,,,,,,,,,,,,,,,,,," Ammonia, Unionized :AUTOCALCULATE 2016-06-16 14:48:20 Using 1/2 AMNN Analysis DO :Analysis Value from : DO (field or ext)  2026-03-19 18:01:53 Analysis pH :Analysis Value from : Field pH  2026-03-19 18:03:49 Analysis TDS :Analysis Value from : Lab Total Dissolved Solids  2018-02-01 18:01:32 Analysis Temp :Analysis Value from : Field Temp  2026-03-19 18:03:08 Analysis Nitrate :Analysis Value from : Nitrate 2018-02-01 18:01:04",
00150657-0,Nevada Division of Environmental Protection,NV06-SC-53-A_00,Whites Creek @ North Timberline Drive,SB8,1998-12-15 11:05:00,0.00,,,14.2,,,,,,,,,,,8.12,,,0.8,,,,,,< 0.1,0.000573,,,,2,,,0,0,,,,,,,28,34,0.38,,,0,0,,0.03,,7.2,,,,,,,,84,6,59,,28,,0.04,2,1.7,,,,,,,,,,,,,,,,,,,,,,,,,,,,,,,,,,,,,,,,,,,,,,,,,,,,,,,,," Ammonia, Unionized :AUTOCALCULATE 2016-06-16 14:48:20 Using 1/2 AMNN Analysis DO :Analysis Value from : DO (field or ext)  2026-03-19 18:01:53 Analysis pH :Analysis Value from : Field pH  2026-03-19 18:03:49 Analysis TDS :Analysis Value from : Lab Total Dissolved Solids  2018-02-01 18:01:32 Analysis Temp :Analysis Value from : Field Temp  2026-03-19 18:03:08",
00150658-0,Nevada Division of Environmental Protection,NV06-SC-53-A_00,Whites Creek @ North Timberline Drive,SB8,1999-02-02 11:00:00,0.00,,,7.08,,,,,,,,,,,8.15,,,0.1,,,,,,< 0.1000,0.000579,,8,9,1,,,0,0,,,,,28,31,28,34,0.33,,,0.1,0.44,,0.03,,7.32,,,,0.7,0.6,8,8,83,5,61,,28,,0.05,12,4.9,,,,,,< 3.0000,< 3.0000,,,,,< 100.0000,< 100.0000,< 1.0000,< 1.0000,< 5.0000,< 5.0000,,,< 20.0000,< 20.0000,520,80,< 5.0000,< 5.0000,,,2,2,,,< 0.5000,< 0.5000,,,,,,< 2.0000,< 2.0000,,,,,,,,,,,,,,< 50.0000,< 50.0000,," Ammonia, Unionized :AUTOCALCULATE 2016-06-16 14:48:20 Using 1/2 AMNN Analysis DO :Analysis Value from : DO (field or ext)  2026-03-19 18:01:53 Analysis Hardness :Analysis Value from : Hardness Diss  2018-02-01 18:01:08 Analysis pH :Analysis Value from : Field pH  2026-03-19 18:03:49 Analysis TDS :Analysis Value from : Lab Total Dissolved Solids  2018-02-01 18:01:32 Analysis Temp :Analysis Value from : Field Temp  2026-03-19 18:03:08 Analysis SAR :Analysis Value from : SAR Diss  2018-06-19 18:01:44 Analysis Nitrate :Analysis Value from : Nitrate 2018-02-01 18:01:04",
00150659-0,Nevada Division of Environmental Protection,NV06-SC-53-A_00,Whites Creek @ North Timberline Drive,SB8,1999-04-13 11:05:00,0.00,,,4.24,,,,,,,,,,,8.02,,,3.3,,,,,,< 0.1000,0.000561,,,,1,,,0,0,,,,,,,32,39,0.35,,,0.07,0.31,,0.04,,7.33,,,,,,,,83,6,64,,32,,0.05,3,4.3,,,,,,,,,,,,,,,,,,,,,,,,,,,,,,,,,,,,,,,,,,,,,,,,,,,,,,,,," Ammonia, Unionized :AUTOCALCULATE 2016-06-16 14:48:20 Using 1/2 AMNN Analysis DO :Analysis Value from : DO (field or ext)  2026-03-19 18:01:53 Analysis pH :Analysis Value from : Field pH  2026-03-19 18:03:49 Analysis TDS :Analysis Value from : Lab Total Dissolved Solids  2018-02-01 18:01:32 Analysis Temp :Analysis Value from : Field Temp  2026-03-19 18:03:08 Analysis Nitrate :Analysis Value from : Nitrate 2018-02-01 18:01:04",
00150660-0,Nevada Division of Environmental Protection,NV06-SC-53-A_00,Whites Creek @ North Timberline Drive,SB8,1999-06-15 11:35:00,0.00,,,10.35,,,,,,,,,,,7.87,,,8.7,,,,,,< 0.1000,0.000613,,,,0,,,0,0,,,,,,,16,20,0.45,,,0.05,0.22,,0.02,,7.04,,,,,,,,53,5,39,,16,,0.19,131,35.1,,,,,,,,,,,,,,,,,,,,,,,,,,,,,,,,,,,,,,,,,,,,,,,,,,,,,,,,," Ammonia, Unionized :AUTOCALCULATE 2016-06-16 14:48:20 Using 1/2 AMNN Analysis DO :Analysis Value from : DO (field or ext)  2026-03-19 18:01:53 Analysis pH :Analysis Value from : Field pH  2026-03-19 18:03:49 Analysis TDS :Analysis Value from : Lab Total Dissolved Solids  2018-02-01 18:01:32 Analysis Temp :Analysis Value from : Field Temp  2026-03-19 18:03:08 Analysis Nitrate :Analysis Value from : Nitrate 2018-02-01 18:01:04",
00150661-0,Nevada Division of Environmental Protection,NV06-SC-53-A_00,Whites Creek @ North Timberline Drive,SB8,1999-08-10 12:40:00,0.00,,,11.5,,,,,,,,,,,7.93,,,9.4,,,,,,< 0.1000,0.000742,,7,7,2,,,0,0,,,,,26,26,26,32,0.34,,,0,0,,0.03,,7.31,,,,0.3,0.7,4,8,77,5,49,,26,,0.04,1,3.1,,,,,,< 3.0000,< 3.0000,,,,,< 100.0000,100,< 1.0000,< 1.0000,< 5.0000,< 5.0000,,,< 20.0000,< 20.0000,420,160,< 5.0000,< 5.0000,,,2,2,,,< 0.5000,< 0.5000,,,,,,< 2.0000,< 4.0000,,,,,,,,,,,,,,< 50.0000,< 50.0000,," Ammonia, Unionized :AUTOCALCULATE 2016-06-16 14:48:20 Using 1/2 AMNN Analysis DO :Analysis Value from : DO (field or ext)  2026-03-19 18:01:53 Analysis Hardness :Analysis Value from : Hardness Diss  2018-02-01 18:01:08 Analysis pH :Analysis Value from : Field pH  2026-03-19 18:03:49 Analysis TDS :Analysis Value from : Lab Total Dissolved Solids  2018-02-01 18:01:32 Analysis Temp :Analysis Value from : Field Temp  2026-03-19 18:03:08 Analysis SAR :Analysis Value from : SAR Diss  2018-06-19 18:01:44",
00150662-0,Nevada Division of Environmental Protection,NV06-SC-53-A_00,Whites Creek @ North Timberline Drive,SB8,1999-10-13 11:15:00,0.00,,,7.95,,,,,,,,,,,8.4,,,5.2,,,,,,< 0.1000,0.001540,,,,1,,,0,0,,,,,,,28,34,0.33,,,0,0,,0.02,,7.27,,,,,,,,94,5,57,,28,,0.06,1,1.4,,,,,,,,,,,,,,,,,,,,,,,,,,,,,,,,,,,,,,,,,,,,,,,,,,,,,,,,," Ammonia, Unionized :AUTOCALCULATE 2016-06-16 14:48:20 Using 1/2 AMNN Analysis DO :Analysis Value from : DO (field or ext)  2026-03-19 18:01:53 Analysis pH :Analysis Value from : Field pH  2026-03-19 18:03:49 Analysis TDS :Analysis Value from : Lab Total Dissolved Solids  2018-02-01 18:01:32 Analysis Temp :Analysis Value from : Field Temp  2026-03-19 18:03:08",
00150663-0,Nevada Division of Environmental Protection,NV06-SC-53-A_00,Whites Creek @ North Timberline Drive,SB8,1999-12-20 11:20:00,0.00,,,15.78,,,,,,,,,,,8.28,,,2,,,,,,< 0.1000,0.000910,,,,1,,,0,0,,,,,,,26,32,0.22,,,0.03,0.13,,0.02,,7.2,,,,,,,,84,6,58,,26,,0.03,5,2.7,,,,,,,,,,,,,,,,,,,,,,,,,,,,,,,,,,,,,,,,,,,,,,,,,,,,,,,,," Ammonia, Unionized :AUTOCALCULATE 2016-06-16 14:48:20 Using 1/2 AMNN Analysis DO :Analysis Value from : DO (field or ext)  2026-03-19 18:01:53 Analysis pH :Analysis Value from : Field pH  2026-03-19 18:03:49 Analysis TDS :Analysis Value from : Lab Total Dissolved Solids  2018-02-01 18:01:32 Analysis Temp :Analysis Value from : Field Temp  2026-03-19 18:03:08 Analysis Nitrate :Analysis Value from : Nitrate 2018-02-01 18:01:04",
00150664-0,Nevada Division of Environmental Protection,NV06-SC-53-A_00,Whites Creek @ North Timberline Drive,SB8,2000-02-09 11:00:00,0.00,,,,,,,,,,,,,,8.59,,,4.5,,,,,,< 0.1000,0.002222,,8,8,0,,,0,0,,,,,28,28,30,37,0.15,,,0,0,,0.02,,6.99,,,,0.4,0.6,5,7,86,6,65,,30,,0.04,6,2.8,,,,,,< 3.0000,< 3.0000,,,,,< 100.0000,< 100.0000,< 1.0000,< 1.0000,< 1.0000,< 1.0000,,,< 20.0000,< 20.0000,270,100,< 2.0000,< 2.0000,,,2,2,,,< 0.5000,< 0.5000,,,,,,< 2.0000,< 2.0000,,,,,,,,,,,,,,< 50.0000,50,," Ammonia, Unionized :AUTOCALCULATE 2016-06-16 14:48:20 Using 1/2 AMNN Analysis Hardness :Analysis Value from : Hardness Diss  2018-02-01 18:01:08 Analysis pH :Analysis Value from : Field pH  2026-03-19 18:03:49 Analysis TDS :Analysis Value from : Lab Total Dissolved Solids  2018-02-01 18:01:32 Analysis Temp :Analysis Value from : Field Temp  2026-03-19 18:03:08 Analysis SAR :Analysis Value from : SAR Diss  2018-06-19 18:01:44",
00150665-0,Nevada Division of Environmental Protection,NV06-SC-53-A_00,Whites Creek @ North Timberline Drive,SB8,2000-04-10 11:15:00,0.00,,,,,,,,,,,,,,7.06,,,10.6,,,,,,< 0.1000,0.000111,,,,0,,,0,0,,,,,,,30,37,0.22,,,0,0,,0.01,,7.84,,,,,,,,79,6,71,,30,,0.03,6,3.1,,,,,,,,,,,,,,,,,,,,,,,,,,,,,,,,,,,,,,,,,,,,,,,,,,,,,,,,," Ammonia, Unionized :AUTOCALCULATE 2016-06-16 14:48:20 Using 1/2 AMNN Analysis pH :Analysis Value from : Field pH  2026-03-19 18:03:49 Analysis TDS :Analysis Value from : Lab Total Dissolved Solids  2018-02-01 18:01:32 Analysis Temp :Analysis Value from : Field Temp  2026-03-19 18:03:08",
00150666-0,Nevada Division of Environmental Protection,NV06-SC-53-A_00,Whites Creek @ North Timberline Drive,SB8,2000-06-13 11:35:00,0.00,,,9.3,,,,,,,,,,,,,,9,,,,,,< 0.1000,< 0.001,,,,0,,,0,0,,,,,,,22,27,0.12,,,0,0,,0.02,,7.75,,,,,,,,56,4,41,,22,,0.06,17,5.5,,,,,,,,,,,,,,,,,,,,,,,,,,,,,,,,,,,,,,,,,,,,,,,,,,,,,,,,, Analysis DO :Analysis Value from : DO (field or ext)  2026-03-19 18:01:53 Analysis TDS :Analysis Value from : Lab Total Dissolved Solids  2018-02-01 18:01:32 Analysis Temp :Analysis Value from : Field Temp  2026-03-19 18:03:08,
00150667-0,Nevada Division of Environmental Protection,NV06-SC-53-A_00,Whites Creek @ North Timberline Drive,SB8,2000-08-08 11:30:00,0.00,,,9.6,,,,,,,,,,,7.76,,,11.25,,,,,,< 0.1000,0.000581,,8,8,0,,,0,0,,,,,28,28,28,34,0.12,,,0,0,,0.02,,7.93,,,,0.4,0.6,5,7,72,5,58,,28,,0.04,5,2.3,,,,,,< 3.0000,< 3.0000,,,,,< 100.0000,< 100.0000,< 1.0000,< 1.0000,< 2.0000,< 2.0000,,,< 20.0000,< 20.0000,380,180,< 2.0000,< 2.0000,,,2,2,,,< 0.5000,< 0.5000,,,,,,< 2.0000,< 2.0000,,,,,,,,,,,,,,< 50.0000,< 50.0000,," Ammonia, Unionized :AUTOCALCULATE 2016-06-16 14:48:20 Using 1/2 AMNN Analysis DO :Analysis Value from : DO (field or ext)  2026-03-19 18:01:53 Analysis Hardness :Analysis Value from : Hardness Diss  2018-02-01 18:01:08 Analysis pH :Analysis Value from : Field pH  2026-03-19 18:03:49 Analysis TDS :Analysis Value from : Lab Total Dissolved Solids  2018-02-01 18:01:32 Analysis Temp :Analysis Value from : Field Temp  2026-03-19 18:03:08 Analysis SAR :Analysis Value from : SAR Diss  2018-06-19 18:01:44",
00150668-0,Nevada Division of Environmental Protection,NV06-SC-53-A_00,Whites Creek @ North Timberline Drive,SB8,2000-10-10 11:10:00,0.00,,,10.2,,,,,,,,,,,7.94,,,2.1,,,,,,< 0.1000,0.000423,,,,0,,,0,0,,,,,,,30,37,0.1,,,0,0,,0.02,,7.8,,,,,,,,76,6,55,,30,,0.03,2,2,,,,,,,,,,,,,,,,,,,,,,,,,,,,,,,,,,,,,,,,,,,,,,,,,,,,,,,,," Ammonia, Unionized :AUTOCALCULATE 2016-06-16 14:48:20 Using 1/2 AMNN Analysis DO :Analysis Value from : DO (field or ext)  2026-03-19 18:01:53 Analysis pH :Analysis Value from : Field pH  2026-03-19 18:03:49 Analysis TDS :Analysis Value from : Lab Total Dissolved Solids  2018-02-01 18:01:32 Analysis Temp :Analysis Value from : Field Temp  2026-03-19 18:03:08",
00150669-0,Nevada Division of Environmental Protection,NV06-SC-53-A_00,Whites Creek @ North Timberline Drive,SB8,2000-12-19 10:55:00,0.00,,,11.5,,,,,,,,,,,7.81,,,-2.1,,,,,,< 0.1000,0.000221,,,,1,,,0,0,,,,,,,30,37,0.17,,,0,0,,0.02,,7.59,,,,,,,,74,6,58,,30,,0.04,10,3.6,,,,,,,,,,,,,,,,,,,,,,,,,,,,,,,,,,,,,,,,,,,,,,,,,,,,,,,,," Ammonia, Unionized :AUTOCALCULATE 2016-06-16 14:48:20 Using 1/2 AMNN Analysis DO :Analysis Value from : DO (field or ext)  2026-03-19 18:01:53 Analysis pH :Analysis Value from : Field pH  2026-03-19 18:03:49 Analysis TDS :Analysis Value from : Lab Total Dissolved Solids  2018-02-01 18:01:32 Analysis Temp :Analysis Value from : Field Temp  2026-03-19 18:03:08",
00150670-0,Nevada Division of Environmental Protection,NV06-SC-53-A_00,Whites Creek @ North Timberline Drive,SB8,2001-04-10 11:15:00,0.00,,,13.55,,,,,,,,,,,7.7,,,0.3,,,,,,< 0.1000,0.000210,,,,1,,,0,0,,,,,,,30,37,0.18,,,,,0,0.01,,7.77,,,,,,,,83,7,60,,30,,0.04,9,3.2,,,,,,,,,,,,,,,,,,,,,,,,,,,,,,,,,,,,,,,,,,,,,,,,,,,,,,,,," Ammonia, Unionized :AUTOCALCULATE 2016-06-16 14:48:20 Using 1/2 AMNN Analysis DO :Analysis Value from : DO (field or ext)  2026-03-19 18:01:53 Analysis pH :Analysis Value from : Field pH  2026-03-19 18:03:49 Analysis TDS :Analysis Value from : Lab Total Dissolved Solids  2018-02-01 18:01:32 Analysis Temp :Analysis Value from : Field Temp  2026-03-19 18:03:08",
00150671-0,Nevada Division of Environmental Protection,NV06-SC-53-A_00,Whites Creek @ North Timberline Drive,SB8,2001-06-18 12:15:00,0.00,,,8.9,,,,,,,,,,,7.66,,,11,,,,,,< 0.1000,0.000454,,,,1,,,0,0,,,,,,,30,37,0.13,,,,,0,0.02,,7.57,,,,,,,,71,6,56,,30,,0.04,5,2.3,,,,,,,,,,,,,,,,,,,,,,,,,,,,,,,,,,,,,,,,,,,,,,,,,,,,,,,,," Ammonia, Unionized :AUTOCALCULATE 2016-06-16 14:48:20 Using 1/2 AMNN Analysis DO :Analysis Value from : DO (field or ext)  2026-03-19 18:01:53 Analysis pH :Analysis Value from : Field pH  2026-03-19 18:03:49 Analysis TDS :Analysis Value from : Lab Total Dissolved Solids  2018-02-01 18:01:32 Analysis Temp :Analysis Value from : Field Temp  2026-03-19 18:03:08",
00150672-0,Nevada Division of Environmental Protection,NV06-SC-53-A_00,Whites Creek @ North Timberline Drive,SB8,2001-08-14 11:24:00,0.00,,,9.4,,,,,,,,,,,8.88,,,13,,,,,,< 0.1000,0.007543,,8,8,0,,,0,0,,,,,28,28,30,37,0.22,,,,,0,0.02,,7.88,,,,0.4,0.4,5,5,77,7,68,,30,,0.06,10,3.5,,,,,,< 3.0000,4,,,,,< 100.0000,< 100.0000,< 1.0000,< 1.0000,< 2.0000,< 2.0000,,,< 20.0000,< 20.0000,540,80,< 2.0000,< 2.0000,,,2,2,,,< 0.5000,< 0.5000,,,,,,< 2.0000,3,,,,,,,,,,,,,,< 50.0000,< 50.0000,," Ammonia, Unionized :AUTOCALCULATE 2016-06-16 14:48:20 Using 1/2 AMNN Analysis DO :Analysis Value from : DO (field or ext)  2026-03-19 18:01:53 Analysis Hardness :Analysis Value from : Hardness Diss  2018-02-01 18:01:08 Analysis pH :Analysis Value from : Field pH  2026-03-19 18:03:49 Analysis TDS :Analysis Value from : Lab Total Dissolved Solids  2018-02-01 18:01:32 Analysis Temp :Analysis Value from : Field Temp  2026-03-19 18:03:08 Analysis SAR :Analysis Value from : SAR Diss  2018-06-19 18:01:44",
00150673-0,Nevada Division of Environmental Protection,NV06-SC-53-A_00,Whites Creek @ North Timberline Drive,SB8,2001-10-09 12:19:00,0.00,,,8.5,,,,,,,,,,,7.9,,,4.75,,,,,,< 0.1000,0.000480,,,,1,,,0,0,,,,,,,30,37,0.15,,,,,0,0.01,,8,,,,,,,,81,6,65,,30,,0.02,2,1.8,,,,,,,,,,,,,,,,,,,,,,,,,,,,,,,,,,,,,,,,,,,,,,,,,,,,,,,,," Ammonia, Unionized :AUTOCALCULATE 2016-06-16 14:48:20 Using 1/2 AMNN Analysis DO :Analysis Value from : DO (field or ext)  2026-03-19 18:01:53 Analysis pH :Analysis Value from : Field pH  2026-03-19 18:03:49 Analysis TDS :Analysis Value from : Lab Total Dissolved Solids  2018-02-01 18:01:32 Analysis Temp :Analysis Value from : Field Temp  2026-03-19 18:03:08",
00150674-0,Nevada Division of Environmental Protection,NV06-SC-53-A_00,Whites Creek @ North Timberline Drive,SB8,2002-02-05 11:00:00,0.00,,,10.4,,,,,,,,,,,8.2,,,-2,,,,,,< 0.1000,0.000544,,7,9,1,,,0,0,,,,,26,31,32,39,0.24,,,,,0.08,0.01,,7.72,,,,0.4,0.6,5,8,81,7,59,,32,,0.02,3,1.3,,,,,,< 3.0000,< 3.0000,,,,,< 100.0000,100,< 1.0000,< 1.0000,< 2.0000,< 2.0000,,,< 20.0000,< 20.0000,130,80,< 2.0000,< 2.0000,,,2,2,,,< 0.5000,< 0.5000,,,,,,< 2.0000,3,,,,,,,,,,,,,,< 50.0000,50,," Ammonia, Unionized :AUTOCALCULATE 2016-06-16 14:48:20 Using 1/2 AMNN Analysis DO :Analysis Value from : DO (field or ext)  2026-03-19 18:01:53 Analysis Hardness :Analysis Value from : Hardness Diss  2018-02-01 18:01:08 Analysis pH :Analysis Value from : Field pH  2026-03-19 18:03:49 Analysis TDS :Analysis Value from : Lab Total Dissolved Solids  2018-02-01 18:01:32 Analysis Temp :Analysis Value from : Field Temp  2026-03-19 18:03:08 Analysis SAR :Analysis Value from : SAR Diss  2018-06-19 18:01:44 Analysis Nitrate :Analysis Value from : Nitrate Nitrite  2018-02-01 18:01:04",
00150675-0,Nevada Division of Environmental Protection,NV06-SC-53-A_00,Whites Creek @ North Timberline Drive,SB8,2002-04-10 11:05:00,0.00,,,11.03,,,,,,,,,,,7.98,,,4.3,,,,,,< 0.1000,0.000555,,,,1,,,0,0,,,,,,,30,37,0.24,,,,,0.04,0.01,,7.82,,,,,,,,82,8,85,,30,,0.03,7,3.2,,,,,,,,,,,,,,,,,,,,,,,,,,,,,,,,,,,,,,,,,,,,,,,,,,,,,,,,," Ammonia, Unionized :AUTOCALCULATE 2016-06-16 14:48:20 Using 1/2 AMNN Analysis DO :Analysis Value from : DO (field or ext)  2026-03-19 18:01:53 Analysis pH :Analysis Value from : Field pH  2026-03-19 18:03:49 Analysis TDS :Analysis Value from : Lab Total Dissolved Solids  2018-02-01 18:01:32 Analysis Temp :Analysis Value from : Field Temp  2026-03-19 18:03:08 Analysis Nitrate :Analysis Value from : Nitrate Nitrite  2018-02-01 18:01:04",
00150676-0,Nevada Division of Environmental Protection,NV06-SC-53-A_00,Whites Creek @ North Timberline Drive,SB8,2002-06-04 11:25:00,0.00,,,8.52,,,,,,,,,,,7.7,,,7,,,,,,< 0.1000,0.000364,,,,0,,,0,0,,,,,,,24,29,0.21,,,,,0.04,0.02,,7.71,,,,,,,,59,4,54,,24,,0.04,15,7.3,,,,,,,,,,,,,,,,,,,,,,,,,,,,,,,,,,,,,,,,,,,,,,,,,,,,,,,,," Ammonia, Unionized :AUTOCALCULATE 2016-06-16 14:48:20 Using 1/2 AMNN Analysis DO :Analysis Value from : DO (field or ext)  2026-03-19 18:01:53 Analysis pH :Analysis Value from : Field pH  2026-03-19 18:03:49 Analysis TDS :Analysis Value from : Lab Total Dissolved Solids  2018-02-01 18:01:32 Analysis Temp :Analysis Value from : Field Temp  2026-03-19 18:03:08 Analysis Nitrate :Analysis Value from : Nitrate Nitrite  2018-02-01 18:01:04",
00150677-0,Nevada Division of Environmental Protection,NV06-SC-53-A_00,Whites Creek @ North Timberline Drive,SB8,2004-09-20 14:10:00,0.00,,,13.5,,,,,,,,,,,,,,4.6,,,,,,< 0.1000,< 0.0008,,,,< 5.0000,,,< 20.0000,< 12.0000,,,,,,,30,37,< 0.2000,< 0.7,0,,,< 0.5000,0.01,,7.83,,,,,,,,72,6,70,18.2,30,831,0.03,< 10.0000,2.8,,,,,,,,,,,,,,,,,,,,,,,,,,,,,,,,,,,,,,,,,,,,,,,,,,,,,,,,, Analysis DO :Analysis Value from : DO (field or ext)  2026-03-19 18:01:53 Analysis TDS :Analysis Value from : Lab Total Dissolved Solids  2018-02-01 18:01:32 Analysis Temp :Analysis Value from : Field Temp  2026-03-19 18:03:08 Analysis Nitrate :Analysis Value from : Nitrate Nitrite  2018-02-01 18:01:04,
00150678-0,Nevada Division of Environmental Protection,NV06-SC-53-A_00,Whites Creek @ North Timberline Drive,SB8,2005-01-25 12:30:00,0.00,,,12.8,,,,,,,,,,,7.6,,,2.3,,,,,,< 0.1000,0.000197,,,,< 5.0000,,,< 20.0000,< 12.0000,,,,,,,32,39,< 0.2000,< 0.7,0,,,< 0.5000,0.01,,7.88,,,,,,,,77,6,60,19.6,32,31,0.02,< 10.0000,1.6,,,,,,,,,,,,,,,,,,,,,,,,,,,,,,,,,,,,,,,,,,,,,,,,,,,,,,,,," Ammonia, Unionized :AUTOCALCULATE 2016-06-16 14:48:20 Using 1/2 AMNN Analysis DO :Analysis Value from : DO (field or ext)  2026-03-19 18:01:53 Analysis pH :Analysis Value from : Field pH  2026-03-19 18:03:49 Analysis TDS :Analysis Value from : Lab Total Dissolved Solids  2018-02-01 18:01:32 Analysis Temp :Analysis Value from : Field Temp  2026-03-19 18:03:08 Analysis Nitrate :Analysis Value from : Nitrate Nitrite  2018-02-01 18:01:04",
00150679-0,Nevada Division of Environmental Protection,NV06-SC-53-A_00,Whites Creek @ North Timberline Drive,SB8,2005-03-31 09:15:00,0.00,,,12.9,,,,,,,,,,,7.1,,,0.1,,,,,,< 0.1000,0.000052,,,10,< 5.0000,,,< 20.0000,< 12.0000,,,,100,,< 35.0000,35,43,0.2,< 0.3,0.2,,,< 0.1000,0.01,,7.93,,,,,< 0.5900,,8,88,8,81,19,36,64,0.04,< 10.0000,3.6,,,,< 5.0000,,< 3.0000,< 3.0000,20,,< 2.0000,,< 100.0000,,< 1.0000,< 1.0000,< 2.0000,< 2.0000,,,< 2.0000,< 2.0000,550,,< 1.0000,< 1.0000,,,,< 5.0000,20,,< 0.2000,< 0.2000,< 10.0000,,< 5.0000,< 5.0000,,< 2.0000,< 2.0000,,,,< 2.0000,< 1.0000,,,,,,,,,10,47,," Ammonia, Unionized :AUTOCALCULATE 2016-06-16 14:48:20 Using 1/2 AMNN Analysis DO :Analysis Value from : DO (field or ext)  2026-03-19 18:01:53 Analysis Hardness :Analysis Value from : Hardness Diss  2018-02-01 18:01:08 Analysis pH :Analysis Value from : Field pH  2026-03-19 18:03:49 Analysis TDS :Analysis Value from : Lab Total Dissolved Solids  2018-02-01 18:01:32 Analysis Temp :Analysis Value from : Field Temp  2026-03-19 18:03:08 Analysis SAR :Analysis Value from : SAR Diss  2018-06-19 18:01:44 Analysis Nitrate :Analysis Value from : Nitrate Nitrite  2018-02-01 18:01:04",
00150680-0,Nevada Division of Environmental Protection,NV06-SC-53-A_00,Whites Creek @ North Timberline Drive,SB8,2005-07-12 13:15:00,0.00,,,6.3,,,,,,,,,,,8.1,,,13.6,,,,,,< 0.1000,0.001497,,,,< 5.0000,,,< 20.0000,< 12.0000,,,,,,,22,27,< 0.2000,< 0.3,0,,,< 0.1000,0.01,,7.79,,,,,,,,53,5,52,21,22,738,0.06,19,6.3,,,,,,,,,,,,,,,,,,,,,,,,,,,,,,,,,,,,,,,,,,,,,,,,,,,,,,,,," Ammonia, Unionized :AUTOCALCULATE 2016-06-16 14:48:20 Using 1/2 AMNN Analysis DO :Analysis Value from : DO (field or ext)  2026-03-19 18:01:53 Analysis pH :Analysis Value from : Field pH  2026-03-19 18:03:49 Analysis TDS :Analysis Value from : Lab Total Dissolved Solids  2018-02-01 18:01:32 Analysis Temp :Analysis Value from : Field Temp  2026-03-19 18:03:08 Analysis Nitrate :Analysis Value from : Nitrate Nitrite  2018-02-01 18:01:04",
00150681-0,Nevada Division of Environmental Protection,NV06-SC-53-A_00,Whites Creek @ North Timberline Drive,SB8,2005-09-20 13:20:00,0.00,,,,,,,,,,,,,,7.4,,,8,,,,,,< 0.1000,0.000198,,,7,< 5.0000,,,< 20.0000,< 12.0000,,,,< 100.0000,,< 28.0000,28,34,< 0.2000,< 0.3,0.1,,,0.1,0.01,,7.91,,,,,< 0.4100,,5,68,6,51,19.6,28,1298,0.02,< 10.0000,1.8,,,,< 5.0000,,< 3.0000,< 3.0000,< 20.0000,,< 2.0000,,< 100.0000,,< 1.0000,< 1.0000,< 2.0000,< 2.0000,,,< 2.0000,< 2.0000,260,,< 1.0000,< 1.0000,,,,< 5.0000,< 20.0000,,< 0.2000,< 0.2000,< 10.0000,,< 5.0000,< 5.0000,,< 2.0000,< 2.0000,,,,< 2.0000,< 1.0000,,,,,,,,,< 10.0000,15,," Ammonia, Unionized :AUTOCALCULATE 2016-06-16 14:48:20 Using 1/2 AMNN Analysis Hardness :Analysis Value from : Hardness Diss  2018-02-01 18:01:08 Analysis pH :Analysis Value from : Field pH  2026-03-19 18:03:49 Analysis TDS :Analysis Value from : Lab Total Dissolved Solids  2018-02-01 18:01:32 Analysis Temp :Analysis Value from : Field Temp  2026-03-19 18:03:08 Analysis SAR :Analysis Value from : SAR Diss  2018-06-19 18:01:44 Analysis Nitrate :Analysis Value from : Nitrate Nitrite  2018-02-01 18:01:04",
00150682-0,Nevada Division of Environmental Protection,NV06-SC-53-A_00,Whites Creek @ North Timberline Drive,SB8,2005-12-20 11:45:00,0.00,,,10.2,,,,,,,,,,,,117,,2.1,,,,,,< 0.1000,< 0.0007,,,,< 5.0000,,,< 20.0000,< 12.0000,,,,,,,30,36,< 0.2000,< 0.3,0,,,< 0.1000,0.01,,7.83,,,,,,,,83,7,57,15.5,30,64,0.02,< 10.0000,1.4,,,,,,,,,,,,,,,,,,,,,,,,,,,,,,,,,,,,,,,,,,,,,,,,,,,,,,,,, Total N :AUTOCALCULATE 2016-06-16 14:48:17 Using 1/2 KJN Using 1/2 NandN Analysis DO :Analysis Value from : DO (field or ext)  2026-03-19 18:01:53 Analysis TDS :Analysis Value from : Lab Total Dissolved Solids  2018-02-01 18:01:32 Analysis Temp :Analysis Value from : Field Temp  2026-03-19 18:03:08 Analysis Nitrate :Analysis Value from : Nitrate Nitrite  2018-02-01 18:01:04,
00150683-0,Nevada Division of Environmental Protection,NV06-SC-53-A_00,Whites Creek @ North Timberline Drive,SB8,2006-06-20 13:50:00,0.00,,,10.7,,,,,,,,,,,7.7,151,,10.8,,,,,,< 0.1000,0.000490,,,5,< 5.0000,,,< 20.0000,< 12.0000,,,,< 100.0000,,< 23.0000,23,28,< 0.2000,< 0.3,0,,,< 0.1000,0.01,,7.68,,,,,< 0.2300,,< 5.0000,58,< 5.0000,63,23.4,23,124,0.06,14,7.8,,,,< 5.0000,,< 3.0000,< 3.0000,20,,< 2.0000,,< 100.0000,,< 1.0000,< 1.0000,< 2.0000,< 2.0000,,,3,< 2.0000,960,,< 1.0000,< 1.0000,,,,< 5.0000,30,,< 0.2000,< 0.2000,< 10.0000,,< 5.0000,< 5.0000,,< 2.0000,< 2.0000,,,,< 2.0000,< 1.0000,,,,,,,,,< 10.0000,< 10.0000,," Total N :AUTOCALCULATE 2016-06-16 14:48:17 Using 1/2 KJN Using 1/2 NandN Ammonia, Unionized :AUTOCALCULATE 2016-06-16 14:48:20 Using 1/2 AMNN Analysis DO :Analysis Value from : DO (field or ext)  2026-03-19 18:01:53 Analysis Hardness :Analysis Value from : Hardness Diss  2018-02-01 18:01:08 Analysis pH :Analysis Value from : Field pH  2026-03-19 18:03:49 Analysis TDS :Analysis Value from : Lab Total Dissolved Solids  2018-02-01 18:01:32 Analysis Temp :Analysis Value from : Field Temp  2026-03-19 18:03:08 Analysis SAR :Analysis Value from : SAR Diss  2018-06-19 18:01:44 Analysis Nitrate :Analysis Value from : Nitrate Nitrite  2018-02-01 18:01:04",
00150684-0,Nevada Division of Environmental Protection,NV06-SC-53-A_00,Whites Creek @ North Timberline Drive,SB8,2006-08-16 13:40:00,0.00,,,8.1,,,,,,,,,,,7.6,178,,9.51,,,,,,< 0.1000,0.000353,,,,< 5.0000,,,< 20.0000,< 12.0000,,,,,,,28,34,< 0.2000,< 0.3,0,,,< 0.1000,0.02,,7.83,,,,,,,,65,5,47,20.5,28,1184,0.03,< 10.0000,2.8,,,,,,,,,,,,,,,,,,,,,,,,,,,,,,,,,,,,,,,,,,,,,,,,,,,,,,,,," Total N :AUTOCALCULATE 2016-06-16 14:48:17 Using 1/2 KJN Using 1/2 NandN Ammonia, Unionized :AUTOCALCULATE 2016-06-16 14:48:20 Using 1/2 AMNN Analysis DO :Analysis Value from : DO (field or ext)  2026-03-19 18:01:53 Analysis pH :Analysis Value from : Field pH  2026-03-19 18:03:49 Analysis TDS :Analysis Value from : Lab Total Dissolved Solids  2018-02-01 18:01:32 Analysis Temp :Analysis Value from : Field Temp  2026-03-19 18:03:08 Analysis Nitrate :Analysis Value from : Nitrate Nitrite  2018-02-01 18:01:04",
00150685-0,Nevada Division of Environmental Protection,NV06-SC-53-A_00,Whites Creek @ North Timberline Drive,SB8,2006-12-11 13:10:00,0.00,,,10.4,,,,,,,,,,,7.9,,,1,,,,,,< 0.1000,0.000353,,,,< 5.0000,,,< 20.0000,< 12.0000,,,,,,,32,39,< 0.2000,< 0.3,0,,,< 0.1000,0.01,,7.72,,,,,,,,74,6,53,19.7,32,53,0.02,< 10.0000,1.3,,,,,,,,,,,,,,,,,,,,,,,,,,,,,,,,,,,,,,,,,,,,,,,,,,,,,,,,," Total N :AUTOCALCULATE 2016-06-16 14:48:17 Using 1/2 KJN Using 1/2 NandN Ammonia, Unionized :AUTOCALCULATE 2016-06-16 14:48:20 Using 1/2 AMNN Analysis DO :Analysis Value from : DO (field or ext)  2026-03-19 18:01:53 Analysis pH :Analysis Value from : Field pH  2026-03-19 18:03:49 Analysis TDS :Analysis Value from : Lab Total Dissolved Solids  2018-02-01 18:01:32 Analysis Temp :Analysis Value from : Field Temp  2026-03-19 18:03:08 Analysis Nitrate :Analysis Value from : Nitrate Nitrite  2018-02-01 18:01:04",
00150686-0,Nevada Division of Environmental Protection,NV06-SC-53-A_00,Whites Creek @ North Timberline Drive,SB8,2007-03-20 13:20:00,0.00,,,10.6,,,,,,,,,,,7.9,,,3.2,,,,,,< 0.1000,0.000423,,,8,< 5.0000,,,< 20.0000,< 12.0000,,,,< 100.0000,,< 30.0000,33,40,0.2,< 0.3,0.2,,,< 0.1000,0.01,,7.73,,,,,< 0.2000,,< 5.0000,77,7,73,18.1,33,75,0.02,< 10.0000,1.5,,,,< 5.0000,,< 3.0000,< 3.0000,< 20.0000,,< 2.0000,,< 100.0000,,< 1.0000,< 1.0000,< 2.0000,< 2.0000,,,< 2.0000,< 2.0000,260,,< 1.0000,< 1.0000,,,,< 5.0000,< 20.0000,,< 0.2000,< 0.2000,< 10.0000,,< 5.0000,< 5.0000,,< 2.0000,< 2.0000,,,,< 2.0000,< 1.0000,,,,,,,,,< 10.0000,< 10.0000,," Total N :AUTOCALCULATE 2016-06-16 14:48:17 Using 1/2 NandN Ammonia, Unionized :AUTOCALCULATE 2016-06-16 14:48:20 Using 1/2 AMNN Analysis DO :Analysis Value from : DO (field or ext)  2026-03-19 18:01:53 Analysis Hardness :Analysis Value from : Hardness Diss  2018-02-01 18:01:08 Analysis pH :Analysis Value from : Field pH  2026-03-19 18:03:49 Analysis TDS :Analysis Value from : Lab Total Dissolved Solids  2018-02-01 18:01:32 Analysis Temp :Analysis Value from : Field Temp  2026-03-19 18:03:08 Analysis SAR :Analysis Value from : SAR Diss  2018-06-19 18:01:44 Analysis Nitrate :Analysis Value from : Nitrate Nitrite  2018-02-01 18:01:04",
00150687-0,Nevada Division of Environmental Protection,NV06-SC-53-A_00,Whites Creek @ North Timberline Drive,SB8,2007-06-12 12:55:00,0.00,,,9.4,,,,,,,,,,,7.9,,,9.9,,,,,,< 0.1000,0.000720,,,,< 5.0000,,,< 20.0000,< 12.0000,,,,,,,32,39,< 0.2000,< 0.3,0,,,< 0.1000,0.01,,7.91,,,,,,,,66,< 5.0000,63,18.9,32,238,0.03,< 10.0000,2.9,,,,,,,,,,,,,,,,,,,,,,,,,,,,,,,,,,,,,,,,,,,,,,,,,,,,,,,,," Total N :AUTOCALCULATE 2016-06-16 14:48:17 Using 1/2 KJN Using 1/2 NandN Ammonia, Unionized :AUTOCALCULATE 2016-06-16 14:48:20 Using 1/2 AMNN Analysis DO :Analysis Value from : DO (field or ext)  2026-03-19 18:01:53 Analysis pH :Analysis Value from : Field pH  2026-03-19 18:03:49 Analysis TDS :Analysis Value from : Lab Total Dissolved Solids  2018-02-01 18:01:32 Analysis Temp :Analysis Value from : Field Temp  2026-03-19 18:03:08 Analysis Nitrate :Analysis Value from : Nitrate Nitrite  2018-02-01 18:01:04",
00150688-0,Nevada Division of Environmental Protection,NV06-SC-53-A_00,Whites Creek @ North Timberline Drive,SB8,2007-09-11 12:50:00,0.00,,,5.1,,,,,,,,,,,7.9,,,9.1,,,,,,< 0.1000,0.000677,,,8,< 5.0000,,,< 20.0000,< 12.0000,,,,< 100.0000,,< 30.0000,34,41,0.3,< 0.4,0.3,,,< 0.1000,0.01,,7.9,,,,,< 0.2000,,< 5.0000,76,7,65,17.6,34,659,0.03,< 10.0000,2.7,,,,< 5.0000,,< 3.0000,< 3.0000,< 20.0000,,< 2.0000,,< 100.0000,,< 1.0000,< 1.0000,< 2.0000,< 2.0000,,,< 2.0000,< 2.0000,360,,< 1.0000,< 1.0000,,,,< 5.0000,< 20.0000,,< 0.2000,< 0.2000,< 10.0000,,< 5.0000,< 5.0000,,< 2.0000,< 2.0000,,,,< 2.0000,< 1.0000,,,,,,,,,< 10.0000,< 10.0000,," Total N :AUTOCALCULATE 2016-06-16 14:48:17 Using 1/2 NandN Ammonia, Unionized :AUTOCALCULATE 2016-06-16 14:48:20 Using 1/2 AMNN Analysis DO :Analysis Value from : DO (field or ext)  2026-03-19 18:01:53 Analysis Hardness :Analysis Value from : Hardness Diss  2018-02-01 18:01:08 Analysis pH :Analysis Value from : Field pH  2026-03-19 18:03:49 Analysis TDS :Analysis Value from : Lab Total Dissolved Solids  2018-02-01 18:01:32 Analysis Temp :Analysis Value from : Field Temp  2026-03-19 18:03:08 Analysis SAR :Analysis Value from : SAR Diss  2018-06-19 18:01:44 Analysis Nitrate :Analysis Value from : Nitrate Nitrite  2018-02-01 18:01:04",
00150689-0,Nevada Division of Environmental Protection,NV06-SC-53-A_00,Whites Creek @ North Timberline Drive,SB8,2007-12-17 11:35:00,0.00,,,13,,,,,,,,,,,8,,,0,,,,,,< 0.1000,0.000408,,,,< 5.0000,,,< 20.0000,< 12.0000,,,,,,,29,35,0.2,< 0.3,0.2,,,< 0.1000,0.01,,7.86,,,,,,,,74,6,61,19.4,29,99,0.02,< 10.0000,1.5,,,,,,,,,,,,,,,,,,,,,,,,,,,,,,,,,,,,,,,,,,,,,,,,,,,,,,,,," Total N :AUTOCALCULATE 2016-06-16 14:48:17 Using 1/2 NandN Ammonia, Unionized :AUTOCALCULATE 2016-06-16 14:48:20 Using 1/2 AMNN Analysis DO :Analysis Value from : DO (field or ext)  2026-03-19 18:01:53 Analysis pH :Analysis Value from : Field pH  2026-03-19 18:03:49 Analysis TDS :Analysis Value from : Lab Total Dissolved Solids  2018-02-01 18:01:32 Analysis Nitrate :Analysis Value from : Nitrate Nitrite  2018-02-01 18:01:04",
00150690-0,Nevada Division of Environmental Protection,NV06-SC-53-A_00,Whites Creek @ North Timberline Drive,SB8,2008-10-14 13:30:00,0.00,,,11.1,,,,,,,,,,,7.9,,,3,,,,,,< 0.1000,0.000416,,,7,< 5.0000,,,< 20.0000,< 12.0000,,,,< 100.0000,,< 28.0000,29,35,< 0.2000,< 0.3,0,,,< 0.1000,0.01,,7.84,,,,,< 0.2100,,< 5.0000,73,7,66,18.7,29,246,0.01,< 10.0000,1.3,,,,< 5.0000,,< 3.0000,< 3.0000,< 20.0000,,< 2.0000,,< 100.0000,,< 1.0000,< 1.0000,< 2.0000,< 2.0000,,,< 2.0000,< 2.0000,160,,< 1.0000,< 1.0000,,,,< 5.0000,< 20.0000,,< 0.2000,< 0.2000,< 10.0000,,< 5.0000,< 5.0000,,< 2.0000,< 2.0000,,,,< 2.0000,< 1.0000,,,,,,,,,< 10.0000,< 10.0000,," Total N :AUTOCALCULATE 2016-06-16 14:48:17 Using 1/2 KJN Using 1/2 NandN Ammonia, Unionized :AUTOCALCULATE 2016-06-16 14:48:20 Using 1/2 AMNN Analysis DO :Analysis Value from : DO (field or ext)  2026-03-19 18:01:53 Analysis Hardness :Analysis Value from : Hardness Diss  2018-02-01 18:01:08 Analysis pH :Analysis Value from : Field pH  2026-03-19 18:03:49 Analysis TDS :Analysis Value from : Lab Total Dissolved Solids  2018-02-01 18:01:32 Analysis Temp :Analysis Value from : Field Temp  2026-03-19 18:03:08 Analysis SAR :Analysis Value from : SAR Diss  2018-06-19 18:01:44 Analysis Nitrate :Analysis Value from : Nitrate Nitrite  2018-02-01 18:01:04",
00150691-0,Nevada Division of Environmental Protection,NV06-SC-53-A_00,Whites Creek @ North Timberline Drive,SB8,2009-03-24 12:55:00,0.00,,,7.87,,,,,,,,,,,7.72,,,-0.3,,,,,,< 0.1000,0.000209,,,,< 5.0000,,,< 20.0000,< 12.0000,,,,,,,30,37,0.4,< 0.5,0.4,,,< 0.1000,0.01,,7.9,,,,,,,,79,8,64,20.8,31,52,0.08,33,10,,,,,,,,,,,,,,,,,,,,,,,,,,,,,,,,,,,,,,,,,,,,,,,,,,,,,,,,," Total N :AUTOCALCULATE 2016-06-16 14:48:17 Using 1/2 NandN Ammonia, Unionized :AUTOCALCULATE 2016-06-16 14:48:20 Using 1/2 AMNN Analysis DO :Analysis Value from : DO (field or ext)  2026-03-19 18:01:53 Analysis pH :Analysis Value from : Field pH  2026-03-19 18:03:49 Analysis TDS :Analysis Value from : Lab Total Dissolved Solids  2018-02-01 18:01:32 Analysis Temp :Analysis Value from : Field Temp  2026-03-19 18:03:08 Analysis Nitrate :Analysis Value from : Nitrate Nitrite  2018-02-01 18:01:04",
00150692-0,Nevada Division of Environmental Protection,NV06-SC-53-A_00,Whites Creek @ North Timberline Drive,SB8,2009-05-20 13:10:00,0.00,,,9.54,,,,,,,,,,,7.57,,,10.1,,,,,,< 0.1000,0.000345,,,5,< 5.0000,,,< 20.0000,< 12.0000,,,,< 100.0000,,< 23.0000,21,26,0.3,< 0.4,0.3,,,< 0.1000,0.01,,7.88,,,,,< 0.3800,,< 5.0000,55,< 5.0000,62,19.6,22,161,0.07,41,17,,,,< 5.0000,,< 3.0000,< 3.0000,20,,< 2.0000,,< 100.0000,,< 1.0000,< 1.0000,< 2.0000,< 2.0000,,,4,< 2.0000,1600,,< 1.0000,< 1.0000,,,,< 5.0000,50,,< 0.2000,< 0.2000,< 10.0000,,< 5.0000,< 5.0000,,< 2.0000,< 2.0000,,,,< 2.0000,< 1.0000,,,,,,,,,< 10.0000,< 10.0000,," Total N :AUTOCALCULATE 2016-06-16 14:48:17 Using 1/2 NandN Ammonia, Unionized :AUTOCALCULATE 2016-06-16 14:48:20 Using 1/2 AMNN Analysis DO :Analysis Value from : DO (field or ext)  2026-03-19 18:01:53 Analysis Hardness :Analysis Value from : Hardness Diss  2018-02-01 18:01:08 Analysis pH :Analysis Value from : Field pH  2026-03-19 18:03:49 Analysis TDS :Analysis Value from : Lab Total Dissolved Solids  2018-02-01 18:01:32 Analysis Temp :Analysis Value from : Field Temp  2026-03-19 18:03:08 Analysis SAR :Analysis Value from : SAR Diss  2018-06-19 18:01:44 Analysis Nitrate :Analysis Value from : Nitrate Nitrite  2018-02-01 18:01:04",
00150693-0,Nevada Division of Environmental Protection,NV06-SC-53-A_00,Whites Creek @ North Timberline Drive,SB8,2009-07-07 11:30:00,0.00,,,10.66,,,,,,,,,,,7.62,,,7.6,,,,,,< 0.1000,0.000317,,,,< 5.0000,,,< 20.0000,< 12.0000,,,,,,,28,34,< 0.2000,< 0.3,0,,,< 0.1000,0.01,,7.8,,,,,,,,60,5,56,18.4,28,175,0.03,< 10.0000,3.4,,,,,,,,,,,,,,,,,,,,,,,,,,,,,,,,,,,,,,,,,,,,,,,,,,,,,,,,," Total N :AUTOCALCULATE 2016-06-16 14:48:17 Using 1/2 KJN Using 1/2 NandN Ammonia, Unionized :AUTOCALCULATE 2016-06-16 14:48:20 Using 1/2 AMNN Analysis DO :Analysis Value from : DO (field or ext)  2026-03-19 18:01:53 Analysis pH :Analysis Value from : Field pH  2026-03-19 18:03:49 Analysis TDS :Analysis Value from : Lab Total Dissolved Solids  2018-02-01 18:01:32 Analysis Temp :Analysis Value from : Field Temp  2026-03-19 18:03:08 Analysis Nitrate :Analysis Value from : Nitrate Nitrite  2018-02-01 18:01:04",
00150694-0,Nevada Division of Environmental Protection,NV06-SC-53-A_00,Whites Creek @ North Timberline Drive,SB8,2009-10-20 09:40:00,0.00,,,10.4,,,,,,,,,,,6.3,,,3.5,,,,,,< 0.1000,0.000011,,,8,< 5.0000,,,< 20.0000,< 12.0000,,,,< 100.0000,,< 30.0000,30.3,37,0.2,,,,,0.1,0.02,,7.89,,,,,< 0.3400,,< 5.0000,74,6,71,22.5,30,246,0.02,< 10.0000,0.95,,,,< 5.0000,,< 3.0000,< 3.0000,< 20.0000,,< 2.0000,,< 100.0000,,< 1.0000,< 1.0000,< 2.0000,< 2.0000,,,< 2.0000,< 2.0000,220,,< 1.0000,< 1.0000,,,,< 5.0000,< 20.0000,,< 0.2000,< 0.2000,< 10.0000,,< 5.0000,< 5.0000,,< 2.0000,< 2.0000,,,,< 2.0000,< 1.0000,,,,,,,,,< 10.0000,< 10.0000,," Ammonia, Unionized :AUTOCALCULATE 2016-06-16 14:48:20 Using 1/2 AMNN Analysis DO :Analysis Value from : DO (field or ext)  2026-03-19 18:01:53 Analysis Hardness :Analysis Value from : Hardness Diss  2018-02-01 18:01:08 Analysis pH :Analysis Value from : Field pH  2026-03-19 18:03:49 Analysis TDS :Analysis Value from : Lab Total Dissolved Solids  2018-02-01 18:01:32 Analysis Temp :Analysis Value from : Field Temp  2026-03-19 18:03:08 Analysis SAR :Analysis Value from : SAR Diss  2018-06-19 18:01:44 Analysis Nitrate :Analysis Value from : Nitrate Nitrite  2018-02-01 18:01:04",
00150695-0,Nevada Division of Environmental Protection,NV06-SC-53-A_00,Whites Creek @ North Timberline Drive,SB8,2010-02-23 14:10:00,0.00,,,12.29,,,,,,,,,,,8.1,,,0,,,,,,< 0.1000,0.000513,,,,< 5.0000,,,< 20.0000,< 12.0000,,,,,,,29.5,36,0.2,< 0.3,0.2,,,< 0.1000,0.01,,7.91,,,,,,,,74,6,72,19.9,30,20,0.03,< 10.0000,4.2,,,,,,,,,,,,,,,,,,,,,,,,,,,,,,,,,,,,,,,,,,,,,,,,,,,,,,,,," Total N :AUTOCALCULATE 2016-06-16 14:48:17 Using 1/2 NandN Ammonia, Unionized :AUTOCALCULATE 2016-06-16 14:48:20 Using 1/2 AMNN Analysis DO :Analysis Value from : DO (field or ext)  2026-03-19 18:01:53 Analysis pH :Analysis Value from : Field pH  2026-03-19 18:03:49 Analysis TDS :Analysis Value from : Lab Total Dissolved Solids  2018-02-01 18:01:32 Analysis Nitrate :Analysis Value from : Nitrate Nitrite  2018-02-01 18:01:04",
00150696-0,Nevada Division of Environmental Protection,NV06-SC-53-A_00,Whites Creek @ North Timberline Drive,SB8,2010-08-16 12:55:00,0.00,,,9.55,,,,,,,,,,,7.96,,,11.3,,,,,,< 0.1000,0.000919,,,8,< 5.0000,,,< 20.0000,< 12.0000,,,,< 100.0000,,< 30.0000,29.5,36,< 0.2000,< 0.3,0,,,< 0.1000,0.02,,7.84,,,,,0.2,,< 5.0000,68,6,65,17.8,30,586,0.03,< 10.0000,2,,,,< 5.0000,,< 3.0000,< 3.0000,< 20.0000,,< 2.0000,,< 0.1000,,< 1.0000,< 1.0000,< 2.0000,< 2.0000,,,< 2.0000,< 2.0000,300,,< 1.0000,< 1.0000,,,,< 5.0000,< 20.0000,,< 0.2000,< 0.2000,< 10.0000,,< 5.0000,< 5.0000,,< 2.0000,< 2.0000,,,,< 2.0000,< 1.0000,,,,,,,,,< 10.0000,< 10.0000,," Total N :AUTOCALCULATE 2016-06-16 14:48:17 Using 1/2 KJN Using 1/2 NandN SAR Diss :AUTOCALCULATE 2018-05-02 18:00:44 Using 1/2 Na Using 1/2 Mg Ammonia, Unionized :AUTOCALCULATE 2016-06-16 14:48:20 Using 1/2 AMNN Analysis DO :Analysis Value from : DO (field or ext)  2026-03-19 18:01:53 Analysis Hardness :Analysis Value from : Hardness Diss  2018-02-01 18:01:08 Analysis pH :Analysis Value from : Field pH  2026-03-19 18:03:49 Analysis TDS :Analysis Value from : Lab Total Dissolved Solids  2018-02-01 18:01:32 Analysis Temp :Analysis Value from : Field Temp  2026-03-19 18:03:08 Analysis SAR :Analysis Value from : SAR Diss  2018-06-19 18:01:44 Analysis Nitrate :Analysis Value from : Nitrate Nitrite  2018-02-01 18:01:04",
00150698-0,Nevada Division of Environmental Protection,NV06-SC-54-B_00,Whites Creek above Thomas Creek Road &[WC-11],STBT03Whites-2,2004-06-08 15:00:00,0.00,,,14.52,,,,,,,,,,,7.38,,,7.13,,,,,,< 0.1000,0.000176,,,6,< 5.0000,,,< 20.0000,< 12.0000,,,,< 100.0000,,< 25.0000,22,27,0.2,< 0.7,0.2,,,< 0.5000,0.01,,7.68,,,,,< 0.2200,,< 5.0000,57,< 5.0000,53,15.9,22,344,0.06,16,7.2,,,,< 5.0000,,< 3.0000,< 3.0000,20,,< 2.0000,,< 100.0000,,< 1.0000,< 1.0000,< 2.0000,< 2.0000,,,3,< 2.0000,1000,,< 1.0000,< 1.0000,,,,< 5.0000,30,,< 0.2000,< 0.2000,< 10.0000,,< 5.0000,< 5.0000,,< 2.0000,< 2.0000,,,,< 2.0000,< 1.0000,,,,,,,,,< 10.0000,30,," Ammonia, Unionized :AUTOCALCULATE 2016-06-16 14:48:20 Using 1/2 AMNN Analysis DO :Analysis Value from : DO (field or ext)  2026-03-19 18:01:53 Analysis Hardness :Analysis Value from : Hardness Diss  2018-02-01 18:01:08 Analysis pH :Analysis Value from : Field pH  2026-03-19 18:03:49 Analysis TDS :Analysis Value from : Lab Total Dissolved Solids  2018-02-01 18:01:32 Analysis Temp :Analysis Value from : Field Temp  2026-03-19 18:03:08 Analysis SAR :Analysis Value from : SAR Diss  2018-06-19 18:01:44 Analysis Nitrate :Analysis Value from : Nitrate Nitrite  2018-02-01 18:01:04",
00150699-0,Nevada Division of Environmental Protection,NV06-SC-54-B_00,North Fork Whites Creek @ Arrow Creek Parkway,SB42,2004-09-20 12:20:00,0.00,,,12.6,,,,,,,,,,,,,,5.7,,,,,,< 0.1000,< 0.0008,,,,< 5.0000,,,< 20.0000,< 12.0000,,,,,,,28,34,< 0.2000,< 0.7,0,,,< 0.5000,0.01,,7.78,,,,,,,,71,6,68,17.9,28,1091,0.04,13,4.4,,,,,,,,,,,,,,,,,,,,,,,,,,,,,,,,,,,,,,,,,,,,,,,,,,,,,,,,, Analysis DO :Analysis Value from : DO (field or ext)  2026-03-19 18:01:53 Analysis TDS :Analysis Value from : Lab Total Dissolved Solids  2018-02-01 18:01:32 Analysis Temp :Analysis Value from : Field Temp  2026-03-19 18:03:08 Analysis Nitrate :Analysis Value from : Nitrate Nitrite  2018-02-01 18:01:04,
00150700-0,Nevada Division of Environmental Protection,NV06-SC-54-B_00,North Fork Whites Creek @ Arrow Creek Parkway,SB42,2005-01-25 12:15:00,0.00,,,13.7,,,,,,,,,,,7.7,,,1.5,,,,,,< 0.1000,0.000232,,,,< 5.0000,,,< 20.0000,< 12.0000,,,,,,,30,37,< 0.2000,< 0.7,0,,,< 0.5000,< 0.0100,,7.86,,,,,,,,81,7,47,19.8,30,87,0.02,< 10.0000,1.3,,,,,,,,,,,,,,,,,,,,,,,,,,,,,,,,,,,,,,,,,,,,,,,,,,,,,,,,," Ammonia, Unionized :AUTOCALCULATE 2016-06-16 14:48:20 Using 1/2 AMNN Analysis DO :Analysis Value from : DO (field or ext)  2026-03-19 18:01:53 Analysis pH :Analysis Value from : Field pH  2026-03-19 18:03:49 Analysis TDS :Analysis Value from : Lab Total Dissolved Solids  2018-02-01 18:01:32 Analysis Temp :Analysis Value from : Field Temp  2026-03-19 18:03:08 Analysis Nitrate :Analysis Value from : Nitrate Nitrite  2018-02-01 18:01:04",
00150701-0,Nevada Division of Environmental Protection,NV06-SC-54-B_00,North Fork Whites Creek @ Arrow Creek Parkway,SB42,2005-03-31 10:00:00,0.00,,,11.6,,,,,,,,,,,,,,2.5,,,,,,< 0.1000,< 0.0009,,,10,< 5.0000,,,< 20.0000,< 12.0000,,,,< 100.0000,,< 35.0000,34,41,0.2,< 0.3,0.2,,,< 0.1000,< 0.0100,,7.94,,,,,< 0.5900,,8,86,8,79,17.3,34,75,0.03,< 10.0000,3.5,,,,< 5.0000,,< 3.0000,< 3.0000,20,,< 2.0000,,< 100.0000,,< 1.0000,< 1.0000,< 2.0000,< 2.0000,,,< 2.0000,< 2.0000,430,,< 1.0000,< 1.0000,,,,< 5.0000,< 20.0000,,< 0.2000,< 0.2000,< 10.0000,,< 5.0000,< 5.0000,,< 2.0000,< 2.0000,,,,< 2.0000,< 1.0000,,,,,,,,,< 10.0000,39,, Analysis DO :Analysis Value from : DO (field or ext)  2026-03-19 18:01:53 Analysis Hardness :Analysis Value from : Hardness Diss  2018-02-01 18:01:08 Analysis TDS :Analysis Value from : Lab Total Dissolved Solids  2018-02-01 18:01:32 Analysis Temp :Analysis Value from : Field Temp  2026-03-19 18:03:08 Analysis SAR :Analysis Value from : SAR Diss  2018-06-19 18:01:44 Analysis Nitrate :Analysis Value from : Nitrate Nitrite  2018-02-01 18:01:04,
00150702-0,Nevada Division of Environmental Protection,NV06-SC-54-B_00,North Fork Whites Creek @ Arrow Creek Parkway,SB42,2005-07-12 12:40:00,0.00,,,6.8,,,,,,,,,,,7.9,,,12.9,,,,,,< 0.1000,0.000906,,,,< 5.0000,,,< 20.0000,< 12.0000,,,,,,,< 20.5000,< 25.0000,< 0.2000,< 0.3,0,,,< 0.1000,0.01,,7.79,,,,,,,,52,5,53,19.8,20,831,0.07,33,8.7,,,,,,,,,,,,,,,,,,,,,,,,,,,,,,,,,,,,,,,,,,,,,,,,,,,,,,,,," Ammonia, Unionized :AUTOCALCULATE 2016-06-16 14:48:20 Using 1/2 AMNN Analysis DO :Analysis Value from : DO (field or ext)  2026-03-19 18:01:53 Analysis pH :Analysis Value from : Field pH  2026-03-19 18:03:49 Analysis TDS :Analysis Value from : Lab Total Dissolved Solids  2018-02-01 18:01:32 Analysis Temp :Analysis Value from : Field Temp  2026-03-19 18:03:08 Analysis Nitrate :Analysis Value from : Nitrate Nitrite  2018-02-01 18:01:04",
00150703-0,Nevada Division of Environmental Protection,NV06-SC-54-B_00,North Fork Whites Creek @ Arrow Creek Parkway,SB42,2005-09-20 12:30:00,0.00,,,,,,,,,,,,,,7.7,,,10,,,,,,< 0.1000,0.000460,,,8,< 5.0000,,,< 20.0000,< 12.0000,,,,< 100.0000,,< 30.0000,29,35,0.2,,,,,0.1,< 0.0100,,7.9,,,,,< 0.4700,,6,70,7,68,20.1,29,1184,0.36,280,13,,,,< 5.0000,,< 3.0000,< 3.0000,70,,< 2.0000,,< 100.0000,,< 1.0000,< 1.0000,< 2.0000,< 2.0000,,,13,< 2.0000,4500,,1,< 1.0000,,,,< 5.0000,140,,< 0.2000,< 0.2000,< 10.0000,,< 5.0000,< 5.0000,,< 2.0000,< 2.0000,,,,< 2.0000,< 1.0000,,,,,,,,,17,15,," Ammonia, Unionized :AUTOCALCULATE 2016-06-16 14:48:20 Using 1/2 AMNN Analysis Hardness :Analysis Value from : Hardness Diss  2018-02-01 18:01:08 Analysis pH :Analysis Value from : Field pH  2026-03-19 18:03:49 Analysis TDS :Analysis Value from : Lab Total Dissolved Solids  2018-02-01 18:01:32 Analysis Temp :Analysis Value from : Field Temp  2026-03-19 18:03:08 Analysis SAR :Analysis Value from : SAR Diss  2018-06-19 18:01:44 Analysis Nitrate :Analysis Value from : Nitrate Nitrite  2018-02-01 18:01:04",
00150704-0,Nevada Division of Environmental Protection,NV06-SC-54-B_00,North Fork Whites Creek @ Arrow Creek Parkway,SB42,2005-12-20 11:20:00,0.00,,,10.5,,,,,,,,,,,,118,,2.4,,,,,,< 0.1000,< 0.0006,,,,< 5.0000,,,< 20.0000,< 12.0000,,,,,,,30,36,< 0.2000,< 0.3,0,,,< 0.1000,0.01,,7.8,,,,,,,,82,7,60,15.4,30,738,0.04,14,9.1,,,,,,,,,,,,,,,,,,,,,,,,,,,,,,,,,,,,,,,,,,,,,,,,,,,,,,,,, Total N :AUTOCALCULATE 2016-06-16 14:48:17 Using 1/2 KJN Using 1/2 NandN Analysis DO :Analysis Value from : DO (field or ext)  2026-03-19 18:01:53 Analysis TDS :Analysis Value from : Lab Total Dissolved Solids  2018-02-01 18:01:32 Analysis Temp :Analysis Value from : Field Temp  2026-03-19 18:03:08 Analysis Nitrate :Analysis Value from : Nitrate Nitrite  2018-02-01 18:01:04,
00150705-0,Nevada Division of Environmental Protection,NV06-SC-54-B_00,North Fork Whites Creek @ Arrow Creek Parkway,SB42,2006-06-20 12:45:00,0.00,,,12,,,,,,,,,,,7.9,168,,9,,,,,,< 0.1000,0.000672,,,5,< 5.0000,,,< 20.0000,< 12.0000,,,,< 100.0000,,< 23.0000,20,25,0.2,< 0.3,0.2,,,< 0.1000,< 0.0100,,7.7,,,,,< 0.2300,,< 5.0000,58,< 5.0000,52,23.8,21,178,0.08,35,12,,,,< 5.0000,,< 3.0000,< 3.0000,20,,< 2.0000,,< 100.0000,,< 1.0000,< 1.0000,< 2.0000,< 2.0000,,,4,< 2.0000,1400,,< 1.0000,< 1.0000,,,,< 5.0000,40,,< 0.2000,< 0.2000,< 10.0000,,< 5.0000,< 5.0000,,< 2.0000,< 2.0000,,,,< 2.0000,< 1.0000,,,,,,,,,< 10.0000,< 10.0000,," Total N :AUTOCALCULATE 2016-06-16 14:48:17 Using 1/2 NandN Ammonia, Unionized :AUTOCALCULATE 2016-06-16 14:48:20 Using 1/2 AMNN Analysis DO :Analysis Value from : DO (field or ext)  2026-03-19 18:01:53 Analysis Hardness :Analysis Value from : Hardness Diss  2018-02-01 18:01:08 Analysis pH :Analysis Value from : Field pH  2026-03-19 18:03:49 Analysis TDS :Analysis Value from : Lab Total Dissolved Solids  2018-02-01 18:01:32 Analysis Temp :Analysis Value from : Field Temp  2026-03-19 18:03:08 Analysis SAR :Analysis Value from : SAR Diss  2018-06-19 18:01:44 Analysis Nitrate :Analysis Value from : Nitrate Nitrite  2018-02-01 18:01:04",
00150706-0,Nevada Division of Environmental Protection,NV06-SC-54-B_00,North Fork Whites Creek @ Arrow Creek Parkway,SB42,2006-08-16 12:40:00,0.00,,,10.7,,,,,,,,,,,7.2,219,,10.2,,,,,,< 0.1000,0.000149,,,,< 5.0000,,,< 20.0000,< 12.0000,,,,,,,26,32,< 0.2000,< 0.3,0,,,< 0.1000,0.01,,7.8,,,,,,,,67,< 5.0000,49,19.8,26,1184,0.04,< 10.0000,3.1,,,,,,,,,,,,,,,,,,,,,,,,,,,,,,,,,,,,,,,,,,,,,,,,,,,,,,,,," Total N :AUTOCALCULATE 2016-06-16 14:48:17 Using 1/2 KJN Using 1/2 NandN Ammonia, Unionized :AUTOCALCULATE 2016-06-16 14:48:20 Using 1/2 AMNN Analysis DO :Analysis Value from : DO (field or ext)  2026-03-19 18:01:53 Analysis pH :Analysis Value from : Field pH  2026-03-19 18:03:49 Analysis TDS :Analysis Value from : Lab Total Dissolved Solids  2018-02-01 18:01:32 Analysis Temp :Analysis Value from : Field Temp  2026-03-19 18:03:08 Analysis Nitrate :Analysis Value from : Nitrate Nitrite  2018-02-01 18:01:04",
00150707-0,Nevada Division of Environmental Protection,NV06-SC-54-B_00,North Fork Whites Creek @ Arrow Creek Parkway,SB42,2006-12-11 12:15:00,0.00,,,11,,,,,,,,,,,8,,,0.1,,,,,,< 0.1000,0.000411,,,,< 5.0000,,,< 20.0000,< 12.0000,,,,,,,31,38,0.2,< 0.3,0.2,,,< 0.1000,0.01,,7.68,,,,,,,,77,6,67,21.6,31,137,0.04,10,3.3,,,,,,,,,,,,,,,,,,,,,,,,,,,,,,,,,,,,,,,,,,,,,,,,,,,,,,,,," Total N :AUTOCALCULATE 2016-06-16 14:48:17 Using 1/2 NandN Ammonia, Unionized :AUTOCALCULATE 2016-06-16 14:48:20 Using 1/2 AMNN Analysis DO :Analysis Value from : DO (field or ext)  2026-03-19 18:01:53 Analysis pH :Analysis Value from : Field pH  2026-03-19 18:03:49 Analysis TDS :Analysis Value from : Lab Total Dissolved Solids  2018-02-01 18:01:32 Analysis Temp :Analysis Value from : Field Temp  2026-03-19 18:03:08 Analysis Nitrate :Analysis Value from : Nitrate Nitrite  2018-02-01 18:01:04",
00150708-0,Nevada Division of Environmental Protection,NV06-SC-54-B_00,North Fork Whites Creek @ Arrow Creek Parkway,SB42,2007-03-20 12:15:00,0.00,,,10.2,,,,,,,,,,,7.9,,,5.6,,,,,,< 0.1000,0.000513,,,8,< 5.0000,,,< 20.0000,< 12.0000,,,,< 100.0000,,< 30.0000,32,39,< 0.2000,< 0.3,0,,,< 0.1000,< 0.0100,,7.72,,,,,< 0.2000,,< 5.0000,78,7,74,18.5,32,111,0.02,< 10.0000,1.5,,,,< 5.0000,,< 3.0000,< 3.0000,< 20.0000,,< 2.0000,,< 100.0000,,< 1.0000,< 1.0000,< 2.0000,< 2.0000,,,< 2.0000,< 2.0000,200,,< 1.0000,< 1.0000,,,,< 5.0000,< 20.0000,,< 0.2000,< 0.2000,< 10.0000,,< 5.0000,< 5.0000,,< 2.0000,< 2.0000,,,,< 2.0000,< 1.0000,,,,,,,,,10,< 10.0000,," Total N :AUTOCALCULATE 2016-06-16 14:48:17 Using 1/2 KJN Using 1/2 NandN Ammonia, Unionized :AUTOCALCULATE 2016-06-16 14:48:20 Using 1/2 AMNN Analysis DO :Analysis Value from : DO (field or ext)  2026-03-19 18:01:53 Analysis Hardness :Analysis Value from : Hardness Diss  2018-02-01 18:01:08 Analysis pH :Analysis Value from : Field pH  2026-03-19 18:03:49 Analysis TDS :Analysis Value from : Lab Total Dissolved Solids  2018-02-01 18:01:32 Analysis Temp :Analysis Value from : Field Temp  2026-03-19 18:03:08 Analysis SAR :Analysis Value from : SAR Diss  2018-06-19 18:01:44 Analysis Nitrate :Analysis Value from : Nitrate Nitrite  2018-02-01 18:01:04",
00150709-0,Nevada Division of Environmental Protection,NV06-SC-54-B_00,North Fork Whites Creek @ Arrow Creek Parkway,SB42,2007-06-12 11:50:00,0.00,,,11.9,,,,,,,,,,,7.9,,,9.3,,,,,,< 0.1000,0.000688,,,,< 5.0000,,,< 20.0000,< 12.0000,,,,,,,33,40,0.3,< 0.4,0.3,,,< 0.1000,0.01,,7.9,,,,,,,,67,< 5.0000,66,19.3,33,406,0.04,12,4.8,,,,,,,,,,,,,,,,,,,,,,,,,,,,,,,,,,,,,,,,,,,,,,,,,,,,,,,,," Total N :AUTOCALCULATE 2016-06-16 14:48:17 Using 1/2 NandN Ammonia, Unionized :AUTOCALCULATE 2016-06-16 14:48:20 Using 1/2 AMNN Analysis DO :Analysis Value from : DO (field or ext)  2026-03-19 18:01:53 Analysis pH :Analysis Value from : Field pH  2026-03-19 18:03:49 Analysis TDS :Analysis Value from : Lab Total Dissolved Solids  2018-02-01 18:01:32 Analysis Temp :Analysis Value from : Field Temp  2026-03-19 18:03:08 Analysis Nitrate :Analysis Value from : Nitrate Nitrite  2018-02-01 18:01:04",
00150710-0,Nevada Division of Environmental Protection,NV06-SC-54-B_00,North Fork Whites Creek @ Arrow Creek Parkway,SB42,2007-09-11 11:45:00,0.00,,,5.4,,,,,,,,,,,7.8,,,11.3,,,,,,< 0.1000,0.000639,,,8,< 5.0000,,,< 20.0000,< 12.0000,,,,< 100.0000,,< 30.0000,33,40,0.3,< 0.4,0.3,,,< 0.1000,0.01,,7.91,,,,,< 0.2000,,< 5.0000,76,7,65,17.7,33,2005,0.04,< 10.0000,3.6,,,,< 5.0000,,< 3.0000,< 3.0000,< 20.0000,,< 2.0000,,< 100.0000,,< 1.0000,< 1.0000,< 2.0000,< 2.0000,,,< 2.0000,< 2.0000,430,,< 1.0000,< 1.0000,,,,< 5.0000,20,,< 0.2000,< 0.2000,< 10.0000,,< 5.0000,< 5.0000,,< 2.0000,< 2.0000,,,,< 2.0000,< 1.0000,,,,,,,,,< 10.0000,< 10.0000,," Total N :AUTOCALCULATE 2016-06-16 14:48:17 Using 1/2 NandN Ammonia, Unionized :AUTOCALCULATE 2016-06-16 14:48:20 Using 1/2 AMNN Analysis DO :Analysis Value from : DO (field or ext)  2026-03-19 18:01:53 Analysis Hardness :Analysis Value from : Hardness Diss  2018-02-01 18:01:08 Analysis pH :Analysis Value from : Field pH  2026-03-19 18:03:49 Analysis TDS :Analysis Value from : Lab Total Dissolved Solids  2018-02-01 18:01:32 Analysis Temp :Analysis Value from : Field Temp  2026-03-19 18:03:08 Analysis SAR :Analysis Value from : SAR Diss  2018-06-19 18:01:44 Analysis Nitrate :Analysis Value from : Nitrate Nitrite  2018-02-01 18:01:04",
00150711-0,Nevada Division of Environmental Protection,NV06-SC-54-B_00,North Fork Whites Creek @ Arrow Creek Parkway,SB42,2007-12-17 11:10:00,0.00,,,13.5,,,,,,,,,,,8,,,0,,,,,,< 0.1000,0.000408,,,,< 5.0000,,,< 20.0000,< 12.0000,,,,,,,30,37,0.2,< 0.3,0.2,,,< 0.1000,< 0.0100,,7.81,,,,,,,,76,7,59,20.4,30,124,0.01,< 10.0000,1,,,,,,,,,,,,,,,,,,,,,,,,,,,,,,,,,,,,,,,,,,,,,,,,,,,,,,,,," Total N :AUTOCALCULATE 2016-06-16 14:48:17 Using 1/2 NandN Ammonia, Unionized :AUTOCALCULATE 2016-06-16 14:48:20 Using 1/2 AMNN Analysis DO :Analysis Value from : DO (field or ext)  2026-03-19 18:01:53 Analysis pH :Analysis Value from : Field pH  2026-03-19 18:03:49 Analysis TDS :Analysis Value from : Lab Total Dissolved Solids  2018-02-01 18:01:32 Analysis Nitrate :Analysis Value from : Nitrate Nitrite  2018-02-01 18:01:04",
00150712-0,Nevada Division of Environmental Protection,NV06-SC-54-B_00,North Fork Whites Creek @ Arrow Creek Parkway,SB42,2008-10-14 12:20:00,0.00,,,12.2,,,,,,,,,,,8,,,3.2,,,,,,< 0.1000,0.000531,,,< 5.0000,< 5.0000,,,< 20.0000,< 12.0000,,,,< 100.0000,,< 17.0000,29,35,< 0.2000,< 0.3,0,,,< 0.1000,< 0.0100,,7.81,,,,,< 0.2700,,< 5.0000,73,7,71,18.3,29,,0.02,< 10.0000,2.2,,,,< 5.0000,,< 3.0000,< 3.0000,< 20.0000,,< 2.0000,,< 100.0000,,< 1.0000,< 1.0000,< 2.0000,< 2.0000,,,< 2.0000,< 2.0000,180,,< 1.0000,< 1.0000,,,,< 5.0000,< 20.0000,,< 0.2000,< 0.2000,< 10.0000,,< 5.0000,< 5.0000,,< 2.0000,< 2.0000,,,,< 2.0000,< 1.0000,,,,,,,,,< 10.0000,< 10.0000,," Total N :AUTOCALCULATE 2016-06-16 14:48:17 Using 1/2 KJN Using 1/2 NandN Ammonia, Unionized :AUTOCALCULATE 2016-06-16 14:48:20 Using 1/2 AMNN Analysis DO :Analysis Value from : DO (field or ext)  2026-03-19 18:01:53 Analysis Hardness :Analysis Value from : Hardness Diss  2018-02-01 18:01:08 Analysis pH :Analysis Value from : Field pH  2026-03-19 18:03:49 Analysis TDS :Analysis Value from : Lab Total Dissolved Solids  2018-02-01 18:01:32 Analysis Temp :Analysis Value from : Field Temp  2026-03-19 18:03:08 Analysis SAR :Analysis Value from : SAR Diss  2018-06-19 18:01:44 Analysis Nitrate :Analysis Value from : Nitrate Nitrite  2018-02-01 18:01:04",
00150713-0,Nevada Division of Environmental Protection,NV06-SC-54-B_00,North Fork Whites Creek @ Arrow Creek Parkway,SB42,2009-03-24 11:50:00,0.00,,,9.73,,,,,,,,,,,7.66,,,1.5,,,,,,,,,,,,,,,,,,,,,,,,,,,,,,,,,,,,,,,,,,,,,,,,,,,,,,,,,,,,,,,,,,,,,,,,,,,,,,,,,,,,,,,,,,,,,,,,,,,,,,,,, Analysis DO :Analysis Value from : DO (field or ext)  2026-03-19 18:01:53 Analysis pH :Analysis Value from : Field pH  2026-03-19 18:03:49 Analysis Temp :Analysis Value from : Field Temp  2026-03-19 18:03:08,
00150714-0,Nevada Division of Environmental Protection,NV06-SC-54-B_00,North Fork Whites Creek @ Arrow Creek Parkway,SB42,2009-05-20 12:25:00,0.00,,,9.97,,,,,,,,,,,7.8,,,10,,,,,,< 0.1000,0.000578,,,5,< 5.0000,,,< 20.0000,< 12.0000,,,,< 100.0000,,< 23.0000,24,29,0.5,< 0.6,0.5,,,< 0.1000,< 0.0100,,7.84,,,,,< 0.3800,,< 5.0000,54,< 5.0000,61,18.7,24,369,0.11,36,25,,,,< 5.0000,,< 3.0000,< 3.0000,20,,< 2.0000,,< 100.0000,,< 1.0000,< 1.0000,< 2.0000,< 2.0000,,,5,< 2.0000,1800,,< 1.0000,< 1.0000,,,,< 5.0000,50,,< 0.2000,< 0.2000,< 10.0000,,< 5.0000,< 5.0000,,< 2.0000,< 2.0000,,,,< 2.0000,< 1.0000,,,,,,,,,< 10.0000,< 10.0000,," Total N :AUTOCALCULATE 2016-06-16 14:48:17 Using 1/2 NandN Ammonia, Unionized :AUTOCALCULATE 2016-06-16 14:48:20 Using 1/2 AMNN Analysis DO :Analysis Value from : DO (field or ext)  2026-03-19 18:01:53 Analysis Hardness :Analysis Value from : Hardness Diss  2018-02-01 18:01:08 Analysis pH :Analysis Value from : Field pH  2026-03-19 18:03:49 Analysis TDS :Analysis Value from : Lab Total Dissolved Solids  2018-02-01 18:01:32 Analysis Temp :Analysis Value from : Field Temp  2026-03-19 18:03:08 Analysis SAR :Analysis Value from : SAR Diss  2018-06-19 18:01:44 Analysis Nitrate :Analysis Value from : Nitrate Nitrite  2018-02-01 18:01:04",
00150715-0,Nevada Division of Environmental Protection,NV06-SC-54-B_00,North Fork Whites Creek @ Arrow Creek Parkway,SB42,2009-07-07 13:25:00,0.00,,,9.73,,,,,,,,,,,7.67,,,11.5,,,,,,< 0.1000,0.000483,,,,< 5.0000,,,< 20.0000,< 12.0000,,,,,,,26,32,0.3,< 0.4,0.3,,,< 0.1000,0.01,,7.82,,,,,,,,61,< 5.0000,66,18.2,26,624,0.05,17,7.3,,,,,,,,,,,,,,,,,,,,,,,,,,,,,,,,,,,,,,,,,,,,,,,,,,,,,,,,," Total N :AUTOCALCULATE 2016-06-16 14:48:17 Using 1/2 NandN Ammonia, Unionized :AUTOCALCULATE 2016-06-16 14:48:20 Using 1/2 AMNN Analysis DO :Analysis Value from : DO (field or ext)  2026-03-19 18:01:53 Analysis pH :Analysis Value from : Field pH  2026-03-19 18:03:49 Analysis TDS :Analysis Value from : Lab Total Dissolved Solids  2018-02-01 18:01:32 Analysis Temp :Analysis Value from : Field Temp  2026-03-19 18:03:08 Analysis Nitrate :Analysis Value from : Nitrate Nitrite  2018-02-01 18:01:04",
00150716-0,Nevada Division of Environmental Protection,NV06-SC-54-B_00,North Fork Whites Creek @ Arrow Creek Parkway,SB42,2009-10-19 13:45:00,0.00,,,9.74,,,,,,,,,,,7.9,,,7.8,,,,,,< 0.1000,0.000611,,,8,< 5.0000,,,< 20.0000,< 12.0000,,,,< 100.0000,,< 30.0000,30.3,37,0.3,,,,,0.1,0.02,,7.86,,,,,< 0.3400,,< 5.0000,75,6,89,22.1,30,583,0.04,< 10.0000,2.6,,,,< 5.0000,,< 3.0000,< 3.0000,< 20.0000,,< 2.0000,,< 100.0000,,< 1.0000,< 1.0000,< 2.0000,< 2.0000,,,< 2.0000,< 2.0000,310,,< 1.0000,< 1.0000,,,,< 5.0000,< 20.0000,,< 0.2000,< 0.2000,< 10.0000,,< 5.0000,< 5.0000,,< 2.0000,< 2.0000,,,,< 2.0000,< 1.0000,,,,,,,,,< 10.0000,< 10.0000,," Ammonia, Unionized :AUTOCALCULATE 2016-06-16 14:48:20 Using 1/2 AMNN Analysis DO :Analysis Value from : DO (field or ext)  2026-03-19 18:01:53 Analysis Hardness :Analysis Value from : Hardness Diss  2018-02-01 18:01:08 Analysis pH :Analysis Value from : Field pH  2026-03-19 18:03:49 Analysis TDS :Analysis Value from : Lab Total Dissolved Solids  2018-02-01 18:01:32 Analysis Temp :Analysis Value from : Field Temp  2026-03-19 18:03:08 Analysis SAR :Analysis Value from : SAR Diss  2018-06-19 18:01:44 Analysis Nitrate :Analysis Value from : Nitrate Nitrite  2018-02-01 18:01:04",
00150717-0,Nevada Division of Environmental Protection,NV06-SC-54-B_00,North Fork Whites Creek @ Arrow Creek Parkway,SB42,2010-02-23 13:00:00,0.00,,,12.72,,,,,,,,,,,8.3,,,0,,,,,,< 0.1000,0.000808,,,,< 5.0000,,,< 20.0000,< 12.0000,,,,,,,32,39,0.3,< 0.4,0.3,,,< 0.1000,0.02,,7.91,,,,,,,,76,6,69,20.3,32,246,0.03,< 10.0000,4.6,,,,,,,,,,,,,,,,,,,,,,,,,,,,,,,,,,,,,,,,,,,,,,,,,,,,,,,,," Total N :AUTOCALCULATE 2016-06-16 14:48:17 Using 1/2 NandN Ammonia, Unionized :AUTOCALCULATE 2016-06-16 14:48:20 Using 1/2 AMNN Analysis DO :Analysis Value from : DO (field or ext)  2026-03-19 18:01:53 Analysis pH :Analysis Value from : Field pH  2026-03-19 18:03:49 Analysis TDS :Analysis Value from : Lab Total Dissolved Solids  2018-02-01 18:01:32 Analysis Nitrate :Analysis Value from : Nitrate Nitrite  2018-02-01 18:01:04",
00150718-0,Nevada Division of Environmental Protection,NV06-SC-54-B_00,North Fork Whites Creek @ Arrow Creek Parkway,SB42,2010-04-14 12:50:00,0.00,,,10.08,,,,,,,,,,,7.87,,,6.1,,,,,,< 0.1000,0.000499,,,8,< 5.0000,,,< 20.0000,< 12.0000,,,,< 100.0000,,< 30.0000,33.6,41,< 0.2000,< 0.3,0,,,< 0.1000,< 0.0100,,7.94,,,,,< 0.3400,,< 5.0000,83,8,82,20.3,34,31,0.03,< 10.0000,2.4,,,,< 5.0000,,< 3.0000,< 3.0000,< 20.0000,,< 2.0000,,< 100.0000,,< 1.0000,< 1.0000,< 2.0000,< 2.0000,,,< 2.0000,< 2.0000,240,,< 1.0000,< 1.0000,,,,< 5.0000,< 20.0000,,< 0.2000,< 0.2000,< 10.0000,,< 5.0000,< 5.0000,,< 2.0000,< 2.0000,,,,< 2.0000,< 1.0000,,,,,,,,,< 10.0000,< 10.0000,," Ammonia, Unionized :AUTOCALCULATE 2016-06-16 14:48:20 Using 1/2 AMNN Analysis DO :Analysis Value from : DO (field or ext)  2026-03-19 18:01:53 Analysis Hardness :Analysis Value from : Hardness Diss  2018-02-01 18:01:08 Analysis pH :Analysis Value from : Field pH  2026-03-19 18:03:49 Analysis TDS :Analysis Value from : Lab Total Dissolved Solids  2018-02-01 18:01:32 Analysis Temp :Analysis Value from : Field Temp  2026-03-19 18:03:08 Analysis SAR :Analysis Value from : SAR Diss  2018-06-19 18:01:44 Analysis Nitrate :Analysis Value from : Nitrate Nitrite  2018-02-01 18:01:04",
00150719-0,Nevada Division of Environmental Protection,NV06-SC-54-B_00,North Fork Whites Creek @ Arrow Creek Parkway,SB42,2010-08-16 14:50:00,0.00,,,8.1,,,,,,,,,,,8.04,,,15.7,,,,,,< 0.1000,0.001528,,,8,< 5.0000,,,< 20.0000,< 12.0000,,,,< 100.0000,,< 30.0000,27.9,34,0.2,< 0.3,0.2,,,< 0.1000,0.02,,7.84,,,,,0.2,,< 5.0000,66,6,70,17.3,28,1989,0.04,16,5,,,,< 5.0000,,< 3.0000,< 3.0000,< 20.0000,,< 2.0000,,< 0.1000,,< 1.0000,< 1.0000,< 2.0000,< 2.0000,,,< 2.0000,< 2.0000,610,,< 1.0000,< 1.0000,,,,< 5.0000,20,,< 0.2000,< 0.2000,< 10.0000,,< 5.0000,< 5.0000,,< 2.0000,< 2.0000,,,,< 2.0000,< 1.0000,,,,,,,,,< 10.0000,< 10.0000,," Total N :AUTOCALCULATE 2016-06-16 14:48:17 Using 1/2 NandN SAR Diss :AUTOCALCULATE 2018-05-02 18:00:44 Using 1/2 Na Using 1/2 Mg Ammonia, Unionized :AUTOCALCULATE 2016-06-16 14:48:20 Using 1/2 AMNN Analysis DO :Analysis Value from : DO (field or ext)  2026-03-19 18:01:53 Analysis Hardness :Analysis Value from : Hardness Diss  2018-02-01 18:01:08 Analysis pH :Analysis Value from : Field pH  2026-03-19 18:03:49 Analysis TDS :Analysis Value from : Lab Total Dissolved Solids  2018-02-01 18:01:32 Analysis Temp :Analysis Value from : Field Temp  2026-03-19 18:03:08 Analysis SAR :Analysis Value from : SAR Diss  2018-06-19 18:01:44 Analysis Nitrate :Analysis Value from : Nitrate Nitrite  2018-02-01 18:01:04",
00150720-0,Nevada Division of Environmental Protection,NV06-SC-54-B_00,North Fork Whites Creek @ Arrow Creek Parkway,SB42,2010-11-02 13:00:00,0.00,,,11.82,,,,,,,,,,,7.71,,,5.4,,,,,,< 0.1000,0.000327,,,,< 5.0000,,,< 20.0000,< 12.0000,,,,,,,27.9,34,1,< 1.1,1,,,< 0.1000,0.01,,7.7,,,,,,,,73,7,83,16.4,28,4884,0.33,185,150,,,,,,,,,,,,,,,,,,,,,,,,,,,,,,,,,,,,,,,,,,,,,,,,,,,,,,,,," Total N :AUTOCALCULATE 2016-06-16 14:48:17 Using 1/2 NandN Ammonia, Unionized :AUTOCALCULATE 2016-06-16 14:48:20 Using 1/2 AMNN Analysis DO :Analysis Value from : DO (field or ext)  2026-03-19 18:01:53 Analysis pH :Analysis Value from : Field pH  2026-03-19 18:03:49 Analysis TDS :Analysis Value from : Lab Total Dissolved Solids  2018-02-01 18:01:32 Analysis Temp :Analysis Value from : Field Temp  2026-03-19 18:03:08 Analysis Nitrate :Analysis Value from : Nitrate Nitrite  2018-02-01 18:01:04",
00150721-0,Nevada Division of Environmental Protection,NV06-SC-54-B_00,North Fork Whites Creek @ Arrow Creek Parkway,SB42,2011-06-15 10:35:00,0.00,,,10.08,,,,,,,,,,,7.45,,,7.1,,,,,,< 0.1000,0.000207,,,6,< 5.0000,,,< 20.0000,< 12.0000,,,,< 100.0000,,< 25.0000,21.3,26,0.3,< 0.4,0.3,,,< 0.1000,< 0.0100,,7.64,,,,,0.22,,< 5.0000,62,9,68,18,22,408,0.22,146,45,,,,< 5.0000,,3,< 3.0000,50,,< 2.0000,,< 0.1000,,< 1.0000,< 1.0000,< 2.0000,< 2.0000,,,10,< 2.0000,4700,,1,< 1.0000,,,,< 5.0000,140,,< 0.2000,< 0.2000,< 10.0000,,< 5.0000,< 5.0000,,< 2.0000,< 2.0000,,,,< 2.0000,< 1.0000,,,,,,,,,17,11,," Total N :AUTOCALCULATE 2016-06-16 14:48:17 Using 1/2 NandN SAR Diss :AUTOCALCULATE 2018-05-02 18:00:44 Using 1/2 Na Using 1/2 Mg Ammonia, Unionized :AUTOCALCULATE 2016-06-16 14:48:20 Using 1/2 AMNN Analysis DO :Analysis Value from : DO (field or ext)  2026-03-19 18:01:53 Analysis Hardness :Analysis Value from : Hardness Diss  2018-02-01 18:01:08 Analysis pH :Analysis Value from : Field pH  2026-03-19 18:03:49 Analysis TDS :Analysis Value from : Lab Total Dissolved Solids  2018-02-01 18:01:32 Analysis Temp :Analysis Value from : Field Temp  2026-03-19 18:03:08 Analysis SAR :Analysis Value from : SAR Diss  2018-06-19 18:01:44 Analysis Nitrate :Analysis Value from : Nitrate Nitrite  2018-02-01 18:01:04",
00150722-0,Nevada Division of Environmental Protection,NV06-SC-54-B_00,North Fork Whites Creek @ Arrow Creek Parkway,SB42,2012-05-17 10:10:00,0.00,,,10.61,,,,,,,,,,,7.49,,,8.3,,,,,,< 0.1000,0.000249,,,7,< 5.0000,,,< 20.0000,< 12.0000,,,,200,,< 28.0000,25.4,31,0.2,< 0.3,0.2,,,< 0.1000,0.01,,7.78,,,,,0.21,,< 5.0000,58,< 5.0000,57,16.6,26,175,0.04,11,5.9,,,,< 5.0000,,< 3.0000,< 3.0000,< 20.0000,,< 2.0000,,< 0.1000,,< 1.0000,< 1.0000,< 2.0000,< 2.0000,,,< 2.0000,< 2.0000,510,,< 1.0000,< 1.0000,,,,< 5.0000,20,,< 0.2000,< 0.2000,< 10.0000,,< 5.0000,< 5.0000,,< 2.0000,< 2.0000,,,,< 2.0000,< 1.0000,,,,,,,,,12,< 10.0000,," Total N :AUTOCALCULATE 2016-06-16 14:48:17 Using 1/2 NandN SAR Diss :AUTOCALCULATE 2018-05-02 18:00:44 Using 1/2 Na Using 1/2 Mg Ammonia, Unionized :AUTOCALCULATE 2016-06-16 14:48:20 Using 1/2 AMNN Analysis DO :Analysis Value from : DO (field or ext)  2026-03-19 18:01:53 Analysis Hardness :Analysis Value from : Hardness Diss  2018-02-01 18:01:08 Analysis pH :Analysis Value from : Field pH  2026-03-19 18:03:49 Analysis TDS :Analysis Value from : Lab Total Dissolved Solids  2018-02-01 18:01:32 Analysis Temp :Analysis Value from : Field Temp  2026-03-19 18:03:08 Analysis SAR :Analysis Value from : SAR Diss  2018-06-19 18:01:44 Analysis Nitrate :Analysis Value from : Nitrate Nitrite  2018-02-01 18:01:04",
00150723-0,Nevada Division of Environmental Protection,NV06-SC-54-B_00,North Fork Whites Creek @ Arrow Creek Parkway,SB42,2012-08-08 10:10:00,0.00,,,8.4,,,,,,,,,,,7.55,,,13.9,,,,,,< 0.1000,0.000441,,,8,< 5.0000,,,< 20.0000,< 12.0000,,,,< 100.0000,,< 30.0000,33.6,41,< 0.1000,< 0.2,0,,,< 0.1000,0.02,,7.79,,,,,0.2,,< 5.0000,80,7,70,18.6,33,4611,0.06,21,8.4,,,,< 5.0000,,< 3.0000,< 3.0000,< 20.0000,,< 2.0000,,< 0.1000,,< 1.0000,< 1.0000,< 2.0000,< 2.0000,,,3,< 2.0000,930,,< 1.0000,< 1.0000,,,,< 5.0000,40,,< 0.2000,< 0.2000,< 10.0000,,< 5.0000,< 5.0000,,< 2.0000,< 2.0000,,,,< 2.0000,< 1.0000,,,,,,,,,< 10.0000,< 10.0000,," SAR Diss :AUTOCALCULATE 2018-05-02 18:00:44 Using 1/2 Na Using 1/2 Mg Ammonia, Unionized :AUTOCALCULATE 2016-06-16 14:48:20 Using 1/2 AMNN Analysis DO :Analysis Value from : DO (field or ext)  2026-03-19 18:01:53 Analysis Hardness :Analysis Value from : Hardness Diss  2018-02-01 18:01:08 Analysis pH :Analysis Value from : Field pH  2026-03-19 18:03:49 Analysis TDS :Analysis Value from : Lab Total Dissolved Solids  2018-02-01 18:01:32 Analysis Temp :Analysis Value from : Field Temp  2026-03-19 18:03:08 Analysis SAR :Analysis Value from : SAR Diss  2018-06-19 18:01:44 Analysis Nitrate :Analysis Value from : Nitrate Nitrite  2018-02-01 18:01:04",
00150724-0,Nevada Division of Environmental Protection,NV06-SC-54-B_00,North Fork Whites Creek @ Arrow Creek Parkway,SB42,2012-11-13 10:17:00,0.00,,,12.23,,,,,,,,,,,6.99,,,0,,,,,,< 0.1000,0.000040,,,,< 5.0000,,,< 20.0000,< 12.0000,,,,,,,27.9,34,0.2,< 0.3,0.2,,,< 0.1000,0.01,,7.71,,,,,,,,73,6,70,17.4,28,712,0.05,16,6.1,,,,,,,,,,,,,,,,,,,,,,,,,,,,,,,,,,,,,,,,,,,,,,,,,,,,,,,,," Total N :AUTOCALCULATE 2016-06-16 14:48:17 Using 1/2 NandN Ammonia, Unionized :AUTOCALCULATE 2016-06-16 14:48:20 Using 1/2 AMNN Analysis DO :Analysis Value from : DO (field or ext)  2026-03-19 18:01:53 Analysis pH :Analysis Value from : Field pH  2026-03-19 18:03:49 Analysis TDS :Analysis Value from : Lab Total Dissolved Solids  2018-02-01 18:01:32 Analysis Nitrate :Analysis Value from : Nitrate Nitrite  2018-02-01 18:01:04",
00150725-0,Nevada Division of Environmental Protection,NV06-SC-54-B_00,North Fork Whites Creek @ Arrow Creek Parkway,SB42,2013-03-19 11:13:00,0.00,,,11.17,,,,,,,,,,,7.92,,,5,,,,,,< 0.1000,0.000512,,,10,< 5.0000,,,< 20.0000,< 12.0000,,,,100,,< 35.0000,31.2,38,< 0.2000,< 0.3,0,,,< 0.1000,< 0.0100,,7.98,,,,,0.18,,< 5.0000,81,6,70,21.2,31,109,0.02,< 10.0000,1.9,,,,< 5.0000,,< 3.0000,< 3.0000,< 20.0000,,< 2.0000,,< 0.1000,,< 1.0000,< 1.0000,< 2.0000,< 2.0000,,,< 2.0000,< 2.0000,230,,< 1.0000,< 1.0000,,,,< 5.0000,< 20.0000,,< 0.2000,< 0.2000,< 10.0000,,< 5.0000,< 5.0000,,< 2.0000,< 2.0000,,,,< 2.0000,< 1.0000,,,,,,,,,< 10.0000,< 10.0000,," Total N :AUTOCALCULATE 2016-06-16 14:48:17 Using 1/2 KJN Using 1/2 NandN SAR Diss :AUTOCALCULATE 2018-05-02 18:00:44 Using 1/2 Na Using 1/2 Mg Ammonia, Unionized :AUTOCALCULATE 2016-06-16 14:48:20 Using 1/2 AMNN Analysis DO :Analysis Value from : DO (field or ext)  2026-03-19 18:01:53 Analysis Hardness :Analysis Value from : Hardness Diss  2018-02-01 18:01:08 Analysis pH :Analysis Value from : Field pH  2026-03-19 18:03:49 Analysis TDS :Analysis Value from : Lab Total Dissolved Solids  2018-02-01 18:01:32 Analysis Temp :Analysis Value from : Field Temp  2026-03-19 18:03:08 Analysis SAR :Analysis Value from : SAR Diss  2018-06-19 18:01:44 Analysis Nitrate :Analysis Value from : Nitrate Nitrite  2018-02-01 18:01:04",
00150726-0,Nevada Division of Environmental Protection,NV06-SC-54-B_00,North Fork Whites Creek @ Arrow Creek Parkway,SB42,2013-07-08 10:35:00,0.00,,,9.7,,,,,,,,,,,7.82,,,12.6,,,,,,< 0.1000,0.000739,,,,< 5.0000,,,< 20,< 12.0000,,,,,,,29.5,36,0.3,< 0.4,0.3,,,< 0.1000,0.02,,7.91,,,,,,,,70,5,63,20,30,1872,0.06,17,7.5,,,,,,,,,,,,,,,,,,,,,,,,,,,,,,,,,,,,,,,,,,,,,,,,,,,,,,,,," Total N :AUTOCALCULATE 2018-08-06 18:00:25 Using 1/2 NandN Ammonia, Unionized :AUTOCALCULATE 2018-08-06 18:00:28 Using 1/2 AMNN Analysis DO :Analysis Value from : DO (field or ext)  2026-03-19 18:01:53 Analysis pH :Analysis Value from : Field pH  2026-03-19 18:03:49 Analysis TDS :Analysis Value from : Lab Total Dissolved Solids  2018-08-06 18:01:20 Analysis Temp :Analysis Value from : Field Temp  2026-03-19 18:03:08 Analysis Nitrate :Analysis Value from : Nitrate Nitrite  2018-08-06 18:00:29",
00150727-0,Nevada Division of Environmental Protection,NV06-SC-54-B_00,North Fork Whites Creek @ Arrow Creek Parkway,SB42,2013-10-16 10:30:00,0.00,,,11.64,,,,,,,,,,,6.95,,,1.9,,,,,,< 0.1,0.000043,,,8,< 5,,,< 20,< 12,,,,< 100,,< 30,29.5,36,0.3,< 0.4,0.3,,,< 0.1,< 0.01,,7.86,,,,,< 0.34,,< 5,74,6,63,19.6,30,256,0.04,< 10,2.4,,,,< 5,,< 3,< 3,< 20,,< 2,,< 100,,< 1,< 1,< 2,< 2,,,< 2,< 2,290,,< 1,< 1,,,,< 5,< 20,,< 0.2,< 0.2,< 10,,< 5,< 5,,< 2,< 2,,,,< 2,< 1,,,,,,,,,< 10,< 10,," Ammonia, Unionized :AUTOCALCULATE 2016-06-16 14:48:20 Using 1/2 AMNN Analysis DO :Analysis Value from : DO (field or ext)  2026-03-19 18:01:53 Analysis Hardness :Analysis Value from : Hardness Diss  2018-02-01 18:01:08 Analysis pH :Analysis Value from : Field pH  2026-03-19 18:03:49 Analysis TDS :Analysis Value from : Lab Total Dissolved Solids  2018-02-01 18:01:32 Analysis Temp :Analysis Value from : Field Temp  2026-03-19 18:03:08 Analysis SAR :Analysis Value from : SAR Diss  2018-06-19 18:01:44 Analysis Nitrate :Analysis Value from : Nitrate Nitrite  2018-02-01 18:01:04",
00150728-0,Nevada Division of Environmental Protection,NV06-SC-55-A_00,Thomas Creek @ North Timberline Drive &[STBT03Thomas-3],SB10,1987-10-21 12:25:00,0.00,,,11.5,,,,,,,,,,,8.1,,,6.5,,,,,,< 0.1,0.000869,1.16,,,0,,,0,0,,,,,,,48,59,0.11,,,0.03,0.15,,0.04,,8.02,,,,,,,,102,,89,,48,,0.05,4,1.5,,,,,,,,,,,,,,,,,,,,,,,,,,,,,,,,,,,,,,,,,,,,,,,,,,,,,,,,," Ammonia, Unionized :AUTOCALCULATE 2016-06-16 14:48:20 Using 1/2 AMNN Analysis DO :Analysis Value from : DO (field or ext)  2026-03-19 18:01:53 Analysis pH :Analysis Value from : Field pH  2026-03-19 18:03:49 Analysis TDS :Analysis Value from : Lab Total Dissolved Solids  2018-02-01 18:01:32 Analysis Temp :Analysis Value from : Field Temp  2026-03-19 18:03:08 Analysis Nitrate :Analysis Value from : Nitrate 2018-02-01 18:01:04",
00150729-0,Nevada Division of Environmental Protection,NV06-SC-55-A_00,Thomas Creek @ North Timberline Drive &[STBT03Thomas-3],SB10,1987-12-01 00:00:00,0.00,,,11.1,,,,,,,,,,,7.9,,,2,,,,,,< 0.1,0.000383,,,,0,,,0,0,7.8,,,,,,48,59,0.18,,,0.02,0.08,,0.03,,7.95,,,,,,,,98,,85,,48,,0.05,2,1.9,,,,,,,,,,,,,,,,,,,,,,,,,,,,,,,,,,,,,,,,,,,,,,,,,,,,,,,,," Ammonia, Unionized :AUTOCALCULATE 2016-06-16 14:48:20 Using 1/2 AMNN Analysis DO :Analysis Value from : DO (field or ext)  2026-03-19 18:01:53 Analysis pH :Analysis Value from : Field pH  2026-03-19 18:03:49 Analysis TDS :Analysis Value from : Lab Total Dissolved Solids  2018-02-01 18:01:32 Analysis Temp :Analysis Value from : Field Temp  2026-03-19 18:03:08 Analysis Nitrate :Analysis Value from : Nitrate 2018-02-01 18:01:04",
00150730-0,Nevada Division of Environmental Protection,NV06-SC-55-A_00,Thomas Creek @ North Timberline Drive &[STBT03Thomas-3],SB10,1988-02-02 12:10:00,0.00,,,11,,,,,,,,,,,8,,,0,,,,,,< 0.1,0.000408,1.42,,,0,,,0,0,,,,,,,52,63,0.21,,,0.03,0.13,,0.03,,7.8,,,,,,,,103,,91,,52,,0.06,11,2.5,,,,,,,,,,,,,,,,,,,,,,,,,,,,,,,,,,,,,,,,,,,,,,,,,,,,,,,,," Ammonia, Unionized :AUTOCALCULATE 2016-06-16 14:48:20 Using 1/2 AMNN Analysis DO :Analysis Value from : DO (field or ext)  2026-03-19 18:01:53 Analysis pH :Analysis Value from : Field pH  2026-03-19 18:03:49 Analysis TDS :Analysis Value from : Lab Total Dissolved Solids  2018-02-01 18:01:32 Analysis Nitrate :Analysis Value from : Nitrate 2018-02-01 18:01:04",
00150731-0,Nevada Division of Environmental Protection,NV06-SC-55-A_00,Thomas Creek @ North Timberline Drive &[STBT03Thomas-3],SB10,1988-04-06 13:25:00,0.00,,,9.4,,,,,,,,,,,,,,7.5,,,,,,< 0.1,0.003,,,,0,,,8,5,8.6,,,,,,42,51,0.27,,,0.03,0.12,,0.04,,8.24,,,,,,,,100,,89,,50,,0.04,7,2.1,,,,,,,,,,,,,,,,,,,,,,,,,,,,,,,,,,,,,,,,,,,,,,,,,,,,,,,,, Analysis DO :Analysis Value from : DO (field or ext)  2026-03-19 18:01:53 Analysis TDS :Analysis Value from : Lab Total Dissolved Solids  2018-02-01 18:01:32 Analysis Temp :Analysis Value from : Field Temp  2026-03-19 18:03:08 Analysis Nitrate :Analysis Value from : Nitrate 2018-02-01 18:01:04,
00150732-0,Nevada Division of Environmental Protection,NV06-SC-55-A_00,Thomas Creek @ North Timberline Drive &[STBT03Thomas-3],SB10,1988-06-14 11:50:00,0.00,,,6.8,,,,,,,,,,,,,,13,,,,,,< 0.1,0.003,1.14,,,0,,,0,0,,,,,,,50,61,0.39,,,0.03,0.12,,0.05,,8.14,,,,,,,,101,,93,,50,,0.06,13,1.2,,,,,,< 3,,,,,,< 50,,< 1,,< 5,,,,10,,260,,< 5,,,,,,,,< 0.5,,,,,,,< 1,,,,,,,,,,,,,,,10,,, Analysis DO :Analysis Value from : DO (field or ext)  2026-03-19 18:01:53 Analysis TDS :Analysis Value from : Lab Total Dissolved Solids  2018-02-01 18:01:32 Analysis Temp :Analysis Value from : Field Temp  2026-03-19 18:03:08 Analysis Nitrate :Analysis Value from : Nitrate 2018-02-01 18:01:04,
00150733-0,Nevada Division of Environmental Protection,NV06-SC-55-A_00,Thomas Creek @ North Timberline Drive &[STBT03Thomas-3],SB10,1988-08-02 11:20:00,0.00,,,7.8,,,,,,,,,,,,,,13.5,,,,,,< 0.1,0.003,,,,0,,,0,0,14.3,,,,,,52,63,0.24,,,0.02,0.11,,0.06,,8.06,,,,,,,,105,,99,,52,,0.06,15,1.6,,,,,,,,,,,,,,,,,,,,,,,,,,,,,,,,,,,,,,,,,,,,,,,,,,,,,,,,, Analysis DO :Analysis Value from : DO (field or ext)  2026-03-19 18:01:53 Analysis TDS :Analysis Value from : Lab Total Dissolved Solids  2018-02-01 18:01:32 Analysis Temp :Analysis Value from : Field Temp  2026-03-19 18:03:08 Analysis Nitrate :Analysis Value from : Nitrate 2018-02-01 18:01:04,
00150734-0,Nevada Division of Environmental Protection,NV06-SC-55-A_00,Thomas Creek @ North Timberline Drive &[STBT03Thomas-3],SB10,1988-10-05 11:45:00,0.00,,,,,,,,,,,,,,,,,,,,,,,< 0.1,,1.65,,,0,,,0,0,,,,,,,52,63,0.22,,,0.02,0.1,,0.04,,8.06,,,,,,,,100,,86,,52,,0.06,9,1.1,,,,,,,,,,,,,,,,,,,,,,,,,,,,,,,,,,,,,,,,,,,,,,,,,,,,,,,,, Analysis TDS :Analysis Value from : Lab Total Dissolved Solids  2018-02-01 18:01:32 Analysis Nitrate :Analysis Value from : Nitrate 2018-02-01 18:01:04,
00150735-0,Nevada Division of Environmental Protection,NV06-SC-55-A_00,Thomas Creek @ North Timberline Drive &[STBT03Thomas-3],SB10,1988-12-07 11:04:00,0.00,,,11.8,,,,,,,,,,,,,,0.9,,,,,,< 0.1,0.0007,,,,0,,,0,0,11.4,,,,,,48,59,0.18,,,0.04,0.17,,0.04,,7.89,,,,,,,,103,,97,,48,,0.05,3,2.1,,,,,,< 3,,,,,,< 50,,< 1,,< 5,,,,< 5,,210,,< 5,,,,,,,,< 0.5,,,,,,,< 1,,,,,,,,,,,,,,,10,,, Analysis DO :Analysis Value from : DO (field or ext)  2026-03-19 18:01:53 Analysis TDS :Analysis Value from : Lab Total Dissolved Solids  2018-02-01 18:01:32 Analysis Temp :Analysis Value from : Field Temp  2026-03-19 18:03:08 Analysis Nitrate :Analysis Value from : Nitrate 2018-02-01 18:01:04,
00150736-0,Nevada Division of Environmental Protection,NV06-SC-55-A_00,Thomas Creek @ North Timberline Drive &[STBT03Thomas-3],SB10,1989-02-01 12:55:00,0.00,,,12,,,,,,,,,,,,,,1.5,,,,,,< 0.1,,0.66,,,0,,,0,0,,,,,,,50,61,0.22,,,0.05,0.22,,0.04,,,,,,,,,,102,,96,,50,,0.04,9,3.7,,,,,,,,,,,,,,,,,,,,,,,,,,,,,,,,,,,,,,,,,,,,,,,,,,,,,,,,, Analysis DO :Analysis Value from : DO (field or ext)  2026-03-19 18:01:53 Analysis TDS :Analysis Value from : Lab Total Dissolved Solids  2018-02-01 18:01:32 Analysis Temp :Analysis Value from : Field Temp  2026-03-19 18:03:08 Analysis Nitrate :Analysis Value from : Nitrate 2018-02-01 18:01:04,
00150737-0,Nevada Division of Environmental Protection,NV06-SC-55-A_00,Thomas Creek @ North Timberline Drive &[STBT03Thomas-3],SB10,1989-04-05 12:12:00,0.00,,,9.2,,,,,,,,,,,,,,9,,,,,,< 0.1,,,,,0,,,0,0,14.5,,,,,,52,63,0.27,,,0.05,0.23,,0.04,,,,,,,,,,99,,99,,52,,0.05,9,3.8,,,,,,,,,,,,,,,,,,,,,,,,,,,,,,,,,,,,,,,,,,,,,,,,,,,,,,,,, Analysis DO :Analysis Value from : DO (field or ext)  2026-03-19 18:01:53 Analysis TDS :Analysis Value from : Lab Total Dissolved Solids  2018-02-01 18:01:32 Analysis Temp :Analysis Value from : Field Temp  2026-03-19 18:03:08 Analysis Nitrate :Analysis Value from : Nitrate 2018-02-01 18:01:04,
00150738-0,Nevada Division of Environmental Protection,NV06-SC-55-A_00,Thomas Creek @ North Timberline Drive &[STBT03Thomas-3],SB10,1989-06-06 11:09:00,0.00,,,10,,,,,,,,,,,,,,8.8,,,,,,< 0.1,,1,,,0,,,0,0,,,,,,,38,46,0.35,,,0.02,0.1,,0.03,,,,,,,,,,80,,67,,38,,0.07,16,7,,,,,,,,,,,,,,,,,,,,,,,,,,,,,,,,,,,,,,,,,,,,,,,,,,,,,,,,, Analysis DO :Analysis Value from : DO (field or ext)  2026-03-19 18:01:53 Analysis TDS :Analysis Value from : Lab Total Dissolved Solids  2018-02-01 18:01:32 Analysis Temp :Analysis Value from : Field Temp  2026-03-19 18:03:08 Analysis Nitrate :Analysis Value from : Nitrate 2018-02-01 18:01:04,
00150739-0,Nevada Division of Environmental Protection,NV06-SC-55-A_00,Thomas Creek @ North Timberline Drive &[STBT03Thomas-3],SB10,1989-08-01 10:46:00,0.00,,,9,,,,,,,,,,,,,,10,,,,,,< 0.1,,,,,0,,,0,0,9.2,,,,,,50,61,0.2,,,0.04,0.16,,0.04,,,,,,,,,,93,,87,,50,,0.06,13,3.9,,,,,,0,,,,,,< 50,,< 1,,< 5,,,,40,,320,,< 5,,,,,,,,< 0.5,,,,,,,< 1,,,,,,,,,,,,,,,30,,, Analysis DO :Analysis Value from : DO (field or ext)  2026-03-19 18:01:53 Analysis TDS :Analysis Value from : Lab Total Dissolved Solids  2018-02-01 18:01:32 Analysis Temp :Analysis Value from : Field Temp  2026-03-19 18:03:08 Analysis Nitrate :Analysis Value from : Nitrate 2018-02-01 18:01:04,
00150740-0,Nevada Division of Environmental Protection,NV06-SC-55-A_00,Thomas Creek @ North Timberline Drive &[STBT03Thomas-3],SB10,1989-10-05 10:45:00,0.00,,,10.1,,,,,,,,,,,,,,6.5,,,,,,0.1,,,,,0,,,16,9.6,14.2,,,,,,44,54,0.2,,,0.02,0.09,,0.05,,,,,,,,,,111,,101,,60,,0.06,5,3.2,,,,,,,,,,,,,,,,,,,,,,,,,,,,,,,,,,,,,,,,,,,,,,,,,,,,,,,,, Analysis DO :Analysis Value from : DO (field or ext)  2026-03-19 18:01:53 Analysis TDS :Analysis Value from : Lab Total Dissolved Solids  2018-02-01 18:01:32 Analysis Temp :Analysis Value from : Field Temp  2026-03-19 18:03:08 Analysis Nitrate :Analysis Value from : Nitrate 2018-02-01 18:01:04,
00150741-0,Nevada Division of Environmental Protection,NV06-SC-55-A_00,Thomas Creek @ North Timberline Drive &[STBT03Thomas-3],SB10,1989-12-05 10:45:00,0.00,,,12.2,,,,,,,,,,,,,,-0.5,,,,,,< 0.1,,,,,0,,,0,0,10.7,,,,,,52,63,0.09,,,0.02,0.07,,0.04,,,,,,,,,,103,,95,,52,,0.05,4,3.2,,,,,,,,,,,,,,,,,,,,,,,,,,,,,,,,,,,,,,,,,,,,,,,,,,,,,,,,, Analysis DO :Analysis Value from : DO (field or ext)  2026-03-19 18:01:53 Analysis TDS :Analysis Value from : Lab Total Dissolved Solids  2018-02-01 18:01:32 Analysis Temp :Analysis Value from : Field Temp  2026-03-19 18:03:08 Analysis Nitrate :Analysis Value from : Nitrate 2018-02-01 18:01:04,
00150742-0,Nevada Division of Environmental Protection,NV06-SC-55-A_00,Thomas Creek @ North Timberline Drive &[STBT03Thomas-3],SB10,1990-02-14 10:50:00,0.00,,,14.5,,,,,,,,,,,,,,-3.5,,,,,,< 0.1,,,,,0,,,0,0,7.8,,,,,,50,61,0.18,,,0.02,0.07,,0.04,,,,,,,,,,105,,96,,50,,0.06,10,3.3,,,,,,,,,,,,,,,,,,,,,,,,,,,,,,,,,,,,,,,,,,,,,,,,,,,,,,,,, Analysis DO :Analysis Value from : DO (field or ext)  2026-03-19 18:01:53 Analysis TDS :Analysis Value from : Lab Total Dissolved Solids  2018-02-01 18:01:32 Analysis Temp :Analysis Value from : Field Temp  2026-03-19 18:03:08 Analysis Nitrate :Analysis Value from : Nitrate 2018-02-01 18:01:04,
00150743-0,Nevada Division of Environmental Protection,NV06-SC-55-A_00,Thomas Creek @ North Timberline Drive &[STBT03Thomas-3],SB10,1990-04-10 10:44:00,0.00,,,11.3,,,,,,,,,,,,,,1.5,,,,,,< 0.1,,1.4,,,0,,,0,0,,,,,,,52,63,0.21,,,0.04,0.17,,0.04,,,,,,,,,,100,,92,,52,,0.05,6,3.3,,,,,,,,,,,,,,,,,,,,,,,,,,,,,,,,,,,,,,,,,,,,,,,,,,,,,,,,, Analysis DO :Analysis Value from : DO (field or ext)  2026-03-19 18:01:53 Analysis TDS :Analysis Value from : Lab Total Dissolved Solids  2018-02-01 18:01:32 Analysis Temp :Analysis Value from : Field Temp  2026-03-19 18:03:08 Analysis Nitrate :Analysis Value from : Nitrate 2018-02-01 18:01:04,
00150744-0,Nevada Division of Environmental Protection,NV06-SC-55-A_00,Thomas Creek @ North Timberline Drive &[STBT03Thomas-3],SB10,1990-06-05 11:15:00,0.00,,,9.4,,,,,,,,,,,,,,5,,,,,,< 0.1,,,,,0,,,0,0,10.4,,,,,,50,61,0.29,,,0.03,0.13,,0.04,,,,,,,,,,105,,93,,50,,0.06,15,4.5,,,,,,,,,,,,,,,,,,,,,,,,,,,,,,,,,,,,,,,,,,,,,,,,,,,,,,,,, Analysis DO :Analysis Value from : DO (field or ext)  2026-03-19 18:01:53 Analysis TDS :Analysis Value from : Lab Total Dissolved Solids  2018-02-01 18:01:32 Analysis Temp :Analysis Value from : Field Temp  2026-03-19 18:03:08 Analysis Nitrate :Analysis Value from : Nitrate 2018-02-01 18:01:04,
00150745-0,Nevada Division of Environmental Protection,NV06-SC-55-A_00,Thomas Creek @ North Timberline Drive &[STBT03Thomas-3],SB10,1990-08-07 10:45:00,0.00,,,7.7,,,,,,,,,,,,,,15.5,,,,,,< 0.1,,2.33,,,0,,,0,0,,,,,,,38,46,0.32,,,0.02,0.1,,0.05,,,,,,,,,,114,,102,,38,,0.1,32,8.4,,,,,,,,,,,,,,,,,,,,,,,,,,,,,,,,,,,,,,,,,,,,,,,,,,,,,,,,, Analysis DO :Analysis Value from : DO (field or ext)  2026-03-19 18:01:53 Analysis TDS :Analysis Value from : Lab Total Dissolved Solids  2018-02-01 18:01:32 Analysis Temp :Analysis Value from : Field Temp  2026-03-19 18:03:08 Analysis Nitrate :Analysis Value from : Nitrate 2018-02-01 18:01:04,
00150746-0,Nevada Division of Environmental Protection,NV06-SC-55-A_00,Thomas Creek @ North Timberline Drive &[STBT03Thomas-3],SB10,1990-10-09 10:55:00,0.00,,,10.8,,,,,,,,,,,,,,3.5,,,,,,< 0.1,,,,,0,,,0,0,8.5,,,,,,56,68,0.09,,,0,0.01,,0.04,,,,,,,,,,109,,94,,56,,0.06,6,2.8,,,,,,,,,,,,,,,,,,,,,,,,,,,,,,,,,,,,,,,,,,,,,,,,,,,,,,,,, Analysis DO :Analysis Value from : DO (field or ext)  2026-03-19 18:01:53 Analysis TDS :Analysis Value from : Lab Total Dissolved Solids  2018-02-01 18:01:32 Analysis Temp :Analysis Value from : Field Temp  2026-03-19 18:03:08,
00150747-0,Nevada Division of Environmental Protection,NV06-SC-55-A_00,Thomas Creek @ North Timberline Drive &[STBT03Thomas-3],SB10,1990-12-04 10:43:00,0.00,,,,,,,,,,,,,,,,,1.3,,,,,,< 0.1,,0.75,,,0,,,0,0,,,,,,,48,59,0.14,,,0.01,0.04,,0.03,,,,,,,,,,107,,92,,48,,0.05,6,2.8,,,,,,,,,,,,,,,,,,,,,,,,,,,,,,,,,,,,,,,,,,,,,,,,,,,,,,,,, Analysis TDS :Analysis Value from : Lab Total Dissolved Solids  2018-02-01 18:01:32 Analysis Temp :Analysis Value from : Field Temp  2026-03-19 18:03:08 Analysis Nitrate :Analysis Value from : Nitrate 2018-02-01 18:01:04,
00150748-0,Nevada Division of Environmental Protection,NV06-SC-55-A_00,Thomas Creek @ North Timberline Drive &[STBT03Thomas-3],SB10,1991-02-05 10:25:00,0.00,,,10.7,,,,,,,,,,,,,,2,,,,,,< 0.1,,,,,0,,,0,0,8.6,,,,,,54,66,0.2,,,0.02,0.09,,0.04,,,,,,,,,,105,,95,,54,,0.06,7,3.9,,,,,,,,,,,,,,,,,,,,,,,,,,,,,,,,,,,,,,,,,,,,,,,,,,,,,,,,, Analysis DO :Analysis Value from : DO (field or ext)  2026-03-19 18:01:53 Analysis TDS :Analysis Value from : Lab Total Dissolved Solids  2018-02-01 18:01:32 Analysis Temp :Analysis Value from : Field Temp  2026-03-19 18:03:08 Analysis Nitrate :Analysis Value from : Nitrate 2018-02-01 18:01:04,
00150749-0,Nevada Division of Environmental Protection,NV06-SC-55-A_00,Thomas Creek @ North Timberline Drive &[STBT03Thomas-3],SB10,1991-04-09 11:10:00,0.00,,,11.3,,,,,,,,,,,,,,4.5,,,,,,< 0.1,,0.43,,,0,,,0,0,,,,,,,54,66,0.2,,,0.01,0.05,,0.04,,,,,,,,,,106,,98,,54,,0.06,8,6.7,,,,,,,,,,,,,,,,,,,,,,,,,,,,,,,,,,,,,,,,,,,,,,,,,,,,,,,,, Analysis DO :Analysis Value from : DO (field or ext)  2026-03-19 18:01:53 Analysis TDS :Analysis Value from : Lab Total Dissolved Solids  2018-02-01 18:01:32 Analysis Temp :Analysis Value from : Field Temp  2026-03-19 18:03:08 Analysis Nitrate :Analysis Value from : Nitrate 2018-02-01 18:01:04,
00150750-0,Nevada Division of Environmental Protection,NV06-SC-55-A_00,Thomas Creek @ North Timberline Drive &[STBT03Thomas-3],SB10,1991-06-05 11:00:00,0.00,,,9.6,,,,,,,,,,,,,,7.1,,,,,,< 0.1,,,,,0,,,0,0,8.6,,,,,,40,49,0.12,,,0.02,0.07,,0.04,,,,,,,,,,84,,85,,40,,0.06,13,4.8,,,,,,,,,,,,,,,,,,,,,,,,,,,,,,,,,,,,,,,,,,,,,,,,,,,,,,,,, Analysis DO :Analysis Value from : DO (field or ext)  2026-03-19 18:01:53 Analysis TDS :Analysis Value from : Lab Total Dissolved Solids  2018-02-01 18:01:32 Analysis Temp :Analysis Value from : Field Temp  2026-03-19 18:03:08 Analysis Nitrate :Analysis Value from : Nitrate 2018-02-01 18:01:04,
00150751-0,Nevada Division of Environmental Protection,NV06-SC-55-A_00,Thomas Creek @ North Timberline Drive &[STBT03Thomas-3],SB10,1991-08-14 11:10:00,0.00,,,8.2,,,,,,,,,,,,,,14.2,,,,,,< 0.1,,0.65,,,0,,,0,0,,,,,,,56,68,0.26,,,0,0,,0.05,,,,,,,,,,113,,103,,56,,0.07,17,4.5,,,,,,,,,,,,,,,,,,,,,,,,,,,,,,,,,,,,,,,,,,,,,,,,,,,,,,,,, Analysis DO :Analysis Value from : DO (field or ext)  2026-03-19 18:01:53 Analysis TDS :Analysis Value from : Lab Total Dissolved Solids  2018-02-01 18:01:32 Analysis Temp :Analysis Value from : Field Temp  2026-03-19 18:03:08,
00150752-0,Nevada Division of Environmental Protection,NV06-SC-55-A_00,Thomas Creek @ North Timberline Drive &[STBT03Thomas-3],SB10,1991-10-16 11:50:00,0.00,,,5,,,,,,,,,,,,,,8.5,,,,,,< 0.1,,,,,0,,,12,7,9.8,,,,,,46,56,0.26,,,0.01,0.05,,0.05,,,,,,,,,,111,,99,,58,,0.06,6,3.5,,,,,,,,,,,,,,,,,,,,,,,,,,,,,,,,,,,,,,,,,,,,,,,,,,,,,,,,, Analysis DO :Analysis Value from : DO (field or ext)  2026-03-19 18:01:53 Analysis TDS :Analysis Value from : Lab Total Dissolved Solids  2018-02-01 18:01:32 Analysis Temp :Analysis Value from : Field Temp  2026-03-19 18:03:08 Analysis Nitrate :Analysis Value from : Nitrate 2018-02-01 18:01:04,
00150753-0,Nevada Division of Environmental Protection,NV06-SC-55-A_00,Thomas Creek @ North Timberline Drive &[STBT03Thomas-3],SB10,1991-12-03 11:45:00,0.00,,,10.5,,,,,,,,,,,,,,0.5,,,,,,< 0.1,,1.62,,,0,,,4,2,,,,,,,50,61,0.33,,,0.01,0.05,,0.04,,,,,,,,,,116,,101,,54,,0.05,4,2.9,,,,,,< 3,,,,,,< 50,,< 1,,< 5,,,,< 5,,200,,< 5,,,,,,,,< 0.5,,,,,,,< 1,,,,,,,,,,,,,,,< 5,,, Analysis DO :Analysis Value from : DO (field or ext)  2026-03-19 18:01:53 Analysis TDS :Analysis Value from : Lab Total Dissolved Solids  2018-02-01 18:01:32 Analysis Temp :Analysis Value from : Field Temp  2026-03-19 18:03:08 Analysis Nitrate :Analysis Value from : Nitrate 2018-02-01 18:01:04,
00150754-0,Nevada Division of Environmental Protection,NV06-SC-55-A_00,Thomas Creek @ North Timberline Drive &[STBT03Thomas-3],SB10,1992-02-04 11:40:00,0.00,,,11.6,,,,,,,,,,,7.8,,,0,,,,,,< 0.1,0.000258,,,,0,,,0,0,10.5,,,,,,52,63,0.21,,,0,0.01,,0.04,,7.82,,,,,,,,111,,99,,52,,0.07,18,3.8,,,,,,,,,,,,,,,,,,,,,,,,,,,,,,,,,,,,,,,,,,,,,,,,,,,,,,,,," Ammonia, Unionized :AUTOCALCULATE 2016-06-16 14:48:20 Using 1/2 AMNN Analysis DO :Analysis Value from : DO (field or ext)  2026-03-19 18:01:53 Analysis pH :Analysis Value from : Field pH  2026-03-19 18:03:49 Analysis TDS :Analysis Value from : Lab Total Dissolved Solids  2018-02-01 18:01:32",
00150755-0,Nevada Division of Environmental Protection,NV06-SC-55-A_00,Thomas Creek @ North Timberline Drive &[STBT03Thomas-3],SB10,1992-04-07 11:33:00,0.00,,,9.7,,,,,,,,,,,7.57,,,4.9,,,,,,< 0.1,0.000228,1.35,,,0,,,0,0,,,,,,,52,63,0.2,,,0.01,0.05,,0.04,,7.52,,,,,,,,97,,85,,52,,0.04,6,5.4,,,,,,,,,,,,,,,,,,,,,,,,,,,,,,,,,,,,,,,,,,,,,,,,,,,,,,,,," Ammonia, Unionized :AUTOCALCULATE 2016-06-16 14:48:20 Using 1/2 AMNN Analysis DO :Analysis Value from : DO (field or ext)  2026-03-19 18:01:53 Analysis pH :Analysis Value from : Field pH  2026-03-19 18:03:49 Analysis TDS :Analysis Value from : Lab Total Dissolved Solids  2018-02-01 18:01:32 Analysis Temp :Analysis Value from : Field Temp  2026-03-19 18:03:08 Analysis Nitrate :Analysis Value from : Nitrate 2018-02-01 18:01:04",
00150756-0,Nevada Division of Environmental Protection,NV06-SC-55-A_00,Thomas Creek @ North Timberline Drive &[STBT03Thomas-3],SB10,1992-06-02 11:25:00,0.00,,,8.1,,,,,,,,,,,7.6,,,13,,,,,,< 0.1,0.000461,,,,0,,,8,4.8,13.5,,,,,,46,56,0.3,,,0.02,0.09,,0.05,,8.28,,,,,,,,98,,97,,54,,0.08,24,4.9,,,,,,,,,,,,,,,,,,,,,,,,,,,,,,,,,,,,,,,,,,,,,,,,,,,,,,,,," Ammonia, Unionized :AUTOCALCULATE 2016-06-16 14:48:20 Using 1/2 AMNN Analysis DO :Analysis Value from : DO (field or ext)  2026-03-19 18:01:53 Analysis pH :Analysis Value from : Field pH  2026-03-19 18:03:49 Analysis TDS :Analysis Value from : Lab Total Dissolved Solids  2018-02-01 18:01:32 Analysis Temp :Analysis Value from : Field Temp  2026-03-19 18:03:08 Analysis Nitrate :Analysis Value from : Nitrate 2018-02-01 18:01:04",
00150757-0,Nevada Division of Environmental Protection,NV06-SC-55-A_00,Thomas Creek @ North Timberline Drive &[STBT03Thomas-3],SB10,1992-08-11 11:15:00,0.00,,,8.7,,,,,,,,,,,7.77,,,14,,,,,,< 0.1,0.000733,2.05,,,0,,,8,4.8,,,,,,,46,56,0.26,,,0.02,0.09,,0.07,,8.34,,,,,,,,103,0,91,,54,,0.08,17,5.9,,,,,,,,,,,,,,,,,,,,,,,,,,,,,,,,,,,,,,,,,,,,,,,,,,,,,,,,," Ammonia, Unionized :AUTOCALCULATE 2016-06-16 14:48:20 Using 1/2 AMNN Analysis DO :Analysis Value from : DO (field or ext)  2026-03-19 18:01:53 Analysis pH :Analysis Value from : Field pH  2026-03-19 18:03:49 Analysis TDS :Analysis Value from : Lab Total Dissolved Solids  2018-02-01 18:01:32 Analysis Temp :Analysis Value from : Field Temp  2026-03-19 18:03:08 Analysis Nitrate :Analysis Value from : Nitrate 2018-02-01 18:01:04",
00150758-0,Nevada Division of Environmental Protection,NV06-SC-55-A_00,Thomas Creek @ North Timberline Drive &[STBT03Thomas-3],SB10,1992-10-13 11:30:00,0.00,,,9.3,,,,,,,,,,,7.41,,,7.5,,,,,,< 0.1,0.000195,,,,0,,,0,0,8.6,,,,,,54,66,0.2,,,0,0,,0.04,,8.16,,,,,,,,102,,90,,54,,0.06,7,1.4,,,,,,,,,,,,,,,,,,,,,,,,,,,,,,,,,,,,,,,,,,,,,,,,,,,,,,,,," Ammonia, Unionized :AUTOCALCULATE 2016-06-16 14:48:20 Using 1/2 AMNN Analysis DO :Analysis Value from : DO (field or ext)  2026-03-19 18:01:53 Analysis pH :Analysis Value from : Field pH  2026-03-19 18:03:49 Analysis TDS :Analysis Value from : Lab Total Dissolved Solids  2018-02-01 18:01:32 Analysis Temp :Analysis Value from : Field Temp  2026-03-19 18:03:08",
00150759-0,Nevada Division of Environmental Protection,NV06-SC-55-A_00,Thomas Creek @ North Timberline Drive &[STBT03Thomas-3],SB10,1992-12-15 11:50:00,0.00,,,,,,,,,,,,,,,,,,,,,,,< 0.1,,1.75,,,0,,,16,10,,,,,,,36,44,0.14,,,0.02,0.09,,0.04,,8.24,,,,,,,,100,,91,,52,,0.04,4,3.1,,,,,,,,,,,,,,,,,,,,,,,,,,,,,,,,,,,,,,,,,,,,,,,,,,,,,,,,, Analysis TDS :Analysis Value from : Lab Total Dissolved Solids  2018-02-01 18:01:32 Analysis Nitrate :Analysis Value from : Nitrate 2018-02-01 18:01:04,
00150760-0,Nevada Division of Environmental Protection,NV06-SC-55-A_00,Thomas Creek @ North Timberline Drive &[STBT03Thomas-3],SB10,1993-02-09 12:00:00,0.00,,,9,,,,,,,,,,,7.55,,,2,,,,,,< 0.1,0.000172,,,,0,,,0,0,6.5,,,,,,56,68,0.26,,,0,0,,0.04,,8.04,,,,,,,,106,,99,,56,,0.05,6,3.2,,,,,,,,,,,,,,,,,,,,,,,,,,,,,,,,,,,,,,,,,,,,,,,,,,,,,,,,," Ammonia, Unionized :AUTOCALCULATE 2016-06-16 14:48:20 Using 1/2 AMNN Analysis DO :Analysis Value from : DO (field or ext)  2026-03-19 18:01:53 Analysis pH :Analysis Value from : Field pH  2026-03-19 18:03:49 Analysis TDS :Analysis Value from : Lab Total Dissolved Solids  2018-02-01 18:01:32 Analysis Temp :Analysis Value from : Field Temp  2026-03-19 18:03:08",
00150761-0,Nevada Division of Environmental Protection,NV06-SC-55-A_00,Thomas Creek @ North Timberline Drive &[STBT03Thomas-3],SB10,1993-04-13 11:55:00,0.00,,,9.4,,,,,,,,,,,7.42,,,3.5,,,,,,< 0.1,0.000144,1.79,,,0,,,0,0,,,,,,,54,66,0.26,,,0.05,0.2,,0.04,,8.16,,,,,,,,101,,103,,54,,0.05,5,4.9,,,,,,,,,,,,,,,,,,,,,,,,,,,,,,,,,,,,,,,,,,,,,,,,,,,,,,,,," Ammonia, Unionized :AUTOCALCULATE 2016-06-16 14:48:20 Using 1/2 AMNN Analysis DO :Analysis Value from : DO (field or ext)  2026-03-19 18:01:53 Analysis pH :Analysis Value from : Field pH  2026-03-19 18:03:49 Analysis TDS :Analysis Value from : Lab Total Dissolved Solids  2018-02-01 18:01:32 Analysis Temp :Analysis Value from : Field Temp  2026-03-19 18:03:08 Analysis Nitrate :Analysis Value from : Nitrate 2018-02-01 18:01:04",
00150762-0,Nevada Division of Environmental Protection,NV06-SC-55-A_00,Thomas Creek @ North Timberline Drive &[STBT03Thomas-3],SB10,1993-05-04 12:15:00,0.00,,,,,,,,,,,,,,7.45,,,,,,,,,< 0.1,,,,,0,,,0,0,12.2,,,,,,42,51,0.29,,,0.05,0.2,,0.04,,8.09,,,,,,,,85,,90,,42,,0.07,13,5.4,,,,,,,,,,,,,,,,,,,,,,,,,,,,,,,,,,,,,,,,,,,,,,,,,,,,,,,,, Analysis pH :Analysis Value from : Field pH  2026-03-19 18:03:49 Analysis TDS :Analysis Value from : Lab Total Dissolved Solids  2018-02-01 18:01:32 Analysis Nitrate :Analysis Value from : Nitrate 2018-02-01 18:01:04,
00150763-0,Nevada Division of Environmental Protection,NV06-SC-55-A_00,Thomas Creek @ North Timberline Drive &[STBT03Thomas-3],SB10,1993-06-08 11:49:00,0.00,,,10.2,,,,,,,,,,,7.96,,,7.3,,,,,,< 0.1,0.000674,0.7,,,0,,,0,0,,,,,,,40,49,0.78,,,0.04,0.16,,0.03,,7.93,,,,,,,,79,,87,,40,,0.06,9,3.9,,,,,,,,,,,,,,,,,,,,,,,,,,,,,,,,,,,,,,,,,,,,,,,,,,,,,,,,," Ammonia, Unionized :AUTOCALCULATE 2016-06-16 14:48:20 Using 1/2 AMNN Analysis DO :Analysis Value from : DO (field or ext)  2026-03-19 18:01:53 Analysis pH :Analysis Value from : Field pH  2026-03-19 18:03:49 Analysis TDS :Analysis Value from : Lab Total Dissolved Solids  2018-02-01 18:01:32 Analysis Temp :Analysis Value from : Field Temp  2026-03-19 18:03:08 Analysis Nitrate :Analysis Value from : Nitrate 2018-02-01 18:01:04",
00150764-0,Nevada Division of Environmental Protection,NV06-SC-55-A_00,Thomas Creek @ North Timberline Drive &[STBT03Thomas-3],SB10,1993-07-07 12:20:00,0.00,,,8.3,,,,,,,,,,,7.29,,,12,,,,,,< 0.1,0.000210,,,,0,,,0,0,7.3,,,,,,40,49,0.27,,,0.03,0.12,,0.03,,8.03,,,,,,,,75,,68,,40,,0.05,14,3.6,,,,,,,,,,,,,,,,,,,,,,,,,,,,,,,,,,,,,,,,,,,,,,,,,,,,,,,,," Ammonia, Unionized :AUTOCALCULATE 2016-06-16 14:48:20 Using 1/2 AMNN Analysis DO :Analysis Value from : DO (field or ext)  2026-03-19 18:01:53 Analysis pH :Analysis Value from : Field pH  2026-03-19 18:03:49 Analysis TDS :Analysis Value from : Lab Total Dissolved Solids  2018-02-01 18:01:32 Analysis Temp :Analysis Value from : Field Temp  2026-03-19 18:03:08 Analysis Nitrate :Analysis Value from : Nitrate 2018-02-01 18:01:04",
00150765-0,Nevada Division of Environmental Protection,NV06-SC-55-A_00,Thomas Creek @ North Timberline Drive &[STBT03Thomas-3],SB10,1993-08-10 12:20:00,0.00,,,8.3,,,,,,,,,,,7.72,,,13,,,,,,< 0.1,0.000607,0.75,,,0,,,0,0,,,,,,,46,56,0.21,,,0.03,0.13,,0.05,,8.06,,,,,,,,86,,88,,46,,0.07,15,3.8,,,,,,,,,,,,,,,,,,,,,,,,,,,,,,,,,,,,,,,,,,,,,,,,,,,,,,,,," Ammonia, Unionized :AUTOCALCULATE 2016-06-16 14:48:20 Using 1/2 AMNN Analysis DO :Analysis Value from : DO (field or ext)  2026-03-19 18:01:53 Analysis pH :Analysis Value from : Field pH  2026-03-19 18:03:49 Analysis TDS :Analysis Value from : Lab Total Dissolved Solids  2018-02-01 18:01:32 Analysis Temp :Analysis Value from : Field Temp  2026-03-19 18:03:08 Analysis Nitrate :Analysis Value from : Nitrate 2018-02-01 18:01:04",
00150766-0,Nevada Division of Environmental Protection,NV06-SC-55-A_00,Thomas Creek @ North Timberline Drive &[STBT03Thomas-3],SB10,1993-09-08 11:50:00,0.00,,,8.4,,,,,,,,,,,,,,11,,,,,,< 0.1,< 0.005,,,,0,,,12,7.2,15.1,,,,,,38,46,0.18,,,0.03,0.12,,0.04,,8.37,,,,,,,,92,,84,,50,,0.12,9,3.1,,,,,,,,,,,,,,,,,,,,,,,,,,,,,,,,,,,,,,,,,,,,,,,,,,,,,,,,, Analysis DO :Analysis Value from : DO (field or ext)  2026-03-19 18:01:53 Analysis TDS :Analysis Value from : Lab Total Dissolved Solids  2018-02-01 18:01:32 Analysis Temp :Analysis Value from : Field Temp  2026-03-19 18:03:08 Analysis Nitrate :Analysis Value from : Nitrate 2018-02-01 18:01:04,
00150767-0,Nevada Division of Environmental Protection,NV06-SC-55-A_00,Thomas Creek @ North Timberline Drive &[STBT03Thomas-3],SB10,1993-10-06 11:55:00,0.00,,,9.5,,,,,,,,,,,7.49,,,6,,,,,,< 0.1,0.000207,2.02,,,0,,,0,0,,,,,,,50,61,0.3,,,0.56,2.5,,0.06,,8.17,,,,,,,,100,,90,,50,,0.07,14,4.8,,,,,,,,,,,,,,,,,,,,,,,,,,,,,,,,,,,,,,,,,,,,,,,,,,,,,,,,," Ammonia, Unionized :AUTOCALCULATE 2016-06-16 14:48:20 Using 1/2 AMNN Analysis DO :Analysis Value from : DO (field or ext)  2026-03-19 18:01:53 Analysis pH :Analysis Value from : Field pH  2026-03-19 18:03:49 Analysis TDS :Analysis Value from : Lab Total Dissolved Solids  2018-02-01 18:01:32 Analysis Temp :Analysis Value from : Field Temp  2026-03-19 18:03:08 Analysis Nitrate :Analysis Value from : Nitrate 2018-02-01 18:01:04",
00150768-0,Nevada Division of Environmental Protection,NV06-SC-55-A_00,Thomas Creek @ North Timberline Drive &[STBT03Thomas-3],SB10,1993-12-07 11:40:00,0.00,,,10.9,,,,,,,,,,,7.09,,,1.3,,,,,,< 0.1,0.000056,,,,0,,,0,0,3.7,,,,,,50,61,0.15,,,0.04,0.17,,0.03,,8.12,,,,,,,,98,,81,,50,,0.04,1,1.9,,,,,,,,,,,,,,,,,,,,,,,,,,,,,,,,,,,,,,,,,,,,,,,,,,,,,,,,," Ammonia, Unionized :AUTOCALCULATE 2016-06-16 14:48:20 Using 1/2 AMNN Analysis DO :Analysis Value from : DO (field or ext)  2026-03-19 18:01:53 Analysis pH :Analysis Value from : Field pH  2026-03-19 18:03:49 Analysis TDS :Analysis Value from : Lab Total Dissolved Solids  2018-02-01 18:01:32 Analysis Temp :Analysis Value from : Field Temp  2026-03-19 18:03:08 Analysis Nitrate :Analysis Value from : Nitrate 2018-02-01 18:01:04",
00150769-0,Nevada Division of Environmental Protection,NV06-SC-55-A_00,Thomas Creek @ North Timberline Drive &[STBT03Thomas-3],SB10,1994-02-08 12:05:00,0.00,,,10.8,,,,,,,,,,,7.36,,,1.5,,,,,,< 0.1,0.000106,1.2,8,,0,,,0,0,,,,,36,,48,59,0.27,,,0.01,0.05,,0.04,,8.02,,,,0.5,,7,,94,1,80,,48,,0.06,5,2.1,,,,,,< 3,,,,,,< 50,,< 1,,< 5,,,,< 5,,150,,< 5,,,,4,,,,< 0.5,,,,,,,< 1,,,,,,,,,,,,,,,< 5,,," Ammonia, Unionized :AUTOCALCULATE 2016-06-16 14:48:20 Using 1/2 AMNN Analysis DO :Analysis Value from : DO (field or ext)  2026-03-19 18:01:53 Analysis Hardness :Analysis Value from : Hardness 2018-02-01 18:01:08 Analysis pH :Analysis Value from : Field pH  2026-03-19 18:03:49 Analysis TDS :Analysis Value from : Lab Total Dissolved Solids  2018-02-01 18:01:32 Analysis Temp :Analysis Value from : Field Temp  2026-03-19 18:03:08 Analysis SAR :Analysis Value from : SAR 2018-06-19 18:01:44 Analysis Nitrate :Analysis Value from : Nitrate 2018-02-01 18:01:04",
00150770-0,Nevada Division of Environmental Protection,NV06-SC-55-A_00,Thomas Creek @ North Timberline Drive &[STBT03Thomas-3],SB10,1994-04-12 12:15:00,0.00,,,9.6,,,,,,,,,,,7.98,,,6,,,,,,< 0.1,0.000636,,,,0,,,0,0,8,,,,,,48,59,0.21,,,0.02,0.09,,0.04,,8.01,,,,,,,,96,,86,,48,,0.05,6,2.4,,,,,,,,,,,,,,,,,,,,,,,,,,,,,,,,,,,,,,,,,,,,,,,,,,,,,,,,," Ammonia, Unionized :AUTOCALCULATE 2016-06-16 14:48:20 Using 1/2 AMNN Analysis DO :Analysis Value from : DO (field or ext)  2026-03-19 18:01:53 Analysis pH :Analysis Value from : Field pH  2026-03-19 18:03:49 Analysis TDS :Analysis Value from : Lab Total Dissolved Solids  2018-02-01 18:01:32 Analysis Temp :Analysis Value from : Field Temp  2026-03-19 18:03:08 Analysis Nitrate :Analysis Value from : Nitrate 2018-02-01 18:01:04",
00150771-0,Nevada Division of Environmental Protection,NV06-SC-55-A_00,Thomas Creek @ North Timberline Drive &[STBT03Thomas-3],SB10,1994-06-07 12:00:00,0.00,,,8.9,,,,,,,,,,,,,,8,,,,,,< 0.1,< 0.002,1,,,0,,,0,0,,,,,,,50,61,0.47,,,0.02,0.07,,0.04,,8.09,,,,,,,,93,,85,,50,,0.06,16,5.1,,,,,,,,,,,,,,,,,,,,,,,,,,,,,,,,,,,,,,,,,,,,,,,,,,,,,,,,, Analysis DO :Analysis Value from : DO (field or ext)  2026-03-19 18:01:53 Analysis TDS :Analysis Value from : Lab Total Dissolved Solids  2018-02-01 18:01:32 Analysis Temp :Analysis Value from : Field Temp  2026-03-19 18:03:08 Analysis Nitrate :Analysis Value from : Nitrate 2018-02-01 18:01:04,
00150772-0,Nevada Division of Environmental Protection,NV06-SC-55-A_00,Thomas Creek @ North Timberline Drive &[STBT03Thomas-3],SB10,1994-08-16 11:15:00,0.00,,,8.4,,,,,,,,,,,8.2,,,12,,,,,,< 0.1,0.001661,,,,0,,,0,0,11,,,,,,54,66,0.71,,,0.04,0.16,,0.05,,8.14,,,,,,,,103,,87,,54,,0.11,22,9,,,,,,,,,,,,,,,,,,,,,,,,,,,,,,,,,,,,,,,,,,,,,,,,,,,,,,,,," Ammonia, Unionized :AUTOCALCULATE 2016-06-16 14:48:20 Using 1/2 AMNN Analysis DO :Analysis Value from : DO (field or ext)  2026-03-19 18:01:53 Analysis pH :Analysis Value from : Field pH  2026-03-19 18:03:49 Analysis TDS :Analysis Value from : Lab Total Dissolved Solids  2018-02-01 18:01:32 Analysis Temp :Analysis Value from : Field Temp  2026-03-19 18:03:08 Analysis Nitrate :Analysis Value from : Nitrate 2018-02-01 18:01:04",
00150773-0,Nevada Division of Environmental Protection,NV06-SC-55-A_00,Thomas Creek @ North Timberline Drive &[STBT03Thomas-3],SB10,1994-10-11 11:25:00,0.00,,,9.9,,,,,,,,,,,7.95,,,6.9,,,,,,< 0.1,0.000638,< 2,,,0,,,0,0,,,,,,,50,61,0.3,,,0.02,0.08,,0.05,,8.09,,,,,,,,102,,96,,50,,0.07,6,3.2,,,,,,,,,,,,,,,,,,,,,,,,,,,,,,,,,,,,,,,,,,,,,,,,,,,,,,,,," Ammonia, Unionized :AUTOCALCULATE 2016-06-16 14:48:20 Using 1/2 AMNN Analysis DO :Analysis Value from : DO (field or ext)  2026-03-19 18:01:53 Analysis pH :Analysis Value from : Field pH  2026-03-19 18:03:49 Analysis TDS :Analysis Value from : Lab Total Dissolved Solids  2018-02-01 18:01:32 Analysis Temp :Analysis Value from : Field Temp  2026-03-19 18:03:08 Analysis Nitrate :Analysis Value from : Nitrate 2018-02-01 18:01:04",
00150774-0,Nevada Division of Environmental Protection,NV06-SC-55-A_00,Thomas Creek @ North Timberline Drive &[STBT03Thomas-3],SB10,1994-12-14 11:25:00,0.00,,,11,,,,,,,,,,,,,,1,,,,,,< 0.1,< 0.0009,,,,0,,,0,0,6,,,,,,50,61,0.29,,,0.01,0.06,,0.03,,8,,,,,,,,96,,98,,50,,0.06,3,3.4,,,,,,,,,,,,,,,,,,,,,,,,,,,,,,,,,,,,,,,,,,,,,,,,,,,,,,,,, Analysis DO :Analysis Value from : DO (field or ext)  2026-03-19 18:01:53 Analysis TDS :Analysis Value from : Lab Total Dissolved Solids  2018-02-01 18:01:32 Analysis Temp :Analysis Value from : Field Temp  2026-03-19 18:03:08 Analysis Nitrate :Analysis Value from : Nitrate 2018-02-01 18:01:04,
00150775-0,Nevada Division of Environmental Protection,NV06-SC-55-A_00,Thomas Creek @ North Timberline Drive &[STBT03Thomas-3],SB10,1995-02-15 11:20:00,0.00,,,11.2,,,,,,,,,,,,,,1,,,,,,< 0.1,< 0.001,1.99,,,0,,,0,0,,,,,,,56,68,0.15,,,0.03,0.13,,0.05,,8.15,,,,,,,,114,,107,,56,,0.08,22,10,,,,,,,,,,,,,,,,,,,,,,,,,,,,,,,,,,,,,,,,,,,,,,,,,,,,,,,,, Analysis DO :Analysis Value from : DO (field or ext)  2026-03-19 18:01:53 Analysis TDS :Analysis Value from : Lab Total Dissolved Solids  2018-02-01 18:01:32 Analysis Temp :Analysis Value from : Field Temp  2026-03-19 18:03:08 Analysis Nitrate :Analysis Value from : Nitrate 2018-02-01 18:01:04,
00150776-0,Nevada Division of Environmental Protection,NV06-SC-55-A_00,Thomas Creek @ North Timberline Drive &[STBT03Thomas-3],SB10,1995-04-11 12:05:00,0.00,,,10.6,,,,,,,,,,,8.03,,,6.5,,,,,,< 0.1,0.000742,,,,0,,,0,0,17,,,,,,56,68,0.27,,,0.02,0.11,,0.04,,8,,,,,,,,108,,97,,56,,0.06,7,5.7,,,,,,,,,,,,,,,,,,,,,,,,,,,,,,,,,,,,,,,,,,,,,,,,,,,,,,,,," Ammonia, Unionized :AUTOCALCULATE 2016-06-16 14:48:20 Using 1/2 AMNN Analysis DO :Analysis Value from : DO (field or ext)  2026-03-19 18:01:53 Analysis pH :Analysis Value from : Field pH  2026-03-19 18:03:49 Analysis TDS :Analysis Value from : Lab Total Dissolved Solids  2018-02-01 18:01:32 Analysis Temp :Analysis Value from : Field Temp  2026-03-19 18:03:08 Analysis Nitrate :Analysis Value from : Nitrate 2018-02-01 18:01:04",
00150777-0,Nevada Division of Environmental Protection,NV06-SC-55-A_00,Thomas Creek @ North Timberline Drive &[STBT03Thomas-3],SB10,1995-06-13 11:20:00,0.00,,,9.5,,,,,,,,,,,8.22,,,8,,,,,,< 0.1,0.001281,1.55,,,0,,,0,0,,,,,,,38,46,0.38,,,0.02,0.11,,0.04,,7.78,,,,,,,,72,,74,,38,,0.07,14,7.2,,,,,,,,,,,,,,,,,,,,,,,,,,,,,,,,,,,,,,,,,,,,,,,,,,,,,,,,," Ammonia, Unionized :AUTOCALCULATE 2016-06-16 14:48:20 Using 1/2 AMNN Analysis DO :Analysis Value from : DO (field or ext)  2026-03-19 18:01:53 Analysis pH :Analysis Value from : Field pH  2026-03-19 18:03:49 Analysis TDS :Analysis Value from : Lab Total Dissolved Solids  2018-02-01 18:01:32 Analysis Temp :Analysis Value from : Field Temp  2026-03-19 18:03:08 Analysis Nitrate :Analysis Value from : Nitrate 2018-02-01 18:01:04",
00150778-0,Nevada Division of Environmental Protection,NV06-SC-55-A_00,Thomas Creek @ North Timberline Drive &[STBT03Thomas-3],SB10,1995-08-08 11:10:00,0.00,,,9.6,,,,,,,,,,,,,,9,,,,,,< 0.1,< 0.002,,,,0,,,0,0,8,,,,,,40,49,0.57,,,0.01,0.05,,0.04,,7.96,,,,,,,,78,,76,,40,,0.06,12,2.5,,,,,,,,,,,,,,,,,,,,,,,,,,,,,,,,,,,,,,,,,,,,,,,,,,,,,,,,, Analysis DO :Analysis Value from : DO (field or ext)  2026-03-19 18:01:53 Analysis TDS :Analysis Value from : Lab Total Dissolved Solids  2018-02-01 18:01:32 Analysis Temp :Analysis Value from : Field Temp  2026-03-19 18:03:08 Analysis Nitrate :Analysis Value from : Nitrate 2018-02-01 18:01:04,
00150779-0,Nevada Division of Environmental Protection,NV06-SC-55-A_00,Thomas Creek @ North Timberline Drive &[STBT03Thomas-3],SB10,1995-10-09 11:30:00,0.00,,,10.2,,,,,,,,,,,,,,6,,,,,,< 0.1,< 0.001,1.41,,,0,,,0,0,,,,,,,46,56,0.23,,,0.01,0.06,,0.04,,7.9,,,,,,,,87,,93,,46,,0.06,5,2.1,,,,,,,,,,,,,,,,,,,,,,,,,,,,,,,,,,,,,,,,,,,,,,,,,,,,,,,,, Analysis DO :Analysis Value from : DO (field or ext)  2026-03-19 18:01:53 Analysis TDS :Analysis Value from : Lab Total Dissolved Solids  2018-02-01 18:01:32 Analysis Temp :Analysis Value from : Field Temp  2026-03-19 18:03:08 Analysis Nitrate :Analysis Value from : Nitrate 2018-02-01 18:01:04,
00150780-0,Nevada Division of Environmental Protection,NV06-SC-55-A_00,Thomas Creek @ North Timberline Drive &[STBT03Thomas-3],SB10,1995-12-27 11:10:00,0.00,,,10.5,,,,,,,,,,,8.13,,,2,,,,,,< 0.1,0.000648,,,,0,,,0,0,9,,,,,,46,56,0.44,,,0.05,0.22,,0.03,,7.15,,,,,,,,92,,77,,46,,0.05,3,2,,,,,,,,,,,,,,,,,,,,,,,,,,,,,,,,,,,,,,,,,,,,,,,,,,,,,,,,," Ammonia, Unionized :AUTOCALCULATE 2016-06-16 14:48:20 Using 1/2 AMNN Analysis DO :Analysis Value from : DO (field or ext)  2026-03-19 18:01:53 Analysis pH :Analysis Value from : Field pH  2026-03-19 18:03:49 Analysis TDS :Analysis Value from : Lab Total Dissolved Solids  2018-02-01 18:01:32 Analysis Temp :Analysis Value from : Field Temp  2026-03-19 18:03:08 Analysis Nitrate :Analysis Value from : Nitrate 2018-02-01 18:01:04",
00150781-0,Nevada Division of Environmental Protection,NV06-SC-55-A_00,Thomas Creek @ North Timberline Drive &[STBT03Thomas-3],SB10,1996-02-14 11:40:00,0.00,,,10.6,,,,,,,,,,,7.93,,,4,,,,,,< 0.1,0.000483,1.83,,,1,,,0,0,,,,,,,54,66,0.17,,,0,0,,0.04,,7.85,,,,,,,,100,1,97,,54,,0.07,9,7.3,,,,,,,,,,,,,,,,,,,,,,,,,,,,,,,,,,,,,,,,,,,,,,,,,,,,,,,,," Ammonia, Unionized :AUTOCALCULATE 2016-06-16 14:48:20 Using 1/2 AMNN Analysis DO :Analysis Value from : DO (field or ext)  2026-03-19 18:01:53 Analysis pH :Analysis Value from : Field pH  2026-03-19 18:03:49 Analysis TDS :Analysis Value from : Lab Total Dissolved Solids  2018-02-01 18:01:32 Analysis Temp :Analysis Value from : Field Temp  2026-03-19 18:03:08",
00150782-0,Nevada Division of Environmental Protection,NV06-SC-55-A_00,Thomas Creek @ North Timberline Drive &[STBT03Thomas-3],SB10,1996-04-09 11:30:00,0.00,,,10.1,,,,,,,,,,,7.82,,,6.5,,,,,,< 0.1,0.000460,,,,0,,,0,0,11,,,,,,48,59,0.17,,,0.01,0.04,,0.05,,8.18,,,,,,,,98,1,95,,48,,0.07,27,6.3,,,,,,,,,,,,,,,,,,,,,,,,,,,,,,,,,,,,,,,,,,,,,,,,,,,,,,,,," Ammonia, Unionized :AUTOCALCULATE 2016-06-16 14:48:20 Using 1/2 AMNN Analysis DO :Analysis Value from : DO (field or ext)  2026-03-19 18:01:53 Analysis pH :Analysis Value from : Field pH  2026-03-19 18:03:49 Analysis TDS :Analysis Value from : Lab Total Dissolved Solids  2018-02-01 18:01:32 Analysis Temp :Analysis Value from : Field Temp  2026-03-19 18:03:08 Analysis Nitrate :Analysis Value from : Nitrate 2018-02-01 18:01:04",
00150783-0,Nevada Division of Environmental Protection,NV06-SC-55-A_00,Thomas Creek @ North Timberline Drive &[STBT03Thomas-3],SB10,1996-06-18 12:15:00,0.00,,,8.8,,,,,,,,,,,,,,10,,,,,,< 0.1,< 0.003,0.7,,,1,,,0,0,,,,,,,38,46,0.18,,,0.01,0.03,,0.04,,8.18,,,,,,,,75,1,55,,38,,0.06,9,3.6,,,,,,,,,,,,,,,,,,,,,,,,,,,,,,,,,,,,,,,,,,,,,,,,,,,,,,,,, Analysis DO :Analysis Value from : DO (field or ext)  2026-03-19 18:01:53 Analysis TDS :Analysis Value from : Lab Total Dissolved Solids  2018-02-01 18:01:32 Analysis Temp :Analysis Value from : Field Temp  2026-03-19 18:03:08 Analysis Nitrate :Analysis Value from : Nitrate 2018-02-01 18:01:04,
00150784-0,Nevada Division of Environmental Protection,NV06-SC-55-A_00,Thomas Creek @ North Timberline Drive &[STBT03Thomas-3],SB10,1996-08-13 11:45:00,0.00,,,8.2,,,,,,,,,,,7.72,,,13,,,,,,< 0.1,0.000607,,10,,1,,,8,5,2,,,,37,,42,51,1.01,,,0,0.02,,0.04,,8.21,,,,0.5,,7,,97,1,84,,50,,0.06,10,4.9,,,,,,< 3,,,,,,100,,< 1,,< 5,,,,< 5,,390,,< 5,,,,3,,,,< 0.5,,,,,,,< 1,,,,,,,,,,,,,,,10,,," Ammonia, Unionized :AUTOCALCULATE 2016-06-16 14:48:20 Using 1/2 AMNN Analysis DO :Analysis Value from : DO (field or ext)  2026-03-19 18:01:53 Analysis Hardness :Analysis Value from : Hardness 2018-02-01 18:01:08 Analysis pH :Analysis Value from : Field pH  2026-03-19 18:03:49 Analysis TDS :Analysis Value from : Lab Total Dissolved Solids  2018-02-01 18:01:32 Analysis Temp :Analysis Value from : Field Temp  2026-03-19 18:03:08 Analysis SAR :Analysis Value from : SAR 2018-06-19 18:01:44",
00150785-0,Nevada Division of Environmental Protection,NV06-SC-55-A_00,Thomas Creek @ North Timberline Drive &[STBT03Thomas-3],SB10,1996-10-08 11:50:00,0.00,,,9.4,,,,,,,,,,,8.16,,,9,,,,,,< 0.1,0.001209,0.49,,,0,,,0,0,,,,,,,46,56,0.43,,,0.01,0.04,,0.04,,7.86,,,,,,,,95,1,89,,46,,0.06,4,3.4,,,,,,,,,,,,,,,,,,,,,,,,,,,,,,,,,,,,,,,,,,,,,,,,,,,,,,,,," Ammonia, Unionized :AUTOCALCULATE 2016-06-16 14:48:20 Using 1/2 AMNN Analysis DO :Analysis Value from : DO (field or ext)  2026-03-19 18:01:53 Analysis pH :Analysis Value from : Field pH  2026-03-19 18:03:49 Analysis TDS :Analysis Value from : Lab Total Dissolved Solids  2018-02-01 18:01:32 Analysis Temp :Analysis Value from : Field Temp  2026-03-19 18:03:08 Analysis Nitrate :Analysis Value from : Nitrate 2018-02-01 18:01:04",
00150786-0,Nevada Division of Environmental Protection,NV06-SC-55-A_00,Thomas Creek @ North Timberline Drive &[STBT03Thomas-3],SB10,1996-12-17 11:15:00,0.00,,,12.4,,,,,,,,,,,8.1,,,1,,,,,,< 0.1,0.000557,,,,1,,,0,0,7,,,,,,52,63,0.11,,,0,0.01,,0.03,,7.66,,,,,,,,103,1,95,,52,,0.04,2,3.8,,,,,,,,,,,,,,,,,,,,,,,,,,,,,,,,,,,,,,,,,,,,,,,,,,,,,,,,," Ammonia, Unionized :AUTOCALCULATE 2016-06-16 14:48:20 Using 1/2 AMNN Analysis DO :Analysis Value from : DO (field or ext)  2026-03-19 18:01:53 Analysis pH :Analysis Value from : Field pH  2026-03-19 18:03:49 Analysis TDS :Analysis Value from : Lab Total Dissolved Solids  2018-02-01 18:01:32 Analysis Temp :Analysis Value from : Field Temp  2026-03-19 18:03:08",
00150787-0,Nevada Division of Environmental Protection,NV06-SC-55-A_00,Thomas Creek @ North Timberline Drive &[STBT03Thomas-3],SB10,1997-02-12 12:00:00,0.00,,,12.5,,,,,,,,,,,7.8,,,2,,,,,,< 0.1,0.000305,,,,1,,,0,0,,,,,,,54,66,0.32,,,0.02,0.07,,0.05,,7.81,,,,,,,,106,1,95,,54,,0.05,0,2.4,,,,,,,,,,,,,,,,,,,,,,,,,,,,,,,,,,,,,,,,,,,,,,,,,,,,,,,,," Ammonia, Unionized :AUTOCALCULATE 2016-06-16 14:48:20 Using 1/2 AMNN Analysis DO :Analysis Value from : DO (field or ext)  2026-03-19 18:01:53 Analysis pH :Analysis Value from : Field pH  2026-03-19 18:03:49 Analysis TDS :Analysis Value from : Lab Total Dissolved Solids  2018-02-01 18:01:32 Analysis Temp :Analysis Value from : Field Temp  2026-03-19 18:03:08 Analysis Nitrate :Analysis Value from : Nitrate 2018-02-01 18:01:04",
00150788-0,Nevada Division of Environmental Protection,NV06-SC-55-A_00,Thomas Creek @ North Timberline Drive &[STBT03Thomas-3],SB10,1997-04-09 11:25:00,0.00,,,11.8,,,,,,,,,,,8.17,,,2.3,,,,,,< 0.1,0.000727,,,,1,,,0,0,,,,,,,56,68,0.27,,,0.01,0.05,,0.04,,7.72,,,,,,,,99,1,84,,56,,0.05,1,2.7,,,,,,,,,,,,,,,,,,,,,,,,,,,,,,,,,,,,,,,,,,,,,,,,,,,,,,,,," Ammonia, Unionized :AUTOCALCULATE 2016-06-16 14:48:20 Using 1/2 AMNN Analysis DO :Analysis Value from : DO (field or ext)  2026-03-19 18:01:53 Analysis pH :Analysis Value from : Field pH  2026-03-19 18:03:49 Analysis TDS :Analysis Value from : Lab Total Dissolved Solids  2018-02-01 18:01:32 Analysis Temp :Analysis Value from : Field Temp  2026-03-19 18:03:08 Analysis Nitrate :Analysis Value from : Nitrate 2018-02-01 18:01:04",
00150789-0,Nevada Division of Environmental Protection,NV06-SC-55-A_00,Thomas Creek @ North Timberline Drive &[STBT03Thomas-3],SB10,1997-06-10 11:20:00,0.00,,,9.5,,,,,,,,,,,,,,8.5,,,,,,< 0.1,< 0.001,,,,0,,,0,0,,,,,,,38,46,0.52,,,0,0,,0.04,,7.76,,,,,,,,78,0,66,,38,,0.06,15,5.6,,,,,,,,,,,,,,,,,,,,,,,,,,,,,,,,,,,,,,,,,,,,,,,,,,,,,,,,, Analysis DO :Analysis Value from : DO (field or ext)  2026-03-19 18:01:53 Analysis TDS :Analysis Value from : Lab Total Dissolved Solids  2018-02-01 18:01:32 Analysis Temp :Analysis Value from : Field Temp  2026-03-19 18:03:08,
00150790-0,Nevada Division of Environmental Protection,NV06-SC-55-A_00,Thomas Creek @ North Timberline Drive &[STBT03Thomas-3],SB10,1997-08-12 11:35:00,0.00,,,10.1,,,,,,,,,,,8.24,,,12,,,,,,< 0.1,0.001815,,9.07,,1,,,8,5,,,,,38,,44,54,0.12,,,0.01,0.04,,0.05,,8.2,,,,0.3,,4.33,,97,0,77,,52,,0.07,2,3.1,,,,,,< 1.4,,,,,,12.4,,< 1.4,,< 2.2,,,,< 2.3,,297,,< 0.9,,,,3.61,,,,< 0.1,,,,,,,< 0.7,,,,,,,,,,,,,,,< 1.5,,," Ammonia, Unionized :AUTOCALCULATE 2016-06-16 14:48:20 Using 1/2 AMNN Analysis DO :Analysis Value from : DO (field or ext)  2026-03-19 18:01:53 Analysis Hardness :Analysis Value from : Hardness 2018-02-01 18:01:08 Analysis pH :Analysis Value from : Field pH  2026-03-19 18:03:49 Analysis TDS :Analysis Value from : Lab Total Dissolved Solids  2018-02-01 18:01:32 Analysis Temp :Analysis Value from : Field Temp  2026-03-19 18:03:08 Analysis SAR :Analysis Value from : SAR 2018-06-19 18:01:44 Analysis Nitrate :Analysis Value from : Nitrate 2018-02-01 18:01:04",
00150791-0,Nevada Division of Environmental Protection,NV06-SC-55-A_00,Thomas Creek @ North Timberline Drive &[STBT03Thomas-3],SB10,1997-10-28 11:10:00,0.00,,,10.4,,,,,,,,,,,7.84,,,1,,,,,,< 0.1,0.000307,,,,1,,,4,2,,,,,,,52,63,0.44,,,0,0.01,,0.04,,8.47,,,,,,,,107,1,91,,56,,0.06,3,1.2,,,,,,,,,,,,,,,,,,,,,,,,,,,,,,,,,,,,,,,,,,,,,,,,,,,,,,,,," Ammonia, Unionized :AUTOCALCULATE 2016-06-16 14:48:20 Using 1/2 AMNN Analysis DO :Analysis Value from : DO (field or ext)  2026-03-19 18:01:53 Analysis pH :Analysis Value from : Field pH  2026-03-19 18:03:49 Analysis TDS :Analysis Value from : Lab Total Dissolved Solids  2018-02-01 18:01:32 Analysis Temp :Analysis Value from : Field Temp  2026-03-19 18:03:08",
00150792-0,Nevada Division of Environmental Protection,NV06-SC-55-A_00,Thomas Creek @ North Timberline Drive &[STBT03Thomas-3],SB10,1997-12-16 11:10:00,0.00,,,11,,,,,,,,,,,8.87,,,1.5,,,,,,< 0.1,0.003236,,,,1,,,0,0,,,,,,,48,59,0.15,,,0,0,,0.03,,8.1,,,,,,,,96,1,76,,48,,0.04,1,2.3,,,,,,,,,,,,,,,,,,,,,,,,,,,,,,,,,,,,,,,,,,,,,,,,,,,,,,,,," Ammonia, Unionized :AUTOCALCULATE 2016-06-16 14:48:20 Using 1/2 AMNN Analysis DO :Analysis Value from : DO (field or ext)  2026-03-19 18:01:53 Analysis pH :Analysis Value from : Field pH  2026-03-19 18:03:49 Analysis TDS :Analysis Value from : Lab Total Dissolved Solids  2018-02-01 18:01:32 Analysis Temp :Analysis Value from : Field Temp  2026-03-19 18:03:08",
00150793-0,Nevada Division of Environmental Protection,NV06-SC-55-A_00,Thomas Creek @ North Timberline Drive &[STBT03Thomas-3],SB10,1998-02-10 11:25:00,0.00,,,7.42,,,,,,,,,,,8.32,,,0.2,,,,,,< 0.1,0.000859,,8.18,,1,,,0,0,,,,,33,,48,59,0.48,,,0,0,,0.04,,7.73,,,,0.32,,4.21,,100,1,78,,48,,0.05,15,4.6,,,,,,< 1.1,,,,,,6.3,,< 1.3,,< 2.2,,,,< 1.9,,417,,< 1.1,,,,3.13,,,,< 0.1,,,,,,,< 0.9,,,,,,,,,,,,,,,< 1.1,,," Ammonia, Unionized :AUTOCALCULATE 2016-06-16 14:48:20 Using 1/2 AMNN Analysis DO :Analysis Value from : DO (field or ext)  2026-03-19 18:01:53 Analysis Hardness :Analysis Value from : Hardness 2018-02-01 18:01:08 Analysis pH :Analysis Value from : Field pH  2026-03-19 18:03:49 Analysis TDS :Analysis Value from : Lab Total Dissolved Solids  2018-02-01 18:01:32 Analysis Temp :Analysis Value from : Field Temp  2026-03-19 18:03:08 Analysis SAR :Analysis Value from : SAR 2018-06-19 18:01:44",
00150794-0,Nevada Division of Environmental Protection,NV06-SC-55-A_00,Thomas Creek @ North Timberline Drive &[STBT03Thomas-3],SB10,1998-04-14 11:10:00,0.00,,,16.3,,,,,,,,,,,8.17,,,0.1,,,,,,< 0.1,0.000606,,,,0,,,0,0,,,,,,,50,61,0.4,,,0,0,,0.08,,7.69,,,,,,,,105,1,84,,50,,0.05,1,5,,,,,,,,,,,,,,,,,,,,,,,,,,,,,,,,,,,,,,,,,,,,,,,,,,,,,,,,," Ammonia, Unionized :AUTOCALCULATE 2016-06-16 14:48:20 Using 1/2 AMNN Analysis DO :Analysis Value from : DO (field or ext)  2026-03-19 18:01:53 Analysis pH :Analysis Value from : Field pH  2026-03-19 18:03:49 Analysis TDS :Analysis Value from : Lab Total Dissolved Solids  2018-02-01 18:01:32 Analysis Temp :Analysis Value from : Field Temp  2026-03-19 18:03:08",
00150795-0,Nevada Division of Environmental Protection,NV06-SC-55-A_00,Thomas Creek @ North Timberline Drive &[STBT03Thomas-3],SB10,1998-06-16 11:15:00,0.00,,,11.23,,,,,,,,,,,8.04,,,8.6,,,,,,< 0.1,0.000894,,,,0,,,0,0,,,,,,,34,41,0.29,,,0.04,0.2,,0.01,,7.48,,,,,,,,74,0,61,,34,,0.09,9,7,,,,,,,,,,,,,,,,,,,,,,,,,,,,,,,,,,,,,,,,,,,,,,,,,,,,,,,,," Ammonia, Unionized :AUTOCALCULATE 2016-06-16 14:48:20 Using 1/2 AMNN Analysis DO :Analysis Value from : DO (field or ext)  2026-03-19 18:01:53 Analysis pH :Analysis Value from : Field pH  2026-03-19 18:03:49 Analysis TDS :Analysis Value from : Lab Total Dissolved Solids  2018-02-01 18:01:32 Analysis Temp :Analysis Value from : Field Temp  2026-03-19 18:03:08 Analysis Nitrate :Analysis Value from : Nitrate 2018-02-01 18:01:04",
00150796-0,Nevada Division of Environmental Protection,NV06-SC-55-A_00,Thomas Creek @ North Timberline Drive &[STBT03Thomas-3],SB10,1998-08-11 12:15:00,0.00,,,8.4,,,,,,,,,,,8.11,,,16.8,,,,,,< 0.1,0.001934,,8.48,,1,,,0,0,,,,,35,,44,54,0.35,,,0.01,0.04,,0.07,,7.55,,,,0.34,,4.58,,97,0,107,,44,,0.09,14,4,,,,,,< 0.8,,,,,,11.8,,< 1.4,,< 2.1,,,,< 1.8,,486,,0.6,,,,3.45,,,,< 0.1,,,,,,,< 0.6,,,,,,,,,,,,,,,6.2,,," Ammonia, Unionized :AUTOCALCULATE 2016-06-16 14:48:20 Using 1/2 AMNN Analysis DO :Analysis Value from : DO (field or ext)  2026-03-19 18:01:53 Analysis Hardness :Analysis Value from : Hardness 2018-02-01 18:01:08 Analysis pH :Analysis Value from : Field pH  2026-03-19 18:03:49 Analysis TDS :Analysis Value from : Lab Total Dissolved Solids  2018-02-01 18:01:32 Analysis Temp :Analysis Value from : Field Temp  2026-03-19 18:03:08 Analysis SAR :Analysis Value from : SAR 2018-06-19 18:01:44 Analysis Nitrate :Analysis Value from : Nitrate 2018-02-01 18:01:04",
00150797-0,Nevada Division of Environmental Protection,NV06-SC-55-A_00,Thomas Creek @ North Timberline Drive &[STBT03Thomas-3],SB10,1998-10-13 11:35:00,0.00,,,9.31,,,,,,,,,,,8.2,,,6,,,,,,< 0.04,0.000419,,,,0.58,,,< 20,< 12,,,,,,,53,65,0.18,,,< 0.02,< 0.09,,< 0.06,,,,,,,,,,,0.34,86,,53,,0.1,< 10,,,,,,,,,,,,,,,,,,,,,,,,,,,,,,,,,,,,,,,,,,,,,,,,,,,,,,,,,," Ammonia, Unionized :AUTOCALCULATE 2016-06-16 14:48:20 Using 1/2 AMNN Analysis DO :Analysis Value from : DO (field or ext)  2026-03-19 18:01:53 Analysis pH :Analysis Value from : Field pH  2026-03-19 18:03:49 Analysis TDS :Analysis Value from : Lab Total Dissolved Solids  2018-02-01 18:01:32 Analysis Temp :Analysis Value from : Field Temp  2026-03-19 18:03:08 Analysis Nitrate :Analysis Value from : Nitrate 2018-02-01 18:01:04",
00150798-0,Nevada Division of Environmental Protection,NV06-SC-55-A_00,Thomas Creek @ North Timberline Drive &[STBT03Thomas-3],SB10,1998-12-15 11:20:00,0.00,,,14.02,,,,,,,,,,,8.33,,,0.9,,,,,,< 0.1,0.000931,,,,1,,,0,0,,,,,,,44,54,0.25,,,0,0,,0.05,,7.28,,,,,,,,102,1,85,,44,,0.06,1,2.3,,,,,,,,,,,,,,,,,,,,,,,,,,,,,,,,,,,,,,,,,,,,,,,,,,,,,,,,," Ammonia, Unionized :AUTOCALCULATE 2016-06-16 14:48:20 Using 1/2 AMNN Analysis DO :Analysis Value from : DO (field or ext)  2026-03-19 18:01:53 Analysis pH :Analysis Value from : Field pH  2026-03-19 18:03:49 Analysis TDS :Analysis Value from : Lab Total Dissolved Solids  2018-02-01 18:01:32 Analysis Temp :Analysis Value from : Field Temp  2026-03-19 18:03:08",
00150799-0,Nevada Division of Environmental Protection,NV06-SC-55-A_00,Thomas Creek @ North Timberline Drive &[STBT03Thomas-3],SB10,1999-02-02 11:20:00,0.00,,,9.35,,,,,,,,,,,8.24,,,0.1,,,,,,< 0.1000,0.000711,,9,9,1,,,0,0,,,,,35,35,46,56,0.39,,,0.08,0.35,,0.05,,7.55,,,,0.5,0.7,7,9,104,1,89,,46,,0.07,13,4.4,,,,,,< 3.0000,< 3.0000,,,,,< 100.0000,100,< 1.0000,< 1.0000,< 5.0000,< 5.0000,,,< 20.0000,< 20.0000,400,100,< 5.0000,< 5.0000,,,3,3,,,< 0.5000,< 0.5000,,,,,,< 2.0000,< 2.0000,,,,,,,,,,,,,,< 50.0000,50,," Ammonia, Unionized :AUTOCALCULATE 2016-06-16 14:48:20 Using 1/2 AMNN Analysis DO :Analysis Value from : DO (field or ext)  2026-03-19 18:01:53 Analysis Hardness :Analysis Value from : Hardness Diss  2018-02-01 18:01:08 Analysis pH :Analysis Value from : Field pH  2026-03-19 18:03:49 Analysis TDS :Analysis Value from : Lab Total Dissolved Solids  2018-02-01 18:01:32 Analysis Temp :Analysis Value from : Field Temp  2026-03-19 18:03:08 Analysis SAR :Analysis Value from : SAR Diss  2018-06-19 18:01:44 Analysis Nitrate :Analysis Value from : Nitrate 2018-02-01 18:01:04",
00150800-0,Nevada Division of Environmental Protection,NV06-SC-55-A_00,Thomas Creek @ North Timberline Drive &[STBT03Thomas-3],SB10,1999-04-13 11:25:00,0.00,,,16.67,,,,,,,,,,,8.09,,,4.4,,,,,,< 0.1000,0.000719,,,,0,,,0,0,,,,,,,48,59,0.48,,,0.02,0.09,,0.05,,7.66,,,,,,,,104,1,94,,48,,0.07,6,7.4,,,,,,,,,,,,,,,,,,,,,,,,,,,,,,,,,,,,,,,,,,,,,,,,,,,,,,,,," Ammonia, Unionized :AUTOCALCULATE 2016-06-16 14:48:20 Using 1/2 AMNN Analysis DO :Analysis Value from : DO (field or ext)  2026-03-19 18:01:53 Analysis pH :Analysis Value from : Field pH  2026-03-19 18:03:49 Analysis TDS :Analysis Value from : Lab Total Dissolved Solids  2018-02-01 18:01:32 Analysis Temp :Analysis Value from : Field Temp  2026-03-19 18:03:08 Analysis Nitrate :Analysis Value from : Nitrate 2018-02-01 18:01:04",
00150801-0,Nevada Division of Environmental Protection,NV06-SC-55-A_00,Thomas Creek @ North Timberline Drive &[STBT03Thomas-3],SB10,1999-06-15 11:20:00,0.00,,,9.86,,,,,,,,,,,7.96,,,10.7,,,,,,< 0.1000,0.000878,,,,0,,,0,0,,,,,,,32,39,0.38,,,0.04,0.18,,0.04,,7.29,,,,,,,,71,0,55,,32,,0.06,22,6.1,,,,,,,,,,,,,,,,,,,,,,,,,,,,,,,,,,,,,,,,,,,,,,,,,,,,,,,,," Ammonia, Unionized :AUTOCALCULATE 2016-06-16 14:48:20 Using 1/2 AMNN Analysis DO :Analysis Value from : DO (field or ext)  2026-03-19 18:01:53 Analysis pH :Analysis Value from : Field pH  2026-03-19 18:03:49 Analysis TDS :Analysis Value from : Lab Total Dissolved Solids  2018-02-01 18:01:32 Analysis Temp :Analysis Value from : Field Temp  2026-03-19 18:03:08 Analysis Nitrate :Analysis Value from : Nitrate 2018-02-01 18:01:04",
00150802-0,Nevada Division of Environmental Protection,NV06-SC-55-A_00,Thomas Creek @ North Timberline Drive &[STBT03Thomas-3],SB10,1999-08-10 12:45:00,0.00,,,11.02,,,,,,,,,,,8.2,,,11,,,,,,< 0.1000,0.001541,,8,8,1,,,0,0,,,,,32,32,44,54,0.45,,,0,0,,0.05,,7.46,,,,0.5,0.6,6,8,100,0,82,,44,,0.07,6,4.4,,,,,,< 3.0000,< 3.0000,,,,,< 100.0000,100,< 1.0000,< 1.0000,< 5.0000,< 5.0000,,,< 20.0000,< 20.0000,330,130,< 5.0000,17,,,3,3,,,< 0.5000,< 0.5000,,,,,,< 2.0000,< 4.0000,,,,,,,,,,,,,,< 50.0000,< 50.0000,," Ammonia, Unionized :AUTOCALCULATE 2016-06-16 14:48:20 Using 1/2 AMNN Analysis DO :Analysis Value from : DO (field or ext)  2026-03-19 18:01:53 Analysis Hardness :Analysis Value from : Hardness Diss  2018-02-01 18:01:08 Analysis pH :Analysis Value from : Field pH  2026-03-19 18:03:49 Analysis TDS :Analysis Value from : Lab Total Dissolved Solids  2018-02-01 18:01:32 Analysis Temp :Analysis Value from : Field Temp  2026-03-19 18:03:08 Analysis SAR :Analysis Value from : SAR Diss  2018-06-19 18:01:44",
00150803-0,Nevada Division of Environmental Protection,NV06-SC-55-A_00,Thomas Creek @ North Timberline Drive &[STBT03Thomas-3],SB10,1999-10-13 11:30:00,0.00,,,7.33,,,,,,,,,,,8.32,,,7,,,,,,< 0.1000,0.001483,,,,1,,,0,0,,,,,,,46,56,0.34,,,0.02,0.09,,0.05,,7.52,,,,,,,,112,1,81,,46,,0.1,3,2.8,,,,,,,,,,,,,,,,,,,,,,,,,,,,,,,,,,,,,,,,,,,,,,,,,,,,,,,,," Ammonia, Unionized :AUTOCALCULATE 2016-06-16 14:48:20 Using 1/2 AMNN Analysis DO :Analysis Value from : DO (field or ext)  2026-03-19 18:01:53 Analysis pH :Analysis Value from : Field pH  2026-03-19 18:03:49 Analysis TDS :Analysis Value from : Lab Total Dissolved Solids  2018-02-01 18:01:32 Analysis Temp :Analysis Value from : Field Temp  2026-03-19 18:03:08 Analysis Nitrate :Analysis Value from : Nitrate 2018-02-01 18:01:04",
00150804-0,Nevada Division of Environmental Protection,NV06-SC-55-A_00,Thomas Creek @ North Timberline Drive &[STBT03Thomas-3],SB10,1999-12-20 11:35:00,0.00,,,15.46,,,,,,,,,,,8.3,,,2.1,,,,,,< 0.1000,0.000960,,,,1,,,0,0,,,,,,,44,54,0.32,,,0,0,,0.04,,7.38,,,,,,,,103,1,84,,44,,0.06,3,2.1,,,,,,,,,,,,,,,,,,,,,,,,,,,,,,,,,,,,,,,,,,,,,,,,,,,,,,,,," Ammonia, Unionized :AUTOCALCULATE 2016-06-16 14:48:20 Using 1/2 AMNN Analysis DO :Analysis Value from : DO (field or ext)  2026-03-19 18:01:53 Analysis pH :Analysis Value from : Field pH  2026-03-19 18:03:49 Analysis TDS :Analysis Value from : Lab Total Dissolved Solids  2018-02-01 18:01:32 Analysis Temp :Analysis Value from : Field Temp  2026-03-19 18:03:08",
00150805-0,Nevada Division of Environmental Protection,NV06-SC-55-A_00,Thomas Creek @ North Timberline Drive &[STBT03Thomas-3],SB10,2000-02-09 11:20:00,0.00,,,,,,,,,,,,,,8.51,,,4.1,,,,,,< 0.1000,0.001804,,8,9,1,,,0,0,,,,,36,39,50,61,0.21,,,0.02,0.09,,0.04,,7.51,,,,0.5,0.6,7,9,111,1,86,,50,,0.05,3,2.3,,,,,,< 3.0000,< 3.0000,,,,,< 100.0000,100,< 1.0000,< 1.0000,< 1.0000,< 1.0000,,,< 20.0000,< 20.0000,180,130,< 2.0000,< 2.0000,,,4,4,,,< 0.5000,< 0.5000,,,,,,< 2.0000,< 2.0000,,,,,,,,,,,,,,< 50.0000,60,," Ammonia, Unionized :AUTOCALCULATE 2016-06-16 14:48:20 Using 1/2 AMNN Analysis Hardness :Analysis Value from : Hardness Diss  2018-02-01 18:01:08 Analysis pH :Analysis Value from : Field pH  2026-03-19 18:03:49 Analysis TDS :Analysis Value from : Lab Total Dissolved Solids  2018-02-01 18:01:32 Analysis Temp :Analysis Value from : Field Temp  2026-03-19 18:03:08 Analysis SAR :Analysis Value from : SAR Diss  2018-06-19 18:01:44 Analysis Nitrate :Analysis Value from : Nitrate 2018-02-01 18:01:04",
00150806-0,Nevada Division of Environmental Protection,NV06-SC-55-A_00,Thomas Creek @ North Timberline Drive &[STBT03Thomas-3],SB10,2000-04-10 11:30:00,0.00,,,,,,,,,,,,,,7.48,,,9.4,,,,,,< 0.1000,0.000265,,,,1,,,0,0,,,,,,,42,51,0.23,,,0,0,,0.04,,7.97,,,,,,,,90,1,90,,42,,0.05,10,4.9,,,,,,,,,,,,,,,,,,,,,,,,,,,,,,,,,,,,,,,,,,,,,,,,,,,,,,,,," Ammonia, Unionized :AUTOCALCULATE 2016-06-16 14:48:20 Using 1/2 AMNN Analysis pH :Analysis Value from : Field pH  2026-03-19 18:03:49 Analysis TDS :Analysis Value from : Lab Total Dissolved Solids  2018-02-01 18:01:32 Analysis Temp :Analysis Value from : Field Temp  2026-03-19 18:03:08",
00150807-0,Nevada Division of Environmental Protection,NV06-SC-55-A_00,Thomas Creek @ North Timberline Drive &[STBT03Thomas-3],SB10,2000-06-13 11:20:00,0.00,,,8.5,,,,,,,,,,,,,,12,,,,,,< 0.1000,< 0.002,,,,1,,,0,0,,,,,,,44,54,0.14,,,0,0,,0.04,,7.99,,,,,,,,89,1,77,,44,,0.07,7,3.9,,,,,,,,,,,,,,,,,,,,,,,,,,,,,,,,,,,,,,,,,,,,,,,,,,,,,,,,, Analysis DO :Analysis Value from : DO (field or ext)  2026-03-19 18:01:53 Analysis TDS :Analysis Value from : Lab Total Dissolved Solids  2018-02-01 18:01:32 Analysis Temp :Analysis Value from : Field Temp  2026-03-19 18:03:08,
00150808-0,Nevada Division of Environmental Protection,NV06-SC-55-A_00,Thomas Creek @ North Timberline Drive &[STBT03Thomas-3],SB10,2000-08-08 11:45:00,0.00,,,9,,,,,,,,,,,7.99,,,14,,,,,,< 0.1000,0.001205,,9,10,1,,,0,0,,,,,39,41,52,63,0.24,,,0,0,,0.06,,8.22,,,,0.4,0.5,6,8,103,1,94,,52,,0.09,25,9.3,,,,,,< 3.0000,< 3.0000,,,,,< 100.0000,< 100.0000,< 1.0000,< 1.0000,< 2.0000,< 2.0000,,,< 20.0000,< 20.0000,730,150,< 2.0000,< 2.0000,,,4,4,,,< 0.5000,< 0.5000,,,,,,< 2.0000,< 2.0000,,,,,,,,,,,,,,< 50.0000,< 50.0000,," Ammonia, Unionized :AUTOCALCULATE 2016-06-16 14:48:20 Using 1/2 AMNN Analysis DO :Analysis Value from : DO (field or ext)  2026-03-19 18:01:53 Analysis Hardness :Analysis Value from : Hardness Diss  2018-02-01 18:01:08 Analysis pH :Analysis Value from : Field pH  2026-03-19 18:03:49 Analysis TDS :Analysis Value from : Lab Total Dissolved Solids  2018-02-01 18:01:32 Analysis Temp :Analysis Value from : Field Temp  2026-03-19 18:03:08 Analysis SAR :Analysis Value from : SAR Diss  2018-06-19 18:01:44",
00150809-0,Nevada Division of Environmental Protection,NV06-SC-55-A_00,Thomas Creek @ North Timberline Drive &[STBT03Thomas-3],SB10,2000-10-10 11:20:00,0.00,,,9.5,,,,,,,,,,,8.2,,,4.1,,,,,,< 0.1000,0.000900,,,,1,,,0,0,,,,,,,50,61,0.11,,,0,0,,0.05,,8.03,,,,,,,,102,1,89,,50,,0.07,3,3.2,,,,,,,,,,,,,,,,,,,,,,,,,,,,,,,,,,,,,,,,,,,,,,,,,,,,,,,,," Ammonia, Unionized :AUTOCALCULATE 2016-06-16 14:48:20 Using 1/2 AMNN Analysis DO :Analysis Value from : DO (field or ext)  2026-03-19 18:01:53 Analysis pH :Analysis Value from : Field pH  2026-03-19 18:03:49 Analysis TDS :Analysis Value from : Lab Total Dissolved Solids  2018-02-01 18:01:32 Analysis Temp :Analysis Value from : Field Temp  2026-03-19 18:03:08",
00150810-0,Nevada Division of Environmental Protection,NV06-SC-55-A_00,Thomas Creek @ North Timberline Drive &[STBT03Thomas-3],SB10,2000-12-19 11:05:00,0.00,,,11.9,,,,,,,,,,,8.37,,,-2,,,,,,< 0.1000,0.000801,,,,1,,,0,0,,,,,,,46,56,0.17,,,0,0,,0.04,,7.83,,,,,,,,92,1,84,,46,,0.05,5,3.9,,,,,,,,,,,,,,,,,,,,,,,,,,,,,,,,,,,,,,,,,,,,,,,,,,,,,,,,," Ammonia, Unionized :AUTOCALCULATE 2016-06-16 14:48:20 Using 1/2 AMNN Analysis DO :Analysis Value from : DO (field or ext)  2026-03-19 18:01:53 Analysis pH :Analysis Value from : Field pH  2026-03-19 18:03:49 Analysis TDS :Analysis Value from : Lab Total Dissolved Solids  2018-02-01 18:01:32 Analysis Temp :Analysis Value from : Field Temp  2026-03-19 18:03:08",
00150811-0,Nevada Division of Environmental Protection,NV06-SC-55-A_00,Thomas Creek @ North Timberline Drive &[STBT03Thomas-3],SB10,2001-04-10 11:25:00,0.00,,,12.85,,,,,,,,,,,7.95,,,0.2,,,,,,< 0.1000,0.000370,,,,1,,,0,0,,,,,,,50,61,0.36,,,,,0,0.03,,7.98,,,,,,,,100,1,86,,50,,0.08,39,12,,,,,,,,,,,,,,,,,,,,,,,,,,,,,,,,,,,,,,,,,,,,,,,,,,,,,,,,," Ammonia, Unionized :AUTOCALCULATE 2016-06-16 14:48:20 Using 1/2 AMNN Analysis DO :Analysis Value from : DO (field or ext)  2026-03-19 18:01:53 Analysis pH :Analysis Value from : Field pH  2026-03-19 18:03:49 Analysis TDS :Analysis Value from : Lab Total Dissolved Solids  2018-02-01 18:01:32 Analysis Temp :Analysis Value from : Field Temp  2026-03-19 18:03:08",
00150812-0,Nevada Division of Environmental Protection,NV06-SC-55-A_00,Thomas Creek @ North Timberline Drive &[STBT03Thomas-3],SB10,2001-06-18 12:30:00,0.00,,,8.4,,,,,,,,,,,8.06,,,13,,,,,,< 0.1000,0.001309,,,,0,,,0,0,,,,,,,52,63,0.14,,,,,0,0.05,,7.75,,,,,,,,102,1,91,,52,,0.07,6,4.7,,,,,,,,,,,,,,,,,,,,,,,,,,,,,,,,,,,,,,,,,,,,,,,,,,,,,,,,," Ammonia, Unionized :AUTOCALCULATE 2016-06-16 14:48:20 Using 1/2 AMNN Analysis DO :Analysis Value from : DO (field or ext)  2026-03-19 18:01:53 Analysis pH :Analysis Value from : Field pH  2026-03-19 18:03:49 Analysis TDS :Analysis Value from : Lab Total Dissolved Solids  2018-02-01 18:01:32 Analysis Temp :Analysis Value from : Field Temp  2026-03-19 18:03:08",
00150813-0,Nevada Division of Environmental Protection,NV06-SC-55-A_00,Thomas Creek @ North Timberline Drive &[STBT03Thomas-3],SB10,2001-08-14 11:40:00,0.00,,,10.2,,,,,,,,,,,8.88,,,15.5,,,,,,< 0.1000,0.008845,,9,9,0,,,0,0,,,,,39,39,52,63,0.18,,,,,0,0.05,,8.1,,,,0.5,0.4,7,6,105,1,85,,52,,0.08,11,7,,,,,,< 3.0000,< 3.0000,,,,,< 100.0000,< 100.0000,< 1.0000,< 1.0000,< 2.0000,< 2.0000,,,< 20.0000,< 20.0000,520,90,< 2.0000,< 2.0000,,,4,4,,,< 0.5000,< 0.5000,,,,,,3,< 2.0000,,,,,,,,,,,,,,< 50.0000,< 50.0000,," Ammonia, Unionized :AUTOCALCULATE 2016-06-16 14:48:20 Using 1/2 AMNN Analysis DO :Analysis Value from : DO (field or ext)  2026-03-19 18:01:53 Analysis Hardness :Analysis Value from : Hardness Diss  2018-02-01 18:01:08 Analysis pH :Analysis Value from : Field pH  2026-03-19 18:03:49 Analysis TDS :Analysis Value from : Lab Total Dissolved Solids  2018-02-01 18:01:32 Analysis Temp :Analysis Value from : Field Temp  2026-03-19 18:03:08 Analysis SAR :Analysis Value from : SAR Diss  2018-06-19 18:01:44",
00150814-0,Nevada Division of Environmental Protection,NV06-SC-55-A_00,Thomas Creek @ North Timberline Drive &[STBT03Thomas-3],SB10,2001-10-09 12:40:00,0.00,,,8.6,,,,,,,,,,,8.1,,,6,,,,,,< 0.1000,0.000835,,,,0,,,0,0,,,,,,,52,63,0.14,,,,,0.02,0.04,,7.94,,,,,,,,110,1,93,,52,,0.07,6,3.8,,,,,,,,,,,,,,,,,,,,,,,,,,,,,,,,,,,,,,,,,,,,,,,,,,,,,,,,," Ammonia, Unionized :AUTOCALCULATE 2016-06-16 14:48:20 Using 1/2 AMNN Analysis DO :Analysis Value from : DO (field or ext)  2026-03-19 18:01:53 Analysis pH :Analysis Value from : Field pH  2026-03-19 18:03:49 Analysis TDS :Analysis Value from : Lab Total Dissolved Solids  2018-02-01 18:01:32 Analysis Temp :Analysis Value from : Field Temp  2026-03-19 18:03:08 Analysis Nitrate :Analysis Value from : Nitrate Nitrite  2018-02-01 18:01:04",
00150815-0,Nevada Division of Environmental Protection,NV06-SC-55-A_00,Thomas Creek @ North Timberline Drive &[STBT03Thomas-3],SB10,2002-02-05 11:15:00,0.00,,,10.5,,,,,,,,,,,7.9,,,-2,,,,,,< 0.1000,0.000274,,8,9,1,,,0,0,,,,,32,39,52,63,0.25,,,,,0.06,0.04,,7.93,,,,0.5,0.6,7,8,100,1,79,,52,,0.04,4,1.6,,,,,,< 3.0000,< 3.0000,,,,,< 100.0000,< 100.0000,< 1.0000,< 1.0000,< 2.0000,< 2.0000,,,< 20.0000,< 20.0000,130,80,< 2.0000,< 2.0000,,,3,4,,,< 0.5000,< 0.5000,,,,,,< 2.0000,< 2.0000,,,,,,,,,,,,,,< 50.0000,70,," Ammonia, Unionized :AUTOCALCULATE 2016-06-16 14:48:20 Using 1/2 AMNN Analysis DO :Analysis Value from : DO (field or ext)  2026-03-19 18:01:53 Analysis Hardness :Analysis Value from : Hardness Diss  2018-02-01 18:01:08 Analysis pH :Analysis Value from : Field pH  2026-03-19 18:03:49 Analysis TDS :Analysis Value from : Lab Total Dissolved Solids  2018-02-01 18:01:32 Analysis Temp :Analysis Value from : Field Temp  2026-03-19 18:03:08 Analysis SAR :Analysis Value from : SAR Diss  2018-06-19 18:01:44 Analysis Nitrate :Analysis Value from : Nitrate Nitrite  2018-02-01 18:01:04",
00150816-0,Nevada Division of Environmental Protection,NV06-SC-55-A_00,Thomas Creek @ North Timberline Drive &[STBT03Thomas-3],SB10,2002-04-10 11:20:00,0.00,,,10.68,,,,,,,,,,,8.3,,,5.9,,,,,,< 0.1000,0.001301,,,,1,,,0,0,,,,,,,46,56,0.51,,,,,0.03,0.04,,8.02,,,,,,,,91,2,100,,46,,0.05,7,5.3,,,,,,,,,,,,,,,,,,,,,,,,,,,,,,,,,,,,,,,,,,,,,,,,,,,,,,,,," Ammonia, Unionized :AUTOCALCULATE 2016-06-16 14:48:20 Using 1/2 AMNN Analysis DO :Analysis Value from : DO (field or ext)  2026-03-19 18:01:53 Analysis pH :Analysis Value from : Field pH  2026-03-19 18:03:49 Analysis TDS :Analysis Value from : Lab Total Dissolved Solids  2018-02-01 18:01:32 Analysis Temp :Analysis Value from : Field Temp  2026-03-19 18:03:08 Analysis Nitrate :Analysis Value from : Nitrate Nitrite  2018-02-01 18:01:04",
00150817-0,Nevada Division of Environmental Protection,NV06-SC-55-A_00,Thomas Creek @ North Timberline Drive &[STBT03Thomas-3],SB10,2002-06-04 12:00:00,0.00,,,7.8,,,,,,,,,,,8,,,11.3,,,,,,< 0.1000,0.001006,,,,1,,,0,0,,,,,,,42,51,0.22,,,,,0.1,0.04,,7.97,,,,,,,,85,1,81,,42,,0.05,11,5,,,,,,,,,,,,,,,,,,,,,,,,,,,,,,,,,,,,,,,,,,,,,,,,,,,,,,,,," Ammonia, Unionized :AUTOCALCULATE 2016-06-16 14:48:20 Using 1/2 AMNN Analysis DO :Analysis Value from : DO (field or ext)  2026-03-19 18:01:53 Analysis pH :Analysis Value from : Field pH  2026-03-19 18:03:49 Analysis TDS :Analysis Value from : Lab Total Dissolved Solids  2018-02-01 18:01:32 Analysis Temp :Analysis Value from : Field Temp  2026-03-19 18:03:08 Analysis Nitrate :Analysis Value from : Nitrate Nitrite  2018-02-01 18:01:04",
00150818-0,Nevada Division of Environmental Protection,NV06-SC-55-A_00,Thomas Creek @ North Timberline Drive &[STBT03Thomas-3],SB10,2004-06-11 11:25:00,0.00,,,8.03,,,,,,,,,,,7.97,,,9.43,,,,,,< 0.1000,0.000814,,,9,< 5.0000,,,< 20.0000,< 12.0000,,,,< 100.0000,,< 33.0000,46,56,0.2,< 0.7,0.2,,,< 0.5000,0.04,,8.05,,,,,< 0.6100,,8,90,< 5.0000,91,19.9,46,,0.02,< 10.0000,5.6,,,,< 5.0000,,< 3.0000,< 3.0000,50,,< 2.0000,,< 100.0000,,< 1.0000,< 1.0000,< 2.0000,< 2.0000,,,< 2.0000,32,390,,< 1.0000,< 1.0000,,,,< 5.0000,20,,< 0.2000,< 0.2000,< 10.0000,,< 5.0000,< 5.0000,,< 2.0000,< 2.0000,,,,< 2.0000,< 1.0000,,,,,,,,,< 10.0000,73,," Ammonia, Unionized :AUTOCALCULATE 2016-06-16 14:48:20 Using 1/2 AMNN Analysis DO :Analysis Value from : DO (field or ext)  2026-03-19 18:01:53 Analysis Hardness :Analysis Value from : Hardness Diss  2018-02-01 18:01:08 Analysis pH :Analysis Value from : Field pH  2026-03-19 18:03:49 Analysis TDS :Analysis Value from : Lab Total Dissolved Solids  2018-02-01 18:01:32 Analysis Temp :Analysis Value from : Field Temp  2026-03-19 18:03:08 Analysis SAR :Analysis Value from : SAR Diss  2018-06-19 18:01:44 Analysis Nitrate :Analysis Value from : Nitrate Nitrite  2018-02-01 18:01:04",
00150819-0,Nevada Division of Environmental Protection,NV06-SC-55-A_00,Thomas Creek @ North Timberline Drive &[STBT03Thomas-3],SB10,2004-09-20 13:50:00,0.00,,,12.3,,,,,,,,,,,,,,6.4,,,,,,< 0.1000,< 0.0016,,,,< 5.0000,,,< 20.0000,< 12.0000,,,,,,,52,63,< 0.2000,< 0.7,0,,,< 0.5000,0.04,,8.07,,,,,,,,100,< 5.0000,100,18,52,1652,0.07,11,4.5,,,,,,,,,,,,,,,,,,,,,,,,,,,,,,,,,,,,,,,,,,,,,,,,,,,,,,,,, Analysis DO :Analysis Value from : DO (field or ext)  2026-03-19 18:01:53 Analysis TDS :Analysis Value from : Lab Total Dissolved Solids  2018-02-01 18:01:32 Analysis Temp :Analysis Value from : Field Temp  2026-03-19 18:03:08 Analysis Nitrate :Analysis Value from : Nitrate Nitrite  2018-02-01 18:01:04,
00150820-0,Nevada Division of Environmental Protection,NV06-SC-55-A_00,Thomas Creek @ North Timberline Drive &[STBT03Thomas-3],SB10,2005-01-25 12:45:00,0.00,,,13.5,,,,,,,,,,,7.7,,,2,,,,,,< 0.1000,0.000242,,,,< 5.0000,,,< 20.0000,< 12.0000,,,,,,,57,69,< 0.2000,< 0.7,0,,,< 0.5000,0.04,,8.05,,,,,,,,110,< 5.0000,108,19.5,57,75,0.12,46,40,,,,,,,,,,,,,,,,,,,,,,,,,,,,,,,,,,,,,,,,,,,,,,,,,,,,,,,,," Ammonia, Unionized :AUTOCALCULATE 2016-06-16 14:48:20 Using 1/2 AMNN Analysis DO :Analysis Value from : DO (field or ext)  2026-03-19 18:01:53 Analysis pH :Analysis Value from : Field pH  2026-03-19 18:03:49 Analysis TDS :Analysis Value from : Lab Total Dissolved Solids  2018-02-01 18:01:32 Analysis Temp :Analysis Value from : Field Temp  2026-03-19 18:03:08 Analysis Nitrate :Analysis Value from : Nitrate Nitrite  2018-02-01 18:01:04",
00150821-0,Nevada Division of Environmental Protection,NV06-SC-55-A_00,Thomas Creek @ North Timberline Drive &[STBT03Thomas-3],SB10,2005-03-31 09:30:00,0.00,,,9,,,,,,,,,,,7.6,,,4,,,,,,< 0.1000,0.000227,,,10,< 5.0000,,,< 20.0000,< 12.0000,,,,< 100.0000,,< 35.0000,57,70,0.4,< 0.5,0.4,,,< 0.1000,0.03,,8.1,,,,,< 0.7300,,10,110,< 5.0000,109,18.9,57,137,0.1,54,16,,,,< 5.0000,,< 3.0000,< 3.0000,80,,< 2.0000,,< 100.0000,,< 1.0000,< 1.0000,< 2.0000,< 2.0000,,,< 2.0000,< 2.0000,1300,,< 1.0000,< 1.0000,,,,< 5.0000,50,,< 0.2000,< 0.2000,< 10.0000,,< 5.0000,< 5.0000,,< 2.0000,< 2.0000,,,,< 2.0000,< 1.0000,,,,,,,,,10,90,," Ammonia, Unionized :AUTOCALCULATE 2016-06-16 14:48:20 Using 1/2 AMNN Analysis DO :Analysis Value from : DO (field or ext)  2026-03-19 18:01:53 Analysis Hardness :Analysis Value from : Hardness Diss  2018-02-01 18:01:08 Analysis pH :Analysis Value from : Field pH  2026-03-19 18:03:49 Analysis TDS :Analysis Value from : Lab Total Dissolved Solids  2018-02-01 18:01:32 Analysis Temp :Analysis Value from : Field Temp  2026-03-19 18:03:08 Analysis SAR :Analysis Value from : SAR Diss  2018-06-19 18:01:44 Analysis Nitrate :Analysis Value from : Nitrate Nitrite  2018-02-01 18:01:04",
00150822-0,Nevada Division of Environmental Protection,NV06-SC-55-A_00,Thomas Creek @ North Timberline Drive &[STBT03Thomas-3],SB10,2005-07-12 13:30:00,0.00,,,5.4,,,,,,,,,,,8.2,,,15.9,,,,,,< 0.1000,0.002211,,,,< 5.0000,,,< 20.0000,< 12.0000,,,,,,,44,54,0.3,< 0.4,0.3,,,< 0.1000,0.04,,8.08,,,,,,,,86,< 5.0000,91,20.4,44,1091,0.07,12,5.5,,,,,,,,,,,,,,,,,,,,,,,,,,,,,,,,,,,,,,,,,,,,,,,,,,,,,,,,," Ammonia, Unionized :AUTOCALCULATE 2016-06-16 14:48:20 Using 1/2 AMNN Analysis DO :Analysis Value from : DO (field or ext)  2026-03-19 18:01:53 Analysis pH :Analysis Value from : Field pH  2026-03-19 18:03:49 Analysis TDS :Analysis Value from : Lab Total Dissolved Solids  2018-02-01 18:01:32 Analysis Temp :Analysis Value from : Field Temp  2026-03-19 18:03:08 Analysis Nitrate :Analysis Value from : Nitrate Nitrite  2018-02-01 18:01:04",
00150823-0,Nevada Division of Environmental Protection,NV06-SC-55-A_00,Thomas Creek @ North Timberline Drive &[STBT03Thomas-3],SB10,2005-09-20 13:45:00,0.00,,,,,,,,,,,,,,7.7,,,9,,,,,,< 0.1000,0.000426,,,8,< 5.0000,,,< 20.0000,< 12.0000,,,,< 100.0000,,< 30.0000,48,59,< 0.2000,< 0.3,0.1,,,0.1,0.04,,8.11,,,,,< 0.5500,,7,91,< 5.0000,92,19.5,49,885,0.05,< 10.0000,4.6,,,,< 5.0000,,< 3.0000,< 3.0000,50,,< 2.0000,,< 100.0000,,< 1.0000,< 1.0000,< 2.0000,< 2.0000,,,< 2.0000,< 2.0000,330,,< 1.0000,< 1.0000,,,,< 5.0000,20,,< 0.2000,< 0.2000,< 10.0000,,< 5.0000,< 5.0000,,< 2.0000,< 2.0000,,,,< 2.0000,< 1.0000,,,,,,,,,< 10.0000,20,," Ammonia, Unionized :AUTOCALCULATE 2016-06-16 14:48:20 Using 1/2 AMNN Analysis Hardness :Analysis Value from : Hardness Diss  2018-02-01 18:01:08 Analysis pH :Analysis Value from : Field pH  2026-03-19 18:03:49 Analysis TDS :Analysis Value from : Lab Total Dissolved Solids  2018-02-01 18:01:32 Analysis Temp :Analysis Value from : Field Temp  2026-03-19 18:03:08 Analysis SAR :Analysis Value from : SAR Diss  2018-06-19 18:01:44 Analysis Nitrate :Analysis Value from : Nitrate Nitrite  2018-02-01 18:01:04",
00150824-0,Nevada Division of Environmental Protection,NV06-SC-55-A_00,Thomas Creek @ North Timberline Drive &[STBT03Thomas-3],SB10,2005-12-20 12:00:00,0.00,,,10.3,,,,,,,,,,,,,,2.1,,,,,,< 0.1000,< 0.001,,,,< 5.0000,,,< 20.0000,< 12.0000,,,,,,,50,61,0.2,< 0.3,0.2,,,< 0.1000,0.04,,8,,,,,,,,110,< 5.0000,99,16,50,504,0.09,16,23,,,,,,,,,,,,,,,,,,,,,,,,,,,,,,,,,,,,,,,,,,,,,,,,,,,,,,,,, Total N :AUTOCALCULATE 2016-06-16 14:48:17 Using 1/2 NandN Analysis DO :Analysis Value from : DO (field or ext)  2026-03-19 18:01:53 Analysis TDS :Analysis Value from : Lab Total Dissolved Solids  2018-02-01 18:01:32 Analysis Temp :Analysis Value from : Field Temp  2026-03-19 18:03:08 Analysis Nitrate :Analysis Value from : Nitrate Nitrite  2018-02-01 18:01:04,
00150825-0,Nevada Division of Environmental Protection,NV06-SC-55-A_00,Thomas Creek @ North Timberline Drive &[STBT03Thomas-3],SB10,2006-06-20 14:15:00,0.00,,,8.6,,,,,,,,,,,8,160,,12.7,,,,,,< 0.1000,0.001118,,,6,< 5.0000,,,< 20.0000,< 12.0000,,,,< 100.0000,,< 25.0000,38,46,< 0.2000,< 0.3,0,,,< 0.1000,0.03,,7.91,,,,,< 0.2200,,< 5.0000,82,< 5.0000,87,23.3,38,192,0.06,11,4.4,,,,< 5.0000,,< 3.0000,< 3.0000,40,,< 2.0000,,< 100.0000,,< 1.0000,< 1.0000,< 1.0000,< 2.0000,,,< 2.0000,< 2.0000,390,,< 1.0000,< 1.0000,,,,< 5.0000,20,,< 0.2000,< 0.2000,< 10.0000,,< 5.0000,< 5.0000,,< 2.0000,< 2.0000,,,,< 2.0000,< 1.0000,,,,,,,,,< 10.0000,< 10.0000,," Total N :AUTOCALCULATE 2016-06-16 14:48:17 Using 1/2 KJN Using 1/2 NandN Ammonia, Unionized :AUTOCALCULATE 2016-06-16 14:48:20 Using 1/2 AMNN Analysis DO :Analysis Value from : DO (field or ext)  2026-03-19 18:01:53 Analysis Hardness :Analysis Value from : Hardness Diss  2018-02-01 18:01:08 Analysis pH :Analysis Value from : Field pH  2026-03-19 18:03:49 Analysis TDS :Analysis Value from : Lab Total Dissolved Solids  2018-02-01 18:01:32 Analysis Temp :Analysis Value from : Field Temp  2026-03-19 18:03:08 Analysis SAR :Analysis Value from : SAR Diss  2018-06-19 18:01:44 Analysis Nitrate :Analysis Value from : Nitrate Nitrite  2018-02-01 18:01:04",
00150826-0,Nevada Division of Environmental Protection,NV06-SC-55-A_00,Thomas Creek @ North Timberline Drive &[STBT03Thomas-3],SB10,2006-08-16 13:55:00,0.00,,,7.5,,,,,,,,,,,7.8,192,,11.7,,,,,,< 0.1000,0.000659,,,,< 5.0000,,,< 20.0000,< 12.0000,,,,,,,46,56,< 0.2000,< 0.3,0,,,< 0.1000,0.04,,8.01,,,,,,,,88,< 5.0000,76,20.8,46,1652,0.06,< 10.0000,3.3,,,,,,,,,,,,,,,,,,,,,,,,,,,,,,,,,,,,,,,,,,,,,,,,,,,,,,,,," Total N :AUTOCALCULATE 2016-06-16 14:48:17 Using 1/2 KJN Using 1/2 NandN Ammonia, Unionized :AUTOCALCULATE 2016-06-16 14:48:20 Using 1/2 AMNN Analysis DO :Analysis Value from : DO (field or ext)  2026-03-19 18:01:53 Analysis pH :Analysis Value from : Field pH  2026-03-19 18:03:49 Analysis TDS :Analysis Value from : Lab Total Dissolved Solids  2018-02-01 18:01:32 Analysis Temp :Analysis Value from : Field Temp  2026-03-19 18:03:08 Analysis Nitrate :Analysis Value from : Nitrate Nitrite  2018-02-01 18:01:04",
00150827-0,Nevada Division of Environmental Protection,NV06-SC-55-A_00,Thomas Creek @ North Timberline Drive &[STBT03Thomas-3],SB10,2006-12-11 13:25:00,0.00,,,10.2,,,,,,,,,,,8,,,1.1,,,,,,< 0.1000,0.000447,,,,< 5.0000,,,< 20.0000,< 12.0000,,,,,,,48,58,< 0.2000,< 0.3,0,,,< 0.1000,0.03,,7.87,,,,,,,,94,< 5.0000,96,19.7,48,87,0.04,< 10.0000,1.2,,,,,,,,,,,,,,,,,,,,,,,,,,,,,,,,,,,,,,,,,,,,,,,,,,,,,,,,," Total N :AUTOCALCULATE 2016-06-16 14:48:17 Using 1/2 KJN Using 1/2 NandN Ammonia, Unionized :AUTOCALCULATE 2016-06-16 14:48:20 Using 1/2 AMNN Analysis DO :Analysis Value from : DO (field or ext)  2026-03-19 18:01:53 Analysis pH :Analysis Value from : Field pH  2026-03-19 18:03:49 Analysis TDS :Analysis Value from : Lab Total Dissolved Solids  2018-02-01 18:01:32 Analysis Temp :Analysis Value from : Field Temp  2026-03-19 18:03:08 Analysis Nitrate :Analysis Value from : Nitrate Nitrite  2018-02-01 18:01:04",
00150828-0,Nevada Division of Environmental Protection,NV06-SC-55-A_00,Thomas Creek @ North Timberline Drive &[STBT03Thomas-3],SB10,2007-03-20 13:40:00,0.00,,,10.2,,,,,,,,,,,8,,,3.9,,,,,,< 0.1000,0.000562,,,8,< 5.0000,,,< 20.0000,< 12.0000,,,,< 100.0000,,< 30.0000,48,58,0.3,,,,,0.1,0.04,,7.9,,,,,< 0.2000,,< 5.0000,93,< 5.0000,97,17.8,48,87,0.05,< 10.0000,2.2,,,,< 5.0000,,< 3.0000,< 3.0000,50,,< 2.0000,,< 100.0000,,< 1.0000,< 1.0000,< 2.0000,< 2.0000,,,< 2.0000,< 2.0000,240,,< 1.0000,4,,,,< 5.0000,< 20.0000,,< 0.2000,< 0.2000,< 10.0000,,< 5.0000,< 5.0000,,< 2.0000,< 2.0000,,,,< 2.0000,< 1.0000,,,,,,,,,< 10.0000,< 10.0000,," Total N :AUTOCALCULATE 2016-06-16 14:48:17 Ammonia, Unionized :AUTOCALCULATE 2016-06-16 14:48:20 Using 1/2 AMNN Analysis DO :Analysis Value from : DO (field or ext)  2026-03-19 18:01:53 Analysis Hardness :Analysis Value from : Hardness Diss  2018-02-01 18:01:08 Analysis pH :Analysis Value from : Field pH  2026-03-19 18:03:49 Analysis TDS :Analysis Value from : Lab Total Dissolved Solids  2018-02-01 18:01:32 Analysis Temp :Analysis Value from : Field Temp  2026-03-19 18:03:08 Analysis SAR :Analysis Value from : SAR Diss  2018-06-19 18:01:44 Analysis Nitrate :Analysis Value from : Nitrate Nitrite  2018-02-01 18:01:04",
00150829-0,Nevada Division of Environmental Protection,NV06-SC-55-A_00,Thomas Creek @ North Timberline Drive &[STBT03Thomas-3],SB10,2007-06-12 13:10:00,0.00,,,8.7,,,,,,,,,,,8,,,12.5,,,,,,< 0.1000,0.001102,,,,< 5.0000,,,< 20.0000,< 12.0000,,,,,,,50,61,0.2,< 0.3,0.2,,,< 0.1000,0.04,,8.11,,,,,,,,94,< 5.0000,99,18.7,50,192,0.06,< 10.0000,2.8,,,,,,,,,,,,,,,,,,,,,,,,,,,,,,,,,,,,,,,,,,,,,,,,,,,,,,,,," Total N :AUTOCALCULATE 2016-06-16 14:48:17 Using 1/2 NandN Ammonia, Unionized :AUTOCALCULATE 2016-06-16 14:48:20 Using 1/2 AMNN Analysis DO :Analysis Value from : DO (field or ext)  2026-03-19 18:01:53 Analysis pH :Analysis Value from : Field pH  2026-03-19 18:03:49 Analysis TDS :Analysis Value from : Lab Total Dissolved Solids  2018-02-01 18:01:32 Analysis Temp :Analysis Value from : Field Temp  2026-03-19 18:03:08 Analysis Nitrate :Analysis Value from : Nitrate Nitrite  2018-02-01 18:01:04",
00150830-0,Nevada Division of Environmental Protection,NV06-SC-55-A_00,Thomas Creek @ North Timberline Drive &[STBT03Thomas-3],SB10,2007-09-11 13:10:00,0.00,,,5,,,,,,,,,,,8,,,11,,,,,,< 0.1000,0.000983,,,9,< 5.0000,,,< 20.0000,< 12.0000,,,,< 100.0000,,< 33.0000,52,63,0.3,< 0.4,0.3,,,< 0.1000,0.04,,8.09,,,,,< 0.3800,,5,100,< 5.0000,91,18.2,52,659,0.06,< 10.0000,3.2,,,,< 5.0000,,< 3.0000,< 3.0000,50,,< 2.0000,,< 100.0000,,< 1.0000,< 1.0000,< 2.0000,< 2.0000,,,< 2.0000,2,260,,< 1.0000,< 1.0000,,,,< 5.0000,< 20.0000,,< 0.2000,< 0.2000,< 10.0000,,< 5.0000,< 5.0000,,< 2.0000,< 2.0000,,,,< 2.0000,< 1.0000,,,,,,,,,< 10.0000,< 10.0000,," Total N :AUTOCALCULATE 2016-06-16 14:48:17 Using 1/2 NandN Ammonia, Unionized :AUTOCALCULATE 2016-06-16 14:48:20 Using 1/2 AMNN Analysis DO :Analysis Value from : DO (field or ext)  2026-03-19 18:01:53 Analysis Hardness :Analysis Value from : Hardness Diss  2018-02-01 18:01:08 Analysis pH :Analysis Value from : Field pH  2026-03-19 18:03:49 Analysis TDS :Analysis Value from : Lab Total Dissolved Solids  2018-02-01 18:01:32 Analysis Temp :Analysis Value from : Field Temp  2026-03-19 18:03:08 Analysis SAR :Analysis Value from : SAR Diss  2018-06-19 18:01:44 Analysis Nitrate :Analysis Value from : Nitrate Nitrite  2018-02-01 18:01:04",
00150831-0,Nevada Division of Environmental Protection,NV06-SC-55-A_00,Thomas Creek @ North Timberline Drive &[STBT03Thomas-3],SB10,2007-12-17 11:45:00,0.00,,,12.7,,,,,,,,,,,8,,,0.3,,,,,,< 0.1000,0.000418,,,,< 5.0000,,,< 20.0000,< 12.0000,,,,,,,43,53,0.2,< 0.3,0.2,,,< 0.1000,0.03,,8,,,,,,,,92,< 5.0000,86,19.1,44,164,0.04,< 10.0000,2.3,,,,,,,,,,,,,,,,,,,,,,,,,,,,,,,,,,,,,,,,,,,,,,,,,,,,,,,,," Total N :AUTOCALCULATE 2016-06-16 14:48:17 Using 1/2 NandN Ammonia, Unionized :AUTOCALCULATE 2016-06-16 14:48:20 Using 1/2 AMNN Analysis DO :Analysis Value from : DO (field or ext)  2026-03-19 18:01:53 Analysis pH :Analysis Value from : Field pH  2026-03-19 18:03:49 Analysis TDS :Analysis Value from : Lab Total Dissolved Solids  2018-02-01 18:01:32 Analysis Temp :Analysis Value from : Field Temp  2026-03-19 18:03:08 Analysis Nitrate :Analysis Value from : Nitrate Nitrite  2018-02-01 18:01:04",
00150832-0,Nevada Division of Environmental Protection,NV06-SC-55-A_00,Thomas Creek @ North Timberline Drive &[STBT03Thomas-3],SB10,2008-10-14 13:45:00,0.00,,,10,,,,,,,,,,,7.9,,,4.3,,,,,,< 0.1000,0.000462,,,8,< 5.0000,,,< 20.0000,< 12.0000,,,,< 100.0000,,< 30.0000,46,56,< 0.2000,< 0.3,0,,,< 0.1000,0.04,,8.01,,,,,< 0.2000,,< 5.0000,94,< 5.0000,91,19,46,275,0.06,< 10.0000,2.6,,,,< 5.0000,,< 3.0000,< 3.0000,< 20.0000,,< 2.0000,,< 100.0000,,< 1.0000,< 1.0000,< 2.0000,< 2.0000,,,< 2.0000,< 2.0000,200,,< 1.0000,< 1.0000,,,,< 5.0000,< 20.0000,,< 0.2000,< 0.2000,< 10.0000,,< 5.0000,< 5.0000,,< 2.0000,< 2.0000,,,,< 2.0000,< 1.0000,,,,,,,,,< 10.0000,< 10.0000,," Total N :AUTOCALCULATE 2016-06-16 14:48:17 Using 1/2 KJN Using 1/2 NandN Ammonia, Unionized :AUTOCALCULATE 2016-06-16 14:48:20 Using 1/2 AMNN Analysis DO :Analysis Value from : DO (field or ext)  2026-03-19 18:01:53 Analysis Hardness :Analysis Value from : Hardness Diss  2018-02-01 18:01:08 Analysis pH :Analysis Value from : Field pH  2026-03-19 18:03:49 Analysis TDS :Analysis Value from : Lab Total Dissolved Solids  2018-02-01 18:01:32 Analysis Temp :Analysis Value from : Field Temp  2026-03-19 18:03:08 Analysis SAR :Analysis Value from : SAR Diss  2018-06-19 18:01:44 Analysis Nitrate :Analysis Value from : Nitrate Nitrite  2018-02-01 18:01:04",
00150833-0,Nevada Division of Environmental Protection,NV06-SC-55-A_00,Thomas Creek @ North Timberline Drive &[STBT03Thomas-3],SB10,2009-03-24 13:05:00,0.00,,,10.34,,,,,,,,,,,7.36,,,0.6,,,,,,< 0.1000,0.000099,,,,< 5.0000,,,< 20.0000,< 12.0000,,,,,,,48,59,0.4,< 0.5,0.4,,,< 0.1000,0.03,,8.02,,,,,,,,97,< 5.0000,88,20.2,48,62,0.07,12,7.9,,,,,,,,,,,,,,,,,,,,,,,,,,,,,,,,,,,,,,,,,,,,,,,,,,,,,,,,," Total N :AUTOCALCULATE 2016-06-16 14:48:17 Using 1/2 NandN Ammonia, Unionized :AUTOCALCULATE 2016-06-16 14:48:20 Using 1/2 AMNN Analysis DO :Analysis Value from : DO (field or ext)  2026-03-19 18:01:53 Analysis pH :Analysis Value from : Field pH  2026-03-19 18:03:49 Analysis TDS :Analysis Value from : Lab Total Dissolved Solids  2018-02-01 18:01:32 Analysis Temp :Analysis Value from : Field Temp  2026-03-19 18:03:08 Analysis Nitrate :Analysis Value from : Nitrate Nitrite  2018-02-01 18:01:04",
00150834-0,Nevada Division of Environmental Protection,NV06-SC-55-A_00,Thomas Creek @ North Timberline Drive &[STBT03Thomas-3],SB10,2009-05-20 13:20:00,0.00,,,8.84,,,,,,,,,,,7.65,,,12.4,,,,,,< 0.1000,0.000494,,,7,< 5.0000,,,< 20.0000,< 12.0000,,,,< 100.0000,,< 28.0000,39,47,0.2,< 0.3,0.2,,,< 0.1000,0.03,,8.05,,,,,< 0.3500,,< 5.0000,76,< 5.0000,91,19.9,39,161,0.03,< 10.0000,5.3,,,,< 5.0000,,< 3.0000,< 3.0000,40,,< 2.0000,,< 100.0000,,< 1.0000,< 1.0000,< 2.0000,< 2.0000,,,< 2.0000,< 2.0000,420,,< 1.0000,< 1.0000,,,,< 5.0000,20,,< 0.2000,< 0.2000,< 10.0000,,< 5.0000,< 5.0000,,< 2.0000,< 2.0000,,,,< 2.0000,< 1.0000,,,,,,,,,< 10.0000,< 10.0000,," Total N :AUTOCALCULATE 2016-06-16 14:48:17 Using 1/2 NandN Ammonia, Unionized :AUTOCALCULATE 2016-06-16 14:48:20 Using 1/2 AMNN Analysis DO :Analysis Value from : DO (field or ext)  2026-03-19 18:01:53 Analysis Hardness :Analysis Value from : Hardness Diss  2018-02-01 18:01:08 Analysis pH :Analysis Value from : Field pH  2026-03-19 18:03:49 Analysis TDS :Analysis Value from : Lab Total Dissolved Solids  2018-02-01 18:01:32 Analysis Temp :Analysis Value from : Field Temp  2026-03-19 18:03:08 Analysis SAR :Analysis Value from : SAR Diss  2018-06-19 18:01:44 Analysis Nitrate :Analysis Value from : Nitrate Nitrite  2018-02-01 18:01:04",
00150835-0,Nevada Division of Environmental Protection,NV06-SC-55-A_00,Thomas Creek @ North Timberline Drive &[STBT03Thomas-3],SB10,2009-07-07 11:45:00,0.00,,,9.48,,,,,,,,,,,7.84,,,10.5,,,,,,< 0.1000,0.000658,,,,< 5.0000,,,< 20.0000,< 12.0000,,,,,,,48,59,0.3,< 0.4,0.3,,,< 0.1000,0.04,,8.05,,,,,,,,92,< 5.0000,92,18.5,49,441,0.07,< 10.0000,4.2,,,,,,,,,,,,,,,,,,,,,,,,,,,,,,,,,,,,,,,,,,,,,,,,,,,,,,,,," Total N :AUTOCALCULATE 2016-06-16 14:48:17 Using 1/2 NandN Ammonia, Unionized :AUTOCALCULATE 2016-06-16 14:48:20 Using 1/2 AMNN Analysis DO :Analysis Value from : DO (field or ext)  2026-03-19 18:01:53 Analysis pH :Analysis Value from : Field pH  2026-03-19 18:03:49 Analysis TDS :Analysis Value from : Lab Total Dissolved Solids  2018-02-01 18:01:32 Analysis Temp :Analysis Value from : Field Temp  2026-03-19 18:03:08 Analysis Nitrate :Analysis Value from : Nitrate Nitrite  2018-02-01 18:01:04",
00150836-0,Nevada Division of Environmental Protection,NV06-SC-55-A_00,Thomas Creek @ North Timberline Drive &[STBT03Thomas-3],SB10,2009-10-20 09:55:00,0.00,,,9.82,,,,,,,,,,,8.1,,,4.6,,,,,,< 0.1000,0.000747,,,9,< 5.0000,,,< 20.0000,< 12.0000,,,,< 100.0000,,< 33.0000,57.4,70,0.2,< 0.3,0.2,,,< 0.1000,0.04,,8.07,,,,,< 0.4000,,6,100,< 5.0000,102,22.2,58,1198,0.07,< 10.0000,2.9,,,,< 5.0000,,< 3.0000,< 3.0000,50,,< 2.0000,,< 100.0000,,< 1.0000,< 1.0000,< 2.0000,< 2.0000,,,< 2.0000,< 2.0000,310,,< 1.0000,< 1.0000,,,,< 5.0000,< 20.0000,,< 0.2000,< 0.2000,< 10.0000,,< 5.0000,< 5.0000,,< 2.0000,< 2.0000,,,,< 2.0000,< 1.0000,,,,,,,,,< 10.0000,< 10.0000,," Ammonia, Unionized :AUTOCALCULATE 2016-06-16 14:48:20 Using 1/2 AMNN Analysis DO :Analysis Value from : DO (field or ext)  2026-03-19 18:01:53 Analysis Hardness :Analysis Value from : Hardness Diss  2018-02-01 18:01:08 Analysis pH :Analysis Value from : Field pH  2026-03-19 18:03:49 Analysis TDS :Analysis Value from : Lab Total Dissolved Solids  2018-02-01 18:01:32 Analysis Temp :Analysis Value from : Field Temp  2026-03-19 18:03:08 Analysis SAR :Analysis Value from : SAR Diss  2018-06-19 18:01:44 Analysis Nitrate :Analysis Value from : Nitrate Nitrite  2018-02-01 18:01:04",
00150837-0,Nevada Division of Environmental Protection,NV06-SC-55-A_00,Thomas Creek @ North Timberline Drive &[STBT03Thomas-3],SB10,2010-02-23 14:00:00,0.00,,,12.22,,,,,,,,,,,8,,,0,,,,,,< 0.1000,0.000408,,,,< 5.0000,,,< 20.0000,< 12.0000,,,,,,,52.5,64,0.4,< 0.5,0.4,,,< 0.1000,0.03,,8.09,,,,,,,,99,< 5.0000,95,19.8,53,31,0.05,< 10.0000,4,,,,,,,,,,,,,,,,,,,,,,,,,,,,,,,,,,,,,,,,,,,,,,,,,,,,,,,,," Total N :AUTOCALCULATE 2016-06-16 14:48:17 Using 1/2 NandN Ammonia, Unionized :AUTOCALCULATE 2016-06-16 14:48:20 Using 1/2 AMNN Analysis DO :Analysis Value from : DO (field or ext)  2026-03-19 18:01:53 Analysis pH :Analysis Value from : Field pH  2026-03-19 18:03:49 Analysis TDS :Analysis Value from : Lab Total Dissolved Solids  2018-02-01 18:01:32 Analysis Nitrate :Analysis Value from : Nitrate Nitrite  2018-02-01 18:01:04",
00150838-0,Nevada Division of Environmental Protection,NV06-SC-55-A_00,Thomas Creek @ North Timberline Drive &[STBT03Thomas-3],SB10,2010-08-16 12:25:00,0.00,,,9.06,,,,,,,,,,,7.91,,,12.8,,,,,,< 0.1000,0.000920,,,9,< 5.0000,,,< 20.0000,< 12.0000,,,,< 100.0000,,< 33.0000,48.4,59,0.2,< 0.3,0.2,,,< 0.1000,0.04,,8.04,,,,,0.38,,5,89,< 5.0000,98,17.4,49,1081,0.08,15,6.4,,,,< 5.0000,,< 3.0000,< 3.0000,60,,< 2.0000,,< 0.1000,,< 1.0000,< 1.0000,< 2.0000,< 2.0000,,,< 2.0000,< 2.0000,530,,< 1.0000,< 1.0000,,,,< 5.0000,30,,< 0.2000,< 0.2000,< 10.0000,,< 5.0000,< 5.0000,,< 2.0000,< 2.0000,,,,< 2.0000,< 1.0000,,,,,,,,,< 10.0000,< 10.0000,," Total N :AUTOCALCULATE 2016-06-16 14:48:17 Using 1/2 NandN SAR Diss :AUTOCALCULATE 2018-05-02 18:00:44 Using 1/2 Mg Ammonia, Unionized :AUTOCALCULATE 2016-06-16 14:48:20 Using 1/2 AMNN Analysis DO :Analysis Value from : DO (field or ext)  2026-03-19 18:01:53 Analysis Hardness :Analysis Value from : Hardness Diss  2018-02-01 18:01:08 Analysis pH :Analysis Value from : Field pH  2026-03-19 18:03:49 Analysis TDS :Analysis Value from : Lab Total Dissolved Solids  2018-02-01 18:01:32 Analysis Temp :Analysis Value from : Field Temp  2026-03-19 18:03:08 Analysis SAR :Analysis Value from : SAR Diss  2018-06-19 18:01:44 Analysis Nitrate :Analysis Value from : Nitrate Nitrite  2018-02-01 18:01:04",
00150846-0,Nevada Division of Environmental Protection,NV06-SC-56-B_00,Thomas Creek above Arrowhead Parkway &[TC111],STBT03Thomas-4,2004-06-10 12:30:00,0.00,,,12.82,,,,,,,,,,,8.03,,,11.34,,,,,,< 0.1000,0.001080,,,8,< 5.0000,,,< 20.0000,< 12.0000,,,,< 100.0000,,< 30.0000,48,59,0.2,< 0.7,0.2,,,< 0.5000,0.04,,8.06,,,,,< 0.4700,,6,92,< 5.0000,95,15.1,48,254,0.06,< 10.0000,5.7,,,,< 5.0000,,< 3.0000,< 3.0000,50,,< 2.0000,,< 100.0000,,< 1.0000,< 1.0000,< 2.0000,< 2.0000,,,< 2.0000,< 2.0000,440,,< 1.0000,< 1.0000,,,,< 5.0000,30,,< 0.2000,< 0.2000,< 10.0000,,< 5.0000,< 5.0000,,< 2.0000,< 2.0000,,,,< 2.0000,< 1.0000,,,,,,,,,< 10.0000,38,," Ammonia, Unionized :AUTOCALCULATE 2016-06-16 14:48:20 Using 1/2 AMNN Analysis DO :Analysis Value from : DO (field or ext)  2026-03-19 18:01:53 Analysis Hardness :Analysis Value from : Hardness Diss  2018-02-01 18:01:08 Analysis pH :Analysis Value from : Field pH  2026-03-19 18:03:49 Analysis TDS :Analysis Value from : Lab Total Dissolved Solids  2018-02-01 18:01:32 Analysis Temp :Analysis Value from : Field Temp  2026-03-19 18:03:08 Analysis SAR :Analysis Value from : SAR Diss  2018-06-19 18:01:44 Analysis Nitrate :Analysis Value from : Nitrate Nitrite  2018-02-01 18:01:04",
00150945-0,Nevada Division of Environmental Protection,NV06-SC-63-B_01,North Fork Whites Creek @ West Zolezzi Lane,SB20,1998-12-04 10:45:00,0.00,,,15.2,,,,,,,,,,,8.2,,,0.1,,,,,,< 0.1,0.000649,,,,1,,,0,0,,,,,,,30,37,0.29,,,0.4,1.77,,0.02,,7.32,,,,,,,,87,6,58,,30,,0.07,15,4.1,,,,,,,,,,,,,,,,,,,,,,,,,,,,,,,,,,,,,,,,,,,,,,,,,,,,,,,,," Ammonia, Unionized :AUTOCALCULATE 2016-06-16 14:48:20 Using 1/2 AMNN Analysis DO :Analysis Value from : DO (field or ext)  2026-03-19 18:01:53 Analysis pH :Analysis Value from : Field pH  2026-03-19 18:03:49 Analysis TDS :Analysis Value from : Lab Total Dissolved Solids  2018-02-01 18:01:32 Analysis Temp :Analysis Value from : Field Temp  2026-03-19 18:03:08 Analysis Nitrate :Analysis Value from : Nitrate 2018-02-01 18:01:04",
00150946-0,Nevada Division of Environmental Protection,NV06-SC-63-B_01,North Fork Whites Creek @ West Zolezzi Lane,SB20,1999-03-19 10:10:00,0.00,,,9.3,,,,,,,,,,,7.9,,,4.7,,,,,,< 0.1000,0.000478,,,,0,,,0,0,,,,,,,30,37,0.52,,,0.01,0.04,,0.02,,7.33,,,,,,,,88,5,54,,30,,0.04,7,8.3,,,,,,,,,,,,,,,,,,,,,,,,,,,,,,,,,,,,,,,,,,,,,,,,,,,,,,,,," Ammonia, Unionized :AUTOCALCULATE 2016-06-16 14:48:20 Using 1/2 AMNN Analysis DO :Analysis Value from : DO (field or ext)  2026-03-19 18:01:53 Analysis pH :Analysis Value from : Field pH  2026-03-19 18:03:49 Analysis TDS :Analysis Value from : Lab Total Dissolved Solids  2018-02-01 18:01:32 Analysis Temp :Analysis Value from : Field Temp  2026-03-19 18:03:08 Analysis Nitrate :Analysis Value from : Nitrate 2018-02-01 18:01:04",
00150947-0,Nevada Division of Environmental Protection,NV06-SC-63-B_01,North Fork Whites Creek @ West Zolezzi Lane,SB20,1999-06-17 10:30:00,0.00,,,9.24,,,,,,,,,,,7.71,,,9.7,,,,,,< 0.1000,0.000460,,6,5,0,,,0,0,,,,,23,17,16,20,0.58,,,0,0,,0.03,,6.98,,,,0.4,0.5,4,5,52,4,49,,16,,0.14,199,46,,,,,,3,3,,,,,< 100.0000,< 100.0000,< 1.0000,< 1.0000,< 5.0000,< 5.0000,,,< 20.0000,< 20.0000,3510,460,< 5.0000,< 5.0000,,,2,1,,,< 0.5000,< 0.5000,,,,,,< 2.0000,< 2.0000,,,,,,,,,,,,,,< 50.0000,< 50.0000,," Ammonia, Unionized :AUTOCALCULATE 2016-06-16 14:48:20 Using 1/2 AMNN Analysis DO :Analysis Value from : DO (field or ext)  2026-03-19 18:01:53 Analysis Hardness :Analysis Value from : Hardness Diss  2018-02-01 18:01:08 Analysis pH :Analysis Value from : Field pH  2026-03-19 18:03:49 Analysis TDS :Analysis Value from : Lab Total Dissolved Solids  2018-02-01 18:01:32 Analysis Temp :Analysis Value from : Field Temp  2026-03-19 18:03:08 Analysis SAR :Analysis Value from : SAR Diss  2018-06-19 18:01:44",
00150948-0,Nevada Division of Environmental Protection,NV06-SC-63-B_01,North Fork Whites Creek @ West Zolezzi Lane,SB20,1999-11-10 10:30:00,0.00,,,10.6,,,,,,,,,,,8,,,4.5,,,,,,< 0.1000,0.000590,,,,1,,,0,0,,,,,,,26,32,0.46,,,0,0,,0.02,,7.1,,,,,,,,73,6,66,,26,,0.03,4,2.3,,,,,,,,,,,,,,,,,,,,,,,,,,,,,,,,,,,,,,,,,,,,,,,,,,,,,,,,," Ammonia, Unionized :AUTOCALCULATE 2016-06-16 14:48:20 Using 1/2 AMNN Analysis DO :Analysis Value from : DO (field or ext)  2026-03-19 18:01:53 Analysis pH :Analysis Value from : Field pH  2026-03-19 18:03:49 Analysis TDS :Analysis Value from : Lab Total Dissolved Solids  2018-02-01 18:01:32 Analysis Temp :Analysis Value from : Field Temp  2026-03-19 18:03:08",
00150949-0,Nevada Division of Environmental Protection,NV06-SC-63-B_01,North Fork Whites Creek @ West Zolezzi Lane,SB20,2000-04-20 10:45:00,0.00,,,9.6,,,,,,,,,,,7.92,,,10,,,,,,< 0.1000,0.000760,,,,0,,,0,0,,,,,,,32,39,0.25,,,0.01,0.04,,0.02,,7.83,,,,,,,,80,6,68,,32,,0.03,6,3.1,,,,,,,,,,,,,,,,,,,,,,,,,,,,,,,,,,,,,,,,,,,,,,,,,,,,,,,,," Ammonia, Unionized :AUTOCALCULATE 2016-06-16 14:48:20 Using 1/2 AMNN Analysis DO :Analysis Value from : DO (field or ext)  2026-03-19 18:01:53 Analysis pH :Analysis Value from : Field pH  2026-03-19 18:03:49 Analysis TDS :Analysis Value from : Lab Total Dissolved Solids  2018-02-01 18:01:32 Analysis Temp :Analysis Value from : Field Temp  2026-03-19 18:03:08 Analysis Nitrate :Analysis Value from : Nitrate 2018-02-01 18:01:04",
00150950-0,Nevada Division of Environmental Protection,NV06-SC-63-B_01,North Fork Whites Creek @ West Zolezzi Lane,SB20,2001-01-18 10:40:00,0.00,,,13.9,,,,,,,,,,,7.6,,,0.5,,,,,,< 0.1000,0.000170,,,,1,,,0,0,,,,,,,32,39,0.12,,,,,0,0.02,,7.6,,,,,,,,81,7,72,,32,,0.03,2,1.9,,,,,,,,,,,,,,,,,,,,,,,,,,,,,,,,,,,,,,,,,,,,,,,,,,,,,,,,," Ammonia, Unionized :AUTOCALCULATE 2016-06-16 14:48:20 Using 1/2 AMNN Analysis DO :Analysis Value from : DO (field or ext)  2026-03-19 18:01:53 Analysis pH :Analysis Value from : Field pH  2026-03-19 18:03:49 Analysis TDS :Analysis Value from : Lab Total Dissolved Solids  2018-02-01 18:01:32 Analysis Temp :Analysis Value from : Field Temp  2026-03-19 18:03:08",
00150951-0,Nevada Division of Environmental Protection,NV06-SC-63-B_01,North Fork Whites Creek @ West Zolezzi Lane,SB20,2001-04-03 10:30:00,0.00,,,12,,,,,,,,,,,7.17,,,1.5,,,,,,< 0.1000,0.000069,,,,0,,,0,0,,,,,,,30,37,0.46,,,,,0,0.02,,7.78,,,,,,,,81,7,67,,30,,0.07,62,24,,,,,,,,,,,,,,,,,,,,,,,,,,,,,,,,,,,,,,,,,,,,,,,,,,,,,,,,," Ammonia, Unionized :AUTOCALCULATE 2016-06-16 14:48:20 Using 1/2 AMNN Analysis DO :Analysis Value from : DO (field or ext)  2026-03-19 18:01:53 Analysis pH :Analysis Value from : Field pH  2026-03-19 18:03:49 Analysis TDS :Analysis Value from : Lab Total Dissolved Solids  2018-02-01 18:01:32 Analysis Temp :Analysis Value from : Field Temp  2026-03-19 18:03:08",
00150952-0,Nevada Division of Environmental Protection,NV06-SC-63-B_01,North Fork Whites Creek @ West Zolezzi Lane,SB20,2001-06-14 10:45:00,0.00,,,9.1,,,,,,,,,,,7.48,,,11,,,,,,< 0.1000,0.000301,,7,8,0,,,0,0,,,,,26,28,28,34,0.33,,,,,0,0.02,,7.61,,,,0.3,0.6,4,7,72,6,60,,28,,0.05,10,5.9,,,,,,< 3.0000,< 3.0000,,,,,< 100.0000,100,< 1.0000,< 1.0000,< 2.0000,< 2.0000,,,< 20.0000,< 20.0000,410,70,< 2.0000,< 2.0000,,,2,2,,,< 0.5000,< 0.5000,,,,,,< 2.0000,< 2.0000,,,,,,,,,,,,,,< 50.0000,50,," Ammonia, Unionized :AUTOCALCULATE 2016-06-16 14:48:20 Using 1/2 AMNN Analysis DO :Analysis Value from : DO (field or ext)  2026-03-19 18:01:53 Analysis Hardness :Analysis Value from : Hardness Diss  2018-02-01 18:01:08 Analysis pH :Analysis Value from : Field pH  2026-03-19 18:03:49 Analysis TDS :Analysis Value from : Lab Total Dissolved Solids  2018-02-01 18:01:32 Analysis Temp :Analysis Value from : Field Temp  2026-03-19 18:03:08 Analysis SAR :Analysis Value from : SAR Diss  2018-06-19 18:01:44",
00150953-0,Nevada Division of Environmental Protection,NV06-SC-63-B_01,North Fork Whites Creek @ West Zolezzi Lane,SB20,2001-09-13 10:30:00,0.00,,,9,,,,,,,,,,,7.44,,,11,,,,,,< 0.1000,0.000274,,,,2,,,0,0,,,,,,,30,37,0.23,,,,,0,0.01,,7.7,,,,,,,,82,9,79,,30,,0.03,6,4.5,,,,,,,,,,,,,,,,,,,,,,,,,,,,,,,,,,,,,,,,,,,,,,,,,,,,,,,,," Ammonia, Unionized :AUTOCALCULATE 2016-06-16 14:48:20 Using 1/2 AMNN Analysis DO :Analysis Value from : DO (field or ext)  2026-03-19 18:01:53 Analysis pH :Analysis Value from : Field pH  2026-03-19 18:03:49 Analysis TDS :Analysis Value from : Lab Total Dissolved Solids  2018-02-01 18:01:32 Analysis Temp :Analysis Value from : Field Temp  2026-03-19 18:03:08",
00150954-0,Nevada Division of Environmental Protection,NV06-SC-63-B_01,North Fork Whites Creek @ West Zolezzi Lane,SB20,2001-12-20 10:30:00,0.00,,,10.8,,,,,,,,,,,7.11,,,1,,,,,,< 0.1000,0.000057,,,,1,,,0,0,,,,,,,28,34,0.17,,,,,0,0.01,,7.2,,,,,,,,79,7,77,,28,,0.03,1,2.3,,,,,,,,,,,,,,,,,,,,,,,,,,,,,,,,,,,,,,,,,,,,,,,,,,,,,,,,," Ammonia, Unionized :AUTOCALCULATE 2016-06-16 14:48:20 Using 1/2 AMNN Analysis DO :Analysis Value from : DO (field or ext)  2026-03-19 18:01:53 Analysis pH :Analysis Value from : Field pH  2026-03-19 18:03:49 Analysis TDS :Analysis Value from : Lab Total Dissolved Solids  2018-02-01 18:01:32 Analysis Temp :Analysis Value from : Field Temp  2026-03-19 18:03:08",
00150955-0,Nevada Division of Environmental Protection,NV06-SC-63-B_01,North Fork Whites Creek @ West Zolezzi Lane,SB20,2002-04-04 10:30:00,0.00,,,9.4,,,,,,,,,,,7.05,,,10,,,,,,< 0.1000,0.000103,,,,1,,,0,0,,,,,,,28,34,0.37,,,,,0,0.01,,7.71,,,,,,,,78,9,69,,28,,0.07,20,13,,,,,,,,,,,,,,,,,,,,,,,,,,,,,,,,,,,,,,,,,,,,,,,,,,,,,,,,," Ammonia, Unionized :AUTOCALCULATE 2016-06-16 14:48:20 Using 1/2 AMNN Analysis DO :Analysis Value from : DO (field or ext)  2026-03-19 18:01:53 Analysis pH :Analysis Value from : Field pH  2026-03-19 18:03:49 Analysis TDS :Analysis Value from : Lab Total Dissolved Solids  2018-02-01 18:01:32 Analysis Temp :Analysis Value from : Field Temp  2026-03-19 18:03:08",
00150963-0,Nevada Division of Environmental Protection,NV06-SC-63-B_02,South Fork Whites Creek @ Old Virginia Road,SB44,2011-06-15 11:30:00,0.00,,,10.32,,,,,,,,,,,7.22,,,10.9,,,,,,< 0.1000,0.000164,,,6,< 5.0000,,,< 20.0000,< 12.0000,,,,< 100.0000,,< 25.0000,< 20.5000,< 25.0000,0.3,< 0.4,0.3,,,< 0.1000,0.01,,7.64,,,,,0.22,,< 5.0000,61,8,64,17.5,20,5494,0.12,44,35,,,,< 5.0000,,< 3.0000,< 3.0000,30,,< 2.0000,,< 0.1000,,< 1.0000,< 1.0000,< 2.0000,< 2.0000,,,5,< 2.0000,2100,,< 1.0000,< 1.0000,,,,< 5.0000,70,,< 0.2000,< 0.2000,< 10.0000,,< 5.0000,< 5.0000,,< 2.0000,< 2.0000,,,,< 2.0000,< 1.0000,,,,,,,,,< 10.0000,< 10.0000,," Total N :AUTOCALCULATE 2016-06-16 14:48:17 Using 1/2 NandN SAR Diss :AUTOCALCULATE 2018-05-02 18:00:44 Using 1/2 Na Using 1/2 Mg Ammonia, Unionized :AUTOCALCULATE 2016-06-16 14:48:20 Using 1/2 AMNN Analysis DO :Analysis Value from : DO (field or ext)  2026-03-19 18:01:53 Analysis Hardness :Analysis Value from : Hardness Diss  2018-02-01 18:01:08 Analysis pH :Analysis Value from : Field pH  2026-03-19 18:03:49 Analysis TDS :Analysis Value from : Lab Total Dissolved Solids  2018-02-01 18:01:32 Analysis Temp :Analysis Value from : Field Temp  2026-03-19 18:03:08 Analysis SAR :Analysis Value from : SAR Diss  2018-06-19 18:01:44 Analysis Nitrate :Analysis Value from : Nitrate Nitrite  2018-02-01 18:01:04",
00150964-0,Nevada Division of Environmental Protection,NV06-SC-63-B_02,South Fork Whites Creek @ Old Virginia Road,SB44,2012-05-17 10:55:00,0.00,,,9.11,,,,,,,,,,,7.47,,,12.7,,,,,,< 0.1000,0.000335,,,7,< 5.0000,,,< 20.0000,< 12.0000,,,,200,,< 28.0000,26.2,32,0.2,< 0.3,0.2,,,< 0.1000,0.01,,7.79,,,,,0.21,,< 5.0000,62,< 5.0000,58,17,27,905,0.03,< 10.0000,3.5,,,,< 5.0000,,< 3.0000,< 3.0000,< 20.0000,,< 2.0000,,< 0.1000,,< 1.0000,< 1.0000,< 2.0000,< 2.0000,,,< 2.0000,< 2.0000,290,,< 1.0000,< 1.0000,,,,< 5.0000,< 20.0000,,< 0.2000,< 0.2000,< 10.0000,,< 5.0000,< 5.0000,,< 2.0000,< 2.0000,,,,< 2.0000,< 1.0000,,,,,,,,,< 10.0000,< 10.0000,," Total N :AUTOCALCULATE 2016-06-16 14:48:17 Using 1/2 NandN SAR Diss :AUTOCALCULATE 2018-05-02 18:00:44 Using 1/2 Na Using 1/2 Mg Ammonia, Unionized :AUTOCALCULATE 2016-06-16 14:48:20 Using 1/2 AMNN Analysis DO :Analysis Value from : DO (field or ext)  2026-03-19 18:01:53 Analysis Hardness :Analysis Value from : Hardness Diss  2018-02-01 18:01:08 Analysis pH :Analysis Value from : Field pH  2026-03-19 18:03:49 Analysis TDS :Analysis Value from : Lab Total Dissolved Solids  2018-02-01 18:01:32 Analysis Temp :Analysis Value from : Field Temp  2026-03-19 18:03:08 Analysis SAR :Analysis Value from : SAR Diss  2018-06-19 18:01:44 Analysis Nitrate :Analysis Value from : Nitrate Nitrite  2018-02-01 18:01:04",
00150965-0,Nevada Division of Environmental Protection,NV06-SC-63-B_02,South Fork Whites Creek @ Old Virginia Road,SB44,2012-08-08 11:40:00,0.00,,,6.4,,,,,,,,,,,7.72,,,19.3,,,,,,< 0.1000,0.000967,,,10,< 5.0000,,,< 20.0000,< 12.0000,,,,< 100.0000,,< 35.0000,38.5,47,< 0.1000,< 0.2,0,,,< 0.1000,0.03,,7.86,,,,,0.18,,< 5.0000,92,5,78,18.9,39,6131,0.06,< 10.0000,3.6,,,,< 5.0000,,< 3.0000,< 3.0000,< 20.0000,,< 2.0000,,< 0.1000,,< 1.0000,< 1.0000,< 2.0000,< 2.0000,,,3,< 2.0000,940,,< 1.0000,< 1.0000,,,,< 5.0000,30,,< 0.2000,< 0.2000,< 10.0000,,< 5.0000,< 5.0000,,< 2.0000,< 2.0000,,,,5,< 1.0000,,,,,,,,,< 10.0000,< 10.0000,," SAR Diss :AUTOCALCULATE 2018-05-02 18:00:44 Using 1/2 Na Using 1/2 Mg Ammonia, Unionized :AUTOCALCULATE 2016-06-16 14:48:20 Using 1/2 AMNN Analysis DO :Analysis Value from : DO (field or ext)  2026-03-19 18:01:53 Analysis Hardness :Analysis Value from : Hardness Diss  2018-02-01 18:01:08 Analysis pH :Analysis Value from : Field pH  2026-03-19 18:03:49 Analysis TDS :Analysis Value from : Lab Total Dissolved Solids  2018-02-01 18:01:32 Analysis Temp :Analysis Value from : Field Temp  2026-03-19 18:03:08 Analysis SAR :Analysis Value from : SAR Diss  2018-06-19 18:01:44 Analysis Nitrate :Analysis Value from : Nitrate Nitrite  2018-02-01 18:01:04",
00150966-0,Nevada Division of Environmental Protection,NV06-SC-63-B_02,South Fork Whites Creek @ Old Virginia Road,SB44,2012-11-13 11:55:00,0.00,,,10.97,,,,,,,,,,,7.76,,,3.4,,,,,,< 0.1000,0.000312,,,,< 5.0000,,,< 20.0000,< 12.0000,,,,,,,32.8,40,< 0.2000,< 0.3,0,,,< 0.1000,0.02,,7.74,,,,,,,,88,7,85,18.1,33,2481,0.04,< 10.0000,1.4,,,,,,,,,,,,,,,,,,,,,,,,,,,,,,,,,,,,,,,,,,,,,,,,,,,,,,,,," Total N :AUTOCALCULATE 2016-06-16 14:48:17 Using 1/2 KJN Using 1/2 NandN Ammonia, Unionized :AUTOCALCULATE 2016-06-16 14:48:20 Using 1/2 AMNN Analysis DO :Analysis Value from : DO (field or ext)  2026-03-19 18:01:53 Analysis pH :Analysis Value from : Field pH  2026-03-19 18:03:49 Analysis TDS :Analysis Value from : Lab Total Dissolved Solids  2018-02-01 18:01:32 Analysis Temp :Analysis Value from : Field Temp  2026-03-19 18:03:08 Analysis Nitrate :Analysis Value from : Nitrate Nitrite  2018-02-01 18:01:04",
00150967-0,Nevada Division of Environmental Protection,NV06-SC-63-B_02,South Fork Whites Creek @ Old Virginia Road,SB44,2013-03-19 12:35:00,0.00,,,9.35,,,,,,,,,,,7.87,,,10.2,,,,,,< 0.1000,0.000689,,,9,< 5.0000,,,< 20.0000,< 12.0000,,,,100,,< 33.0000,32.8,40,0.2,< 0.3,0.2,,,< 0.1000,0.01,,7.99,,,,,0.19,,< 5.0000,81,6,74,21.2,33,233,0.03,< 10.0000,2.7,,,,< 5.0000,,< 3.0000,< 3.0000,< 20.0000,,< 2.0000,,< 0.1000,,< 1.0000,< 1.0000,< 2.0000,< 2.0000,,,< 2.0000,< 2.0000,340,,< 1.0000,< 1.0000,,,,< 5.0000,< 20.0000,,< 0.2000,< 0.2000,< 10.0000,,< 5.0000,< 5.0000,,< 2.0000,< 2.0000,,,,< 2.0000,< 1.0000,,,,,,,,,< 10.0000,< 10.0000,," Total N :AUTOCALCULATE 2016-06-16 14:48:17 Using 1/2 NandN SAR Diss :AUTOCALCULATE 2018-05-02 18:00:44 Using 1/2 Na Using 1/2 Mg Ammonia, Unionized :AUTOCALCULATE 2016-06-16 14:48:20 Using 1/2 AMNN Analysis DO :Analysis Value from : DO (field or ext)  2026-03-19 18:01:53 Analysis Hardness :Analysis Value from : Hardness Diss  2018-02-01 18:01:08 Analysis pH :Analysis Value from : Field pH  2026-03-19 18:03:49 Analysis TDS :Analysis Value from : Lab Total Dissolved Solids  2018-02-01 18:01:32 Analysis Temp :Analysis Value from : Field Temp  2026-03-19 18:03:08 Analysis SAR :Analysis Value from : SAR Diss  2018-06-19 18:01:44 Analysis Nitrate :Analysis Value from : Nitrate Nitrite  2018-02-01 18:01:04",
00150968-0,Nevada Division of Environmental Protection,NV06-SC-63-B_02,South Fork Whites Creek @ Old Virginia Road,SB44,2013-07-08 12:05:00,0.00,,,7.6,,,,,,,,,,,7.97,,,19.7,,,,,,< 0.1000,0.001743,,,,< 5.0000,,,< 20,< 12.0000,,,,,,,33.6,41,0.3,< 0.4,0.3,,,< 0.1000,0.02,,7.99,,,,,,,,80,< 5.0000,67,20.5,34,,0.05,< 10.0000,3.2,,,,,,,,,,,,,,,,,,,,,,,,,,,,,,,,,,,,,,,,,,,,,,,,,,,,,,,,," Total N :AUTOCALCULATE 2018-08-06 18:00:25 Using 1/2 NandN Ammonia, Unionized :AUTOCALCULATE 2018-08-06 18:00:28 Using 1/2 AMNN Analysis DO :Analysis Value from : DO (field or ext)  2026-03-19 18:01:53 Analysis pH :Analysis Value from : Field pH  2026-03-19 18:03:49 Analysis TDS :Analysis Value from : Lab Total Dissolved Solids  2018-08-06 18:01:20 Analysis Temp :Analysis Value from : Field Temp  2026-03-19 18:03:08 Analysis Nitrate :Analysis Value from : Nitrate Nitrite  2018-08-06 18:00:29",
00150969-0,Nevada Division of Environmental Protection,NV06-SC-63-B_02,South Fork Whites Creek @ Old Virginia Road,SB44,2013-10-16 12:00:00,0.00,,,10.37,,,,,,,,,,,7.37,,,6.1,,,,,,< 0.1,0.000159,,,9,< 5,,,< 20,< 12,,,,< 100,,< 33,32.8,40,< 0.2,< 0.3,0,,,< 0.1,0.01,,7.91,,,,,< 0.33,,< 5,82,6,67,20.1,33,602,0.02,< 10,2.2,,,,< 5,,< 3,< 3,< 20,,< 2,,< 100,,< 1,< 1,< 2,< 2,,,< 2,< 2,310,,< 1,< 1,,,,< 5,< 20,,< 0.2,< 0.2,< 10,,< 5,< 5,,< 2,< 2,,,,< 2,< 1,,,,,,,,,< 10,< 10,," Ammonia, Unionized :AUTOCALCULATE 2016-06-16 14:48:20 Using 1/2 AMNN Analysis DO :Analysis Value from : DO (field or ext)  2026-03-19 18:01:53 Analysis Hardness :Analysis Value from : Hardness Diss  2018-02-01 18:01:08 Analysis pH :Analysis Value from : Field pH  2026-03-19 18:03:49 Analysis TDS :Analysis Value from : Lab Total Dissolved Solids  2018-02-01 18:01:32 Analysis Temp :Analysis Value from : Field Temp  2026-03-19 18:03:08 Analysis SAR :Analysis Value from : SAR Diss  2018-06-19 18:01:44 Analysis Nitrate :Analysis Value from : Nitrate Nitrite  2018-02-01 18:01:04",
00150971-0,Nevada Division of Environmental Protection,NV06-SC-63-B_03,Middle Fork Whites Creek @ Sage Hill Road,SB33,2007-03-21 11:40:00,0.00,,,9.4,,,,,,,,,,,8.4,,,11,,,,,,< 0.1000,0.002399,,,17,25,,,< 20.0000,< 12.0000,,,,< 100.0000,,67,97,118,0.5,,,,,1.6,0.14,,8.18,,,,,1.91,,36,310,12,236,17.9,97,1013,0.21,17,4.5,,,,16,,28,27,80,,< 2.0000,,400,,< 1.0000,< 1.0000,< 2.0000,< 2.0000,,,< 2.0000,< 2.0000,590,,< 1.0000,< 1.0000,,,,6,50,,< 0.2000,< 0.2000,< 10.0000,,< 5.0000,< 5.0000,,< 2.0000,< 2.0000,,,,< 2.0000,< 1.0000,,,,,,,,,< 10.0000,< 10.0000,," Total N :AUTOCALCULATE 2016-06-16 14:48:17 SAR Diss :AUTOCALCULATE 2018-05-02 18:00:44 Ammonia, Unionized :AUTOCALCULATE 2016-06-16 14:48:20 Using 1/2 AMNN Analysis DO :Analysis Value from : DO (field or ext)  2026-03-19 18:01:53 Analysis Hardness :Analysis Value from : Hardness Diss  2018-02-01 18:01:08 Analysis pH :Analysis Value from : Field pH  2026-03-19 18:03:49 Analysis TDS :Analysis Value from : Lab Total Dissolved Solids  2018-02-01 18:01:32 Analysis Temp :Analysis Value from : Field Temp  2026-03-19 18:03:08 Analysis SAR :Analysis Value from : SAR Diss  2018-06-19 18:01:44 Analysis Nitrate :Analysis Value from : Nitrate Nitrite  2018-02-01 18:01:04",
00150972-0,Nevada Division of Environmental Protection,NV06-SC-63-B_03,Middle Fork Whites Creek @ Sage Hill Road,SB33,2007-06-13 11:20:00,0.00,,,8.5,,,,,,,,,,,8.2,,,19.2,,,,,,< 0.1000,0.002792,,,,12,,,< 20.0000,< 12.0000,,,,,,,75,92,0.8,,,,,0.4,0.11,,8.15,,,,,,,,210,8,166,19.4,76,2005,0.2,15,4.9,,,,,,,,,,,,,,,,,,,,,,,,,,,,,,,,,,,,,,,,,,,,,,,,,,,,,,,,," Total N :AUTOCALCULATE 2016-06-16 14:48:17 Ammonia, Unionized :AUTOCALCULATE 2016-06-16 14:48:20 Using 1/2 AMNN Analysis DO :Analysis Value from : DO (field or ext)  2026-03-19 18:01:53 Analysis pH :Analysis Value from : Field pH  2026-03-19 18:03:49 Analysis TDS :Analysis Value from : Lab Total Dissolved Solids  2018-02-01 18:01:32 Analysis Temp :Analysis Value from : Field Temp  2026-03-19 18:03:08 Analysis Nitrate :Analysis Value from : Nitrate Nitrite  2018-02-01 18:01:04",
00150973-0,Nevada Division of Environmental Protection,NV06-SC-63-B_03,Middle Fork Whites Creek @ Sage Hill Road,SB33,2007-09-12 10:00:00,0.00,,,9,,,,,,,,,,,7.7,,,11.5,,,,,,< 0.1000,0.000517,,,16,23,,,< 20.0000,< 12.0000,,,,< 100.0000,,65,96,117,1.3,,,,,1.2,0.11,,8.12,,,,,1.95,,36,290,13,223,17.2,96,2005,0.26,42,26,,,,15,,22,19,100,,< 2.0000,,400,,< 1.0000,< 1.0000,< 2.0000,< 2.0000,,,4,< 2.0000,1700,,< 1.0000,< 1.0000,,,,6,90,,< 0.2000,< 0.2000,< 10.0000,,< 5.0000,< 5.0000,,< 2.0000,< 2.0000,,,,< 2.0000,< 1.0000,,,,,,,,,39,< 10.0000,," Total N :AUTOCALCULATE 2016-06-16 14:48:17 SAR Diss :AUTOCALCULATE 2018-05-02 18:00:44 Ammonia, Unionized :AUTOCALCULATE 2016-06-16 14:48:20 Using 1/2 AMNN Analysis DO :Analysis Value from : DO (field or ext)  2026-03-19 18:01:53 Analysis Hardness :Analysis Value from : Hardness Diss  2018-02-01 18:01:08 Analysis pH :Analysis Value from : Field pH  2026-03-19 18:03:49 Analysis TDS :Analysis Value from : Lab Total Dissolved Solids  2018-02-01 18:01:32 Analysis Temp :Analysis Value from : Field Temp  2026-03-19 18:03:08 Analysis SAR :Analysis Value from : SAR Diss  2018-06-19 18:01:44 Analysis Nitrate :Analysis Value from : Nitrate Nitrite  2018-02-01 18:01:04",
00150974-0,Nevada Division of Environmental Protection,NV06-SC-63-B_03,Middle Fork Whites Creek @ Sage Hill Road,SB33,2007-12-18 10:10:00,0.00,,,11,,,,,,,,,,,7.9,,,2,,,,,,< 0.1000,0.000383,,,,12,,,< 20.0000,< 12.0000,,,,,,,55,67,0.9,,,,,0.6,0.08,,7.92,,,,,,,,180,9,132,18.6,55,2005,0.17,28,14,,,,,,,,,,,,,,,,,,,,,,,,,,,,,,,,,,,,,,,,,,,,,,,,,,,,,,,,," Total N :AUTOCALCULATE 2016-06-16 14:48:17 Ammonia, Unionized :AUTOCALCULATE 2016-06-16 14:48:20 Using 1/2 AMNN Analysis DO :Analysis Value from : DO (field or ext)  2026-03-19 18:01:53 Analysis pH :Analysis Value from : Field pH  2026-03-19 18:03:49 Analysis TDS :Analysis Value from : Lab Total Dissolved Solids  2018-02-01 18:01:32 Analysis Temp :Analysis Value from : Field Temp  2026-03-19 18:03:08 Analysis Nitrate :Analysis Value from : Nitrate Nitrite  2018-02-01 18:01:04",
00150975-0,Nevada Division of Environmental Protection,NV06-SC-63-B_03,Middle Fork Whites Creek @ Sage Hill Road,SB33,2008-10-15 10:30:00,0.00,,,10.4,,,,,,,,,,,7.6,,,4.8,,,,,,< 0.1000,0.000242,,,12,13,,,< 20.0000,< 12.0000,,,,< 100.0000,,< 40.0000,49,60,0.5,< 0.6,0.5,,,< 0.1000,0.1,,7.96,,,,,< 1.1700,,17,180,13,131,20,49,12997,0.14,< 10.0000,2.1,,,,< 5.0000,,8,8,< 20.0000,,< 2.0000,,400,,< 1.0000,< 1.0000,< 2.0000,< 2.0000,,,< 2.0000,< 2.0000,240,,< 1.0000,< 1.0000,,,,< 5.0000,< 20.0000,,< 0.2000,< 0.2000,< 10.0000,,< 5.0000,< 5.0000,,< 2.0000,< 2.0000,,,,< 2.0000,< 1.0000,,,,,,,,,< 10.0000,< 10.0000,," Total N :AUTOCALCULATE 2016-06-16 14:48:17 Using 1/2 NandN Ammonia, Unionized :AUTOCALCULATE 2016-06-16 14:48:20 Using 1/2 AMNN Analysis DO :Analysis Value from : DO (field or ext)  2026-03-19 18:01:53 Analysis Hardness :Analysis Value from : Hardness Diss  2018-02-01 18:01:08 Analysis pH :Analysis Value from : Field pH  2026-03-19 18:03:49 Analysis TDS :Analysis Value from : Lab Total Dissolved Solids  2018-02-01 18:01:32 Analysis Temp :Analysis Value from : Field Temp  2026-03-19 18:03:08 Analysis SAR :Analysis Value from : SAR Diss  2018-06-19 18:01:44 Analysis Nitrate :Analysis Value from : Nitrate Nitrite  2018-02-01 18:01:04",
00150976-0,Nevada Division of Environmental Protection,NV06-SC-63-B_03,Middle Fork Whites Creek @ Sage Hill Road,SB33,2009-03-25 10:00:00,0.00,,,10.8,,,,,,,,,,,8,,,3,,,,,,< 0.1000,0.000523,,,,10,,,< 20.0000,< 12.0000,,,,,,,49,60,0.6,,,,,0.4,0.07,,7.97,,,,,,,,150,9,108,20.7,49,1137,0.15,20,12,,,,,,,,,,,,,,,,,,,,,,,,,,,,,,,,,,,,,,,,,,,,,,,,,,,,,,,,," Total N :AUTOCALCULATE 2016-06-16 14:48:17 Ammonia, Unionized :AUTOCALCULATE 2016-06-16 14:48:20 Using 1/2 AMNN Analysis DO :Analysis Value from : DO (field or ext)  2026-03-19 18:01:53 Analysis pH :Analysis Value from : Field pH  2026-03-19 18:03:49 Analysis TDS :Analysis Value from : Lab Total Dissolved Solids  2018-02-01 18:01:32 Analysis Temp :Analysis Value from : Field Temp  2026-03-19 18:03:08 Analysis Nitrate :Analysis Value from : Nitrate Nitrite  2018-02-01 18:01:04",
00150977-0,Nevada Division of Environmental Protection,NV06-SC-63-B_03,Middle Fork Whites Creek @ Sage Hill Road,SB33,2009-05-21 11:20:00,0.00,,,4.43,,,,,,,,,,,7.32,,,21,,,,,,0.1,0.000881,,,14,14,,,< 20.0000,< 12.0000,,,,< 100.0000,,< 45.0000,74,90,1.9,< 2,1.9,,,< 0.1000,0.53,,7.88,,,,,< 1.0500,,18,210,5,174,20,74,24196,0.8,12,8,,,,< 5.0000,,26,21,50,,< 2.0000,,200,,< 1.0000,< 1.0000,< 2.0000,< 2.0000,,,3,2,1000,,< 1.0000,< 1.0000,,,,< 5.0000,180,,< 0.2000,< 0.2000,< 10.0000,,< 5.0000,< 5.0000,,< 2.0000,< 2.0000,,,,< 2.0000,< 1.0000,,,,,,,,,< 10.0000,< 10.0000,," Total N :AUTOCALCULATE 2016-06-16 14:48:17 Using 1/2 NandN Ammonia, Unionized :AUTOCALCULATE 2016-06-16 14:48:20 Analysis DO :Analysis Value from : DO (field or ext)  2026-03-19 18:01:53 Analysis Hardness :Analysis Value from : Hardness Diss  2018-02-01 18:01:08 Analysis pH :Analysis Value from : Field pH  2026-03-19 18:03:49 Analysis TDS :Analysis Value from : Lab Total Dissolved Solids  2018-02-01 18:01:32 Analysis Temp :Analysis Value from : Field Temp  2026-03-19 18:03:08 Analysis SAR :Analysis Value from : SAR Diss  2018-06-19 18:01:44 Analysis Nitrate :Analysis Value from : Nitrate Nitrite  2018-02-01 18:01:04",
00150978-0,Nevada Division of Environmental Protection,NV06-SC-63-B_03,Middle Fork Whites Creek @ Sage Hill Road,SB33,2009-07-08 10:50:00,0.00,,,5.81,,,,,,,,,,,7.33,,,19.4,,,,,,0.3,0.002409,,,17,36,,,< 20.0000,< 12.0000,,,,100,,67,116,142,1.2,,,,,0.4,0.09,,8.04,,,,,2.18,,41,360,13,260,19.2,116,10462,0.23,17,12,,,,16,,19,12,90,,< 2.0000,,600,,< 1.0000,< 1.0000,< 2.0000,< 2.0000,,,< 2.0000,< 2.0000,1400,,< 1.0000,< 1.0000,,,,6,190,,< 0.2000,< 0.2000,< 10.0000,,< 5.0000,< 5.0000,,< 2.0000,< 2.0000,,,,< 2.0000,< 1.0000,,,,,,,,,< 10.0000,< 10.0000,," Total N :AUTOCALCULATE 2016-06-16 14:48:17 SAR Diss :AUTOCALCULATE 2018-05-02 18:00:44 Ammonia, Unionized :AUTOCALCULATE 2016-06-16 14:48:20 Analysis DO :Analysis Value from : DO (field or ext)  2026-03-19 18:01:53 Analysis Hardness :Analysis Value from : Hardness Diss  2018-02-01 18:01:08 Analysis pH :Analysis Value from : Field pH  2026-03-19 18:03:49 Analysis TDS :Analysis Value from : Lab Total Dissolved Solids  2018-02-01 18:01:32 Analysis Temp :Analysis Value from : Field Temp  2026-03-19 18:03:08 Analysis SAR :Analysis Value from : SAR Diss  2018-06-19 18:01:44 Analysis Nitrate :Analysis Value from : Nitrate Nitrite  2018-02-01 18:01:04",
00150979-0,Nevada Division of Environmental Protection,NV06-SC-63-B_03,Middle Fork Whites Creek @ Sage Hill Road,SB33,2009-10-19 12:50:00,0.00,,,10.21,,,,,,,,,,,8.09,,,11.2,,,,,,< 0.1000,0.001223,,,14,24,,,< 20.0000,< 12.0000,,,,< 100.0000,,< 45.0000,85.3,104,0.6,,,,,1,0.13,,8.22,,,,,< 1.9300,,33,280,11,213,20.7,85,6867,0.2,< 10.0000,3.9,,,,16,,21,20,60,,< 2.0000,,400,,< 1.0000,< 1.0000,< 2.0000,< 2.0000,,,< 2.0000,< 2.0000,480,,< 1.0000,< 1.0000,,,,< 5.0000,40,,< 0.2000,< 0.2000,< 10.0000,,< 5.0000,< 5.0000,,< 2.0000,< 2.0000,,,,< 2.0000,< 1.0000,,,,,,,,,< 10.0000,< 10.0000,," Ammonia, Unionized :AUTOCALCULATE 2016-06-16 14:48:20 Using 1/2 AMNN Analysis DO :Analysis Value from : DO (field or ext)  2026-03-19 18:01:53 Analysis Hardness :Analysis Value from : Hardness Diss  2018-02-01 18:01:08 Analysis pH :Analysis Value from : Field pH  2026-03-19 18:03:49 Analysis TDS :Analysis Value from : Lab Total Dissolved Solids  2018-02-01 18:01:32 Analysis Temp :Analysis Value from : Field Temp  2026-03-19 18:03:08 Analysis SAR :Analysis Value from : SAR Diss  2018-06-19 18:01:44 Analysis Nitrate :Analysis Value from : Nitrate Nitrite  2018-02-01 18:01:04",
00150980-0,Nevada Division of Environmental Protection,NV06-SC-63-B_03,Middle Fork Whites Creek @ Sage Hill Road,SB33,2010-02-23 11:35:00,0.00,,,12.95,,,,,,,,,,,8.2,,,8.3,,,,,,< 0.1000,0.001253,,,,57,,,< 20.0000,< 12.0000,,,,,,,105,128,1.3,,,,,1.7,0.09,,8.2,,,,,,,,440,19,302,20.3,105,2755,0.33,76,25,,,,,,,,,,,,,,,,,,,,,,,,,,,,,,,,,,,,,,,,,,,,,,,,,,,,,,,,," Total N :AUTOCALCULATE 2016-06-16 14:48:17 Ammonia, Unionized :AUTOCALCULATE 2016-06-16 14:48:20 Using 1/2 AMNN Analysis DO :Analysis Value from : DO (field or ext)  2026-03-19 18:01:53 Analysis pH :Analysis Value from : Field pH  2026-03-19 18:03:49 Analysis TDS :Analysis Value from : Lab Total Dissolved Solids  2018-02-01 18:01:32 Analysis Temp :Analysis Value from : Field Temp  2026-03-19 18:03:08 Analysis Nitrate :Analysis Value from : Nitrate Nitrite  2018-02-01 18:01:04",
00150981-0,Nevada Division of Environmental Protection,NV06-SC-63-B_03,Middle Fork Whites Creek @ Sage Hill Road,SB33,2010-02-25 09:00:00,0.00,,,,,,,,,,,,,,,,,,,,,,,,,,,20,,,,,,,,,,,79,,,,,,,,,,,,,,,,2.16,,44,,,,,,,,,,,,,17,,24,20,70,,< 2.0000,,600,,< 1.0000,< 1.0000,< 2.0000,< 2.0000,,,< 2.0000,< 2.0000,680,,< 1.0000,< 1.0000,,,,7,70,,< 0.2000,< 0.2000,< 10.0000,,< 5.0000,< 5.0000,,< 2.0000,< 2.0000,,,,< 2.0000,< 1.0000,,,,,,,,,< 10.0000,< 10.0000,, SAR Diss :AUTOCALCULATE 2018-05-02 18:00:44 Analysis Hardness :Analysis Value from : Hardness Diss  2018-02-01 18:01:08 Analysis SAR :Analysis Value from : SAR Diss  2018-06-19 18:01:44,
00150982-0,Nevada Division of Environmental Protection,NV06-SC-63-B_03,Middle Fork Whites Creek @ Sage Hill Road,SB33,2010-04-14 11:25:00,0.00,,,9.76,,,,,,,,,,,8.14,,,15.7,,,,,,< 0.1000,0.001909,,,13,21,,,< 20.0000,< 12.0000,,,,< 100.0000,,< 43.0000,69.7,85,1.2,,,,,0.9,0.13,,8.23,,,,,< 1.4300,,24,240,12,183,20.2,70,11199,0.29,47,22,,,,10,,20,18,60,,< 2.0000,,400,,< 1.0000,< 1.0000,< 2.0000,< 2.0000,,,3,< 2.0000,1600,,< 1.0000,< 1.0000,,,,< 5.0000,60,,< 0.2000,< 0.2000,< 10.0000,,< 5.0000,< 5.0000,,< 2.0000,< 2.0000,,,,< 2.0000,< 1.0000,,,,,,,,,16,< 10.0000,," Ammonia, Unionized :AUTOCALCULATE 2016-06-16 14:48:20 Using 1/2 AMNN Analysis DO :Analysis Value from : DO (field or ext)  2026-03-19 18:01:53 Analysis Hardness :Analysis Value from : Hardness Diss  2018-02-01 18:01:08 Analysis pH :Analysis Value from : Field pH  2026-03-19 18:03:49 Analysis TDS :Analysis Value from : Lab Total Dissolved Solids  2018-02-01 18:01:32 Analysis Temp :Analysis Value from : Field Temp  2026-03-19 18:03:08 Analysis SAR :Analysis Value from : SAR Diss  2018-06-19 18:01:44 Analysis Nitrate :Analysis Value from : Nitrate Nitrite  2018-02-01 18:01:04",
00150983-0,Nevada Division of Environmental Protection,NV06-SC-63-B_03,Middle Fork Whites Creek @ Sage Hill Road,SB33,2010-08-17 08:50:00,0.00,,,8.13,,,,,,,,,,,7.43,,,16.3,,,,,,< 0.1000,0.000401,,,12,8,,,< 20.0000,< 12.0000,,,,< 100.0000,,< 40.0000,55.8,68,0.4,,,,,0.1,0.1,,7.85,,,,,1.1,,16,160,8,129,17.6,56,24196,0.15,< 10.0000,2.6,,,,< 5.0000,,7,6,30,,< 2.0000,,200,,< 1.0000,< 1.0000,< 2.0000,< 2.0000,,,< 2.0000,< 2.0000,240,,< 1.0000,< 1.0000,,,,< 5.0000,< 20.0000,,< 0.2000,< 0.2000,< 10.0000,,< 5.0000,< 5.0000,,< 2.0000,< 2.0000,,,,< 2.0000,< 1.0000,,,,,,,,,< 10.0000,< 10.0000,," Total N :AUTOCALCULATE 2016-06-16 14:48:17 SAR Diss :AUTOCALCULATE 2018-05-02 18:00:44 Using 1/2 Mg Ammonia, Unionized :AUTOCALCULATE 2016-06-16 14:48:20 Using 1/2 AMNN Analysis DO :Analysis Value from : DO (field or ext)  2026-03-19 18:01:53 Analysis Hardness :Analysis Value from : Hardness Diss  2018-02-01 18:01:08 Analysis pH :Analysis Value from : Field pH  2026-03-19 18:03:49 Analysis TDS :Analysis Value from : Lab Total Dissolved Solids  2018-02-01 18:01:32 Analysis Temp :Analysis Value from : Field Temp  2026-03-19 18:03:08 Analysis SAR :Analysis Value from : SAR Diss  2018-06-19 18:01:44 Analysis Nitrate :Analysis Value from : Nitrate Nitrite  2018-02-01 18:01:04",
00150984-0,Nevada Division of Environmental Protection,NV06-SC-63-B_03,Middle Fork Whites Creek @ Sage Hill Road,SB33,2010-11-02 13:20:00,0.00,,,10.79,,,,,,,,,,,7.74,,,12.7,,,,,,< 0.1000,0.000621,,,19,41,,,< 20.0000,< 12.0000,,,,100,,72,112.3,137,0.4,,,,,1.7,0.06,,8.13,,,,,2.36,,46,390,17,289,16.4,112,6867,0.1,< 10.0000,3.8,,,,21,,21,19,80,,< 2.0000,,600,,< 1.0000,< 1.0000,< 2.0000,< 2.0000,,,< 2.0000,< 2.0000,290,,< 1.0000,< 1.0000,,,,6,20,,< 0.2000,< 0.2000,< 10.0000,,< 5.0000,< 5.0000,,< 2.0000,< 2.0000,,,,< 2.0000,< 1.0000,,,,,,,,,< 10.0000,< 10.0000,," Total N :AUTOCALCULATE 2016-06-16 14:48:17 SAR Diss :AUTOCALCULATE 2018-05-02 18:00:44 Ammonia, Unionized :AUTOCALCULATE 2016-06-16 14:48:20 Using 1/2 AMNN Analysis DO :Analysis Value from : DO (field or ext)  2026-03-19 18:01:53 Analysis Hardness :Analysis Value from : Hardness Diss  2018-02-01 18:01:08 Analysis pH :Analysis Value from : Field pH  2026-03-19 18:03:49 Analysis TDS :Analysis Value from : Lab Total Dissolved Solids  2018-02-01 18:01:32 Analysis Temp :Analysis Value from : Field Temp  2026-03-19 18:03:08 Analysis SAR :Analysis Value from : SAR Diss  2018-06-19 18:01:44 Analysis Nitrate :Analysis Value from : Nitrate Nitrite  2018-02-01 18:01:04",
00150985-0,Nevada Division of Environmental Protection,NV06-SC-63-B_03,Middle Fork Whites Creek @ Sage Hill Road,SB33,2011-06-15 12:20:00,0.00,,,7.83,,,,,,,,,,,7.33,,,18.7,,,,,,< 0.1000,0.000381,,,7,< 5.0000,,,< 20.0000,< 12.0000,,,,< 100.0000,,< 28.0000,30.3,37,0.3,,,,,0.1,0.09,,7.74,,,,,0.41,,5,90,9,84,17.8,31,24196,0.2,19,19,,,,< 5.0000,,8,6,30,,< 2.0000,,< 0.1000,,< 1.0000,< 1.0000,< 2.0000,< 2.0000,,,3,< 2.0000,1200,,< 1.0000,< 1.0000,,,,< 5.0000,40,,< 0.2000,< 0.2000,< 10.0000,,< 5.0000,< 5.0000,,< 2.0000,< 2.0000,,,,< 2.0000,< 1.0000,,,,,,,,,< 10.0000,< 10.0000,," Total N :AUTOCALCULATE 2016-06-16 14:48:17 SAR Diss :AUTOCALCULATE 2018-05-02 18:00:44 Using 1/2 Mg Ammonia, Unionized :AUTOCALCULATE 2016-06-16 14:48:20 Using 1/2 AMNN Analysis DO :Analysis Value from : DO (field or ext)  2026-03-19 18:01:53 Analysis Hardness :Analysis Value from : Hardness Diss  2018-02-01 18:01:08 Analysis pH :Analysis Value from : Field pH  2026-03-19 18:03:49 Analysis TDS :Analysis Value from : Lab Total Dissolved Solids  2018-02-01 18:01:32 Analysis Temp :Analysis Value from : Field Temp  2026-03-19 18:03:08 Analysis SAR :Analysis Value from : SAR Diss  2018-06-19 18:01:44 Analysis Nitrate :Analysis Value from : Nitrate Nitrite  2018-02-01 18:01:04",
00150986-0,Nevada Division of Environmental Protection,NV06-SC-63-B_03,Middle Fork Whites Creek @ Sage Hill Road,SB33,2012-05-17 11:15:00,0.00,,,11.12,,,,,,,,,,,8.13,,,15,,,,,,< 0.1000,0.001774,,,18,44,,,< 20.0000,< 12.0000,,,,200,,70,83.6,102,0.9,,,,,0.9,0.11,,8.19,,,,,2.14,,41,340,12,236,16.7,84,10462,0.19,< 10.0000,6.3,,,,11,,26,22,80,,< 2.0000,,800,,< 1.0000,< 1.0000,< 2.0000,< 2.0000,,,< 2.0000,< 2.0000,590,,< 1.0000,< 1.0000,,,,6,60,,< 0.2000,< 0.2000,< 10.0000,,< 5.0000,< 5.0000,,< 2.0000,< 2.0000,,,,< 2.0000,< 1.0000,,,,,,,,,< 10.0000,< 10.0000,," Ammonia, Unionized :AUTOCALCULATE 2016-06-16 14:48:20 Using 1/2 AMNN Analysis DO :Analysis Value from : DO (field or ext)  2026-03-19 18:01:53 Analysis Hardness :Analysis Value from : Hardness Diss  2018-02-01 18:01:08 Analysis pH :Analysis Value from : Field pH  2026-03-19 18:03:49 Analysis TDS :Analysis Value from : Lab Total Dissolved Solids  2018-02-01 18:01:32 Analysis Temp :Analysis Value from : Field Temp  2026-03-19 18:03:08 Analysis SAR :Analysis Value from : SAR Diss  2019-03-04 14:17:06 Analysis Nitrate :Analysis Value from : Nitrate Nitrite  2018-02-01 18:01:04",
00150987-0,Nevada Division of Environmental Protection,NV06-SC-63-B_03,Middle Fork Whites Creek @ Sage Hill Road,SB33,2012-08-08 11:10:00,0.00,,,8.93,,,,,,,,,,,7.9,,,19.6,,,,,,< 0.1000,0.001481,,,23,79,,,< 20.0000,< 12.0000,,,,< 100.0000,,90,121.4,148,0.2,,,,,0.7,0.06,,8.1,,,,,3.02,,66,540,18,361,18.7,121,12033,0.1,12,3.3,,,,13,,21,18,140,,< 2.0000,,1300,,< 1.0000,< 1.0000,< 2.0000,< 2.0000,,,< 2.0000,< 2.0000,390,,< 1.0000,< 1.0000,,,,8,20,,< 0.2000,< 0.2000,< 10.0000,,< 5.0000,< 5.0000,,< 2.0000,< 2.0000,,,,5,< 1.0000,,,,,,,,,< 10.0000,< 10.0000,," SAR Diss :AUTOCALCULATE 2018-05-02 18:00:44 Ammonia, Unionized :AUTOCALCULATE 2016-06-16 14:48:20 Using 1/2 AMNN Analysis DO :Analysis Value from : DO (field or ext)  2026-03-19 18:01:53 Analysis Hardness :Analysis Value from : Hardness Diss  2018-02-01 18:01:08 Analysis pH :Analysis Value from : Field pH  2026-03-19 18:03:49 Analysis TDS :Analysis Value from : Lab Total Dissolved Solids  2018-02-01 18:01:32 Analysis Temp :Analysis Value from : Field Temp  2026-03-19 18:03:08 Analysis SAR :Analysis Value from : SAR Diss  2018-06-19 18:01:44 Analysis Nitrate :Analysis Value from : Nitrate Nitrite  2018-02-01 18:01:04",
00150988-0,Nevada Division of Environmental Protection,NV06-SC-63-B_03,Middle Fork Whites Creek @ Sage Hill Road,SB33,2012-11-13 11:07:00,0.00,,,11.48,,,,,,,,,,,7.65,,,2.2,,,,,,< 0.1000,0.000220,,,,95,,,< 20.0000,< 12.0000,,,,,,,118.9,145,0.4,,,,,1.5,0.06,,7.97,,,,,,,,610,22,410,17.6,119,5794,0.09,< 10.0000,3.6,,,,,,,,,,,,,,,,,,,,,,,,,,,,,,,,,,,,,,,,,,,,,,,,,,,,,,,,," Total N :AUTOCALCULATE 2016-06-16 14:48:17 Ammonia, Unionized :AUTOCALCULATE 2016-06-16 14:48:20 Using 1/2 AMNN Analysis DO :Analysis Value from : DO (field or ext)  2026-03-19 18:01:53 Analysis pH :Analysis Value from : Field pH  2026-03-19 18:03:49 Analysis TDS :Analysis Value from : Lab Total Dissolved Solids  2018-02-01 18:01:32 Analysis Temp :Analysis Value from : Field Temp  2026-03-19 18:03:08 Analysis Nitrate :Analysis Value from : Nitrate Nitrite  2018-02-01 18:01:04",
00150989-0,Nevada Division of Environmental Protection,NV06-SC-63-B_03,Middle Fork Whites Creek @ Sage Hill Road,SB33,2013-03-19 12:07:00,0.00,,,13.32,,,,,,,,,,,8.09,,,12.7,,,,,,< 0.1000,0.001369,,,31,98,,,< 20.0000,< 12.0000,,,,200,,119,115.6,141,0.5,< 0.6,0.5,,,< 0.1000,0.07,,8.38,,,,,2.68,,67,610,20,379,21.2,121,435,0.14,20,11,,,,18,,36,30,140,,< 2.0000,,2200,,< 1.0000,< 1.0000,< 2.0000,< 2.0000,,,< 2.0000,< 2.0000,1100,,< 1.0000,< 1.0000,,,,10,90,,< 0.2000,< 0.2000,< 10.0000,,< 5.0000,< 5.0000,,< 2.0000,< 2.0000,,,,< 2.0000,< 1.0000,,,,,,,,,< 10.0000,< 10.0000,," Total N :AUTOCALCULATE 2016-06-16 14:48:17 Using 1/2 NandN SAR Diss :AUTOCALCULATE 2018-05-02 18:00:44 Ammonia, Unionized :AUTOCALCULATE 2016-06-16 14:48:20 Using 1/2 AMNN Analysis DO :Analysis Value from : DO (field or ext)  2026-03-19 18:01:53 Analysis Hardness :Analysis Value from : Hardness Diss  2018-02-01 18:01:08 Analysis pH :Analysis Value from : Field pH  2026-03-19 18:03:49 Analysis TDS :Analysis Value from : Lab Total Dissolved Solids  2018-02-01 18:01:32 Analysis Temp :Analysis Value from : Field Temp  2026-03-19 18:03:08 Analysis SAR :Analysis Value from : SAR Diss  2018-06-19 18:01:44 Analysis Nitrate :Analysis Value from : Nitrate Nitrite  2018-02-01 18:01:04",
00150990-0,Nevada Division of Environmental Protection,NV06-SC-63-B_03,Middle Fork Whites Creek @ Sage Hill Road,SB33,2013-07-08 11:25:00,0.00,,,8.6,,,,,,,,,,,8.03,,,22,,,,,,< 0.1000,0.002337,,,,110,,,< 20,< 12.0000,,,,,,,119.7,146,1,,,,,0.4,0.06,,8.23,,,,,,,,640,20,407,20,120,12033,0.22,42,9.5,,,,,,,,,,,,,,,,,,,,,,,,,,,,,,,,,,,,,,,,,,,,,,,,,,,,,,,,," Total N :AUTOCALCULATE 2018-08-06 18:00:25 Ammonia, Unionized :AUTOCALCULATE 2018-08-06 18:00:28 Using 1/2 AMNN Analysis DO :Analysis Value from : DO (field or ext)  2026-03-19 18:01:53 Analysis pH :Analysis Value from : Field pH  2026-03-19 18:03:49 Analysis TDS :Analysis Value from : Lab Total Dissolved Solids  2018-08-06 18:01:20 Analysis Temp :Analysis Value from : Field Temp  2026-03-19 18:03:08 Analysis Nitrate :Analysis Value from : Nitrate Nitrite  2018-08-06 18:00:29",
00209682-0,Nevada Division of Environmental Protection,NV06-SC-41-C_00,Steamboat Creek @ Pleasant Valley &[STBT02Stbt-2],SB3,2015-12-16 10:05:00,0.00,,,10.24,0,0,0,,,0,,0,,,7.21,,,2.9,,,,,,< 0.1000,,,,26,19.22,,,,< 12.0000,,3.8,,200,,106.102,,,0.4,,,,,< 0.5000,0.06,,8.19,,,5,,1.14,,27,347,0.52,225,20.5,173.15,836,0.08,< 10.0000,3.2,,,,0.36,,1.38,1.27,70,,0.1,,30,,0.28,0.27,0.52,0.45,,,1.98,2,290,,0.53,< 1.0000,,,,10,40,,0.16,U 0.2000,4.61,,1.84,1.89,5,0.41,U 2.0000,,,,0.36,0.17,,,,,,,,,2.92,2.49,," Mercury :Sample analyzed by EPA 245.1 Hardness Diss :AUTOCALCULATE 2019-03-07 13:29:25 Total N :AUTOCALCULATE 2018-10-02 18:00:23 Using 1/2 NandN pH Lab :pH analyzed out of hold time SAR Diss :AUTOCALCULATE 2018-10-10 18:00:49 Nitrate+Nitrite N :Sample analyzed out of hold time Mercury Diss :Sample analyzed by EPA 245.1 Ammonia, Unionized :AUTOCALCULATE 2018-10-02 18:00:26 Using 1/2 AMNN Analysis DO :Analysis Value from : DO (field or ext)  2026-03-19 18:01:53 Analysis Hardness :Analysis Value from : Hardness Diss  2019-03-07 13:57:45 Analysis pH :Analysis Value from : Field pH  2026-03-19 18:03:49 Analysis TDS :Analysis Value from : Lab Total Dissolved Solids  2018-10-02 18:01:19 Analysis Temp :Analysis Value from : Field Temp  2026-03-19 18:03:08 Analysis SAR :Analysis Value from : SAR Diss  2018-10-10 18:02:15 Analysis Nitrate :Analysis Value from : Nitrate Nitrite  2018-10-02 18:00:27",
00209683-0,Nevada Division of Environmental Protection,NV06-SC-41-C_00,Steamboat Creek @ Rhodes Road,SB5,2015-12-16 10:30:00,0.00,,,10.6,0,0,0,,,0,,0,,,6.84,,,2.3,,,,,,< 0.1000,,,,28,22.11,,,,< 12.0000,,4.4,,100,,111.096,,,0.4,,,,,< 0.5000,0.07,,8.21,,,6,,1.03,,25,346,12.79,222,21.3,144.01,1553,0.11,< 10.0000,5.2,,,,0.39,,5,4,70,,0.09,,40,,0.29,0.28,0.61,0.55,,,1.56,1.46,570,,0.35,0.16,,,,10,70,,U 0.2000,U 0.2000,3.62,,2,2,5,0.41,U 2.0000,,,,0.36,0.17,,,,,,,,,2.27,2.37,," Mercury :Sample analyzed by EPA 245.1 Hardness Diss :AUTOCALCULATE 2019-03-07 13:29:25 Total N :AUTOCALCULATE 2018-10-02 18:00:23 Using 1/2 NandN pH Lab :pH analyzed out of hold time SAR Diss :AUTOCALCULATE 2018-10-10 18:00:49 Nitrate+Nitrite N :Sample analyzed out of hold time Mercury Diss :Sample analyzed by EPA 245.1 Ammonia, Unionized :AUTOCALCULATE 2018-10-02 18:00:26 Using 1/2 AMNN Analysis DO :Analysis Value from : DO (field or ext)  2026-03-19 18:01:53 Analysis Hardness :Analysis Value from : Hardness Diss  2019-03-07 13:57:45 Analysis pH :Analysis Value from : Field pH  2026-03-19 18:03:49 Analysis TDS :Analysis Value from : Lab Total Dissolved Solids  2018-10-02 18:01:19 Analysis Temp :Analysis Value from : Field Temp  2026-03-19 18:03:08 Analysis SAR :Analysis Value from : SAR Diss  2018-10-10 18:02:15 Analysis Nitrate :Analysis Value from : Nitrate Nitrite  2018-10-02 18:00:27",
00209795-0,Nevada Division of Environmental Protection,NV06-SC-41-C_00,Steamboat Creek @ Pleasant Valley &[STBT02Stbt-2],SB3,2016-08-30 09:15:00,0.00,,,6.48,0,0,0,,,0,,0,,,7.79,,,17,,,,,,< 0.1000,0.000958,,,25,6,,,,< 12.0000,,2.1,,200,,103.605,,,0.5,,,,,< 0.5000,0.1,,8.22,,,6,,0.86,,20,295,3.71,187,20.9,141.92,12997,0.17,< 10.0000,6.5,,320,80,0.31,,2.98,2.59,70,,0.09,,40,,0.28,0.26,0.69,0.65,,,2,1.02,730,,1,< 1.0000,,,,10,60,,0.2,U 0.2000,3.91,,0.63,0.64,6,U 2.0000,U 2.0000,,,,0.54,U 1.0000,,,,,,,,,3.21,1.69,," Mercury :Sample analyzed by EPA 245.1 Hardness Diss :AUTOCALCULATE 2019-03-07 13:29:25 Total N :AUTOCALCULATE 2018-08-30 18:00:30 Using 1/2 NandN pH Lab :pH analyzed out of hold time SAR Diss :AUTOCALCULATE 2018-10-10 18:00:49 Nitrate+Nitrite N :Sample analyzed out of hold time Mercury Diss :Sample analyzed by EPA 245.1 Ammonia, Unionized :AUTOCALCULATE 2018-09-28 15:05:45 Using 1/2 AMNN DOC :Sample collected in plastic container. Sample should be collected in glass container. Analysis DO :Analysis Value from : DO (field or ext)  2026-03-19 18:01:53 Analysis Hardness :Analysis Value from : Hardness Diss  2019-03-07 13:57:45 Analysis pH :Analysis Value from : Field pH  2026-03-19 18:03:49 Analysis TDS :Analysis Value from : Lab Total Dissolved Solids  2018-09-02 18:01:16 Analysis Temp :Analysis Value from : Field Temp  2026-03-19 18:03:08 Analysis SAR :Analysis Value from : SAR Diss  2018-10-10 18:02:15 Analysis Nitrate :Analysis Value from : Nitrate Nitrite  2018-09-02 18:00:26",
00209796-0,Nevada Division of Environmental Protection,NV06-SC-41-C_00,Steamboat Creek @ Rhodes Road,SB5,2016-08-30 09:45:00,0.00,,,2.91,0,0,0,,,0,,0,,,7.26,,,19.5,,,,,,< 0.1000,0.000344,,,50,65.71,,,,< 12.0000,,2,,200,,190.738,,,0.4,,,,,< 0.5000,0.1,,7.98,,,7,,2.39,,76,731,24.97,446,20.9,253.44,17329,0.24,< 10.0000,4.9,,160,23,0.33,,20,14,100,,0.09,,300,,0.25,0.24,0.65,0.54,,,1.2,0.95,840,,0.57,U 1.0000,,,,16,320,,U 0.2000,U 0.2000,4.45,,1.42,1.38,7,0.59,0.37,,,,0.55,U 1.0000,,,,,,,,,6.24,4.82,," Mercury :Sample analyzed by EPA 245.1 Hardness Diss :AUTOCALCULATE 2019-03-07 13:29:25 Total N :AUTOCALCULATE 2018-08-30 18:00:30 Using 1/2 NandN pH Lab :pH analyzed out of hold time SAR Diss :AUTOCALCULATE 2018-10-10 18:00:49 Nitrate+Nitrite N :Sample analyzed out of hold time Mercury Diss :Sample analyzed by EPA 245.1 Ammonia, Unionized :AUTOCALCULATE 2018-09-28 15:05:45 Using 1/2 AMNN DOC :Sample collected in plastic container. Sample should be collected in glass container. Analysis DO :Analysis Value from : DO (field or ext)  2026-03-19 18:01:53 Analysis Hardness :Analysis Value from : Hardness Diss  2019-03-07 13:57:45 Analysis pH :Analysis Value from : Field pH  2026-03-19 18:03:49 Analysis TDS :Analysis Value from : Lab Total Dissolved Solids  2018-09-02 18:01:16 Analysis Temp :Analysis Value from : Field Temp  2026-03-19 18:03:08 Analysis SAR :Analysis Value from : SAR Diss  2018-10-10 18:02:15 Analysis Nitrate :Analysis Value from : Nitrate Nitrite  2018-09-02 18:00:26",
00209855-0,Nevada Division of Environmental Protection,NV06-SC-41-C_00,Steamboat Creek @ Pleasant Valley &[STBT02Stbt-2],SB3,2016-06-06 09:00:00,0.00,,,7.75,0,0,0,,,0,,0,,,7.65,,,14.2,,,,,,< 0.1000,0.000566,,,17,13.84,,,,< 12.0000,,3.4,,100,,67.157,,,0.4,,,,,< 0.5000,0.09,,8.13,,,3.7,,0.85,,16,210,1.98,146,22,80.83,6867,0.14,12,4.3,,,,0.31,,2.42,2.01,50,,0.15,,40,,0.29,0.28,0.82,0.81,,,1.83,1.15,710,,0.97,0.15,,,,6,50,,0.4,U 0.2000,3.38,,0.93,0.87,3.4,U 2.0000,U 2.0000,,,,0.9,0.49,,,,,,,,,3.11,1.73,," Mercury :Sample analyzed by EPA 245.1 Hardness Diss :AUTOCALCULATE 2019-03-07 13:29:25 Total N :AUTOCALCULATE 2018-08-30 18:00:30 Using 1/2 NandN pH Lab :pH analyzed out of hold time SAR Diss :AUTOCALCULATE 2018-10-10 18:00:49 Nitrate+Nitrite N :Sample analyzed out of hold time Mercury Diss :Sample analyzed by EPA 245.1 Ammonia, Unionized :AUTOCALCULATE 2018-09-28 15:05:45 Using 1/2 AMNN DOC :Sample collected in plastic container. Sample should be collected in glass container. Analysis DO :Analysis Value from : DO (field or ext)  2026-03-19 18:01:53 Analysis Hardness :Analysis Value from : Hardness Diss  2019-03-07 13:57:45 Analysis pH :Analysis Value from : Field pH  2026-03-19 18:03:49 Analysis TDS :Analysis Value from : Lab Total Dissolved Solids  2018-09-02 18:01:16 Analysis Temp :Analysis Value from : Field Temp  2026-03-19 18:03:08 Analysis SAR :Analysis Value from : SAR Diss  2018-10-10 18:02:15 Analysis Nitrate :Analysis Value from : Nitrate Nitrite  2018-09-02 18:00:26",
00209856-0,Nevada Division of Environmental Protection,NV06-SC-41-C_00,Steamboat Creek @ Rhodes Road,SB5,2016-06-06 09:25:00,0.00,,,8.75,,,,,,,,,,,8.76,,,11.6,,,,,,< 0.1000,0.005396,,,11,10.06,,,,< 12.0000,,3.8,,60,,41.880,,,0.4,,,,,< 0.5000,0.05,,7.99,,,2.7,,0.54,,8,130,4.04,98,21.8,44.06,3255,0.09,17,8.6,,,,0.3,,2.77,2.38,40,,0.16,,30,,0.3,0.29,0.91,0.53,,,2,0.93,960,,0.89,U 1.0000,,,,3.5,60,,0.04,U 0.2000,2.38,,0.97,0.77,2.6,0.33,U 2.0000,,,,0.9,0.5,,,,,,,,,13,1.83,," Mercury :Sample analyzed by EPA 245.1 Hardness Diss :AUTOCALCULATE 2019-03-07 13:29:25 Total N :AUTOCALCULATE 2018-08-30 18:00:30 Using 1/2 NandN pH Lab :pH analyzed out of hold time SAR Diss :AUTOCALCULATE 2018-10-10 18:00:49 Nitrate+Nitrite N :Sample analyzed out of hold time Mercury Diss :Sample analyzed by EPA 245.1 Ammonia, Unionized :AUTOCALCULATE 2018-09-28 15:05:45 Using 1/2 AMNN DOC :Sample collected in plastic container. Sample should be collected in glass container. Analysis DO :Analysis Value from : DO (field or ext)  2026-03-19 18:01:53 Analysis Hardness :Analysis Value from : Hardness Diss  2019-03-07 13:57:45 Analysis pH :Analysis Value from : Field pH  2026-03-19 18:03:49 Analysis TDS :Analysis Value from : Lab Total Dissolved Solids  2018-09-02 18:01:16 Analysis Temp :Analysis Value from : Field Temp  2026-03-19 18:03:08 Analysis SAR :Analysis Value from : SAR Diss  2018-10-10 18:02:15 Analysis Nitrate :Analysis Value from : Nitrate Nitrite  2018-09-02 18:00:26",
00209857-0,Nevada Division of Environmental Protection,NV06-SC-42-D_00,Steamboat Creek @ Geiger Grade,SB7,2016-06-06 10:00:00,0.00,,,6.82,0,0,0,,,0,,0,,,7.94,,,19,,,,,,< 0.1000,0.001551,,,16,36.14,,,,< 12.0000,,5.6,,400,,60.542,,,0.5,,,,,< 0.5000,0.19,,8.13,,,8,,2.46,,44,362,22.1,246,21.7,95.02,,0.24,< 10.0000,2.2,,,,4,,230,210,40,,0.15,,1400,,0.28,0.22,0.77,0.69,,,4,3,540,,0.86,0.43,,,,5,80,,0.2,0.06,4.63,,1.73,1.91,8,0.44,U 2.0000,,,,0.95,0.49,,,,,,,,,2.6,1.34,," Mercury :Sample analyzed by EPA 245.1 Hardness Diss :AUTOCALCULATE 2019-03-07 13:29:25 Total N :AUTOCALCULATE 2018-08-30 18:00:30 Using 1/2 NandN pH Lab :pH analyzed out of hold time SAR Diss :AUTOCALCULATE 2018-10-10 18:00:49 Nitrate+Nitrite N :Sample analyzed out of hold time Mercury Diss :Sample analyzed by EPA 245.1 Ammonia, Unionized :AUTOCALCULATE 2018-09-28 15:05:45 Using 1/2 AMNN DOC :Sample collected in plastic container. Sample should be collected in glass container. Analysis DO :Analysis Value from : DO (field or ext)  2026-03-19 18:01:53 Analysis Hardness :Analysis Value from : Hardness Diss  2019-03-07 13:57:45 Analysis pH :Analysis Value from : Field pH  2026-03-19 18:03:49 Analysis TDS :Analysis Value from : Lab Total Dissolved Solids  2018-09-02 18:01:16 Analysis Temp :Analysis Value from : Field Temp  2026-03-19 18:03:08 Analysis SAR :Analysis Value from : SAR Diss  2018-10-10 18:02:15 Analysis Nitrate :Analysis Value from : Nitrate Nitrite  2018-09-02 18:00:26",
00439088-0,Nevada Division of Environmental Protection,NV06-SC-41-C_00,Steamboat Creek @ Pleasant Valley &[STBT02Stbt-2],SB3,2016-11-17 09:40:00,0.00,,,9.33,0,0,0,,,0,,0,,,8.81,,,5.9,,,,,,< 0.1000,0.003979,,,24,7,,,,< 12.0000,,2.03,,100,,96.990,,,< 0.2000,,,,,< 0.5000,0.06,,8.13,,,5,,0.97,,22,292,3.43,207,20.7,131.79,1553,0.09,< 10.0000,1.9,,45,U 50.0000,0.33,,1.33,1.36,60,,U 2.0000,,30,,U 1.0000,U 1.0000,0.8,0.76,,,1.14,1.2,280,,0.35,0.16,,,,9,30,,U 0.2000,U 0.2000,3.66,,0.72,0.78,5,0.49,U 2.0000,,,,0.3,U 1.0000,,,,,,,,,1.36,1.55,," Mercury :Sample analyzed by EPA 245.1 Hardness Diss :AUTOCALCULATE 2019-03-07 13:29:25 Total N :AUTOCALCULATE 2018-08-30 18:00:30 Using 1/2 KJN Using 1/2 NandN pH Lab :pH analyzed out of hold time SAR Diss :AUTOCALCULATE 2018-10-10 18:00:49 Mercury Diss :Sample analyzed by EPA 245.1 Ammonia, Unionized :AUTOCALCULATE 2018-09-28 15:05:45 Using 1/2 AMNN DOC :Sample collected in plastic container, should be collected in glass. Analysis DO :Analysis Value from : DO (field or ext)  2026-03-19 18:01:53 Analysis Hardness :Analysis Value from : Hardness Diss  2019-03-07 13:57:45 Analysis pH :Analysis Value from : Field pH  2026-03-19 18:03:49 Analysis TDS :Analysis Value from : Lab Total Dissolved Solids  2018-09-02 18:01:16 Analysis Temp :Analysis Value from : Field Temp  2026-03-19 18:03:08 Analysis SAR :Analysis Value from : SAR Diss  2018-10-10 18:02:15 Analysis Nitrate :Analysis Value from : Nitrate Nitrite  2018-09-02 18:00:26",
00439089-0,Nevada Division of Environmental Protection,NV06-SC-41-C_00,Steamboat Creek @ Rhodes Road,SB5,2016-11-17 10:00:00,0.00,,,9.75,0,0,0,,,0,,0,,,8.02,,,5.3,,,,,,< 0.1000,0.000659,,,32,25.03,,,,< 12.0000,,4.66,,80,,125.202,,,0.4,,,,,< 0.5000,0.08,,8.08,,,6,,1.05,,27,383,14.01,256,20.9,141.41,2755,0.14,< 10.0000,3.5,,60,46,0.43,,7,6,70,,U 2.0000,,40,,U 1.0000,U 1.0000,0.82,0.89,,,1.14,1.66,800,,0.44,0.29,,,,11,100,,U 0.2000,U 0.2000,3.13,,1.04,2,6,0.33,0.52,,,,0.31,U 1.0000,,,,,,,,,2.22,2.05,," Mercury :Sample analyzed by EPA 245.1 Hardness Diss :AUTOCALCULATE 2019-03-07 13:29:25 Total N :AUTOCALCULATE 2018-08-30 18:00:30 Using 1/2 NandN pH Lab :pH analyzed out of hold time SAR Diss :AUTOCALCULATE 2018-10-10 18:00:49 Mercury Diss :Sample analyzed by EPA 245.1 Ammonia, Unionized :AUTOCALCULATE 2018-09-28 15:05:45 Using 1/2 AMNN DOC :Sample collected in plastic container, should be collected in glass. Analysis DO :Analysis Value from : DO (field or ext)  2026-03-19 18:01:53 Analysis Hardness :Analysis Value from : Hardness Diss  2019-03-07 13:57:45 Analysis pH :Analysis Value from : Field pH  2026-03-19 18:03:49 Analysis TDS :Analysis Value from : Lab Total Dissolved Solids  2018-09-02 18:01:16 Analysis Temp :Analysis Value from : Field Temp  2026-03-19 18:03:08 Analysis SAR :Analysis Value from : SAR Diss  2018-10-10 18:02:15",
00439090-0,Nevada Division of Environmental Protection,NV06-SC-42-D_00,Steamboat Creek @ Geiger Grade,SB7,2016-11-17 10:15:00,0.00,,,9.38,0,0,0,,,0,,0,,,8.18,,,6,,,,,,< 0.1000,0.001001,,,27,67.08,,,,< 12.0000,,4.91,,300,,104.481,,,0.4,,,,,< 0.5000,0.12,,8.09,,,10,,2.81,,66,563,27.09,354,21,145.02,2603,0.19,< 10.0000,7.8,,370,280,7,,140,140,60,,U 2.0000,,2000,,U 1.0000,U 1.0000,1,1,,,3,2,820,,0.94,0.73,,,,9,120,,U 0.2000,U 0.2000,3.39,,1.56,1.69,9,0.68,0.5,,,,0.33,U 1.0000,,,,,,,,,4.77,3.56,," Mercury :Sample analyzed by EPA 245.1 Hardness Diss :AUTOCALCULATE 2019-03-07 13:29:25 Total N :AUTOCALCULATE 2018-08-30 18:00:30 Using 1/2 NandN pH Lab :pH analyzed out of hold time SAR Diss :AUTOCALCULATE 2018-10-10 18:00:49 Mercury Diss :Sample analyzed by EPA 245.1 Ammonia, Unionized :AUTOCALCULATE 2018-09-28 15:05:45 Using 1/2 AMNN DOC :Sample collected in plastic container, should be collected in glass. Analysis DO :Analysis Value from : DO (field or ext)  2026-03-19 18:01:53 Analysis Hardness :Analysis Value from : Hardness Diss  2019-03-07 13:57:45 Analysis pH :Analysis Value from : Field pH  2026-03-19 18:03:49 Analysis TDS :Analysis Value from : Lab Total Dissolved Solids  2018-09-02 18:01:16 Analysis Temp :Analysis Value from : Field Temp  2026-03-19 18:03:08 Analysis SAR :Analysis Value from : SAR Diss  2018-10-10 18:02:15",
00872772-0,Nevada Division of Environmental Protection,NV06-SC-41-C_00,Steamboat Creek @ Pleasant Valley &[STBT02Stbt-2],SB3,2017-01-19 07:50:00,0.00,,,11.6,1,0,0,,,0,,0,,,6.32,,,2.4,,,,,,< 0.1000,,,,13,17.53,,,,< 12.0000,,4.96,,70,,49.757,,,0.4,,,,,0.5,0.06,,7.98,,,0.7,,0.86,,14,190,7.05,116,21.5,53.96,1236,0.1,13.7,12,,1100,27,0.46,,1.81,1.42,11,,0.26,,U 100.0000,,0.09,0.12,1.23,1.1,,,2,1.53,200,,1,0.21,,,,4.2,U 20.0000,,0.05,U 0.2000,2.58,,0.93,1.29,3,0.63,0.39,,,,0.56,0.16,,,,,,,,,5.51,3.77, aprox 0.5 inch of fresh snow," Hardness Diss :AUTOCALCULATE 2019-03-27 18:00:42 Total N :AUTOCALCULATE 2019-03-27 18:00:44 pH Lab :pH analyzed out of hold time SAR Diss :AUTOCALCULATE 2019-03-27 18:00:44 Ammonia, Unionized :AUTOCALCULATE 2019-03-27 18:00:47 Using 1/2 AMNN Aluminum :LFM out of acceptable limits for this sample DOC :Sample collected in plastic container Aluminum Diss :LFM out of acceptable limits for this batch Analysis DO :Analysis Value from : DO (field or ext)  2026-03-19 18:01:53 Analysis Hardness :Analysis Value from : Hardness Diss  2019-03-27 18:00:48 Analysis pH :Analysis Value from : Field pH  2026-03-19 18:03:49 Analysis TDS :Analysis Value from : Lab Total Dissolved Solids  2019-03-27 18:01:40 Analysis Temp :Analysis Value from : Field Temp  2026-03-19 18:03:08 Analysis SAR :Analysis Value from : SAR Diss  2019-03-27 18:02:10 Analysis Nitrate :Analysis Value from : Nitrate Nitrite  2019-03-27 18:00:48 Narrative - Color, Turbidity, or Other Conditions :Weak turbidity , storm 2 weeks ago",
00872773-0,Nevada Division of Environmental Protection,NV06-SC-41-C_00,Steamboat Creek @ Rhodes Road,SB5,2017-01-19 09:15:00,0.00,,,11.7,1,0,0,,,0,,0,,,7.15,,,2,,,,,,< 0.1000,,,,17,21.57,,,,< 12.0000,,7.16,,50,,67.157,,,0.7,,,,,0.8,0.12,,7.95,,,4.3,,0.85,,16,235,11.86,151,21.5,63.58,2755,0.22,35.7,25,,2200,690,0.51,,4,2.83,60,,0.28,,30,,0.17,0.17,1.73,1.3,,,4,3,2100,,3,0.96,,,,6,80,,0.13,U 0.2000,2.11,,1.74,1.45,4.2,0.57,U 2.0000,,,,0.59,0.18,,,,,,,,,16,9.42, aprox 0.25 inch of fresh snow," Hardness Diss :AUTOCALCULATE 2019-03-27 18:00:42 Total N :AUTOCALCULATE 2019-03-27 18:00:44 pH Lab :pH analyzed out of hold time SAR Diss :AUTOCALCULATE 2019-03-27 18:00:44 Ammonia, Unionized :AUTOCALCULATE 2019-03-27 18:00:47 Using 1/2 AMNN Aluminum :LFM out of acceptable limits for this batch DOC :Sample collected in plastic container Aluminum Diss :LFM out of acceptable limits for this sample Analysis DO :Analysis Value from : DO (field or ext)  2026-03-19 18:01:53 Analysis Hardness :Analysis Value from : Hardness Diss  2019-03-27 18:00:48 Analysis pH :Analysis Value from : Field pH  2026-03-19 18:03:49 Analysis TDS :Analysis Value from : Lab Total Dissolved Solids  2019-03-27 18:01:40 Analysis Temp :Analysis Value from : Field Temp  2026-03-19 18:03:08 Analysis SAR :Analysis Value from : SAR Diss  2019-03-27 18:02:10 Analysis Nitrate :Analysis Value from : Nitrate Nitrite  2019-03-27 18:00:48 Narrative - Color, Turbidity, or Other Conditions :Weak turbidity , storm 2 weeks ago",
00872774-0,Nevada Division of Environmental Protection,NV06-SC-42-D_00,Steamboat Creek @ Geiger Grade,SB7,2017-01-19 09:45:00,0.00,,,11.72,1,0,0,,,0,,0,,,8.07,,,2.5,,,,,,< 0.1000,,,,20,29.94,,,,< 12.0000,,8,,100,,74.648,,,0.6,,,,,0.8,0.15,,7.98,,,5,,1.31,,26,285,20.57,183,21.4,64.46,1246,0.29,62,45,,3800,1300,5,,37,33,80,,0.33,,400,,0.16,0.16,2,2,,,7,4,3300,,4,2,,,,6,110,,0.3,0.04,2,,3,2,5,0.81,0.76,,,,0.61,0.18,,,,,,,,,37,12,," Hardness Diss :AUTOCALCULATE 2019-03-27 18:00:42 Total N :AUTOCALCULATE 2019-03-27 18:00:44 pH Lab :pH analyzed out of hold time SAR Diss :AUTOCALCULATE 2019-03-27 18:00:44 Ammonia, Unionized :AUTOCALCULATE 2019-03-27 18:00:47 Using 1/2 AMNN Aluminum :LFM out of acceptable limits for this batch DOC :Sample collected in plastic container Aluminum Diss :LFM out of acceptable limits for this batch Analysis DO :Analysis Value from : DO (field or ext)  2026-03-19 18:01:53 Analysis Hardness :Analysis Value from : Hardness Diss  2019-03-27 18:00:48 Analysis pH :Analysis Value from : Field pH  2026-03-19 18:03:49 Analysis TDS :Analysis Value from : Lab Total Dissolved Solids  2019-03-27 18:01:40 Analysis Temp :Analysis Value from : Field Temp  2026-03-19 18:03:08 Analysis SAR :Analysis Value from : SAR Diss  2019-03-27 18:02:10 Analysis Nitrate :Analysis Value from : Nitrate Nitrite  2019-03-27 18:00:48 Narrative - Color, Turbidity, or Other Conditions :Weak turbidity , storm 2 weeks ago",
00872775-0,Nevada Division of Environmental Protection,NV06-SC-42-D_00,Steamboat Creek @ So. Meadows Pkwy,SB46,2017-01-19 10:20:00,0.00,,,11.4,1,0,0,,,0,,0,,,7.02,,,3,,,,,,< 0.1000,,,,21,46.83,,,,< 12.0000,,8.54,,100,,77.145,,,1,,,,,0.9,0.19,,8.05,,,7,,2.23,,45,385,28.68,240,21.5,77.14,,0.33,59,55,,4400,370,5,,52,49,70,,0.31,,1400,,0.11,0.1,2,1.21,,,6,4,3400,,4,0.5,,,,6,120,,0.2,U 0.2000,2.16,,2,1.65,6,0.64,0.4,,,,0.57,0.17,,,,,,,,,18,5.27,," Hardness Diss :AUTOCALCULATE 2019-03-27 18:00:42 Total N :AUTOCALCULATE 2019-03-27 18:00:44 pH Lab :pH analyzed out of hold time SAR Diss :AUTOCALCULATE 2019-03-27 18:00:44 Ammonia, Unionized :AUTOCALCULATE 2019-03-27 18:00:47 Using 1/2 AMNN Aluminum :LFM out of acceptable limits for this batch DOC :Sample collected in plastic container Aluminum Diss :LFM out of acceptable limits for this batch Analysis DO :Analysis Value from : DO (field or ext)  2026-03-19 18:01:53 Analysis Hardness :Analysis Value from : Hardness Diss  2019-03-27 18:00:48 Analysis pH :Analysis Value from : Field pH  2026-03-19 18:03:49 Analysis TDS :Analysis Value from : Lab Total Dissolved Solids  2019-03-27 18:01:40 Analysis Temp :Analysis Value from : Field Temp  2026-03-19 18:03:08 Analysis SAR :Analysis Value from : SAR Diss  2019-03-27 18:02:10 Analysis Nitrate :Analysis Value from : Nitrate Nitrite  2019-03-27 18:00:48 Narrative - Color, Turbidity, or Other Conditions :Weak turbidity , storm 2 weeks ago",
00872780-0,Nevada Division of Environmental Protection,NV06-SC-41-C_00,Steamboat Creek @ Pleasant Valley &[STBT02Stbt-2],SB3,2017-03-28 09:06:00,0.00,,,10.11,0,0,0,,,0,,0,,,7.96,,,7.7,,,,,,< 0.1000,,,,27,15.91,,,,< 12.0000,,10.4,,200,,88.009,,,1,,,,,< 0.5000,0.28,,8.23,,,5,,0.79,,17,254,9,183,22.5,96.96,457,0.38,21,12,,850,220,0.49,,1.92,1.41,60,,0.42,,30,,0.41,0.5,0.6,0.32,,,3,3,1000,,2,0.53,,,,5,50,,0.7,0.11,3.7,,1,0.77,4.8,U 2.0000,U 2.0000,,,,0.48,0.15,,,,,,,,,4.28,1.67,," Mercury :Sample analyzed by EPA 245.1 method Hardness Diss :AUTOCALCULATE 2019-03-27 18:00:42 Total N :AUTOCALCULATE 2019-03-27 18:00:44 Using 1/2 NandN SAR Diss :AUTOCALCULATE 2019-03-27 18:00:44 Nitrate+Nitrite N :Sample analyzed out of hold time Mercury Diss :Sample analyzed by EPA 245.1 method Ammonia, Unionized :AUTOCALCULATE 2019-03-27 18:00:47 Using 1/2 AMNN Aluminum :LFM out of acceptable limits for this sample DOC :Sample collected in plastic container Aluminum Diss :LFM out of acceptable limits for this batch Analysis DO :Analysis Value from : DO (field or ext)  2026-03-19 18:01:53 Analysis Hardness :Analysis Value from : Hardness Diss  2019-03-27 18:00:48 Analysis pH :Analysis Value from : Field pH  2026-03-19 18:03:49 Analysis TDS :Analysis Value from : Lab Total Dissolved Solids  2019-03-27 18:01:40 Analysis Temp :Analysis Value from : Field Temp  2026-03-19 18:03:08 Analysis SAR :Analysis Value from : SAR Diss  2019-03-27 18:02:10 Analysis Nitrate :Analysis Value from : Nitrate Nitrite  2019-03-27 18:00:48",
00872781-0,Nevada Division of Environmental Protection,NV06-SC-41-C_00,Steamboat Creek @ Rhodes Road,SB5,2017-03-28 09:30:00,0.00,,,10.46,0,0,0,,,0,,0,,,6.89,,,6.7,,,,,,< 0.1000,,,,25,16.08,,,,< 12.0000,,9.19,,100,,83.015,,,0.9,,,,,< 0.5000,0.22,,8.16,,,4.8,,0.76,,16,240,9,170,22.3,87.83,467,0.32,36,15,,1300,450,0.48,,2.81,1.88,60,,0.44,,30,,0.43,0.5,0.73,0.32,,,5,2,1400,,2,0.86,,,,5,70,,0.7,0.13,3,,1.11,0.94,4.6,U 2.0000,U 2.0000,,,,0.5,0.12,,,,,,,,,6.58,3.36,," Mercury :Sample analyzed using EPA 245.1 method Hardness Diss :AUTOCALCULATE 2019-03-27 18:00:42 Total N :AUTOCALCULATE 2019-03-27 18:00:44 Using 1/2 NandN SAR Diss :AUTOCALCULATE 2019-03-27 18:00:44 Nitrate+Nitrite N :Sample analyzed out of hold time Mercury Diss :Sample analyzed using EPA 245.1 method Ammonia, Unionized :AUTOCALCULATE 2019-03-27 18:00:47 Using 1/2 AMNN Aluminum :LFM out of acceptable limits for this batch DOC :Sample collected in plastic container Aluminum Diss :LFM out of acceptable limits for this batch Analysis DO :Analysis Value from : DO (field or ext)  2026-03-19 18:01:53 Analysis Hardness :Analysis Value from : Hardness Diss  2019-03-27 18:00:48 Analysis pH :Analysis Value from : Field pH  2026-03-19 18:03:49 Analysis TDS :Analysis Value from : Lab Total Dissolved Solids  2019-03-27 18:01:40 Analysis Temp :Analysis Value from : Field Temp  2026-03-19 18:03:08 Analysis SAR :Analysis Value from : SAR Diss  2019-03-27 18:02:10 Analysis Nitrate :Analysis Value from : Nitrate Nitrite  2019-03-27 18:00:48",
00872782-0,Nevada Division of Environmental Protection,NV06-SC-42-D_00,Steamboat Creek @ Geiger Grade,SB7,2017-03-28 10:00:00,0.00,,,10.67,0,0,0,,,1,,0,,,7.87,,,6.4,,,,,,< 0.1000,,,,27,18.31,,,,< 12.0000,,9.1,,200,,92.127,,,0.9,,,,,< 0.5000,0.21,,8.19,,,5,,0.86,,19,259,13.84,188,22.5,90.63,379,0.31,42,19,,1500,400,1.07,,14,12,60,,0.09,,100,,0.53,0.52,0.89,0.25,,,4,2,1700,,2,0.84,,,,6,70,,0.8,0.14,2.56,,1.13,0.81,5,U 2.0000,0.85,,,,0.49,< 1.0000,,,,,,,,,8.82,2.51,," Mercury :Sample analyzed using EPA 245.1 method Hardness Diss :AUTOCALCULATE 2019-03-27 18:00:42 Total N :AUTOCALCULATE 2019-03-27 18:00:44 Using 1/2 NandN SAR Diss :AUTOCALCULATE 2019-03-27 18:00:44 Nitrate+Nitrite N :Sample analyzed out of hold time Mercury Diss :Sample analyzed using EPA 245.1 method Narrative - Odor :Faint sulfur smell Ammonia, Unionized :AUTOCALCULATE 2019-03-27 18:00:47 Using 1/2 AMNN Aluminum :LFM out of acceptable limits for this batch DOC :Sample collected in plastic container Aluminum Diss :LFM out of acceptable limits for this batch Analysis DO :Analysis Value from : DO (field or ext)  2026-03-19 18:01:53 Analysis Hardness :Analysis Value from : Hardness Diss  2019-03-27 18:00:48 Analysis pH :Analysis Value from : Field pH  2026-03-19 18:03:49 Analysis TDS :Analysis Value from : Lab Total Dissolved Solids  2019-03-27 18:01:40 Analysis Temp :Analysis Value from : Field Temp  2026-03-19 18:03:08 Analysis SAR :Analysis Value from : SAR Diss  2019-03-27 18:02:10 Analysis Nitrate :Analysis Value from : Nitrate Nitrite  2019-03-27 18:00:48",
00872901-0,Nevada Division of Environmental Protection,NV06-SC-41-C_00,Steamboat Creek @ Pleasant Valley &[STBT02Stbt-2],SB3,2017-07-25 08:05:00,0.00,,,7.4,0,0,0,,,0,,0,,,7.66,,,20.8,,,,,,< 0.1000,,,,,10.57,,,,< 12.0000,,,,210,,,,,1.4,,,,,< 0.5000,0.27,,8.33,,,,,,,,259,4.83,154,22.7,113.24,12033,0.49,27.8,14,,,,,,,,,,,,,,,,,,,,,,,,,,,,,,,,,,,,,,,,,,,,,,,,,,,,,,,, High Flow," Total N :AUTOCALCULATE 2019-03-27 18:00:44 Using 1/2 NandN pH Lab :pH analyzed out of hold time Nitrate+Nitrite N :Sample analyzed out of hold time Ammonia, Unionized :AUTOCALCULATE 2019-03-27 18:00:47 Using 1/2 AMNN Analysis DO :Analysis Value from : DO (field or ext)  2026-03-19 18:01:53 Analysis pH :Analysis Value from : Field pH  2026-03-19 18:03:49 Analysis TDS :Analysis Value from : Lab Total Dissolved Solids  2019-03-27 18:01:40 Analysis Temp :Analysis Value from : Field Temp  2026-03-19 18:03:08 Analysis Nitrate :Analysis Value from : Nitrate Nitrite  2019-03-27 18:00:48",
00872902-0,Nevada Division of Environmental Protection,NV06-SC-41-C_00,Steamboat Creek @ Rhodes Road,SB5,2017-07-25 08:30:00,0.00,,,7.91,0,0,0,,,0,,0,,,8.42,,,17.3,,,,,,< 0.1000,,,,,11,,,,< 12.0000,,,,100,,,,,0.9,,,,,< 0.5000,0.17,,8.19,,,,,,,,205,4.2,134,22.9,86.91,14136,0.31,25,12,,,,,,,,,,,,,,,,,,,,,,,,,,,,,,,,,,,,,,,,,,,,,,,,,,,,,,,, High Flow. Ditch is also flowing," Total N :AUTOCALCULATE 2019-03-27 18:00:44 Using 1/2 NandN pH Lab :pH analyzed out of hold time Nitrate+Nitrite N :Sample analyzed out of hold time Ammonia, Unionized :AUTOCALCULATE 2019-03-27 18:00:47 Using 1/2 AMNN Analysis DO :Analysis Value from : DO (field or ext)  2026-03-19 18:01:53 Analysis pH :Analysis Value from : Field pH  2026-03-19 18:03:49 Analysis TDS :Analysis Value from : Lab Total Dissolved Solids  2019-03-27 18:01:40 Analysis Temp :Analysis Value from : Field Temp  2026-03-19 18:03:08 Analysis Nitrate :Analysis Value from : Nitrate Nitrite  2019-03-27 18:00:48",
00872903-0,Nevada Division of Environmental Protection,NV06-SC-42-D_00,Steamboat Creek @ Geiger Grade,SB7,2017-07-25 08:55:00,0.00,,,8.19,0,0,0,,,0,,0,,,7.79,,,17.5,,,,,,< 0.1000,,,,,12.92,,,,< 12.0000,,,,100,,,,,0.8,,,,,< 0.5000,0.17,,8.22,,,,,,,,215,5,133,23.1,84.19,11199,0.3,26.6,10,,,,,,,,,,,,,,,,,,,,,,,,,,,,,,,,,,,,,,,,,,,,,,,,,,,,,,,, High flow. Lounge chair gone. Replicate sample collected here," Total N :AUTOCALCULATE 2019-03-27 18:00:44 Using 1/2 NandN pH Lab :pH analyzed out of hold time Nitrate+Nitrite N :Sample analyzed out of hold time Ammonia, Unionized :AUTOCALCULATE 2019-03-27 18:00:47 Using 1/2 AMNN Analysis DO :Analysis Value from : DO (field or ext)  2026-03-19 18:01:53 Analysis pH :Analysis Value from : Field pH  2026-03-19 18:03:49 Analysis TDS :Analysis Value from : Lab Total Dissolved Solids  2019-03-27 18:01:40 Analysis Temp :Analysis Value from : Field Temp  2026-03-19 18:03:08 Analysis Nitrate :Analysis Value from : Nitrate Nitrite  2019-03-27 18:00:48",
00872929-0,Nevada Division of Environmental Protection,NV06-SC-41-C_00,Steamboat Creek @ Pleasant Valley &[STBT02Stbt-2],SB3,2017-12-12 09:38:00,0.00,,,11.33,0,0,0,,,0,,0,,,8.49,,,3.6,,,,,,< 0.1000,,,,37,18.21,,,,< 12.0000,,10.3,,300,,125.333,,,1.7,,,,,< 0.5000,0.19,,8.35,,,6,,1.01,,26,373,10,243,19.6,159.52,487,0.46,20.3,20,,420,120,0.47,,2.31,2.81,70,,U 2.0000,,50,,0.22,0.21,0.78,0.7,,,1.69,1.23,900,,1,0.55,,,,8,150,,0.2,0.06,3.87,,1.01,0.88,6,U 2.0000,U 2.0000,,,,0.19,0.1,,,,,,,,,3.43,4.64,," Mercury :Sample analyzed by using EPA 245.1 method Hardness Diss :AUTOCALCULATE 2019-03-27 18:00:42 Total N :AUTOCALCULATE 2019-03-27 18:00:44 Using 1/2 NandN pH Lab :pH analyzed out of hold time SAR Diss :AUTOCALCULATE 2019-03-27 18:00:44 Nitrate+Nitrite N :Sample analyzed out of hold time Mercury Diss :Sample analyzed by using EPA 245.1 method Ammonia, Unionized :AUTOCALCULATE 2019-03-27 18:00:47 Using 1/2 AMNN Aluminum :LFM out of acceptable limits for this sample DOC :Samples collected in plastic contianers Aluminum Diss :LFM out of acceptable limits for this batch Analysis DO :Analysis Value from : DO (field or ext)  2026-03-19 18:01:53 Analysis Hardness :Analysis Value from : Hardness Diss  2019-03-27 18:00:48 Analysis pH :Analysis Value from : Field pH  2026-03-19 18:03:49 Analysis TDS :Analysis Value from : Lab Total Dissolved Solids  2019-03-27 18:01:40 Analysis Temp :Analysis Value from : Field Temp  2026-03-19 18:03:08 Analysis SAR :Analysis Value from : SAR Diss  2019-03-27 18:02:10",
00872930-0,Nevada Division of Environmental Protection,NV06-SC-41-C_00,Steamboat Creek @ Rhodes Road,SB5,2017-12-12 10:00:00,0.00,,,11.81,0,0,0,,,0,,0,,,6.84,,,1.9,,,,,,< 0.1000,,,,32,18.05,,,,< 12.0000,,8.3,,200,,112.848,,,1.3,,,,,< 0.5000,0.12,,8.25,,,5,,0.9,,22,333,10,216,19.8,136.45,414,0.32,17.4,16,,370,U 50.0000,0.43,,2.79,3,60,,0.06,,40,,0.22,0.21,0.69,0.81,,,1.46,1.17,860,,1,0.22,,,,8,130,,0.2,U 0.2000,3.22,,0.92,0.75,5,U 2.0000,U 2.0000,,,,0.17,0.1,,,,,,,,,4.06,4.7, Replicate taken here," Mercury :Sample analyzed by using EPA 245.1 method Hardness Diss :AUTOCALCULATE 2019-03-27 18:00:42 Total N :AUTOCALCULATE 2019-03-27 18:00:44 Using 1/2 NandN pH Lab :pH analyzed out of hold time SAR Diss :AUTOCALCULATE 2019-03-27 18:00:44 Nitrate+Nitrite N :Sample analyzed out of hold time Mercury Diss :Sample analyzed by using EPA 245.1 method Ammonia, Unionized :AUTOCALCULATE 2019-03-27 18:00:47 Using 1/2 AMNN Aluminum :LFM out of acceptable limits for this batch DOC :Samples collected in plastic contianers Aluminum Diss :LFM out of acceptable limits for this batch Analysis DO :Analysis Value from : DO (field or ext)  2026-03-19 18:01:53 Analysis Hardness :Analysis Value from : Hardness Diss  2019-03-27 18:00:48 Analysis pH :Analysis Value from : Field pH  2026-03-19 18:03:49 Analysis TDS :Analysis Value from : Lab Total Dissolved Solids  2019-03-27 18:01:40 Analysis Temp :Analysis Value from : Field Temp  2026-03-19 18:03:08 Analysis SAR :Analysis Value from : SAR Diss  2019-03-27 18:02:10 Analysis Nitrate :Analysis Value from : Nitrate Nitrite  2019-03-27 18:00:48",
00872931-0,Nevada Division of Environmental Protection,NV06-SC-42-D_00,Steamboat Creek @ Geiger Grade,SB7,2017-12-12 10:30:00,0.00,,,11.86,0,0,0,,,0,,0,,,7.97,,,2.2,,,,,,< 0.1000,,,,31,24.49,,,,< 12.0000,,8.07,,200,,110.351,,,1.2,,,,,< 0.5000,0.12,,8.23,,,6,,1.12,,27,360,11.87,234,20.1,136.4,578,0.3,15.5,18,,430,60,1.75,,27,24,70,,U 2.0000,,300,,0.22,0.47,0.73,0.58,,,1.52,0.38,930,,1,0.33,,,,8,130,,0.17,< 0.2000,3.15,,0.91,0.96,5,U 2.0000,U 2.0000,,,,0.35,0.09,,,,,,,,,4.32,2.99,," Mercury :Sample analyzed by using EPA 245.1 method Hardness Diss :AUTOCALCULATE 2019-03-27 18:00:42 Total N :AUTOCALCULATE 2019-03-27 18:00:44 Using 1/2 NandN pH Lab :pH analyzed out of hold time SAR Diss :AUTOCALCULATE 2019-03-27 18:00:44 Nitrate+Nitrite N :Sample analyzed out of hold time Mercury Diss :Sample analyzed by using EPA 245.1 method Ammonia, Unionized :AUTOCALCULATE 2019-03-27 18:00:47 Using 1/2 AMNN Aluminum :LFM out of acceptable limits for this batch DOC :Samples collected in plastic contianers Aluminum Diss :LFM out of acceptable limits for this batch Analysis DO :Analysis Value from : DO (field or ext)  2026-03-19 18:01:53 Analysis Hardness :Analysis Value from : Hardness Diss  2019-03-27 18:00:48 Analysis pH :Analysis Value from : Field pH  2026-03-19 18:03:49 Analysis TDS :Analysis Value from : Lab Total Dissolved Solids  2019-03-27 18:01:40 Analysis Temp :Analysis Value from : Field Temp  2026-03-19 18:03:08 Analysis SAR :Analysis Value from : SAR Diss  2019-03-27 18:02:10 Analysis Nitrate :Analysis Value from : Nitrate Nitrite  2019-03-27 18:00:48",
07681692-0,Nevada Division of Environmental Protection,NV06-SC-41-C_00,Steamboat Creek @ Pleasant Valley &[STBT02Stbt-2],SB3,2018-04-25 08:00:00,0.00,,,8.6,1,0,0,,,0,,0,,,8.49,,,13.6,,,,,,< 0.1000,,,,28,17.72,,,,< 12.0000,,9.44,,300,,94.624,,,2,,,,,< 0.5000,0.33,,8.4,,,6,,1.21,,27,343,10.64,250,24.5,142.54,862,0.63,90.7,90,,2600,U 50.0000,0.56,,4,2.79,80,,0.09,,60,,0.12,0.08,1.45,0.43,,,5,2,3500,,5,U 1.0000,,,,6,130,,0.7,U 0.2000,4.26,,1.66,0.91,6,U 2.0000,U 2.0000,,,,0.28,0.25,,,,,,,,,17,U 10.0000, High Flow," Mercury :Mercury analyzed by EPA 245.1 method Hardness Diss :AUTOCALCULATE 2020-11-11 18:00:38 Total N :AUTOCALCULATE 2020-11-11 18:00:40 Using 1/2 NandN pH Lab :pH analyzed out of hold time SAR Diss :AUTOCALCULATE 2020-11-11 18:00:40 Iron :LFM out of acceptable limits for this sample Nitrate+Nitrite N :Sample analyzed out of hold time Mercury Diss :Mercury analyzed by EPA 245.1 method Ammonia, Unionized :AUTOCALCULATE 2020-11-11 18:00:43 Using 1/2 AMNN Aluminum :LFM out of acceptable limits for this sample DOC :Filtered at collection by NDEP Aluminum Diss :LFM out of acceptable limits for this batch Analysis DO :Analysis Value from : DO (field or ext)  2026-03-19 18:01:53 Analysis Hardness :Analysis Value from : Hardness Diss  2020-11-11 18:00:44 Analysis pH :Analysis Value from : Field pH  2026-03-19 18:03:49 Analysis TDS :Analysis Value from : Lab Total Dissolved Solids  2020-11-11 18:01:34 Analysis Temp :Analysis Value from : Field Temp  2026-03-19 18:03:08 Analysis SAR :Analysis Value from : SAR Diss  2020-11-11 18:02:06 Analysis Nitrate :Analysis Value from : Nitrate Nitrite  2020-11-11 18:00:44 Narrative - Color, Turbidity, or Other Conditions :Brown Ugly Water",
07681693-0,Nevada Division of Environmental Protection,NV06-SC-41-C_00,Steamboat Creek @ Rhodes Road,SB5,2018-04-25 08:25:00,0.00,,,8.87,1,0,0,,,0,,0,,,8.2,,,11.7,,,,,,< 0.1000,,,,27,17.81,,,,< 12.0000,,8.49,,300,,92.127,,,1.6,,,,,< 0.5000,0.26,,8.32,,,6,,1.13,,25,327,10,230,25.5,130.42,3076,0.52,65,70,,2300,45,0.52,,4,2.8,80,,0.06,,50,,0.11,0.08,1.25,0.49,,,5,1.41,3100,,4,0.15,,,,6,130,,0.6,U 0.2000,3.8,,1.49,0.89,5,U 2.0000,U 2.0000,,,,0.28,0.25,,,,,,,,,15,1.13, High Flow," Mercury :Mercury analyzed by EPA 245.1 method Hardness Diss :AUTOCALCULATE 2020-11-11 18:00:38 Total N :AUTOCALCULATE 2020-11-11 18:00:40 Using 1/2 NandN pH Lab :pH analyzed out of hold time SAR Diss :AUTOCALCULATE 2020-11-11 18:00:40 Iron :LFM out of acceptable limits for this batch Nitrate+Nitrite N :Sample analyzed out of hold time Mercury Diss :Mercury analyzed by EPA 245.1 method Ammonia, Unionized :AUTOCALCULATE 2020-11-11 18:00:43 Using 1/2 AMNN Aluminum :LFM out of acceptable limits for this batch DOC :Filtered at collection by NDEP Aluminum Diss :LFM out of acceptable limits for this batch Analysis DO :Analysis Value from : DO (field or ext)  2026-03-19 18:01:53 Analysis Hardness :Analysis Value from : Hardness Diss  2020-11-11 18:00:44 Analysis pH :Analysis Value from : Field pH  2026-03-19 18:03:49 Analysis TDS :Analysis Value from : Lab Total Dissolved Solids  2020-11-11 18:01:34 Analysis Temp :Analysis Value from : Field Temp  2026-03-19 18:03:08 Analysis SAR :Analysis Value from : SAR Diss  2020-11-11 18:02:06 Analysis Nitrate :Analysis Value from : Nitrate Nitrite  2020-11-11 18:00:44 Narrative - Color, Turbidity, or Other Conditions :Brown Water",
07681694-0,Nevada Division of Environmental Protection,NV06-SC-42-D_00,Steamboat Creek @ Geiger Grade,SB7,2018-04-25 08:50:00,0.00,,,9.1,1,0,0,,,0,,0,,,8.23,,,11.8,,,,,,< 0.1000,,,,27,20.73,,,,< 12.0000,,8.57,,300,,96.245,,,1.5,,,,,< 0.5000,0.26,,8.34,,,6,,1.2,,27,343,10.65,251,25.3,131.96,4106,0.52,69,80,,2400,100,1.45,,17,15,80,,0.09,,200,,0.12,0.31,1.45,0.87,,,5,1.41,3200,,4,0.32,,,,7,130,,0.8,U 0.2000,3.65,,1.57,0.95,6,U 2.0000,U 2.0000,,,,0.47,0.2,,,,,,,,,16,2.17, Rep taken here High Flow," Mercury :Mercury analyzed by EPA 245.1 method Hardness Diss :AUTOCALCULATE 2020-11-11 18:00:38 Total N :AUTOCALCULATE 2020-11-11 18:00:40 Using 1/2 NandN pH Lab :pH analyzed out of hold time SAR Diss :AUTOCALCULATE 2020-11-11 18:00:40 Iron :LFM out of acceptable limits for this batch Nitrate+Nitrite N :Sample analyzed out of hold time Mercury Diss :Mercury analyzed by EPA 245.1 method Ammonia, Unionized :AUTOCALCULATE 2020-11-11 18:00:43 Using 1/2 AMNN Aluminum :LFM out of acceptable limits for this batch DOC :Filtered at collection by NDEP Aluminum Diss :LFM out of acceptable limits for this batch Analysis DO :Analysis Value from : DO (field or ext)  2026-03-19 18:01:53 Analysis Hardness :Analysis Value from : Hardness Diss  2020-11-11 18:00:44 Analysis pH :Analysis Value from : Field pH  2026-03-19 18:03:49 Analysis TDS :Analysis Value from : Lab Total Dissolved Solids  2020-11-11 18:01:34 Analysis Temp :Analysis Value from : Field Temp  2026-03-19 18:03:08 Analysis SAR :Analysis Value from : SAR Diss  2020-11-11 18:02:06 Analysis Nitrate :Analysis Value from : Nitrate Nitrite  2020-11-11 18:00:44 Narrative - Color, Turbidity, or Other Conditions :Brown Water",
12055139-0,Nevada Division of Environmental Protection,NV06-SC-42-D_00,Steamboat Creek @ Geiger Grade,SB7,2016-06-06 10:06:00,0.00,,,,,,,,,,,,,,,,,,,,,,,,,,,,,,,,,,,,,,,,,,,,,,,,,,,,,,,,,,,,,,5475,,,,,,,,,,,,,,,,,,,,,,,,,,,,,,,,,,,,,,,,,,,,,,,,,,,,,,,,,,,,,
12055143-0,Nevada Division of Environmental Protection,NV06-SC-54-B_00,Whites Creek above Thomas Creek Road &[WC-11],STBT03Whites-2,2016-08-17 11:00:00,0.00,,,,,,,,,,,,,,,,,,,,,,,< 0.1000,,,,8,0.41,,,,< 12.0000,,< 1.0000,,40,,26.565,,,< 0.2000,,,,,< 0.5000,0.01,,7.87,,,1.2,,0.28,,3.3,74,8,61,24,28.6,2613,0.04,12,5.1,,570,110,0.22,,0.69,0.42,14,,U 2.0000,,< 100.0000,,0.27,0.26,0.53,0.38,,,1.61,0.81,590,,0.24,0.15,,,,1.6,20,,U 0.2000,U 0.2000,1.3,,0.71,0.44,1.1,U 2.0000,U 2.0000,,,,0.3,0.08,,,,,,,,,1.88,1.19,, Mercury :Sample analyzed by EPA 245.1 Hardness Diss :AUTOCALCULATE 2019-03-07 13:29:25 Total N :AUTOCALCULATE 2018-08-30 18:00:30 Using 1/2 KJN Using 1/2 NandN SAR Diss :AUTOCALCULATE 2018-10-10 18:00:49 Nitrate+Nitrite N :Sample analyzed out of hold time Mercury Diss :Sample analyzed by EPA 245.1 DOC :Sample collected in plastic container. Sample should be collected in glass container. Analysis Hardness :Analysis Value from : Hardness Diss  2019-03-07 13:57:45 Analysis TDS :Analysis Value from : Lab Total Dissolved Solids  2018-09-02 18:01:16 Analysis SAR :Analysis Value from : SAR Diss  2018-10-10 18:02:15 Analysis Nitrate :Analysis Value from : Nitrate Nitrite  2018-09-02 18:00:26,
12055145-0,Nevada Division of Environmental Protection,NV06-SC-56-B_00,Thomas Creek above Arrowhead Parkway &[TC111],STBT03Thomas-4,2016-08-18 10:00:00,0.00,,,,,,,,,,,,,,,,,,,,,,,,,,,,,,,,,,,,,,,,,,,,,,,,,,,,,,,,,,,,,,3448,,,,,,,,,,,,,,,,,,,,,,,,,,,,,,,,,,,,,,,,,,,,,,,,,,,,,,,,,,,,,
12055146-0,Nevada Division of Environmental Protection,NV06-SC-56-B_00,Thomas Creek above Arrowhead Parkway &[TC111],STBT03Thomas-4,2016-08-18 11:00:00,0.00,,,,,,,,,,,,,,,,,,,,,,,< 0.1000,,,,10,0.54,,,,< 12.0000,,2.4,,40,,38.971,,,0.4,,,,,< 0.5000,0.07,,8.06,,,3.1,,0.42,,6,102,U 5.0000,91,22.8,52.09,,0.06,16,9.7,,560,60,0.22,,0.9,0.77,60,,U 2.0000,,< 100.0000,,0.26,0.26,0.63,0.35,,,0.93,0.91,800,,0.36,0.14,,,,3.4,40,,U 0.2000,U 0.2000,0.65,,0.61,0.45,3.1,U 2.0000,U 2.0000,,,,0.3,0.08,,,,,,,,,2.68,1.52,, Mercury :Sample analyzed by EPA 245.1 Hardness Diss :AUTOCALCULATE 2019-03-07 13:29:25 Total N :AUTOCALCULATE 2018-08-30 18:00:30 Using 1/2 NandN pH Lab :pH analyzed out of hold time SAR Diss :AUTOCALCULATE 2018-10-10 18:00:49 Mercury Diss :Sample analyzed by EPA 245.1 DOC :Sample collected in plastic container. Sample should be collected in glass container. Analysis Hardness :Analysis Value from : Hardness Diss  2019-03-07 13:57:45 Analysis TDS :Analysis Value from : Lab Total Dissolved Solids  2018-09-02 18:01:16 Analysis SAR :Analysis Value from : SAR Diss  2018-10-10 18:02:15 Analysis Nitrate :Analysis Value from : Nitrate Nitrite  2018-09-02 18:00:26,
12592933-0,Nevada Division of Environmental Protection,NV06-SC-41-C_00,Steamboat Creek @ Pleasant Valley &[STBT02Stbt-2],SB3,2015-01-20 08:55:00,0.00,,,,,,,,,,,,,,,,,,,,,,,< 0.1000,,,,20,12.51,,,,< 12.0000,,1.8,,100,,87.002,,,< 0.2000,,,,,< 0.5000,0.06,,8.17,,,4.6,,0.98,,21,259,1.72,182,18.1,126.65,798,0.12,< 10.0000,2.7,,,,0.22,,1.92,1.6,50,,0.08,,30,,0.15,0.14,1.09,0.84,,,1.22,1.17,380,,0.76,0.32,,,,9,40,,U 0.2000,U 0.2000,4.54,,2,2,4.3,0.77,0.66,,,,U 2.0000,0.26,,,,,,,,,3.27,3.97,, Hardness Diss :AUTOCALCULATE 2019-03-07 13:29:25 Total N :AUTOCALCULATE 2018-10-02 18:00:23 Using 1/2 KJN Using 1/2 NandN pH Lab :pH analyzed out of hold time SAR Diss :AUTOCALCULATE 2018-10-10 18:00:49 Nitrate+Nitrite N :Sample analyzed out of hold time Analysis Hardness :Analysis Value from : Hardness Diss  2019-03-07 13:57:45 Analysis TDS :Analysis Value from : Lab Total Dissolved Solids  2018-10-02 18:01:19 Analysis SAR :Analysis Value from : SAR Diss  2018-10-10 18:02:15 Analysis Nitrate :Analysis Value from : Nitrate Nitrite  2018-10-02 18:00:27,
12592934-0,Nevada Division of Environmental Protection,NV06-SC-41-C_00,Steamboat Creek @ Pleasant Valley &[STBT02Stbt-2],SB3,2015-04-20 08:45:00,0.00,,,,,,,,,,,,,,,,,,,,,,,< 0.1000,,,,23,15.64,,,,< 12.0000,,2.6,,300,,94.493,,,0.4,,,,,< 0.5000,0.06,,8.03,,,5,,0.9,,20,269,2.66,194,22.8,130.71,4611,0.12,14,7.4,,,,0.21,,2.53,1.75,60,,U 2.0000,,30,,0.3,0.41,0.95,0.75,,,1.84,1.62,900,,2,U 1.0000,,,,9,80,,0.2,0.06,3.9,,1.12,1.19,4.9,U 2.0000,U 2.0000,,,,U 2.0000,0.08,,,,,,,,,4.55,1.64,, Hardness Diss :AUTOCALCULATE 2019-03-07 13:29:25 Total N :AUTOCALCULATE 2018-10-02 18:00:23 Using 1/2 NandN pH Lab :pH analyzed out of hold time SAR Diss :AUTOCALCULATE 2018-10-10 18:00:49 SpC Lab :umhos/cm Analysis Hardness :Analysis Value from : Hardness Diss  2019-03-07 13:57:45 Analysis TDS :Analysis Value from : Lab Total Dissolved Solids  2018-10-02 18:01:19 Analysis SAR :Analysis Value from : SAR Diss  2018-10-10 18:02:15 Analysis Nitrate :Analysis Value from : Nitrate Nitrite  2018-10-02 18:00:27,
12592935-0,Nevada Division of Environmental Protection,NV06-SC-41-C_00,Steamboat Creek @ Pleasant Valley &[STBT02Stbt-2],SB3,2015-09-28 09:20:00,0.00,,,,,,,,,,,,,,,,,,,,,,,,,,,26,,,,,,,2.8,,,,110.220,,,,,,,,,,,,,,5,,0.99,,24,,,,,,2481,,,,,,,0.18,,2.69,1.72,100,,0.07,,40,,0.14,0.11,1.05,0.38,,,3,0.97,1900,,2,U 1.0000,,,,11,140,,U 0.2000,U 0.2000,4.41,,2,1.66,5,U 2.0000,U 2.0000,,,,U 2.0000,0.06,,,,,,,,,8.69,2.55,, Hardness Diss :AUTOCALCULATE 2019-03-07 13:29:25 SAR Diss :AUTOCALCULATE 2018-10-10 18:00:49 Analysis Hardness :Analysis Value from : Hardness Diss  2019-03-07 13:57:45 Analysis SAR :Analysis Value from : SAR Diss  2018-10-10 18:02:15,
12592936-0,Nevada Division of Environmental Protection,NV06-SC-41-C_00,Steamboat Creek @ Pleasant Valley &[STBT02Stbt-2],SB3,2015-09-28 09:30:00,0.00,,,,,,,,,,,,,,,,,,,,,,,< 0.1000,,,,,5,,,,< 12.0000,,,,300,,,,,0.8,,,,,< 0.5000,0.05,,8.23,,,,,,,,331,3.61,222,22.6,179.95,,0.18,37,18,,,,,,,,,,,,,,,,,,,,,,,,,,,,,,,,,,,,,,,,,,,,,,,,,,,,,,,,, Total N :AUTOCALCULATE 2018-10-02 18:00:23 Using 1/2 NandN pH Lab :Unit Hydroxide :mg/L Nitrate+Nitrite N :Sample analyzed out of hold time CO3 as CO3 :mg/L Temp Lab :C SpC Lab :umhos/cm Bicarbonate :mg/L Analysis TDS :Analysis Value from : Lab Total Dissolved Solids  2018-10-02 18:01:19 Total Alkalinity as CaCO3 :mg/L Analysis Nitrate :Analysis Value from : Nitrate Nitrite  2018-10-02 18:00:27,
12592937-0,Nevada Division of Environmental Protection,NV06-SC-41-C_00,Steamboat Creek @ Rhodes Road,SB5,2015-01-20 09:15:00,0.00,,,,,,,,,,,,,,,,,,,,,,,< 0.1000,,,,31,21.21,,,,< 12.0000,,2.7,,70,,122.705,,,0.2,,,,,< 0.5000,0.06,,8.07,,,6,,1.06,,27,374,19.49,230,18.3,149.86,336,0.16,< 10.0000,2.6,,,,0.23,,6,4,70,,0.07,,50,,0.15,0.14,0.32,0.62,,,2,1.15,800,,0.31,0.27,,,,11,160,,U 0.2000,U 0.2000,4.18,,4,4,6,0.56,0.68,,,,U 2.0000,0.07,,,,,,,,,4.51,7.14,, Hardness Diss :AUTOCALCULATE 2019-03-07 13:29:25 Total N :AUTOCALCULATE 2018-10-02 18:00:23 Using 1/2 NandN pH Lab :pH analyzed out of hold time SAR Diss :AUTOCALCULATE 2018-10-10 18:00:49 Nitrate+Nitrite N :Sample analyzed out of hold time Analysis Hardness :Analysis Value from : Hardness Diss  2019-03-07 13:57:45 Analysis TDS :Analysis Value from : Lab Total Dissolved Solids  2018-10-02 18:01:19 Analysis SAR :Analysis Value from : SAR Diss  2018-10-10 18:02:15 Analysis Nitrate :Analysis Value from : Nitrate Nitrite  2018-10-02 18:00:27,
12592938-0,Nevada Division of Environmental Protection,NV06-SC-41-C_00,Steamboat Creek @ Rhodes Road,SB5,2015-04-20 09:10:00,0.00,,,,,,,,,,,,,,,,,,,,,,,< 0.1000,,,,36,27.95,,,,< 12.0000,,3.4,,300,,139.308,,,0.3,,,,,< 0.5000,0.05,,7.87,,,6,,1.18,,32,421,20.02,276,22.8,170.34,1483,0.12,< 10.0000,2.7,,,,0.19,,6,4,80,,U 2.0000,,50,,0.27,0.41,0.82,0.74,,,1.54,2,680,,0.4,U 1.0000,,,,12,110,,0.08,0.04,4.34,,1.99,2,6,0.5,0.38,,,,U 2.0000,0.08,,,,,,,,,2.5,2.21,, Hardness Diss :AUTOCALCULATE 2019-03-07 13:29:25 Total N :AUTOCALCULATE 2018-10-02 18:00:23 Using 1/2 NandN pH Lab :pH analyzed out of hold time SAR Diss :AUTOCALCULATE 2018-10-10 18:00:49 Analysis Hardness :Analysis Value from : Hardness Diss  2019-03-07 13:57:45 Analysis TDS :Analysis Value from : Lab Total Dissolved Solids  2018-10-02 18:01:19 Analysis SAR :Analysis Value from : SAR Diss  2018-10-10 18:02:15 Total Alkalinity as CaCO3 :mg/L Analysis Nitrate :Analysis Value from : Nitrate Nitrite  2018-10-02 18:00:27,
12592952-0,Nevada Division of Environmental Protection,NV06-SC-54-B_00,Whites Creek above Thomas Creek Road &[WC-11],STBT03Whites-2,2015-05-26 11:02:00,0.00,,,,,,,,,,,,,,,,,,,,,,,< 0.1000,,,,7,1.35,,,,< 12.0000,63,,,200,,24.068,,,0.4,,,,,< 0.5000,0.01,,7.68,,,1.3,,0.28,,3.2,66,8,63,22.1,29.82,,0.07,20,9.9,,,,0.16,,1.05,0.67,19,,U 2.0000,,30,,U 1.0000,U 1.0000,0.94,0.63,,,2,1.73,990,,0.32,0.14,,,,1.6,30,,U 0.2000,U 0.2000,1.28,,1.07,0.91,1.2,U 2.0000,U 2.0000,,,,U 2.0000,0.05,,,,,,,,,2.26,1.01,, Mercury :ercury analyzed by: Hardness Diss :AUTOCALCULATE 2019-03-07 13:29:25 Total N :AUTOCALCULATE 2018-10-02 18:00:23 Using 1/2 NandN SAR Diss :AUTOCALCULATE 2018-10-10 18:00:49 Nitrate+Nitrite N :Sample analyzed out of hold time Mercury Diss :ercury analyzed by: Kjeldahl N :LFM out of acceptable limits for this batch SpC Lab :umhos/cm Analysis Hardness :Analysis Value from : Hardness Diss  2019-03-07 13:57:45 Analysis TDS :Analysis Value from : Lab Total Dissolved Solids  2018-10-02 18:01:19 Analysis SAR :Analysis Value from : SAR Diss  2018-10-10 18:02:15 Analysis Nitrate :Analysis Value from : Nitrate Nitrite  2018-10-02 18:00:27,
12592953-0,Nevada Division of Environmental Protection,NV06-SC-54-B_00,Whites Creek above Thomas Creek Road &[WC-11],STBT03Whites-2,2015-05-26 11:07:00,0.00,,,,,,,,,,,,,,,,,,,,,,,,,,,,,,,,,,,,,,,,,,,,,,,,,,,,,,,,,,,,,,121,,,,,,,,,,,,,,,,,,,,,,,,,,,,,,,,,,,,,,,,,,,,,,,,,,,,,,,,,,,,,
12592954-0,Nevada Division of Environmental Protection,NV06-SC-54-B_00,North Fork Whites Creek @ Arrow Creek Parkway,SB42,2015-01-20 08:55:00,0.00,,,,,,,,,,,,,,,,,,,,,,,,,,,,,,,,,,,,,,,,,,,,,,,,,,,,,,,,,,,,,,109,,,,,,,,,,,,,,,,,,,,,,,,,,,,,,,,,,,,,,,,,,,,,,,,,,,,,,,,,,,,,
12592955-0,Nevada Division of Environmental Protection,NV06-SC-54-B_00,North Fork Whites Creek @ Arrow Creek Parkway,SB42,2015-01-20 10:35:00,0.00,,,,,,,,,,,,,,,,,,,,,,,< 0.1000,,,,8,0.36,,,,< 12.0000,,1.1,,U 100.0000,,27.388,,,< 0.2000,,,,,< 0.5000,< 0.0100,,7.83,,,1.5,,0.29,,3.5,76,9,65,18.8,29.38,,0.03,< 10.0000,0.8,,,,0.09,,0.53,U 3.0000,U 20.0000,,0.07,,U 100.0000,,0.11,0.15,0.1,0.49,,,0.63,1.05,110,,U 1.0000,0.37,,,,1.8,U 20.0000,,U 0.2000,U 0.2000,1.31,,1.35,1.59,1.4,0.54,0.44,,,,U 2.0000,U 1.0000,,,,,,,,,2.01,2.36,, Hardness Diss :AUTOCALCULATE 2019-03-07 13:29:25 Total N :AUTOCALCULATE 2018-10-02 18:00:23 Using 1/2 KJN Using 1/2 NandN pH Lab :pH analyzed out of hold time SAR Diss :AUTOCALCULATE 2018-10-10 18:00:49 Nitrate+Nitrite N :Sample analyzed out of hold time Analysis Hardness :Analysis Value from : Hardness Diss  2019-03-07 13:57:45 Analysis TDS :Analysis Value from : Lab Total Dissolved Solids  2018-10-02 18:01:19 Analysis SAR :Analysis Value from : SAR Diss  2018-10-10 18:02:15 Analysis Nitrate :Analysis Value from : Nitrate Nitrite  2018-10-02 18:00:27,
12592956-0,Nevada Division of Environmental Protection,NV06-SC-54-B_00,North Fork Whites Creek @ Arrow Creek Parkway,SB42,2015-04-20 10:35:00,0.00,,,,,,,,,,,,,,,,,,,,,,,< 0.1000,,,,9,1.38,,,,< 12.0000,,1.4,,200,,29.885,,,< 0.2000,,,,,< 0.5000,0.01,,7.8,,,1.7,,0.32,,4,79,10,78,23.1,34.95,63,0.03,< 10.0000,1.7,,,,0.09,,0.21,0.4,11,,U 2.0000,,U 100.0000,,0.29,0.42,0.64,0.62,,,1.03,1.28,190,,0.15,U 1.0000,,,,1.8,U 20.0000,,0.06,0.04,1.44,,0.63,0.63,1.7,U 2.0000,U 2.0000,,,,U 2.0000,0.04,,,,,,,,,1.19,1.39,, Hardness Diss :AUTOCALCULATE 2019-03-07 13:29:25 Total N :AUTOCALCULATE 2018-10-02 18:00:23 Using 1/2 KJN Using 1/2 NandN pH Lab :pH analyzed out of hold time SAR Diss :AUTOCALCULATE 2018-10-10 18:00:49 Analysis Hardness :Analysis Value from : Hardness Diss  2019-03-07 13:57:45 Analysis TDS :Analysis Value from : Lab Total Dissolved Solids  2018-10-02 18:01:19 Analysis SAR :Analysis Value from : SAR Diss  2018-10-10 18:02:15 Analysis Nitrate :Analysis Value from : Nitrate Nitrite  2018-10-02 18:00:27,
12592964-0,Nevada Division of Environmental Protection,NV06-SC-63-B_02,South Fork Whites Creek @ Old Virginia Road,SB44,2015-01-20 12:00:00,0.00,,,,,,,,,,,,,,,,,,,,,,,< 0.1000,,,,8,0.44,,,,< 12.0000,,1.6,,U 100.0000,,26.977,,,< 0.2000,,,,,< 0.5000,< 0.0100,,7.82,,,1.7,,0.31,,3.7,75,U 5.0000,66,18.6,28.33,96,0.04,< 10.0000,1,,,,0.13,,0.58,U 3.0000,13,,0.06,,U 100.0000,,0.15,0.13,1.14,0.48,,,0.76,1.02,140,,0.84,0.21,,,,1.7,U 20.0000,,U 0.2000,U 0.2000,1.18,,1.36,1.67,1.4,U 2.0000,0.31,,,,U 2.0000,U 1.0000,,,,,,,,,8.24,2.63,, Hardness Diss :AUTOCALCULATE 2019-03-07 13:29:25 Total N :AUTOCALCULATE 2018-10-02 18:00:23 Using 1/2 KJN Using 1/2 NandN pH Lab :pH analyzed out of hold time SAR Diss :AUTOCALCULATE 2018-10-10 18:00:49 Nitrate+Nitrite N :Sample analyzed out of hold time Analysis Hardness :Analysis Value from : Hardness Diss  2019-03-07 13:57:45 Analysis TDS :Analysis Value from : Lab Total Dissolved Solids  2018-10-02 18:01:19 Analysis SAR :Analysis Value from : SAR Diss  2018-10-10 18:02:15 Analysis Nitrate :Analysis Value from : Nitrate Nitrite  2018-10-02 18:00:27,
12592965-0,Nevada Division of Environmental Protection,NV06-SC-63-B_03,Middle Fork Whites Creek @ Sage Hill Road,SB33,2015-01-20 11:35:00,0.00,,,,,,,,,,,,,,,,,,,,,,,< 0.1000,,,,18,70.46,,,,< 12.0000,,2.4,,U 100.0000,,69.654,,,< 0.2000,,,,,< 0.5000,0.04,,8.04,,,7,,2.24,,43,394,16.9,254,18.5,73.88,556,0.09,< 10.0000,1.4,,,,9,,8,7,80,,0.06,,2000,,0.11,0.13,0.25,0.65,,,0.97,1.19,120,,0.29,0.26,,,,6,U 20.0000,,U 0.2000,U 0.2000,0.71,,2,2,6,1.18,0.54,,,,U 2.0000,0.06,,,,,,,,,2.92,2.59,, Hardness Diss :AUTOCALCULATE 2019-03-07 13:29:25 Total N :AUTOCALCULATE 2018-10-02 18:00:23 Using 1/2 KJN Using 1/2 NandN pH Lab :pH analyzed out of hold time SAR Diss :AUTOCALCULATE 2018-10-10 18:00:49 Nitrate+Nitrite N :Sample analyzed out of hold time Analysis Hardness :Analysis Value from : Hardness Diss  2019-03-07 13:57:45 Analysis TDS :Analysis Value from : Lab Total Dissolved Solids  2018-10-02 18:01:19 Analysis SAR :Analysis Value from : SAR Diss  2018-10-10 18:02:15 Analysis Nitrate :Analysis Value from : Nitrate Nitrite  2018-10-02 18:00:27,
13130726-0,Nevada Division of Environmental Protection,NV06-SC-73_00,Steamboat Ditch @ Rhodes Road,SB6,2014-05-27 10:00:00,0.00,,,,,,,,,,,,,,,,,,,,,,,< 0.1000,,,,9,3.43,,,,< 12.0000,,,,40,,33.592,,,0.3,,,,,< 0.5000,< 0.0100,,8.05,,,1.3,,0.38,,5,86,2.45,69,20,38.95,1872,0.08,15,10.9,,,,0.1,,2.17,1.49,30,,U 1.0000,,< 100.0000,,U 1.0000,U 1.0000,0.74,0.5,,,2,0.92,840,,0.4,U 1.0000,,,,2.7,19,,< 0.2000,< 0.2000,1.2,,1,0.67,1.1,U 1.0000,U 1.0000,,,,U 1.0000,U 0.5000,,,,,,,,,4.64,1.52,, Hardness Diss :AUTOCALCULATE 2019-03-07 13:29:25 Total N :AUTOCALCULATE 2018-10-03 18:00:36 Using 1/2 NandN SAR Diss :AUTOCALCULATE 2018-10-10 18:00:49 Analysis Hardness :Analysis Value from : Hardness Diss  2019-03-07 13:57:45 Analysis TDS :Analysis Value from : Lab Total Dissolved Solids  2018-10-03 18:01:31 Analysis SAR :Analysis Value from : SAR Diss  2018-10-10 18:02:15,
13130852-0,Nevada Division of Environmental Protection,NV06-SC-41-C_00,Steamboat Creek @ Pleasant Valley &[STBT02Stbt-2],SB3,2014-03-20 08:15:00,0.00,,,,,,,,,,,,,,,,,,,,,,,< 0.1000,,,,22.2,7.62,,,,< 12.0000,,,,340,,96.613,,,0.3,,,,,< 0.1000,0.04,,8.19,,,6,,0.93,,21,275,2.71,189,20.2,130.03,683,0.08,< 10.0000,2.63,,,,0.24,,1.4,1.23,60,,U 2.0000,,40,,U 1.0000,U 1.0000,0.24,0.25,,,1.43,2.74,421,,0.43,U 1.0000,,,,10,40,,< 0.2000,< 0.2000,4.26,,1.28,1.3,6,0.42,0.42,,,,U 2.0000,< 1.0000,,,,,,,,,3.87,3.03,, Hardness Diss :AUTOCALCULATE 2019-03-07 13:29:25 Total N :AUTOCALCULATE 2018-10-03 18:00:36 Using 1/2 NandN SAR Diss :AUTOCALCULATE 2018-10-10 18:00:49 Nitrate+Nitrite N :Sample analyzed out of hold time Analysis Hardness :Analysis Value from : Hardness Diss  2019-03-07 13:57:45 Analysis TDS :Analysis Value from : Lab Total Dissolved Solids  2018-10-03 18:01:31 Analysis SAR :Analysis Value from : SAR Diss  2018-10-10 18:02:15 Analysis Nitrate :Analysis Value from : Nitrate Nitrite  2018-10-03 18:00:40,
13130853-0,Nevada Division of Environmental Protection,NV06-SC-41-C_00,Steamboat Creek @ Pleasant Valley &[STBT02Stbt-2],SB3,2014-10-01 08:15:00,0.00,,,,,,,,,,,,,,,,,,,,,,,< 0.1000,,,,25.5,6,,,,< 12.0000,,1.78,,300,,104.854,,,0.7,,,,,< 0.5000,0.06,,8.24,,,6,,0.98,,23,282,3.61,210,19.6,145.72,3441,0.18,31.6,13.4,,,,0.12,,2.66,1.86,80,,U 2.0000,,60,,< 1.0000,0.05,0.43,0.47,,,2,1,1621,,3,0.28,,,,10,80,,0.5,0.07,3.92,,1.08,1,6,0.57,0.72,,,,U 2.0000,0.05,,,,,,,,,6.19,2.31,, Ammonia N :LFM out of acceptable limits for this batch Hardness Diss :AUTOCALCULATE 2019-03-07 13:29:25 Total N :AUTOCALCULATE 2018-10-03 18:00:36 Using 1/2 NandN pH Lab :pH analyzed out of hold time SAR Diss :AUTOCALCULATE 2018-10-10 18:00:49 Nitrate+Nitrite N :Sample analyzed out of hold time Analysis Hardness :Analysis Value from : Hardness Diss  2019-03-07 13:57:45 Analysis TDS :Analysis Value from : Lab Total Dissolved Solids  2018-10-03 18:01:31 Analysis SAR :Analysis Value from : SAR Diss  2018-10-10 18:02:15,
13130854-0,Nevada Division of Environmental Protection,NV06-SC-41-C_00,Steamboat Creek @ Pleasant Valley &[STBT02Stbt-2],SB3,2014-11-24 08:55:00,0.00,,,,,,,,,,,,,,,,,,,,,,,< 0.1000,,,,22,8,,,,< 12.0000,,1.7,,200,,91.996,,,0.2,,,,,< 0.5000,0.06,,8.03,,,5,,0.95,,21,275,3.92,193,20.1,128.44,479,0.09,< 10.0000,3.9,,,,0.26,,1.65,1.44,60,,U 2.0000,,30,,0.28,0.27,0.65,0.35,,,1.16,1.28,430,,0.99,0.16,,,,9,30,,0.05,U 0.2000,4.32,,1.43,1.52,5,0.36,0.42,,,,0.4,0.07,,,,,,,,,3.64,3.01,, Hardness Diss :AUTOCALCULATE 2019-03-07 13:29:25 Total N :AUTOCALCULATE 2018-10-03 18:00:36 Using 1/2 NandN pH Lab :pH analyzed out of hold time SAR Diss :AUTOCALCULATE 2018-10-10 18:00:49 Nitrate+Nitrite N :Sample analyzed out of hold time Analysis Hardness :Analysis Value from : Hardness Diss  2019-03-07 13:57:45 Analysis TDS :Analysis Value from : Lab Total Dissolved Solids  2018-10-03 18:01:31 Analysis SAR :Analysis Value from : SAR Diss  2018-10-10 18:02:15 Analysis Nitrate :Analysis Value from : Nitrate Nitrite  2018-10-03 18:00:40,
13130855-0,Nevada Division of Environmental Protection,NV06-SC-41-C_00,Steamboat Creek @ Rhodes Road,SB5,2014-03-20 08:50:00,0.00,,,,,,,,,,,,,,,,,,,,,,,< 0.1000,,,,28.8,19.08,,,,< 12.0000,,,,300,,115.153,,,0.4,,,,,< 0.1000,0.05,,8.18,,,6,,0.97,,24,336,5.4,213,20.8,138.6,417,0.09,< 10.0000,2.39,,,,0.25,,4.2,3.48,60,,U 2.0000,,30,,U 1.0000,U 1.0000,0.29,0.27,,,1.41,1.67,526,,0.34,0.14,,,,10.5,90,,< 0.2000,< 0.2000,2.95,,1.76,1.79,6,0.76,0.83,,,,U 2.0000,U 1.0000,,,,,,,,,3.79,3.61,, Hardness Diss :AUTOCALCULATE 2019-03-07 13:29:25 Total N :AUTOCALCULATE 2018-10-03 18:00:36 Using 1/2 NandN SAR Diss :AUTOCALCULATE 2018-10-10 18:00:49 Nitrate+Nitrite N :Sample analyzed out of hold time Analysis Hardness :Analysis Value from : Hardness Diss  2019-03-07 13:57:45 Analysis TDS :Analysis Value from : Lab Total Dissolved Solids  2018-10-03 18:01:31 Analysis SAR :Analysis Value from : SAR Diss  2018-10-10 18:02:15 Analysis Nitrate :Analysis Value from : Nitrate Nitrite  2018-10-03 18:00:40,
13130856-0,Nevada Division of Environmental Protection,NV06-SC-41-C_00,Steamboat Creek @ Rhodes Road,SB5,2014-05-27 09:05:00,0.00,,,,,,,,,,,,,,,,,,,,,,,,,,,,,,,,,,,,,,,,,,,,,,,,,,,,,,,,,,,,,,1720,,,,,,,,,,,,,,,,,,,,,,,,,,,,,,,,,,,,,,,,,,,,,,,,,,,,,,,,,,,,,
13130857-0,Nevada Division of Environmental Protection,NV06-SC-41-C_00,Steamboat Creek @ Rhodes Road,SB5,2014-05-27 09:35:00,0.00,,,,,,,,,,,,,,,,,,,,,,,< 0.1000,,,,33.3,28.31,,,,< 12.0000,,,,190,,129.272,,,0.7,,,,,< 0.5000,0.12,,8.14,,,6,,1.12,,29.3,370,6.59,249,19.4,145.01,,0.2,< 10.0000,1.66,,,,0.1,,9,7,70,,U 1.0000,,50,,U 1.0000,U 1.0000,0.39,0.44,,,16,3,720,,0.64,0.25,,,,11.2,194,,< 0.2000,< 0.2000,3.39,,2,2,6,0.45,0.58,,,,U 1.0000,0.05,,,,,,,,,5.07,4.97,, Ammonia N :MS out of acceptable limits for this batch Hardness Diss :AUTOCALCULATE 2019-03-07 13:29:25 Total N :AUTOCALCULATE 2018-10-03 18:00:36 Using 1/2 NandN SAR Diss :AUTOCALCULATE 2018-10-10 18:00:49 Analysis Hardness :Analysis Value from : Hardness Diss  2019-03-07 13:57:45 Analysis TDS :Analysis Value from : Lab Total Dissolved Solids  2018-10-03 18:01:31 Analysis SAR :Analysis Value from : SAR Diss  2018-10-10 18:02:15 Analysis Nitrate :Analysis Value from : Nitrate Nitrite  2018-10-03 18:00:40,
13130858-0,Nevada Division of Environmental Protection,NV06-SC-41-C_00,Steamboat Creek @ Rhodes Road,SB5,2014-11-24 09:15:00,0.00,,,,,,,,,,,,,,,,,,,,,,,< 0.1000,,,,44,27,,,,< 12.0000,,6.6,,200,,171.638,,,0.5,,,,,< 0.5000,0.06,,7.86,,,8,,1.2,,36,509,63.96,338,19.9,156.42,4611,0.14,< 10.0000,3,,,,0.49,,8,6,90,,U 2.0000,,70,,0.31,0.29,0.56,0.36,,,2,2,880,,0.54,0.17,,,,15,320,,U 0.2000,U 0.2000,6.97,,3,3,7,0.36,0.55,,,,0.41,0.54,,,,,,,,,9.07,7.61,, Hardness Diss :AUTOCALCULATE 2019-03-07 13:29:25 Total N :AUTOCALCULATE 2018-10-03 18:00:36 Using 1/2 NandN pH Lab :pH analyzed out of hold time SAR Diss :AUTOCALCULATE 2018-10-10 18:00:49 Nitrate+Nitrite N :Sample analyzed out of hold time Analysis Hardness :Analysis Value from : Hardness Diss  2019-03-07 13:57:45 Analysis TDS :Analysis Value from : Lab Total Dissolved Solids  2018-10-03 18:01:31 Analysis SAR :Analysis Value from : SAR Diss  2018-10-10 18:02:15 Analysis Nitrate :Analysis Value from : Nitrate Nitrite  2018-10-03 18:00:40,
13130870-0,Nevada Division of Environmental Protection,NV06-SC-42-D_00,Steamboat Creek @ Geiger Grade,SB7,2014-03-20 09:15:00,0.00,,,,,,,,,,,,,,,,,,,,,,,< 0.1000,,,,21.6,90.96,,,,< 12.0000,,,,530,,82.761,,,0.3,,,,,< 0.1000,0.11,,8.15,,,11.6,,4.07,,85.1,623,17.27,384,21,150.56,108,0.12,< 10.0000,0.8,,,,4.64,,106.8,100.82,50,,U 2.0000,,3090,,U 1.0000,U 1.0000,0.34,0.26,,,1.96,2.39,116,,0.33,U 1.0000,,,,7,U 20.0000,,< 0.2000,< 0.2000,3.37,,1.48,1.51,11.3,0.7,0.96,,,,U 2.0000,U 1.0000,,,,,,,,,3.28,5.57,, Hardness Diss :AUTOCALCULATE 2019-03-07 13:29:25 Total N :AUTOCALCULATE 2018-10-03 18:00:36 Using 1/2 NandN SAR Diss :AUTOCALCULATE 2018-10-10 18:00:49 Nitrate+Nitrite N :Sample analyzed out of hold time Analysis Hardness :Analysis Value from : Hardness Diss  2019-03-07 13:57:45 Analysis TDS :Analysis Value from : Lab Total Dissolved Solids  2018-10-03 18:01:31 Analysis SAR :Analysis Value from : SAR Diss  2018-10-10 18:02:15 Analysis Nitrate :Analysis Value from : Nitrate Nitrite  2018-10-03 18:00:40,
13130878-0,Nevada Division of Environmental Protection,NV06-SC-54-B_00,North Fork Whites Creek @ Arrow Creek Parkway,SB42,2014-03-20 10:15:00,0.00,,,,,,,,,,,,,,,,,,,,,,,< 0.1000,,,,,1.78,,,,< 12.0000,,,,,,,,,< 0.2000,,,,,< 0.1000,< 0.0100,,7.9,,,,,,,,77,6.73,66,20.4,31.23,52,0.02,< 10.0000,1.13,,,,,,,,,,,,,,,,,,,,,,,,,,,,,,,,,,,,,,,,,,,,,,,,,,,,,,,,, Total N :AUTOCALCULATE 2018-10-03 18:00:36 Using 1/2 KJN Using 1/2 NandN Nitrate+Nitrite N :Sample analyzed out of hold time Analysis TDS :Analysis Value from : Lab Total Dissolved Solids  2018-10-03 18:01:31 Analysis Nitrate :Analysis Value from : Nitrate Nitrite  2018-10-03 18:00:40,
13130879-0,Nevada Division of Environmental Protection,NV06-SC-54-B_00,North Fork Whites Creek @ Arrow Creek Parkway,SB42,2014-05-27 11:20:00,0.00,,,,,,,,,,,,,,,,,,,,,,,< 0.1000,,,,7,0.56,,,,< 12.0000,,,,40,,24.068,,,0.3,,,,,< 0.5000,0.01,,7.88,,,1.4,,0.28,,3.2,62,5.24,66,19.6,28.43,744,0.04,23,10.5,,,,< 1.0000,,0.62,U 3.0000,15,,U 1.0000,,U 100.0000,,U 1.0000,U 1.0000,0.52,0.41,,,2,1,1106,,0.29,0.28,,,,1.6,40,,< 0.2000,< 0.2000,1.15,,1,0.58,1.4,U 1.0000,U 1.0000,,,,U 1.0000,U 0.5000,,,,,,,,,3.7,2.98,, Hardness Diss :AUTOCALCULATE 2019-03-07 13:29:25 Total N :AUTOCALCULATE 2018-10-03 18:00:36 Using 1/2 NandN SAR Diss :AUTOCALCULATE 2018-10-10 18:00:49 Analysis Hardness :Analysis Value from : Hardness Diss  2019-03-07 13:57:45 Analysis TDS :Analysis Value from : Lab Total Dissolved Solids  2018-10-03 18:01:31 Analysis SAR :Analysis Value from : SAR Diss  2018-10-10 18:02:15 Analysis Nitrate :Analysis Value from : Nitrate Nitrite  2018-10-03 18:00:40,
13130880-0,Nevada Division of Environmental Protection,NV06-SC-54-B_00,North Fork Whites Creek @ Arrow Creek Parkway,SB42,2014-10-01 10:10:00,0.00,,,,,,,,,,,,,,,,,,,,,,,< 0.1000,,,,9,0.58,,,,< 12.0000,,1.47,,40,,30.297,,,0.3,,,,,< 0.5000,0.01,,7.9,,,1.6,,0.3,,3.8,79,8,75,20.6,32.31,683,0.04,< 10.0000,3.41,,,,U 2.0000,,0.25,0.58,13,,U 2.0000,,< 100.0000,,U 1.0000,0.06,0.29,0.58,,,0.85,0.78,453,,0.21,0.16,,,,1.9,14,,U 0.2000,0.04,1.29,,0.69,0.67,1.5,U 2.0000,0.35,,,,U 2.0000,U 1.0000,,,,,,,,,1.6,1.63,, Ammonia N :LFM out of acceptable limits for this batch Hardness Diss :AUTOCALCULATE 2019-03-07 13:29:25 Total N :AUTOCALCULATE 2018-10-03 18:00:36 Using 1/2 NandN pH Lab :pH analyzed out of hold time SAR Diss :AUTOCALCULATE 2018-10-10 18:00:49 Nitrate+Nitrite N :Sample analyzed out of hold time Analysis Hardness :Analysis Value from : Hardness Diss  2019-03-07 13:57:45 Analysis TDS :Analysis Value from : Lab Total Dissolved Solids  2018-10-03 18:01:31 Analysis SAR :Analysis Value from : SAR Diss  2018-10-10 18:02:15,
13130881-0,Nevada Division of Environmental Protection,NV06-SC-54-B_00,North Fork Whites Creek @ Arrow Creek Parkway,SB42,2014-11-24 10:45:00,0.00,,,,,,,,,,,,,,,,,,,,,,,< 0.1000,,,,,0.48,,,,< 12.0000,,2.4,,40,,,,,< 0.2000,,,,,< 0.5000,0.01,,7.57,,,,,,,,79,9,75,19.8,27.97,228,0.02,< 10.0000,2.2,,,,,,,,,,,,,,,,,,,,,,,,,,,,,,,,,,,,,,,,,,,,,,,,,,,,,,,,, Total N :AUTOCALCULATE 2018-10-03 18:00:36 Using 1/2 KJN Using 1/2 NandN pH Lab :pH analyzed out of hold time Nitrate+Nitrite N :Sample analyzed out of hold time Analysis TDS :Analysis Value from : Lab Total Dissolved Solids  2018-10-03 18:01:31 Analysis Nitrate :Analysis Value from : Nitrate Nitrite  2018-10-03 18:00:40,
13130891-0,Nevada Division of Environmental Protection,NV06-SC-63-B_02,South Fork Whites Creek @ Old Virginia Road,SB44,2014-03-20 11:20:00,0.00,,,,,,,,,,,,,,,,,,,,,,,< 0.1000,,,,,1.92,,,,< 12.0000,,,,,,,,,0.2,,,,,< 0.1000,0.01,,7.92,,,,,,,,81,6.74,71,20.5,30.81,98,0.02,< 10.0000,1.2,,,,,,,,,,,,,,,,,,,,,,,,,,,,,,,,,,,,,,,,,,,,,,,,,,,,,,,,, Total N :AUTOCALCULATE 2018-10-03 18:00:36 Using 1/2 NandN Nitrate+Nitrite N :Sample analyzed out of hold time Analysis TDS :Analysis Value from : Lab Total Dissolved Solids  2018-10-03 18:01:31 Analysis Nitrate :Analysis Value from : Nitrate Nitrite  2018-10-03 18:00:40,
13130892-0,Nevada Division of Environmental Protection,NV06-SC-63-B_02,South Fork Whites Creek @ Old Virginia Road,SB44,2014-05-27 13:00:00,0.00,,,,,,,,,,,,,,,,,,,,,,,< 0.1000,,,,8,1.95,,,,< 12.0000,,,,40,,29.036,,,0.3,,,,,< 0.5000,0.02,,7.97,,,1.6,,0.38,,4.7,77,3.39,61,20.1,33.66,3873,0.05,14,7.72,,,,0.08,,1.29,0.91,20,,U 1.0000,,U 100.0000,,U 1.0000,U 1.0000,0.71,0.39,,,2,1,824,,0.36,U 1.0000,,,,2.2,30,,< 0.2000,< 0.2000,1.28,,7,0.74,1.5,U 1.0000,U 1.0000,,,,U 1.0000,U 0.5000,,,,,,,,,4.68,2.35,, Hardness Diss :AUTOCALCULATE 2019-03-07 13:29:25 Total N :AUTOCALCULATE 2018-10-03 18:00:36 Using 1/2 NandN SAR Diss :AUTOCALCULATE 2018-10-10 18:00:49 Analysis Hardness :Analysis Value from : Hardness Diss  2019-03-07 13:57:45 Analysis TDS :Analysis Value from : Lab Total Dissolved Solids  2018-10-03 18:01:31 Analysis SAR :Analysis Value from : SAR Diss  2018-10-10 18:02:15 Analysis Nitrate :Analysis Value from : Nitrate Nitrite  2018-10-03 18:00:40,
13130894-0,Nevada Division of Environmental Protection,NV06-SC-63-B_02,South Fork Whites Creek @ Old Virginia Road,SB44,2014-10-01 11:35:00,0.00,,,,,,,,,,,,,,,,,,,,,,,< 0.1000,,,,9,0.92,,,,< 12.0000,,2.09,,40,,30.709,,,0.2,,,,,< 0.5000,0.02,,7.9,,,1.9,,0.32,,4.1,82,7,74,20.1,33.23,1333,0.04,< 10.0000,0.65,,,,0.08,,0.74,0.84,20,,U 2.0000,,30,,U 1.0000,0.06,0.27,0.57,,,0.62,0.87,257,,0.15,0.15,,,,2,U 20.0000,,U 0.2000,< 0.2000,1.14,,0.68,0.78,1.8,U 2.0000,0.38,,,,U 2.0000,U 1.0000,,,,,,,,,1.33,1.99,, Ammonia N :LFM out of acceptable limits for this batch Hardness Diss :AUTOCALCULATE 2019-03-07 13:29:25 Total N :AUTOCALCULATE 2018-10-03 18:00:36 Using 1/2 NandN pH Lab :pH analyzed out of hold time SAR Diss :AUTOCALCULATE 2018-10-10 18:00:49 Nitrate+Nitrite N :Sample analyzed out of hold time Analysis Hardness :Analysis Value from : Hardness Diss  2019-03-07 13:57:45 Analysis TDS :Analysis Value from : Lab Total Dissolved Solids  2018-10-03 18:01:31 Analysis SAR :Analysis Value from : SAR Diss  2018-10-10 18:02:15,
13130895-0,Nevada Division of Environmental Protection,NV06-SC-63-B_02,South Fork Whites Creek @ Old Virginia Road,SB44,2014-11-24 12:00:00,0.00,,,,,,,,,,,,,,,,,,,,,,,< 0.1000,,,,,0.52,,,,< 12.0000,,2.8,,50,,,,,0.2,,,,,< 0.5000,0.01,,7.55,,,,,,,,80,9,71,20,28.7,241,0.02,< 10.0000,2.1,,,,,,,,,,,,,,,,,,,,,,,,,,,,,,,,,,,,,,,,,,,,,,,,,,,,,,,,," Total N :AUTOCALCULATE 2018-10-03 18:00:36 Using 1/2 NandN pH Lab :pH analyzed out of hold time Nitrate+Nitrite N :Sample analyzed out of hold time DOC :Sample collected in plastic container, should be collected in glass. Analysis TDS :Analysis Value from : Lab Total Dissolved Solids  2018-10-03 18:01:31 Analysis Nitrate :Analysis Value from : Nitrate Nitrite  2018-10-03 18:00:40",
13130896-0,Nevada Division of Environmental Protection,NV06-SC-63-B_03,Middle Fork Whites Creek @ Sage Hill Road,SB33,2014-03-20 11:00:00,0.00,,,,,,,,,,,,,,,,,,,,,,,< 0.1000,,,,,95.69,,,,< 12.0000,,,,,,,,,0.6,,,,,0.71,0.04,,8.12,,,,,,,,557,19.56,345,20.5,103.89,1296,0.11,17,5.8,,,,,,,,,,,,,,,,,,,,,,,,,,,,,,,,,,,,,,,,,,,,,,,,,,,,,,,,, Total N :AUTOCALCULATE 2018-10-03 18:00:36 Nitrate+Nitrite N :Sample analyzed out of hold time Analysis TDS :Analysis Value from : Lab Total Dissolved Solids  2018-10-03 18:01:31 Analysis Nitrate :Analysis Value from : Nitrate Nitrite  2018-10-03 18:00:40,
13130897-0,Nevada Division of Environmental Protection,NV06-SC-63-B_03,Middle Fork Whites Creek @ Sage Hill Road,SB33,2014-05-27 09:05:00,0.00,,,,,,,,,,,,,,,,,,,,,,,,,,,11.4,,,,,,,,,,,42.055,,,,,,,,,,,,,,,,0.92,,13.7,,,,,,,,,,,,,,,,16,,,,,,,,U 1.0000,,0.51,,,,2,,,,U 1.0000,,,,3.3,,,,< 0.2000,,,,0.91,3.1,,0.41,,,,U 1.0000,,,,,,,,,,,2.62,, Hardness Diss :AUTOCALCULATE 2019-03-07 13:29:25 SAR Diss :AUTOCALCULATE 2018-10-10 18:00:49 Analysis Hardness :Analysis Value from : Hardness Diss  2019-03-07 13:57:45 Analysis SAR :Analysis Value from : SAR Diss  2018-10-10 18:02:15,
13130898-0,Nevada Division of Environmental Protection,NV06-SC-63-B_03,Middle Fork Whites Creek @ Sage Hill Road,SB33,2014-05-27 13:30:00,0.00,,,,,,,,,,,,,,,,,,,,,,,< 0.1000,,,,,11.8,,,,< 12.0000,,,,50,,,,,1,,,,,< 0.5000,0.08,,7.98,,,3.3,,,,,147,6.1,116,19.8,50.42,24196,0.2,17,4.77,,,,3,,19,,40,,U 1.0000,,300,,U 1.0000,,0.68,,,,2,,804,,0.49,,,,,,50,,< 0.2000,,1.23,,1,,,U 1.0000,,,,,,U 0.5000,,,,,,,,,4.38,,, Total N :AUTOCALCULATE 2018-10-03 18:00:36 Using 1/2 NandN Analysis TDS :Analysis Value from : Lab Total Dissolved Solids  2018-10-03 18:01:31 Analysis Nitrate :Analysis Value from : Nitrate Nitrite  2018-10-03 18:00:40,
13130899-0,Nevada Division of Environmental Protection,NV06-SC-63-B_03,Middle Fork Whites Creek @ Sage Hill Road,SB33,2014-10-01 11:05:00,0.00,,,,,,,,,,,,,,,,,,,,,,,< 0.1000,,,,35.2,137.14,,,,< 12.0000,,3.82,,60,,131.545,,,0.6,,,,,< 0.5000,0.04,,8.05,,,12.5,,3.65,,96.1,721,26,477,20,128.88,2481,0.11,11,4.4,,,,10,,12,10,169,,U 2.0000,,4270,,U 1.0000,0.04,0.26,0.42,,,0.85,0.9,458,,0.21,0.22,,,,10.6,40,,U 0.2000,0.04,0.25,,1.28,1,12.5,0.67,0.63,,,,U 2.0000,U 1.0000,,,,,,,,,2.46,2.4,, Ammonia N :LFM out of acceptable limits for this batch Hardness Diss :AUTOCALCULATE 2019-03-07 13:29:25 Total N :AUTOCALCULATE 2018-10-03 18:00:36 Using 1/2 NandN pH Lab :pH analyzed out of hold time SAR Diss :AUTOCALCULATE 2018-10-10 18:00:49 Nitrate+Nitrite N :Sample analyzed out of hold time Analysis Hardness :Analysis Value from : Hardness Diss  2019-03-07 13:57:45 Analysis TDS :Analysis Value from : Lab Total Dissolved Solids  2018-10-03 18:01:31 Analysis SAR :Analysis Value from : SAR Diss  2018-10-10 18:02:15 Analysis Nitrate :Analysis Value from : Nitrate Nitrite  2018-10-03 18:00:40,
13130900-0,Nevada Division of Environmental Protection,NV06-SC-63-B_03,Middle Fork Whites Creek @ Sage Hill Road,SB33,2014-11-24 11:35:00,0.00,,,,,,,,,,,,,,,,,,,,,,,< 0.1000,,,,,57.93,,,,< 12.0000,,4.9,,50,,,,,1.1,,,,,0.6,0.04,,7.78,,,,,,,,378,21.37,251,20.2,67.72,2247,0.2,31,8.6,,,,,,,,,,,,,,,,,,,,,,,,,,,,,,,,,,,,,,,,,,,,,,,,,,,,,,,,, Total N :AUTOCALCULATE 2018-10-03 18:00:36 pH Lab :pH analyzed out of hold time Nitrate+Nitrite N :Sample analyzed out of hold time SpC Lab :umhos/cm Analysis TDS :Analysis Value from : Lab Total Dissolved Solids  2018-10-03 18:01:31 Analysis Nitrate :Analysis Value from : Nitrate Nitrite  2018-10-03 18:00:40,
13668763-0,Nevada Division of Environmental Protection,NV06-SC-56-B_00,Thomas Creek above Arrowhead Parkway &[TC111],STBT03Thomas-4,2016-08-18 09:20:00,0.00,,,,,,,,,,,,,,,93,,14.83,,,,,,,,,,,,,,,,,,,,,,,,,,,,,,,,,,,,,,,,,,,,,,,,,,,,,,,,,,,,,,,,,,,,,,,,,,,,,,,,,,,,,,,,,,,,,,,,,,,,,,,, DO and pH not collected faulty meter, Analysis Temp :Analysis Value from : Field Temp  2026-03-19 18:03:08,
13668764-0,Nevada Division of Environmental Protection,NV06-SC-54-B_00,Whites Creek above Thomas Creek Road &[WC-11],STBT03Whites-2,2016-08-15 11:00:00,0.00,,,,,,,,,,,,,,,64,,12.76,,,,,,,,,,,,,,,,,,,,,,,,,,,,,,,,,,,,,,,,,,,,,,,,,,,,,,,,,,,,,,,,,,,,,,,,,,,,,,,,,,,,,,,,,,,,,,,,,,,,,,,, DO and pH not collected faulty meter, Analysis Temp :Analysis Value from : Field Temp  2026-03-19 18:03:08,
14744187-0,Nevada Division of Environmental Protection,NV06-SC-41-C_00,Steamboat Creek @ Rhodes Road,SB5,2018-09-12 09:20:00,0.00,,,8.49,0,0,0,,,0,,0,,,8.16,,,14.1,,,,,,< 0.1000,,,,51.2,25.15,,,,< 12.0000,,12.8,,500,,179.733,,,1.5,,,,,< 0.5000,0.22,,8.37,,,10,,1.55,,47.6,540,13.17,327,21.4,237.63,24196,0.4,26,15.5,,700,25,0.61,,8,6,100,,U 2.0000,,80,,0.23,0.23,0.87,0.66,,,3,1.45,1000,,1,0.16,,,,12.6,90,,0.19,< 0.2000,6.38,,1.53,1.4,10,1.77,1.43,,,,U 2.0000,0.4,,,,,,,,,7.14,3.76,," Mercury :Sample analyzed by EPA 245.1 method Hardness Diss :AUTOCALCULATE 2020-11-11 18:00:38 Total N :AUTOCALCULATE 2020-11-11 18:00:40 Using 1/2 NandN pH Lab :pH analyzed out of hold time SAR Diss :AUTOCALCULATE 2020-11-11 18:00:40 Nitrate+Nitrite N :Sample analyzed out of hold time Mercury Diss :Sample analyzed by EPA 245.1 Ammonia, Unionized :AUTOCALCULATE 2020-11-11 18:00:43 Using 1/2 AMNN DOC :Sample filtered and preserved at time of collection by NDEP Analysis DO :Analysis Value from : DO (field or ext)  2026-03-19 18:01:53 Analysis Hardness :Analysis Value from : Hardness Diss  2020-11-11 18:00:44 Analysis pH :Analysis Value from : Field pH  2026-03-19 18:03:49 Analysis TDS :Analysis Value from : Lab Total Dissolved Solids  2020-11-11 18:01:34 Analysis Temp :Analysis Value from : Field Temp  2026-03-19 18:03:08 Analysis SAR :Analysis Value from : SAR Diss  2020-11-11 18:02:06 Analysis Nitrate :Analysis Value from : Nitrate Nitrite  2020-11-11 18:00:44",
14744188-0,Nevada Division of Environmental Protection,NV06-SC-42-D_00,Steamboat Creek @ Geiger Grade,SB7,2018-09-12 09:45:00,0.00,,,9.2,0,0,0,,,0,,0,,,8.09,,,14.5,,,,,,< 0.1000,,,,34.7,43.05,,,,< 12.0000,,8.4,,400,,123.708,,,0.9,,,,,< 0.5000,0.16,,8.36,,,9,,2.14,,54.7,485,16.51,291,21.6,167.15,15531,0.3,21,13.2,,700,31,6,,110,97,90,,0.15,,1000,,0.11,0.1,0.83,0.56,,,1.99,1.08,1000,,1,0.3,,,,9,100,,0.18,0.04,4.42,,1.12,0.98,8,1.09,0.71,,,,0.17,0.22,,,,,,,,,5.96,1.94,," Mercury :Sample analyzed by EPA 245.1 Hardness Diss :AUTOCALCULATE 2020-11-11 18:00:38 Total N :AUTOCALCULATE 2020-11-11 18:00:40 Using 1/2 NandN pH Lab :pH analyzed out of hold time SAR Diss :AUTOCALCULATE 2020-11-11 18:00:40 Nitrate+Nitrite N :Sample analyzed out of hold time Mercury Diss :Sample analyzed by EPA 245.1 Ammonia, Unionized :AUTOCALCULATE 2020-11-11 18:00:43 Using 1/2 AMNN DOC :Sample filtered and preserved at time of collection by NDEP Analysis DO :Analysis Value from : DO (field or ext)  2026-03-19 18:01:53 Analysis Hardness :Analysis Value from : Hardness Diss  2020-11-11 18:00:44 Analysis pH :Analysis Value from : Field pH  2026-03-19 18:03:49 Analysis TDS :Analysis Value from : Lab Total Dissolved Solids  2020-11-11 18:01:34 Analysis Temp :Analysis Value from : Field Temp  2026-03-19 18:03:08 Analysis SAR :Analysis Value from : SAR Diss  2020-11-11 18:02:06 Analysis Nitrate :Analysis Value from : Nitrate Nitrite  2020-11-11 18:00:44",
14745693-0,Nevada Division of Environmental Protection,NV06-SC-41-C_00,Steamboat Creek @ Pleasant Valley &[STBT02Stbt-2],SB3,2019-01-14 09:00:00,0.00,,,10.82,0,0,0,,,0,,0,,,7.61,,,3.9,,,,,,< 0.1000,,,,39.9,17.24,,,,< 12.0000,,7,,200,,153.576,,,0.9,,,,,< 0.5000,0.11,,8.31,,,7,,1.43,,40.8,431,11.95,293,23.3,194.1,683,0.27,25,14,,600,< 50.0000,0.39,,3,2.46,90,,0.08,,50,,0.09,0.07,0.31,0.16,,,1.95,1.05,1300,,2,0.3,,,,13.1,100,,0.3,< 0.2000,5.68,,0.75,0.66,7,U 2.0000,U 2.0000,,,,0.19,0.36,,,,,,,,,4.3,2.22, Debris dam upstream," Mercury :Sample analyzed using EPA 245.1 method Hardness Diss :AUTOCALCULATE 2020-11-11 18:00:38 Total N :AUTOCALCULATE 2020-11-11 18:00:40 Using 1/2 NandN SAR Diss :AUTOCALCULATE 2020-11-11 18:00:40 Nitrate+Nitrite N :Sample analyzed out of hold time Mercury Diss :Sample analyzed using EPA 245.1 method Ammonia, Unionized :AUTOCALCULATE 2020-11-11 18:00:43 Using 1/2 AMNN Analysis DO :Analysis Value from : DO (field or ext)  2026-03-19 18:01:53 Analysis Hardness :Analysis Value from : Hardness Diss  2020-11-11 18:00:44 Analysis pH :Analysis Value from : Field pH  2026-03-19 18:03:49 Analysis TDS :Analysis Value from : Lab Total Dissolved Solids  2020-11-11 18:01:34 Analysis Temp :Analysis Value from : Field Temp  2026-03-19 18:03:08 Analysis SAR :Analysis Value from : SAR Diss  2020-11-11 18:02:06 Analysis Nitrate :Analysis Value from : Nitrate Nitrite  2020-11-11 18:00:44",
14745694-0,Nevada Division of Environmental Protection,NV06-SC-41-C_00,Steamboat Creek @ Rhodes Road,SB5,2019-01-14 09:25:00,0.00,,,11.61,0,0,0,,,0,,0,,,7.33,,,1.9,,,,,,< 0.1000,,,,29.8,18.58,,,,< 12.0000,,4,,U 100.0000,,115.591,,,0.4,,,,,< 0.5000,0.06,,8.15,,,4.6,,0.97,,23.9,312,11.09,207,23.3,119.71,185,0.13,< 10.0000,4.5,,170,U 50.0000,0.29,,3,2.97,60,,0.06,,40,,0.11,0.09,0.16,0.11,,,2,1.01,600,,0.76,0.29,,,,10,80,,0.04,U 0.2000,2.51,,0.61,0.59,6,U 2.0000,U 2.0000,,,,0.17,0.46,,,,,,,,,3.69,2.46,," Mercury :Sample analyzed using EPA 245.1 method Hardness Diss :AUTOCALCULATE 2020-11-11 18:00:38 Total N :AUTOCALCULATE 2020-11-11 18:00:40 Using 1/2 NandN SAR Diss :AUTOCALCULATE 2020-11-11 18:00:40 Nitrate+Nitrite N :Sample analyzed out of hold time Mercury Diss :Sample analyzed using EPA 245.1 method Ammonia, Unionized :AUTOCALCULATE 2020-11-11 18:00:43 Using 1/2 AMNN Analysis DO :Analysis Value from : DO (field or ext)  2026-03-19 18:01:53 Analysis Hardness :Analysis Value from : Hardness Diss  2020-11-11 18:00:44 Analysis pH :Analysis Value from : Field pH  2026-03-19 18:03:49 Analysis TDS :Analysis Value from : Lab Total Dissolved Solids  2020-11-11 18:01:34 Analysis Temp :Analysis Value from : Field Temp  2026-03-19 18:03:08 Analysis SAR :Analysis Value from : SAR Diss  2020-11-11 18:02:06 Analysis Nitrate :Analysis Value from : Nitrate Nitrite  2020-11-11 18:00:44",
14745695-0,Nevada Division of Environmental Protection,NV06-SC-42-D_00,Steamboat Creek @ Geiger Grade,SB7,2019-01-14 09:55:00,0.00,,,11.86,0,0,0,,,0,,0,,,7.94,,,2.8,,,,,,< 0.1000,,,,30,38.79,,,,< 12.0000,,3,,30,,116.090,,,0.4,,,,,< 0.5000,0.08,,8.22,,,6,,1.77,,43.8,409,17.31,261,23,128.43,189,0.17,< 10.0000,5.1,,200,U 50.0000,3,,77,72,60,,0.06,,1000,,0.1,0.55,0.22,0.43,,,1.24,0.93,700,,0.66,0.29,,,,10,90,,0.06,U 0.2000,1.93,,0.65,0.93,7,U 2.0000,U 2.0000,,,,0.34,0.37,,,,,,,,,2.79,2.35, Don’t park on broken pipes," Mercury :Sample analyzed using EPA 245.1 method Hardness Diss :AUTOCALCULATE 2020-11-11 18:00:38 Total N :AUTOCALCULATE 2020-11-11 18:00:40 Using 1/2 NandN SAR Diss :AUTOCALCULATE 2020-11-11 18:00:40 Nitrate+Nitrite N :Sample analyzed out of hold time Mercury Diss :Sample analyzed using EPA 245.1 method Ammonia, Unionized :AUTOCALCULATE 2020-11-11 18:00:43 Using 1/2 AMNN Analysis DO :Analysis Value from : DO (field or ext)  2026-03-19 18:01:53 Analysis Hardness :Analysis Value from : Hardness Diss  2020-11-11 18:00:44 Analysis pH :Analysis Value from : Field pH  2026-03-19 18:03:49 Analysis TDS :Analysis Value from : Lab Total Dissolved Solids  2020-11-11 18:01:34 Analysis Temp :Analysis Value from : Field Temp  2026-03-19 18:03:08 Analysis SAR :Analysis Value from : SAR Diss  2020-11-11 18:02:06 Analysis Nitrate :Analysis Value from : Nitrate Nitrite  2020-11-11 18:00:44",
14745789-0,Nevada Division of Environmental Protection,NV06-SC-42-D_00,Steamboat Creek @ So. Meadows Pkwy,SB46,2017-01-19 11:40:00,0.00,,,,,,,,,,,,,,,,,,,,,,,,,,,,,,,,,,,,,,,,,,,,,,,,,,,,,,,,,,,,,,2755,,,,,,,,,,,,,,,,,,,,,,,,,,,,,,,,,,,,,,,,,,,,,,,,,,,,,,,,,,,,,
14745878-0,Nevada Division of Environmental Protection,NV06-SC-41-C_00,Steamboat Creek @ Pleasant Valley &[STBT02Stbt-2],SB3,2019-05-21 08:15:00,0.00,,,9.12,1,0,0,,,0,,0,,,8.66,,,,,,,,,0.2,,,,,20.19,,,,< 12.0000,,,,400,,,,,1.7,,,,,< 0.5000,0.46,,8.53,,,,,,,,399,12.97,304,23.2,171.31,3448,0.69,39,66,,,,,,,,,,,,,,,,,,,,,,,,,,,,,,,,,,,,,,,,,,,,,,,,,,,,,,,," High flow, turbid"," Total N :AUTOCALCULATE 2020-11-11 18:00:40 Using 1/2 NandN pH Lab :Sample analyzed out of hold time Nitrate+Nitrite N :Sample analyzed out of hold time Analysis DO :Analysis Value from : DO (field or ext)  2026-03-19 18:01:53 Analysis pH :Analysis Value from : Field pH  2026-03-19 18:03:49 Analysis TDS :Analysis Value from : Lab Total Dissolved Solids  2020-11-11 18:01:34 Analysis Nitrate :Analysis Value from : Nitrate Nitrite  2020-11-11 18:00:44 Narrative - Color, Turbidity, or Other Conditions :Color, Turbidity",
14745879-0,Nevada Division of Environmental Protection,NV06-SC-41-C_00,Steamboat Creek @ Rhodes Road,SB5,2019-05-21 08:40:00,0.00,,,8.73,1,0,0,,,0,,0,,,8.06,,,9,,,,,,< 0.1000,,,,,17.93,,,,< 12.0000,,,,300,,,,,1.4,,,,,< 0.5000,0.32,,8.48,,,,,,,,329,10.53,260,24.1,140.85,8164,0.51,30,51,,,,,,,,,,,,,,,,,,,,,,,,,,,,,,,,,,,,,,,,,,,,,,,,,,,,,,,," High flow, turbid"," Total N :AUTOCALCULATE 2020-11-11 18:00:40 Using 1/2 NandN pH Lab :Sample analyzed out of hold time Nitrate+Nitrite N :Sample analyzed out of hold time Ammonia, Unionized :AUTOCALCULATE 2020-11-11 18:00:43 Using 1/2 AMNN Analysis DO :Analysis Value from : DO (field or ext)  2026-03-19 18:01:53 Analysis pH :Analysis Value from : Field pH  2026-03-19 18:03:49 Analysis TDS :Analysis Value from : Lab Total Dissolved Solids  2020-11-11 18:01:34 Analysis Temp :Analysis Value from : Field Temp  2026-03-19 18:03:08 Analysis Nitrate :Analysis Value from : Nitrate Nitrite  2020-11-11 18:00:44 Narrative - Color, Turbidity, or Other Conditions :Color, Turbidity",
14745880-0,Nevada Division of Environmental Protection,NV06-SC-42-D_00,Steamboat Creek @ Geiger Grade,SB7,2019-05-21 08:55:00,0.00,,,9.79,0,0,0,,,0,,0,,,7.51,,,9.2,,,,,,< 0.1000,,,,,19.46,,,,< 12.0000,,,,300,,,,,1.3,,,,,< 0.5000,0.29,,8.47,,,,,,,,324,10.92,251,24.2,132.02,4352,0.5,42,47,,,,,,,,,,,,,,,,,,,,,,,,,,,,,,,,,,,,,,,,,,,,,,,,,,,,,,,, High flow," Total N :AUTOCALCULATE 2020-11-11 18:00:40 Using 1/2 NandN pH Lab :Sample analyzed out of hold time Nitrate+Nitrite N :Sample analyzed out of hold time Ammonia, Unionized :AUTOCALCULATE 2020-11-11 18:00:43 Using 1/2 AMNN Analysis DO :Analysis Value from : DO (field or ext)  2026-03-19 18:01:53 Analysis pH :Analysis Value from : Field pH  2026-03-19 18:03:49 Analysis TDS :Analysis Value from : Lab Total Dissolved Solids  2020-11-11 18:01:34 Analysis Temp :Analysis Value from : Field Temp  2026-03-19 18:03:08 Analysis Nitrate :Analysis Value from : Nitrate Nitrite  2020-11-11 18:00:44",
14746011-0,Nevada Division of Environmental Protection,NV06-SC-41-C_00,Steamboat Creek @ Pleasant Valley &[STBT02Stbt-2],SB3,2019-12-10 08:20:00,0.00,,,10.5,0,0,0,,,0,,0,,,8.47,,,,,,,,,< 0.1000,,,,35.8,24.35,,,,< 12.0000,,7.72,,400,,130.573,,,0.8,,,,,< 0.5000,0.15,,8.29,,,6,,1.44,,37.8,433,13.63,264,23.5,175.12,1421,0.22,< 10.0000,6,,250,156,0.19,,2,1.78,70,,U 2.0000,,60,,U 1.0000,U 1.0000,0.33,0.07,,,0.9,0.76,411,,U 1.0000,U 1.0000,,,,10,40,,0.15,0.04,3.68,,0.66,0.88,6,U 2.0000,U 2.0000,,,,U 2.0000,U 1.0000,,,,,,,,,1.68,1.53,, Hardness Diss :AUTOCALCULATE 2020-11-11 18:00:38 Total N :AUTOCALCULATE 2020-11-11 18:00:40 Using 1/2 NandN pH Lab :pH analyzed out of hold time SAR Diss :AUTOCALCULATE 2020-11-11 18:00:40 Nitrate+Nitrite N :Sample analyzed out of hold time Mercury Diss :Sample analyzed by using EPA 245.1 Analysis DO :Analysis Value from : DO (field or ext)  2026-03-19 18:01:53 Analysis Hardness :Analysis Value from : Hardness Diss  2020-11-11 18:00:44 Analysis pH :Analysis Value from : Field pH  2026-03-19 18:03:49 Analysis TDS :Analysis Value from : Lab Total Dissolved Solids  2020-11-11 18:01:34 Analysis SAR :Analysis Value from : SAR Diss  2020-11-11 18:02:06 Analysis Nitrate :Analysis Value from : Nitrate Nitrite  2020-11-11 18:00:44,
14746012-0,Nevada Division of Environmental Protection,NV06-SC-41-C_00,Steamboat Creek @ Rhodes Road,SB5,2019-12-10 08:50:00,0.00,,,11.24,0,0,0,,,0,,0,,,7.24,,,2.6,,,,,,< 0.1000,,,,26.2,21.7,,,,< 12.0000,,4.59,,100,,98.365,,,0.4,,,,,< 0.5000,0.06,,8.09,,,4.8,,1.01,,23.1,315,11.97,184,23.2,115.78,1314,0.13,< 10.0000,4.9,,280,25,0.06,,1.79,1.39,50,,U 2.0000,,50,,U 1.0000,U 1.0000,0.09,U 2.0000,,,0.63,0.31,555,,U 1.0000,U 1.0000,,,,8,70,,0.12,U 0.2000,1.28,,0.51,0.59,4.9,U 2.0000,U 2.0000,,,,U 2.0000,U 1.0000,,,,,,,,,2.91,1.68,," Mercury :Sample analyzed by using EPA 245.1 Hardness Diss :AUTOCALCULATE 2020-11-11 18:00:38 Total N :AUTOCALCULATE 2020-11-11 18:00:40 Using 1/2 NandN pH Lab :pH analyzed out of hold time SAR Diss :AUTOCALCULATE 2020-11-11 18:00:40 Nitrate+Nitrite N :Sample analyzed out of hold time Mercury Diss :Sample analyzed by using EPA 245.1 Ammonia, Unionized :AUTOCALCULATE 2020-11-11 18:00:43 Using 1/2 AMNN Analysis DO :Analysis Value from : DO (field or ext)  2026-03-19 18:01:53 Analysis Hardness :Analysis Value from : Hardness Diss  2020-11-11 18:00:44 Analysis pH :Analysis Value from : Field pH  2026-03-19 18:03:49 Analysis TDS :Analysis Value from : Lab Total Dissolved Solids  2020-11-11 18:01:34 Analysis Temp :Analysis Value from : Field Temp  2026-03-19 18:03:08 Analysis SAR :Analysis Value from : SAR Diss  2020-11-11 18:02:06 Analysis Nitrate :Analysis Value from : Nitrate Nitrite  2020-11-11 18:00:44",
14746013-0,Nevada Division of Environmental Protection,NV06-SC-42-D_00,Steamboat Creek @ Geiger Grade,SB7,2019-12-10 10:10:00,0.00,,,11.09,0,0,0,,,0,,0,,,6.87,,,4.4,,,,,,< 0.1000,,,,26,35.76,,,,< 12.0000,,4.63,,200,,97.866,,,0.5,,,,,< 0.5000,0.08,,8.17,,,6,,1.5,,34.2,386,16.81,229,23.3,122.73,933,0.16,10.6,5.4,,263,55,2,,50.42,48.16,50,,U 2.0000,,600,,U 1.0000,U 1.0000,U 2.0000,0.07,,,1,0.39,594,,U 1.0000,U 1.0000,,,,8,70,,0.075,U 0.2000,0.97,,0.57,0.57,6,U 2.0000,U 2.0000,,,,U 2.0000,U 1.0000,,,,,,,,,4.56,1.77,," Mercury :Sample analyzed by using EPA 245.1 Hardness Diss :AUTOCALCULATE 2020-11-11 18:00:38 Total N :AUTOCALCULATE 2020-11-11 18:00:40 Using 1/2 NandN pH Lab :pH analyzed out of hold time SAR Diss :AUTOCALCULATE 2020-11-11 18:00:40 Nitrate+Nitrite N :Analyzed 12/13/19 Mercury Diss :Sample analyzed by using EPA 245.1 Ammonia, Unionized :AUTOCALCULATE 2020-11-11 18:00:43 Using 1/2 AMNN Analysis DO :Analysis Value from : DO (field or ext)  2026-03-19 18:01:53 Analysis Hardness :Analysis Value from : Hardness Diss  2020-11-11 18:00:44 Analysis pH :Analysis Value from : Field pH  2026-03-19 18:03:49 Analysis TDS :Analysis Value from : Lab Total Dissolved Solids  2020-11-11 18:01:34 Analysis Temp :Analysis Value from : Field Temp  2026-03-19 18:03:08 Analysis SAR :Analysis Value from : SAR Diss  2020-11-11 18:02:06 Analysis Nitrate :Analysis Value from : Nitrate Nitrite  2020-11-11 18:00:44",
14746059-0,Nevada Division of Environmental Protection,NV06-SC-41-C_00,Steamboat Creek @ Pleasant Valley &[STBT02Stbt-2],SB3,2020-03-09 07:30:00,0.00,,,9.31,0,0,0,,,0,,0,,,8.2,,,,,,,,,< 0.1000,,,,,14,,,,< 12.0000,,,,140,,,,,0.3,,,,,< 0.5000,0.06,,8.3,,,,,,,,333,4.07,208,23.6,137.67,397,0.1,< 10.0000,4,,,,,,,,,,,,,,,,,,,,,,,,,,,,,,,,,,,,,,,,,,,,,,,,,,,,,,,,, Total N :AUTOCALCULATE 2020-11-11 18:00:40 Using 1/2 NandN Nitrate+Nitrite N :Sample analyzed out of hold time Analysis DO :Analysis Value from : DO (field or ext)  2026-03-19 18:01:53 Analysis pH :Analysis Value from : Field pH  2026-03-19 18:03:49 Analysis TDS :Analysis Value from : Lab Total Dissolved Solids  2020-11-11 18:01:34 Analysis Nitrate :Analysis Value from : Nitrate Nitrite  2020-11-11 18:00:44,
14746060-0,Nevada Division of Environmental Protection,NV06-SC-41-C_00,Steamboat Creek @ Rhodes Road,SB5,2020-03-09 07:50:00,0.00,,,9.9,0,0,0,,,0,,0,,,7.83,,,5.9,,,,,,< 0.1000,,,,,15,,,,< 12.0000,,,,U 100.0000,,,,,0.3,,,,,< 0.5000,0.03,,8.17,,,,,,,,254,4.98,160,23.7,92.33,216,0.08,18,12,,,,,,,,,,,,,,,,,,,,,,,,,,,,,,,,,,,,,,,,,,,,,,,,,,,,,,,, Slightly turbid," Total N :AUTOCALCULATE 2020-11-11 18:00:40 Using 1/2 NandN Nitrate+Nitrite N :Sample analyzed out of hold time Ammonia, Unionized :AUTOCALCULATE 2020-11-11 18:00:43 Using 1/2 AMNN Analysis DO :Analysis Value from : DO (field or ext)  2026-03-19 18:01:53 Analysis pH :Analysis Value from : Field pH  2026-03-19 18:03:49 Analysis TDS :Analysis Value from : Lab Total Dissolved Solids  2020-11-11 18:01:34 Analysis Temp :Analysis Value from : Field Temp  2026-03-19 18:03:08 Analysis Nitrate :Analysis Value from : Nitrate Nitrite  2020-11-11 18:00:44",
14746061-0,Nevada Division of Environmental Protection,NV06-SC-42-D_00,Steamboat Creek @ Geiger Grade,SB7,2020-03-09 08:15:00,0.00,,,9.85,0,0,0,,,0,,0,,,7.97,,,7.9,,,,,,< 0.1000,,,,,48.26,,,,< 12.0000,,,,50,,,,,0.3,,,,,< 0.5000,0.07,,8.22,,,,,,,,400,12.85,238,23.7,107.11,459,0.14,15,8,,,,,,,,,,,,,,,,,,,,,,,,,,,,,,,,,,,,,,,,,,,,,,,,,,,,,,,,," Total N :AUTOCALCULATE 2020-11-11 18:00:40 Using 1/2 NandN Nitrate+Nitrite N :Sample analyzed out of hold time Ammonia, Unionized :AUTOCALCULATE 2020-11-11 18:00:43 Using 1/2 AMNN Analysis DO :Analysis Value from : DO (field or ext)  2026-03-19 18:01:53 Analysis pH :Analysis Value from : Field pH  2026-03-19 18:03:49 Analysis TDS :Analysis Value from : Lab Total Dissolved Solids  2020-11-11 18:01:34 Analysis Temp :Analysis Value from : Field Temp  2026-03-19 18:03:08 Analysis Nitrate :Analysis Value from : Nitrate Nitrite  2020-11-11 18:00:44",
14746133-0,Nevada Division of Environmental Protection,NV06-SC-56-B_00,Thomas Creek above Arrowhead Parkway &[TC111],STBT03Thomas-4,2018-07-31 12:56:00,0.00,,,,,,,,,,,,,,,,,,,,,,,< 0.1000,,,,10,0.52,,,,< 12.0000,,2.28,,U 100.0000,,40.207,,,0.6,,,,,< 0.5000,0.07,,8.08,,,3.3,,0.34,,4.9,106,U 5.0000,103,23.1,51.51,3448,0.13,16.6,12,,620,30,0.29,,1.61,1.35,60,,U 2.0000,,< 100.0000,,0.48,0.48,0.53,0.2,,,1,0.58,1000,,0.88,0.62,,,,3.7,50,,U 0.2000,U 0.2000,0.77,,0.63,0.53,3.3,U 2.0000,U 2.0000,,,,U 2.0000,0.36,,,,,,,,,2.64,1.44,, Mercury :Mercury analyzed by EPA 245.1 method Hardness Diss :AUTOCALCULATE 2020-11-11 18:00:38 Total N :AUTOCALCULATE 2020-11-11 18:00:40 Using 1/2 NandN pH Lab :pH analyzed out of hold time SAR Diss :AUTOCALCULATE 2020-11-11 18:00:40 Nitrite N :Sample analyzed out of hold time Nitrate+Nitrite N :Sample analyzed out of hold time Turbidity Lab :Turbidity analyzed out of hold time Mercury Diss :Mercury analyzed by EPA 245.1 method Ortho P :Sample analyzed out of hold time Color :Sample analyzed out of hold time DOC :Sample filtered and preserved in the field by NDEP. Analysis Hardness :Analysis Value from : Hardness Diss  2020-11-11 18:00:44 Analysis TDS :Analysis Value from : Lab Total Dissolved Solids  2020-11-11 18:01:34 Analysis SAR :Analysis Value from : SAR Diss  2020-11-11 18:02:06 Analysis Nitrate :Analysis Value from : Nitrate Nitrite  2020-11-11 18:00:44,
14754066-0,Nevada Division of Environmental Protection,NV06-SC-54-B_00,Whites Creek above Thomas Creek Road &[WC-11],STBT03Whites-2,2020-06-16 09:10:00,0.00,,,,,,,,,,,,,,,,,,,,,32,2,,,,6.6,6.4,0.16,,,2,,,1.2,,50,22.245,21.334,,,0.07,,,U 0.5000,,,0.02,,7.53,,,1.4,0.25,0.24,2.7,2.6,66,4.2,37,21.9,32,118.4,0.02,5,3.2,,110,26,0.31,U 2.0000,U 2.0000,U 2.0000,10,10,U 2.0000,U 2.0000,U 50.0000,U 50.0000,U 2.0000,U 2.0000,2,2,0.29,0.12,1.1,0.87,290,110,U 2.0000,U 2.0000,U 100.0000,U 100.0000,1.4,1.3,11,4,U 0.1000,U 0.1000,1.1,0.86,0.86,0.84,1.4,U 10.0000,U 10.0000,22000,22000,U 2.0000,U 2.0000,U 1.0000,U 1.0000,U 1.0000,2.3,50,1.8,1.1,U 2.0000,U 2.0000,5,2.9,," Boron Diss :SampID: 20061053-05A, DateRec: 6/18/2020 3:15:00 PM, CAS#: 7440-42-8, AnalDate: 6/24/2020 2:06:16 PM CO3 as CaCO3 :SampID: 20061053-04A, DateRec: 6/18/2020 3:15:00 PM, CAS#: , AnalDate: 6/23/2020 12:33:39 PM Molybdenum :SampID: 20061053-04C, DateRec: 6/18/2020 3:15:00 PM, CAS#: 7439-98-7, AnalDate: 6/25/2020 3:39:06 PM Total Coliform :SampID: 20061053-04D, DateRec: 6/18/2020 3:15:00 PM, CAS#: , AnalDate: 6/18/2020 5:10:00 PM Mercury :SampID: 20061053-04C, DateRec: 6/18/2020 3:15:00 PM, CAS#: 7439-97-6, AnalDate: 6/24/2020 12:43:51 PM Copper Diss :SampID: 20061053-05A, DateRec: 6/18/2020 3:15:00 PM, CAS#: 7440-50-8, AnalDate: 6/25/2020 3:48:14 PM Hardness Diss :AUTOCALCULATE 2021-04-05 15:51:26 Iron Diss :SampID: 20061053-05A, DateRec: 6/18/2020 3:15:00 PM, CAS#: 7439-89-6, AnalDate: 6/24/2020 2:06:16 PM Total N :AUTOCALCULATE 2024-01-03 18:00:32 Lead Diss :SampID: 20061053-05A, DateRec: 6/18/2020 3:15:00 PM, CAS#: 7439-92-1, AnalDate: 6/25/2020 3:48:14 PM pH Lab :SampID: 20061053-04A, DateRec: 6/18/2020 3:15:00 PM, CAS#: 12408-02-5, AnalDate: 6/23/2020 12:33:39 PM Chloride :SampID: 20061053-04A, DateRec: 6/18/2020 3:15:00 PM, CAS#: 16887-00-6, AnalDate: 6/18/2020 9:24:17 PM SAR Diss :AUTOCALCULATE 2021-04-05 15:51:28 Silver Diss :SampID: 20061053-05A, DateRec: 6/18/2020 3:15:00 PM, CAS#: 7440-22-4, AnalDate: 6/25/2020 3:48:14 PM Fecal Coliform :SampID: 20061053-04D, DateRec: 6/18/2020 3:15:00 PM, CAS#: , AnalDate: 6/18/2020 4:50:00 PM Iron :SampID: 20061053-04C, DateRec: 6/18/2020 3:15:00 PM, CAS#: 7439-89-6, AnalDate: 6/24/2020 2:04:07 PM Boron :SampID: 20061053-04C, DateRec: 6/18/2020 3:15:00 PM, CAS#: 7440-42-8, AnalDate: 6/24/2020 2:04:07 PM Lead :SampID: 20061053-04C, DateRec: 6/18/2020 3:15:00 PM, CAS#: 7439-92-1, AnalDate: 6/25/2020 3:39:06 PM TSS :SampID: 20061053-04A, DateRec: 6/18/2020 3:15:00 PM, CAS#: , AnalDate: 6/19/2020 10:21:00 AM Manganese :SampID: 20061053-04C, DateRec: 6/18/2020 3:15:00 PM, CAS#: 7439-96-5, AnalDate: 6/25/2020 3:39:06 PM Nitrite N :SampID: 20061053-04A, DateRec: 6/18/2020 3:15:00 PM, CAS#: 14797-65-0, AnalDate: 6/18/2020 10:56:43 PM Sodium :SampID: 20061053-04C, DateRec: 6/18/2020 3:15:00 PM, CAS#: 7440-23-5, AnalDate: 6/24/2020 2:04:07 PM Antimony :SampID: 20061053-04C, DateRec: 6/18/2020 3:15:00 PM, CAS#: 7440-36-0, AnalDate: 6/25/2020 3:39:06 PM Copper :SampID: 20061053-04C, DateRec: 6/18/2020 3:15:00 PM, CAS#: 7440-50-8, AnalDate: 6/25/2020 3:39:06 PM Calcium :SampID: 20061053-04C, DateRec: 6/18/2020 3:15:00 PM, CAS#: 7440-70-2, AnalDate: 6/24/2020 2:04:07 PM Chromium Diss :SampID: 20061053-05A, DateRec: 6/18/2020 3:15:00 PM, CAS#: 7440-47-3, AnalDate: 6/25/2020 3:48:14 PM Zinc :SampID: 20061053-04C, DateRec: 6/18/2020 3:15:00 PM, CAS#: 7440-66-6, AnalDate: 6/25/2020 3:39:06 PM TDS Lab :SampID: 20061053-04A, DateRec: 6/18/2020 3:15:00 PM, CAS#: , AnalDate: 6/19/2020 10:18:00 AM Zinc Diss :SampID: 20061053-05A, DateRec: 6/18/2020 3:15:00 PM, CAS#: 7440-66-6, AnalDate: 6/25/2020 3:48:14 PM Turbidity Lab :SampID: 20061053-04A, DateRec: 6/18/2020 3:15:00 PM, CAS#: , AnalDate: 6/19/2020 9:43:00 AM Beryllium :SampID: 20061053-04C, DateRec: 6/18/2020 3:15:00 PM, CAS#: 7440-41-7, AnalDate: 6/25/2020 3:39:06 PM Thallium :SampID: 20061053-04C, DateRec: 6/18/2020 3:15:00 PM, CAS#: 7440-28-0, AnalDate: 6/25/2020 3:39:06 PM Mercury Diss :SampID: 20061053-05A, DateRec: 6/18/2020 3:15:00 PM, CAS#: 7439-97-6, AnalDate: 6/24/2020 12:43:51 PM Ortho P :SampID: 20061053-04A, DateRec: 6/18/2020 3:15:00 PM, CAS#: 7723-14-0, AnalDate: 6/19/2020 9:41:00 AM Temp Lab :SampID: 20061053-04A, DateRec: 6/18/2020 3:15:00 PM, CAS#: , AnalDate: 6/23/2020 12:33:39 PM Magnesium Diss :SampID: 20061053-05A, DateRec: 6/18/2020 3:15:00 PM, CAS#: 7439-95-4, AnalDate: 6/24/2020 2:06:16 PM Fluoride :SampID: 20061053-04A, DateRec: 6/18/2020 3:15:00 PM, CAS#: 16984-48-8, AnalDate: 6/18/2020 9:24:17 PM Nickel Diss :SampID: 20061053-05A, DateRec: 6/18/2020 3:15:00 PM, CAS#: 7440-02-0, AnalDate: 6/25/2020 3:48:14 PM Chro",
14754067-0,Nevada Division of Environmental Protection,NV06-SC-54-B_00,Whites Creek above Thomas Creek Road &[WC-11],STBT03Whites-2,2020-06-30 15:30:00,0.00,,,10.68,0,0,0,,,0,,0,,,7.56,,,11.13,,,,34,,,,,6.8,6.5,0.24,,,,,,1.2,,47,23.157,21.996,,,0.1,,,,,,,,7.7,,,1.5,0.25,0.25,2.8,2.7,70,4.5,56,20.1,34,200.5,0.04,10,2.9,,190,U 50.0000,0.69,0.26,0.59,1.1,10,10,U 2.0000,U 2.0000,U 50.0000,U 50.0000,U 2.0000,U 2.0000,2,1.7,0.38,0.097,1.4,1.1,400,110,U 2.0000,U 2.0000,U 100.0000,U 100.0000,1.5,1.4,16,4,U 0.1000,U 0.1000,1.2,1.3,0.62,0.7,1.4,U 10.0000,U 10.0000,25000,25000,U 2.0000,U 2.0000,U 1.0000,U 1.0000,U 1.0000,10,0,U 2.0000,2,U 2.0000,U 2.0000,U 20.0000,2.1,," Boron Diss :SampID: 20070162-14A, DateRec: 7/2/2020 3:50:00 PM, CAS#: 7440-42-8, AnalDate: 7/13/2020 12:37:03 PM Molybdenum :SampID: 20070162-13C, DateRec: 7/2/2020 3:50:00 PM, CAS#: 7439-98-7, AnalDate: 7/7/2020 4:44:26 AM Total Coliform :SampID: 20070162-13D, DateRec: 7/2/2020 3:50:00 PM, CAS#: , AnalDate: 7/2/2020 4:35:00 PM Mercury :SampID: 20070162-13C, DateRec: 7/2/2020 3:50:00 PM, CAS#: 7439-97-6, AnalDate: 7/7/2020 2:17:36 PM Copper Diss :SampID: 20070162-14A, DateRec: 7/2/2020 3:50:00 PM, CAS#: 7440-50-8, AnalDate: 7/7/2020 6:48:59 AM Hardness Diss :AUTOCALCULATE 2021-04-05 15:51:26 Iron Diss :SampID: 20070162-14A, DateRec: 7/2/2020 3:50:00 PM, CAS#: 7439-89-6, AnalDate: 7/13/2020 12:37:03 PM Lead Diss :SampID: 20070162-14A, DateRec: 7/2/2020 3:50:00 PM, CAS#: 7439-92-1, AnalDate: 7/7/2020 6:48:59 AM pH Lab :SampID: 20070162-13A, DateRec: 7/2/2020 3:50:00 PM, CAS#: 12408-02-5, AnalDate: 7/10/2020 11:18:37 AM Chloride :SampID: 20070162-13A, DateRec: 7/2/2020 3:50:00 PM, CAS#: 16887-00-6, AnalDate: 7/3/2020 5:30:00 AM SAR Diss :AUTOCALCULATE 2021-04-05 15:51:28 Silver Diss :SampID: 20070162-14A, DateRec: 7/2/2020 3:50:00 PM, CAS#: 7440-22-4, AnalDate: 7/7/2020 6:48:59 AM Fecal Coliform :SampID: 20070162-13D, DateRec: 7/2/2020 3:50:00 PM, CAS#: , AnalDate: 7/2/2020 4:23:00 PM Iron :SampID: 20070162-13C, DateRec: 7/2/2020 3:50:00 PM, CAS#: 7439-89-6, AnalDate: 7/13/2020 12:34:53 PM Boron :SampID: 20070162-13C, DateRec: 7/2/2020 3:50:00 PM, CAS#: 7440-42-8, AnalDate: 7/13/2020 12:34:53 PM Lead :SampID: 20070162-13C, DateRec: 7/2/2020 3:50:00 PM, CAS#: 7439-92-1, AnalDate: 7/7/2020 4:44:26 AM TSS :SampID: 20070162-13A, DateRec: 7/2/2020 3:50:00 PM, CAS#: , AnalDate: 7/6/2020 10:40:00 AM Manganese :SampID: 20070162-13C, DateRec: 7/2/2020 3:50:00 PM, CAS#: 7439-96-5, AnalDate: 7/7/2020 4:44:26 AM Sodium :SampID: 20070162-13C, DateRec: 7/2/2020 3:50:00 PM, CAS#: 7440-23-5, AnalDate: 7/13/2020 12:34:53 PM Antimony :SampID: 20070162-13C, DateRec: 7/2/2020 3:50:00 PM, CAS#: 7440-36-0, AnalDate: 7/7/2020 4:44:26 AM Copper :SampID: 20070162-13C, DateRec: 7/2/2020 3:50:00 PM, CAS#: 7440-50-8, AnalDate: 7/7/2020 4:44:26 AM Calcium :SampID: 20070162-13C, DateRec: 7/2/2020 3:50:00 PM, CAS#: 7440-70-2, AnalDate: 7/13/2020 12:34:53 PM Chromium Diss :SampID: 20070162-14A, DateRec: 7/2/2020 3:50:00 PM, CAS#: 7440-47-3, AnalDate: 7/7/2020 6:48:59 AM Zinc :SampID: 20070162-13C, DateRec: 7/2/2020 3:50:00 PM, CAS#: 7440-66-6, AnalDate: 7/7/2020 4:44:26 AM TDS Lab :SampID: 20070162-13A, DateRec: 7/2/2020 3:50:00 PM, CAS#: , AnalDate: 7/6/2020 9:40:00 AM Zinc Diss :SampID: 20070162-14A, DateRec: 7/2/2020 3:50:00 PM, CAS#: 7440-66-6, AnalDate: 7/7/2020 6:48:59 AM Turbidity Lab :SampID: 20070162-13A, DateRec: 7/2/2020 3:50:00 PM, CAS#: , AnalDate: 7/2/2020 4:20:00 PM Beryllium :SampID: 20070162-13C, DateRec: 7/2/2020 3:50:00 PM, CAS#: 7440-41-7, AnalDate: 7/7/2020 4:44:26 AM Thallium :SampID: 20070162-13C, DateRec: 7/2/2020 3:50:00 PM, CAS#: 7440-28-0, AnalDate: 7/7/2020 4:44:26 AM Mercury Diss :SampID: 20070162-14A, DateRec: 7/2/2020 3:50:00 PM, CAS#: 7439-97-6, AnalDate: 7/7/2020 2:17:36 PM Temp Lab :SampID: 20070162-13A, DateRec: 7/2/2020 3:50:00 PM, CAS#: , AnalDate: 7/10/2020 11:18:37 AM Magnesium Diss :SampID: 20070162-14A, DateRec: 7/2/2020 3:50:00 PM, CAS#: 7439-95-4, AnalDate: 7/13/2020 12:37:03 PM Fluoride :SampID: 20070162-13A, DateRec: 7/2/2020 3:50:00 PM, CAS#: 16984-48-8, AnalDate: 7/3/2020 5:30:00 AM Nickel Diss :SampID: 20070162-14A, DateRec: 7/2/2020 3:50:00 PM, CAS#: 7440-02-0, AnalDate: 7/7/2020 6:48:59 AM Chromium :SampID: 20070162-13C, DateRec: 7/2/2020 3:50:00 PM, CAS#: 7440-47-3, AnalDate: 7/7/2020 4:44:26 AM Kjeldahl N :SampID: 20070162-13B, DateRec: 7/2/2020 3:50:00 PM, CAS#: , AnalDate: 7/7/2020 3:49:00 PM Nickel :SampID: 20070162-13C, DateRec: 7/2/2020 3:50:00 PM, CAS#: 7440-02-0, AnalDate: 7/7/2020 4:44:26 AM Color :SampID: 20070162-13A, DateRec: 7/2/2020 3:50:00 PM, CAS#: , AnalDate: 7/2/2020 4:05:00 PM Arsenic :SampI",
14754068-0,Nevada Division of Environmental Protection,NV06-SC-55-A_00,Thomas Creek @ North Timberline Drive &[STBT03Thomas-3],SB10,2020-07-30 11:45:00,0.00,,,,,,,,,,,,,,,,,,,,,52,U 2.0000,,,,9.3,9,0.49,,,U 2.0000,,,1.8,,20,38.047,37.298,,,0.1,,,U 0.0500,,,0.07,,8.07,,,3.6,0.35,0.36,5,5,100,U 0.2000,90,21.7,52,816.4,0.083,20,7,,270,34,U 2.0000,U 2.0000,1.4,1.2,60,50,U 2.0000,U 2.0000,U 50.0000,U 50.0000,U 2.0000,U 2.0000,1.8,1.7,0.59,0.12,1.8,2,540,70,0.71,U 2.0000,21,18,3.6,3.6,42,5,0.1,U 0.1000,U 10.0000,U 10.0000,0.82,1.2,3.6,U 10.0000,U 10.0000,44000,44000,U 2.0000,U 2.0000,U 1.0000,U 1.0000,U 1.0000,10,0,1.5,0.078,U 2.0000,U 2.0000,3.5,4.5,," Boron Diss :SampID: 20071471-17A, DateRec: 7/30/2020 12:45:00 PM, CAS#: 7440-42-8, AnalDate: 8/4/2020 12:01:41 PM CO3 as CaCO3 :SampID: 20071471-16A, DateRec: 7/30/2020 12:45:00 PM, CAS#: , AnalDate: 7/31/2020 12:06:11 PM Molybdenum :SampID: 20071471-16C, DateRec: 7/30/2020 12:45:00 PM, CAS#: 7439-98-7, AnalDate: 8/6/2020 7:20:21 PM Total Coliform :SampID: 20071471-16D, DateRec: 7/30/2020 12:45:00 PM, CAS#: , AnalDate: 7/30/2020 2:22:00 PM Mercury :SampID: 20071471-16C, DateRec: 7/30/2020 12:45:00 PM, CAS#: 7439-97-6, AnalDate: 8/4/2020 2:34:49 PM Copper Diss :SampID: 20071471-17A, DateRec: 7/30/2020 12:45:00 PM, CAS#: 7440-50-8, AnalDate: 8/6/2020 7:28:03 PM Hardness Diss :AUTOCALCULATE 2021-04-05 15:51:26 Iron Diss :SampID: 20071471-17A, DateRec: 7/30/2020 12:45:00 PM, CAS#: 7439-89-6, AnalDate: 8/4/2020 12:01:41 PM Total N :AUTOCALCULATE 2024-01-03 18:00:32 Lead Diss :SampID: 20071471-17A, DateRec: 7/30/2020 12:45:00 PM, CAS#: 7439-92-1, AnalDate: 8/6/2020 7:28:03 PM pH Lab :SampID: 20071471-16A, DateRec: 7/30/2020 12:45:00 PM, CAS#: 12408-02-5, AnalDate: 7/31/2020 12:06:11 PM Chloride :SampID: 20071471-16A, DateRec: 7/30/2020 12:45:00 PM, CAS#: 16887-00-6, AnalDate: 7/31/2020 4:37:21 AM SAR Diss :AUTOCALCULATE 2021-04-05 15:51:28 Silver Diss :SampID: 20071471-17A, DateRec: 7/30/2020 12:45:00 PM, CAS#: 7440-22-4, AnalDate: 8/6/2020 7:28:03 PM Fecal Coliform :SampID: 20071471-16D, DateRec: 7/30/2020 12:45:00 PM, CAS#: , AnalDate: 7/30/2020 4:07:00 PM Iron :SampID: 20071471-16C, DateRec: 7/30/2020 12:45:00 PM, CAS#: 7439-89-6, AnalDate: 8/4/2020 11:59:32 AM Boron :SampID: 20071471-16C, DateRec: 7/30/2020 12:45:00 PM, CAS#: 7440-42-8, AnalDate: 8/4/2020 11:59:32 AM Lead :SampID: 20071471-16C, DateRec: 7/30/2020 12:45:00 PM, CAS#: 7439-92-1, AnalDate: 8/6/2020 7:20:21 PM TSS :SampID: 20071471-16A, DateRec: 7/30/2020 12:45:00 PM, CAS#: , AnalDate: 7/31/2020 9:25:00 AM Manganese :SampID: 20071471-16C, DateRec: 7/30/2020 12:45:00 PM, CAS#: 7439-96-5, AnalDate: 8/6/2020 7:20:21 PM Nitrite N :SampID: 20071471-16A, DateRec: 7/30/2020 12:45:00 PM, CAS#: 14797-65-0, AnalDate: 7/31/2020 4:37:21 AM Sodium :SampID: 20071471-16C, DateRec: 7/30/2020 12:45:00 PM, CAS#: 7440-23-5, AnalDate: 8/4/2020 11:59:32 AM Antimony :SampID: 20071471-16C, DateRec: 7/30/2020 12:45:00 PM, CAS#: 7440-36-0, AnalDate: 8/6/2020 7:20:21 PM Copper :SampID: 20071471-16C, DateRec: 7/30/2020 12:45:00 PM, CAS#: 7440-50-8, AnalDate: 8/6/2020 7:20:21 PM Calcium :SampID: 20071471-16C, DateRec: 7/30/2020 12:45:00 PM, CAS#: 7440-70-2, AnalDate: 8/4/2020 11:59:32 AM Chromium Diss :SampID: 20071471-17A, DateRec: 7/30/2020 12:45:00 PM, CAS#: 7440-47-3, AnalDate: 8/6/2020 7:28:03 PM Zinc :SampID: 20071471-16C, DateRec: 7/30/2020 12:45:00 PM, CAS#: 7440-66-6, AnalDate: 8/6/2020 7:20:21 PM TDS Lab :SampID: 20071471-16A, DateRec: 7/30/2020 12:45:00 PM, CAS#: , AnalDate: 7/31/2020 9:25:00 AM Zinc Diss :SampID: 20071471-17A, DateRec: 7/30/2020 12:45:00 PM, CAS#: 7440-66-6, AnalDate: 8/6/2020 7:28:03 PM Turbidity Lab :SampID: 20071471-16A, DateRec: 7/30/2020 12:45:00 PM, CAS#: , AnalDate: 7/30/2020 1:16:00 PM Beryllium :SampID: 20071471-16C, DateRec: 7/30/2020 12:45:00 PM, CAS#: 7440-41-7, AnalDate: 8/6/2020 7:20:21 PM Thallium :SampID: 20071471-16C, DateRec: 7/30/2020 12:45:00 PM, CAS#: 7440-28-0, AnalDate: 8/6/2020 7:20:21 PM Mercury Diss :SampID: 20071471-17A, DateRec: 7/30/2020 12:45:00 PM, CAS#: 7439-97-6, AnalDate: 8/4/2020 2:34:49 PM Ortho P :SampID: 20071471-16A, DateRec: 7/30/2020 12:45:00 PM, CAS#: 7723-14-0, AnalDate: 7/30/2020 1:16:00 PM Temp Lab :SampID: 20071471-16A, DateRec: 7/30/2020 12:45:00 PM, CAS#: , AnalDate: 7/31/2020 12:06:11 PM Magnesium Diss :SampID: 20071471-17A, DateRec: 7/30/2020 12:45:00 PM, CAS#: 7439-95-4, AnalDate: 8/4/2020 12:01:41 PM Fluoride :SampID: 20071471-16A, DateRec: 7/30/2020 12:45:00 PM, CAS#: 16984-48-8, AnalDate: 7/31/2020 4:37:21 AM Nickel Diss :SampID: 20071471-17A, DateRec: 7/30/2020 12:45:00 PM, CAS#: 7440-02-0, AnalDate: 8/6/2020 7",
14754069-0,Nevada Division of Environmental Protection,NV06-SC-56-B_00,Thomas Creek above Arrowhead Parkway &[TC111],STBT03Thomas-4,2020-06-29 14:15:00,0.00,,,10.08,0,0,0,,,0,,0,,,7.94,,,13.25,,,,52,,,,,8.3,8.9,0.6,,,,,,2.0,,44,33.903,36.636,,,1.6,,,,,,0.04,,7.93,,,2.9,0.32,0.33,4.3,4.6,100,0.4,88,19.1,52,200.5,0.09,13,5.7,,170,U 50.0000,0.35,U 2.0000,0.81,0.79,60,50,U 2.0000,U 2.0000,U 50.0000,U 50.0000,U 2.0000,U 2.0000,1.9,1.6,0.41,0.11,1,1.6,600,160,0.22,U 2.0000,U 100.0000,U 100.0000,3.2,3.5,41,9,U 0.1000,U 0.1000,U 10.0000,0.58,0.67,0.7,3.2,U 10.0000,U 10.0000,46000,45000,U 2.0000,U 2.0000,U 1.0000,U 1.0000,U 1.0000,10,0,3,2,0.13,U 2.0000,2.9,2, Sonde not calibrated before sampling.," Boron Diss :SampID: 20070162-02A, DateRec: 7/2/2020 3:50:00 PM, CAS#: 7440-42-8, AnalDate: 7/13/2020 12:11:10 PM Molybdenum :SampID: 20070162-01C, DateRec: 7/2/2020 3:50:00 PM, CAS#: 7439-98-7, AnalDate: 7/7/2020 2:48:36 AM Total Coliform :SampID: 20070162-01D, DateRec: 7/2/2020 3:50:00 PM, CAS#: , AnalDate: 7/2/2020 4:35:00 PM Mercury :SampID: 20070162-01C, DateRec: 7/2/2020 3:50:00 PM, CAS#: 7439-97-6, AnalDate: 7/7/2020 2:17:36 PM Copper Diss :SampID: 20070162-02A, DateRec: 7/2/2020 3:50:00 PM, CAS#: 7440-50-8, AnalDate: 7/7/2020 3:34:55 AM Hardness Diss :AUTOCALCULATE 2021-04-05 15:51:26 Iron Diss :SampID: 20070162-02A, DateRec: 7/2/2020 3:50:00 PM, CAS#: 7439-89-6, AnalDate: 7/13/2020 12:11:10 PM Lead Diss :SampID: 20070162-02A, DateRec: 7/2/2020 3:50:00 PM, CAS#: 7439-92-1, AnalDate: 7/7/2020 3:34:55 AM pH Lab :SampID: 20070162-01A, DateRec: 7/2/2020 3:50:00 PM, CAS#: 12408-02-5, AnalDate: 7/10/2020 11:18:37 AM Chloride :SampID: 20070162-01A, DateRec: 7/2/2020 3:50:00 PM, CAS#: 16887-00-6, AnalDate: 7/3/2020 3:26:00 AM SAR Diss :AUTOCALCULATE 2021-04-05 15:51:28 Silver Diss :SampID: 20070162-02A, DateRec: 7/2/2020 3:50:00 PM, CAS#: 7440-22-4, AnalDate: 7/7/2020 3:34:55 AM Fecal Coliform :SampID: 20070162-01D, DateRec: 7/2/2020 3:50:00 PM, CAS#: , AnalDate: 7/2/2020 4:23:00 PM Iron :SampID: 20070162-01C, DateRec: 7/2/2020 3:50:00 PM, CAS#: 7439-89-6, AnalDate: 7/13/2020 12:04:42 PM Boron :SampID: 20070162-01C, DateRec: 7/2/2020 3:50:00 PM, CAS#: 7440-42-8, AnalDate: 7/13/2020 12:04:42 PM Lead :SampID: 20070162-01C, DateRec: 7/2/2020 3:50:00 PM, CAS#: 7439-92-1, AnalDate: 7/7/2020 2:48:36 AM TSS :SampID: 20070162-01A, DateRec: 7/2/2020 3:50:00 PM, CAS#: , AnalDate: 7/6/2020 10:40:00 AM Manganese :SampID: 20070162-01C, DateRec: 7/2/2020 3:50:00 PM, CAS#: 7439-96-5, AnalDate: 7/7/2020 2:48:36 AM Sodium :SampID: 20070162-01C, DateRec: 7/2/2020 3:50:00 PM, CAS#: 7440-23-5, AnalDate: 7/13/2020 12:04:42 PM Antimony :SampID: 20070162-01C, DateRec: 7/2/2020 3:50:00 PM, CAS#: 7440-36-0, AnalDate: 7/7/2020 2:48:36 AM Copper :SampID: 20070162-01C, DateRec: 7/2/2020 3:50:00 PM, CAS#: 7440-50-8, AnalDate: 7/7/2020 2:48:36 AM Calcium :SampID: 20070162-01C, DateRec: 7/2/2020 3:50:00 PM, CAS#: 7440-70-2, AnalDate: 7/13/2020 12:04:42 PM Chromium Diss :SampID: 20070162-02A, DateRec: 7/2/2020 3:50:00 PM, CAS#: 7440-47-3, AnalDate: 7/7/2020 3:34:55 AM Zinc :SampID: 20070162-01C, DateRec: 7/2/2020 3:50:00 PM, CAS#: 7440-66-6, AnalDate: 7/7/2020 2:48:36 AM TDS Lab :SampID: 20070162-01A, DateRec: 7/2/2020 3:50:00 PM, CAS#: , AnalDate: 7/6/2020 9:40:00 AM Zinc Diss :SampID: 20070162-02A, DateRec: 7/2/2020 3:50:00 PM, CAS#: 7440-66-6, AnalDate: 7/7/2020 3:34:55 AM Turbidity Lab :SampID: 20070162-01A, DateRec: 7/2/2020 3:50:00 PM, CAS#: , AnalDate: 7/2/2020 4:20:00 PM Beryllium :SampID: 20070162-01C, DateRec: 7/2/2020 3:50:00 PM, CAS#: 7440-41-7, AnalDate: 7/7/2020 2:48:36 AM Thallium :SampID: 20070162-01C, DateRec: 7/2/2020 3:50:00 PM, CAS#: 7440-28-0, AnalDate: 7/7/2020 2:48:36 AM Mercury Diss :SampID: 20070162-02A, DateRec: 7/2/2020 3:50:00 PM, CAS#: 7439-97-6, AnalDate: 7/7/2020 2:17:36 PM Ortho P :SampID: 20070162-01A, DateRec: 7/2/2020 3:50:00 PM, CAS#: 7723-14-0, AnalDate: 7/3/2020 5:21:26 PM Temp Lab :SampID: 20070162-01A, DateRec: 7/2/2020 3:50:00 PM, CAS#: , AnalDate: 7/10/2020 11:18:37 AM Magnesium Diss :SampID: 20070162-02A, DateRec: 7/2/2020 3:50:00 PM, CAS#: 7439-95-4, AnalDate: 7/13/2020 12:11:10 PM Fluoride :SampID: 20070162-01A, DateRec: 7/2/2020 3:50:00 PM, CAS#: 16984-48-8, AnalDate: 7/3/2020 3:26:00 AM Nickel Diss :SampID: 20070162-02A, DateRec: 7/2/2020 3:50:00 PM, CAS#: 7440-02-0, AnalDate: 7/7/2020 3:34:55 AM Chromium :SampID: 20070162-01C, DateRec: 7/2/2020 3:50:00 PM, CAS#: 7440-47-3, AnalDate: 7/7/2020 2:48:36 AM Kjeldahl N :SampID: 20070162-01B, DateRec: 7/2/2020 3:50:00 PM, CAS#: , AnalDate: 7/7/2020 3:49:00 PM Nickel :SampID: 20070162-01C, DateRec: 7/2/2020 3:50:00 PM, CAS#: 7440-02-0, AnalDate: 7/7/2020 2:48:36 AM Col",
14754070-0,Nevada Division of Environmental Protection,NV06-SC-56-B_00,Thomas Creek above Arrowhead Parkway &[TC111],STBT03Thomas-4,2020-07-30 09:05:00,0.00,,,7.89,0,0,0,,,0,,0,,,7.84,,,14.12,,,,58,U 2.0000,,,,11,10,1.1,,,U 2.0000,,,2.6,,30,45.174,41.854,,,0.1,,,U 0.0500,,,0.1,,8.11,,,4.3,0.37,0.37,5.7,5.5,120,0.04,110,21.7,58,U 1.0000,0.11,28,10,,670,43,0.81,0.41,1.2,1.1,80,60,U 2.0000,U 2.0000,U 50.0000,U 50.0000,U 2.0000,U 2.0000,2,1.7,0.89,0.088,1,0.18,1100,170,0.38,U 2.0000,19,20,4.3,4.1,70,9,U 0.1000,U 0.1000,0.65,0.67,3,0.59,4.1,U 10.0000,U 10.0000,46000,45000,U 2.0000,0.068,U 1.0000,U 1.0000,U 1.0000,0,0,1.1,0.57,U 2.0000,U 2.0000,U 20.0000,U 20.0000,," Boron Diss :SampID: 20071471-20A, DateRec: 7/30/2020 12:45:00 PM, CAS#: 7440-42-8, AnalDate: 8/4/2020 12:06:00 PM CO3 as CaCO3 :SampID: 20071471-19A, DateRec: 7/30/2020 12:45:00 PM, CAS#: , AnalDate: 7/31/2020 12:06:11 PM Molybdenum :SampID: 20071471-19C, DateRec: 7/30/2020 12:45:00 PM, CAS#: 7439-98-7, AnalDate: 8/7/2020 4:43:52 PM Total Coliform :SampID: 20071471-19D, DateRec: 7/30/2020 12:45:00 PM, CAS#: , AnalDate: 7/30/2020 2:22:00 PM Mercury :SampID: 20071471-19C, DateRec: 7/30/2020 12:45:00 PM, CAS#: 7439-97-6, AnalDate: 8/4/2020 2:34:49 PM Copper Diss :SampID: 20071471-20A, DateRec: 7/30/2020 12:45:00 PM, CAS#: 7440-50-8, AnalDate: 8/7/2020 4:51:35 PM Hardness Diss :AUTOCALCULATE 2021-04-05 15:51:26 Iron Diss :SampID: 20071471-20A, DateRec: 7/30/2020 12:45:00 PM, CAS#: 7439-89-6, AnalDate: 8/4/2020 12:06:00 PM Total N :AUTOCALCULATE 2024-01-03 18:00:32 Lead Diss :SampID: 20071471-20A, DateRec: 7/30/2020 12:45:00 PM, CAS#: 7439-92-1, AnalDate: 8/7/2020 4:51:35 PM pH Lab :SampID: 20071471-19A, DateRec: 7/30/2020 12:45:00 PM, CAS#: 12408-02-5, AnalDate: 7/31/2020 12:06:11 PM Chloride :SampID: 20071471-19A, DateRec: 7/30/2020 12:45:00 PM, CAS#: 16887-00-6, AnalDate: 7/31/2020 5:00:30 AM SAR Diss :AUTOCALCULATE 2021-04-05 15:51:28 Silver Diss :SampID: 20071471-20A, DateRec: 7/30/2020 12:45:00 PM, CAS#: 7440-22-4, AnalDate: 8/7/2020 4:51:35 PM Fecal Coliform :SampID: 20071471-19D, DateRec: 7/30/2020 12:45:00 PM, CAS#: , AnalDate: 7/30/2020 4:07:00 PM Iron :SampID: 20071471-19C, DateRec: 7/30/2020 12:45:00 PM, CAS#: 7439-89-6, AnalDate: 8/4/2020 12:03:50 PM Boron :SampID: 20071471-19C, DateRec: 7/30/2020 12:45:00 PM, CAS#: 7440-42-8, AnalDate: 8/4/2020 12:03:50 PM Lead :SampID: 20071471-19C, DateRec: 7/30/2020 12:45:00 PM, CAS#: 7439-92-1, AnalDate: 8/7/2020 4:43:52 PM TSS :SampID: 20071471-19A, DateRec: 7/30/2020 12:45:00 PM, CAS#: , AnalDate: 7/31/2020 9:25:00 AM Manganese :SampID: 20071471-19C, DateRec: 7/30/2020 12:45:00 PM, CAS#: 7439-96-5, AnalDate: 8/7/2020 4:43:52 PM Nitrite N :SampID: 20071471-19A, DateRec: 7/30/2020 12:45:00 PM, CAS#: 14797-65-0, AnalDate: 7/31/2020 5:00:30 AM Sodium :SampID: 20071471-19C, DateRec: 7/30/2020 12:45:00 PM, CAS#: 7440-23-5, AnalDate: 8/4/2020 12:03:50 PM Antimony :SampID: 20071471-19C, DateRec: 7/30/2020 12:45:00 PM, CAS#: 7440-36-0, AnalDate: 8/7/2020 4:43:52 PM Copper :SampID: 20071471-19C, DateRec: 7/30/2020 12:45:00 PM, CAS#: 7440-50-8, AnalDate: 8/7/2020 4:43:52 PM Calcium :SampID: 20071471-19C, DateRec: 7/30/2020 12:45:00 PM, CAS#: 7440-70-2, AnalDate: 8/4/2020 12:03:50 PM Chromium Diss :SampID: 20071471-20A, DateRec: 7/30/2020 12:45:00 PM, CAS#: 7440-47-3, AnalDate: 8/7/2020 4:51:35 PM Zinc :SampID: 20071471-19C, DateRec: 7/30/2020 12:45:00 PM, CAS#: 7440-66-6, AnalDate: 8/7/2020 4:43:52 PM TDS Lab :SampID: 20071471-19A, DateRec: 7/30/2020 12:45:00 PM, CAS#: , AnalDate: 7/31/2020 9:25:00 AM Zinc Diss :SampID: 20071471-20A, DateRec: 7/30/2020 12:45:00 PM, CAS#: 7440-66-6, AnalDate: 8/7/2020 4:51:35 PM Turbidity Lab :SampID: 20071471-19A, DateRec: 7/30/2020 12:45:00 PM, CAS#: , AnalDate: 7/30/2020 1:16:00 PM Beryllium :SampID: 20071471-19C, DateRec: 7/30/2020 12:45:00 PM, CAS#: 7440-41-7, AnalDate: 8/7/2020 4:43:52 PM Thallium :SampID: 20071471-19C, DateRec: 7/30/2020 12:45:00 PM, CAS#: 7440-28-0, AnalDate: 8/7/2020 4:43:52 PM Mercury Diss :SampID: 20071471-20A, DateRec: 7/30/2020 12:45:00 PM, CAS#: 7439-97-6, AnalDate: 8/4/2020 2:34:49 PM Ortho P :SampID: 20071471-19A, DateRec: 7/30/2020 12:45:00 PM, CAS#: 7723-14-0, AnalDate: 7/30/2020 1:16:00 PM Temp Lab :SampID: 20071471-19A, DateRec: 7/30/2020 12:45:00 PM, CAS#: , AnalDate: 7/31/2020 12:06:11 PM Magnesium Diss :SampID: 20071471-20A, DateRec: 7/30/2020 12:45:00 PM, CAS#: 7439-95-4, AnalDate: 8/4/2020 12:06:00 PM Fluoride :SampID: 20071471-19A, DateRec: 7/30/2020 12:45:00 PM, CAS#: 16984-48-8, AnalDate: 7/31/2020 5:00:30 AM Nickel Diss :SampID: 20071471-20A, DateRec: 7/30/2020 12:45:00 PM, CAS#: 7440-02-0, AnalDate: 8/7/2020 4",
14770407-0,Nevada Division of Environmental Protection,NV06-SC-41-C_00,Steamboat Creek @ Pleasant Valley &[STBT02Stbt-2],SB3,2022-01-25 09:15:00,0.00,,,10.27,0,0,0,,,0,,0,,,8.44,,,4.4,,,,130,< 2.0000,,,,25,25,19,,,< 2.0000,,,6,,300,103.605,102.37,,,0.4,,,0.06,,,0.08,,8.08,,,5.6,1.45,1.42,34,33,370,14,240,,130,< 1.0000,0.1,< 5.0000,2,,< 50.0000,< 50.0000,< 2.0000,2,2,2,60,60,< 2.0000,< 2.0000,< 50.0000,< 50.0000,< 2.0000,< 2.0000,< 2.0000,< 2.0000,< 2.0000,< 2.0000,< 2.0000,< 2.0000,340,150,< 2.0000,< 2.0000,< 100.0000,< 100.0000,10,9.7,34,32,0.2,< 0.1000,10,20,< 2.0000,< 2.0000,5.5,< 10.0000,< 10.0000,41000,41000,< 2.0000,< 2.0000,< 1.0000,< 1.0000,< 1.0000,< 50.0000,< 50.0000,14,14,5,3,< 20.0000,< 20.0000," TRASH EVERYWHERE, LIGHT TURBIDITY"," Boron Diss :Changed value to < PQL CO3 as CaCO3 :Changed value to < PQL Total Coliform :Changed value to < PQL Copper Diss :Changed value to < PQL Hardness Diss :AUTOCALCULATE 2023-08-29 18:00:19 Total N :AUTOCALCULATE 2024-01-03 18:00:32 Using 1/2 NO2N Lead Diss :Changed value to < PQL pH Lab :Sample analyzed beyond holding time for this parameter SAR Diss :AUTOCALCULATE 2023-08-29 18:00:21 Silver Diss :Changed value to < PQL Boron :Changed value to < PQL Lead :Changed value to < PQL TSS :Changed value to < PQL Nitrite N :Changed value to < PQL Antimony :Changed value to < PQL Copper :Changed value to < PQL Chromium Diss :Changed value to < PQL Zinc :Changed value to < PQL Zinc Diss :Changed value to < PQL Beryllium :Changed value to < PQL Thallium :Changed value to < PQL Mercury Diss :Changed value to < PQL Nickel Diss :Changed value to < PQL Chromium :Changed value to < PQL Nickel :Changed value to < PQL Cadmium :Changed value to < PQL Selenium Diss :Changed value to < PQL SAR :AUTOCALCULATE 2023-08-29 18:00:20 Cadmium Diss :Changed value to < PQL Selenium :Changed value to < PQL Hardness :AUTOCALCULATE 2023-08-29 18:00:20 Aluminum :Changed value to < PQL Silver :Changed value to < PQL Aluminum Diss :Changed value to < PQL Analysis DO :Analysis Value from : DO (field or ext)  2026-03-19 18:01:53 Analysis Hardness :Analysis Value from : Hardness Diss  2023-08-29 18:00:25 Analysis pH :Analysis Value from : Field pH  2026-03-19 18:03:49 Analysis TDS :Analysis Value from : Lab Total Dissolved Solids  2023-08-29 18:00:58 Analysis Temp :Analysis Value from : Field Temp  2026-03-19 18:03:08 Analysis SAR :Analysis Value from : SAR Diss  2023-08-29 18:01:21 Alkalinity, Hydroxide (As CaCO3) :Changed value to < PQL Beryllium Diss :Changed value to < PQL Cobalt :Changed value to < PQL Cobalt Diss :Changed value to < PQL Lithium :Changed value to < PQL Lithium Diss :Changed value to < PQL Tungsten :Changed value to < PQL Tungsten Diss :Changed value to < PQL Thallium Diss :Changed value to < PQL Analysis Nitrate :Analysis Value from : Nitrate 2023-08-29 18:00:24",
14770408-0,Nevada Division of Environmental Protection,NV06-SC-41-C_00,Steamboat Creek @ Rhodes Road,SB5,2022-01-25 09:40:00,0.00,,,11.25,0,0,0,,,0,,0,,,7.86,,,3.1,,,,100,< 2.0000,,,,25,25,21,,,< 2.0000,,,4.1,,200,100.722,99.487,,,0.6,,,0.2,,,0.03,,8.08,,,4.8,1,1,23,23,320,12,200,,100,< 1.0000,0.08,24,13,,490,79,< 2.0000,< 2.0000,4,3,70,60,< 2.0000,< 2.0000,< 50.0000,< 50.0000,< 2.0000,< 2.0000,< 2.0000,< 2.0000,< 2.0000,< 2.0000,2,< 2.0000,1200,300,< 2.0000,< 2.0000,< 100.0000,< 100.0000,9.3,9,96,82,0.2,0.1,< 10.0000,< 10.0000,< 2.0000,< 2.0000,4.6,< 10.0000,< 10.0000,36000,35000,< 2.0000,< 2.0000,< 1.0000,< 1.0000,< 1.0000,< 50.0000,< 50.0000,8,8,5,2,< 20.0000,< 20.0000, MODERATE TURBIDITY," Boron Diss :Changed value to < PQL CO3 as CaCO3 :Changed value to < PQL Molybdenum :Changed value to < PQL Total Coliform :Changed value to < PQL Copper Diss :Changed value to < PQL Hardness Diss :AUTOCALCULATE 2023-08-29 18:00:19 Total N :AUTOCALCULATE 2024-01-03 18:00:32 Using 1/2 NO2N Lead Diss :Changed value to < PQL pH Lab :Sample analyzed beyond holding time for this parameter SAR Diss :AUTOCALCULATE 2023-08-29 18:00:21 Silver Diss :Changed value to < PQL Boron :Changed value to < PQL Lead :Changed value to < PQL Nitrite N :Changed value to < PQL Antimony :Changed value to < PQL Chromium Diss :Changed value to < PQL Zinc :Changed value to < PQL Zinc Diss :Changed value to < PQL Beryllium :Changed value to < PQL Thallium :Changed value to < PQL Nickel Diss :Changed value to < PQL Chromium :Changed value to < PQL Nickel :Changed value to < PQL Cadmium :Changed value to < PQL Selenium Diss :Changed value to < PQL SAR :AUTOCALCULATE 2023-08-29 18:00:20 Cadmium Diss :Changed value to < PQL Selenium :Changed value to < PQL Hardness :AUTOCALCULATE 2023-08-29 18:00:20 Silver :Changed value to < PQL Analysis DO :Analysis Value from : DO (field or ext)  2026-03-19 18:01:53 Analysis Hardness :Analysis Value from : Hardness Diss  2023-08-29 18:00:25 Analysis pH :Analysis Value from : Field pH  2026-03-19 18:03:49 Analysis TDS :Analysis Value from : Lab Total Dissolved Solids  2023-08-29 18:00:58 Analysis Temp :Analysis Value from : Field Temp  2026-03-19 18:03:08 Analysis SAR :Analysis Value from : SAR Diss  2023-08-29 18:01:21 Alkalinity, Hydroxide (As CaCO3) :Changed value to < PQL Antimony Diss :Changed value to < PQL Beryllium Diss :Changed value to < PQL Cobalt :Changed value to < PQL Cobalt Diss :Changed value to < PQL Lithium :Changed value to < PQL Lithium Diss :Changed value to < PQL Molybdenum Diss :Changed value to < PQL Tungsten :Changed value to < PQL Tungsten Diss :Changed value to < PQL Thallium Diss :Changed value to < PQL Analysis Nitrate :Analysis Value from : Nitrate 2023-08-29 18:00:24",
14770411-0,Nevada Division of Environmental Protection,NV06-SC-42-D_00,Steamboat Creek @ Geiger Grade,SB7,2022-01-25 10:10:00,0.00,,,10.88,0,0,0,,,0,,0,,,7.93,,,5.6,,,,120,< 2.0000,,,,26,26,82,,,< 2.0000,,,4.3,,300,101.16,101.16,,,0.3,,,0.13,,,0.11,,7.98,,,8.2,2.9,2.9,67,67,570,24,340,,120,< 1.0000,0.14,< 5.0000,4.1,,120,< 50.0000,11,10,230,200,70,60,< 2.0000,< 2.0000,2400,2400,< 2.0000,< 2.0000,< 2.0000,< 2.0000,< 2.0000,< 2.0000,< 2.0000,< 2.0000,560,170,< 2.0000,< 2.0000,500,500,8.8,8.8,110,94,< 0.1000,< 0.1000,< 10.0000,< 10.0000,< 2.0000,< 2.0000,8.3,< 10.0000,< 10.0000,44000,43000,< 2.0000,< 2.0000,< 1.0000,< 1.0000,< 1.0000,< 50.0000,< 50.0000,8,7,4,2,< 20.0000,< 20.0000,," CO3 as CaCO3 :Changed value to < PQL Molybdenum :Changed value to < PQL Total Coliform :Changed value to < PQL Mercury :Changed value to < PQL Copper Diss :Changed value to < PQL Hardness Diss :AUTOCALCULATE 2023-08-29 18:00:19 Total N :AUTOCALCULATE 2024-01-03 18:00:32 Using 1/2 NO2N Lead Diss :Changed value to < PQL pH Lab :Sample analyzed beyond holding time for this parameter SAR Diss :AUTOCALCULATE 2023-08-29 18:00:21 Silver Diss :Changed value to < PQL Lead :Changed value to < PQL TSS :Changed value to < PQL Nitrite N :Changed value to < PQL Copper :Changed value to < PQL Chromium Diss :Changed value to < PQL Zinc :Changed value to < PQL Zinc Diss :Changed value to < PQL Beryllium :Changed value to < PQL Thallium :Changed value to < PQL Mercury Diss :Changed value to < PQL Nickel Diss :Changed value to < PQL Chromium :Changed value to < PQL Nickel :Changed value to < PQL Cadmium :Changed value to < PQL Selenium Diss :Changed value to < PQL SAR :AUTOCALCULATE 2023-08-29 18:00:20 Cadmium Diss :Changed value to < PQL Selenium :Changed value to < PQL Hardness :AUTOCALCULATE 2023-08-29 18:00:20 Silver :Changed value to < PQL Aluminum Diss :Changed value to < PQL Analysis DO :Analysis Value from : DO (field or ext)  2026-03-19 18:01:53 Analysis Hardness :Analysis Value from : Hardness Diss  2023-08-29 18:00:25 Analysis pH :Analysis Value from : Field pH  2026-03-19 18:03:49 Analysis TDS :Analysis Value from : Lab Total Dissolved Solids  2023-08-29 18:00:58 Analysis Temp :Analysis Value from : Field Temp  2026-03-19 18:03:08 Analysis SAR :Analysis Value from : SAR Diss  2023-08-29 18:01:21 Alkalinity, Hydroxide (As CaCO3) :Changed value to < PQL Beryllium Diss :Changed value to < PQL Cobalt :Changed value to < PQL Cobalt Diss :Changed value to < PQL Molybdenum Diss :Changed value to < PQL Tungsten :Changed value to < PQL Tungsten Diss :Changed value to < PQL Thallium Diss :Changed value to < PQL Analysis Nitrate :Analysis Value from : Nitrate 2023-08-29 18:00:24",
14770485-0,Nevada Division of Environmental Protection,NV06-SC-56-B_00,Thomas Creek above Arrowhead Parkway &[TC111],STBT03Thomas-4,2022-08-22 12:28:00,0.00,,,7.13,0,0,0,,,0,,0,,,7.84,,,18.63,,,,,,,,,,,,,,,,,,,,,,,,,,,,,,,,,,,,,,,,,,,,,,,,,,,,,,,,,,,,,,,,,,,,,,,,,,,,,,,,,,,,,,,,,,,,,,,,,,,,,,,,, Analysis DO :Analysis Value from : DO (field or ext)  2026-03-19 18:01:53 Analysis pH :Analysis Value from : Field pH  2026-03-19 18:03:49 Analysis Temp :Analysis Value from : Field Temp  2026-03-19 18:03:08,
14770486-0,Nevada Division of Environmental Protection,NV06-SC-56-B_00,Thomas Creek above Arrowhead Parkway &[TC111],STBT03Thomas-4,2022-08-22 12:40:00,0.00,,,,,,,,,,,,,,,,,,,,,60,< 2.0000,,,,11,9.7,0.7,,,< 2.0000,,,,,< 100.0000,45.586,39.869,,,0.7,,,< 0.5000,,,0.07,,8.01,,,4.2,0.36,0.37,5.6,5.3,120,0.7,94,,60,< 1.0000,0.3,130,55,,3100,380,< 2.0000,< 2.0000,2,< 2.0000,130,60,< 2.0000,< 2.0000,< 50.0000,< 50.0000,< 2.0000,< 2.0000,3,< 2.0000,3,< 2.0000,4,< 2.0000,4200,620,< 2.0000,< 2.0000,< 100.0000,< 100.0000,4.4,3.8,270,37,< 0.1000,< 0.1000,< 10.0000,< 10.0000,2,< 2.0000,3.9,< 10.0000,< 10.0000,49000,45000,< 2.0000,< 2.0000,< 1.0000,< 1.0000,< 1.0000,< 50.0000,< 50.0000,5,< 2.0000,10,< 2.0000,20,< 20.0000,," Boron Diss :Changed value to < PQL CO3 as CaCO3 :Changed value to < PQL Molybdenum :Changed value to < PQL Total Coliform :Changed value to < PQL Mercury :Changed value to < PQL Copper Diss :Changed value to < PQL Hardness Diss :AUTOCALCULATE 2023-08-30 18:00:23 Total N :AUTOCALCULATE 2024-01-03 18:00:32 Using 1/2 NO3N Using 1/2 NO2N Lead Diss :Changed value to < PQL pH Lab :Sample analyzed beyond holding time for this parameter Chloride :Batch MS and/or MSD were outside acceptance limits, batch LCS was acceptable, ran a second batch SAR Diss :AUTOCALCULATE 2023-08-30 18:00:25 Silver Diss :Changed value to < PQL Fecal Coliform :Sample analyzed beyond holding time for this parameter Boron :Changed value to < PQL Lead :Changed value to < PQL Nitrite N :Changed value to < PQL Antimony :Changed value to < PQL Chromium Diss :Changed value to < PQL Zinc Diss :Changed value to < PQL Turbidity Lab :Sample analyzed beyond holding time for this parameter Beryllium :Changed value to < PQL Thallium :Changed value to < PQL Mercury Diss :Changed value to < PQL Fluoride :Changed value to < PQL Nickel Diss :Changed value to < PQL Cadmium :Changed value to < PQL Nitrate N :Changed value to < PQL Selenium Diss :Changed value to < PQL SAR :AUTOCALCULATE 2023-08-30 18:00:24 Arsenic Diss :Changed value to < PQL Cadmium Diss :Changed value to < PQL Sulfate :Batch MS and/or MSD were outside acceptance limits, batch LCS was acceptable, ran a second batch Selenium :Changed value to < PQL Hardness :AUTOCALCULATE 2023-08-30 18:00:24 Uranium-238 Diss :Changed value to < PQL Silver :Changed value to < PQL Analysis Hardness :Analysis Value from : Hardness Diss  2023-08-30 18:00:29 Analysis TDS :Analysis Value from : Lab Total Dissolved Solids  2023-08-30 18:01:10 Analysis SAR :Analysis Value from : SAR Diss  2023-08-30 18:01:34 E. Coli :Sample analyzed beyond holding time for this parameter Dissolved Organic Carbon :Batch MS and/or MSD were outside acceptance limits, batch LCS was acceptable, ran a second batch Alkalinity, Hydroxide (As CaCO3) :Changed value to < PQL Antimony Diss :Changed value to < PQL Beryllium Diss :Changed value to < PQL Cobalt Diss :Changed value to < PQL Lithium :Changed value to < PQL Lithium Diss :Changed value to < PQL Molybdenum Diss :Changed value to < PQL Tungsten :Changed value to < PQL Tungsten Diss :Changed value to < PQL Vanadium Diss :Changed value to < PQL Thallium Diss :Changed value to < PQL Analysis Nitrate :Analysis Value from : Nitrate 2023-08-30 18:00:28",
14770701-0,Nevada Division of Environmental Protection,NV06-SC-56-B_00,Thomas Creek above Arrowhead Parkway &[TC111],STBT03Thomas-4,2018-07-31 12:55:00,0.00,,,8.61,0,0,0,,,0,,0,,,7.4,,,17.05,,,,,,,,,,,,,,,,,,,,,,,,,,,,,,,,,,,,,,,,,,,,,,,,,,,,,,,,,,,,,,,,,,,,,,,,,,,,,,,,,,,,,,,,,,,,,,,,,,,,,,,,, Analysis DO :Analysis Value from : DO (field or ext)  2026-03-19 18:01:53 Analysis pH :Analysis Value from : Field pH  2026-03-19 18:03:49 Analysis Temp :Analysis Value from : Field Temp  2026-03-19 18:03:08,
14787543-0,Nevada Division of Environmental Protection,NV06-SC-41-C_00,Steamboat Creek @ Rhodes Road,SB5,2023-01-25 08:20:00,0.00,,,,,,,,,,,,,,,,,,,,,110,< 2.0000,,,,26.0000,26.0000,28,,,< 2.0000,,,,,100.0000,103.631,103.219,,,0.5,,,0.29,,,0.06,,8.13,,,4.7000,0.98,0.99,23.0000,23.0000,460,8.1,150,,110,< 1.0000,0.08,10,3.3,,210.0000,< 50.0000,< 2.0000,< 2.0000,3.0000,< 2.0000,60.0000,60.0000,< 2.0000,< 2.0000,< 50.0000,< 50.0000,< 2.0000,< 2.0000,2.0000,< 2.0000,< 2.0000,< 2.0000,3.0000,< 2.0000,560.0000,< 50.0000,< 2.0000,< 2.0000,< 100.0000,< 100.0000,9.4000,9.3000,94.0000,86.0000,0.1000,< 0.1000,< 10.0000,< 10.0000,< 2.0000,< 2.0000,4.6000,< 10.0000,< 10.0000,38000.0000,36000.0000,< 2.0000,< 2.0000,< 1.0000,< 1.0000,< 1.0000,< 50.0000,< 50.0000,9.0000,9.0000,15.0000,12.0000,< 20.0000,< 20.0000,," Boron Diss :Changed value to < PQL CO3 as CaCO3 :Changed value to < PQL Molybdenum :Changed value to < PQL Total Coliform :Changed value to < PQL Copper Diss :Changed value to < PQL Hardness Diss :AUTOCALCULATE 2023-12-18 18:00:25 Iron Diss :Changed value to < PQL Total N :AUTOCALCULATE 2024-01-03 18:00:32 Using 1/2 NO2N Lead Diss :Changed value to < PQL pH Lab :Sample analyzed beyond holding time for this parameter Chloride :Batch MS and/or MSD were outside acceptance limits, batch LCS was acceptable, ran a second batch SAR Diss :AUTOCALCULATE 2023-12-18 18:00:27 Silver Diss :Changed value to < PQL Fecal Coliform :Sample analyzed beyond holding time for this parameter Boron :Changed value to < PQL Lead :Changed value to < PQL Nitrite N :Changed value to < PQL Antimony :Changed value to < PQL Chromium Diss :Changed value to < PQL Zinc :Changed value to < PQL Zinc Diss :Changed value to < PQL Beryllium :Changed value to < PQL Thallium :Changed value to < PQL Mercury Diss :Changed value to < PQL Nickel Diss :Changed value to < PQL Kjeldahl N :Batch MS and/or MSD were outside acceptance limits, batch LCS was acceptable, ran a second batch Nickel :Changed value to < PQL Cadmium :Changed value to < PQL Nitrate N :Batch MS and/or MSD were outside acceptance limits, batch LCS was acceptable, ran a second batch Selenium Diss :Changed value to < PQL SAR :AUTOCALCULATE 2023-12-18 18:00:26 Arsenic Diss :Changed value to < PQL Cadmium Diss :Changed value to < PQL Selenium :Changed value to < PQL Hardness :AUTOCALCULATE 2023-12-18 18:00:26 Silver :Changed value to < PQL Aluminum Diss :Changed value to < PQL Analysis Hardness :Analysis Value from : Hardness Diss  2023-12-18 18:00:32 Analysis TDS :Analysis Value from : Lab Total Dissolved Solids  2023-12-18 18:01:07 Analysis SAR :Analysis Value from : SAR Diss  2023-12-18 18:01:24 Alkalinity, Hydroxide (As CaCO3) :Changed value to < PQL Antimony Diss :Changed value to < PQL Beryllium Diss :Changed value to < PQL Cobalt :Changed value to < PQL Cobalt Diss :Changed value to < PQL Lithium :Changed value to < PQL Lithium Diss :Changed value to < PQL Molybdenum Diss :Changed value to < PQL Tungsten :Changed value to < PQL Tungsten Diss :Changed value to < PQL Vanadium :Analyte found above the PQL in associated method blank Vanadium Diss :Analyte found above the PQL in associated method blank Thallium Diss :Changed value to < PQL Analysis Nitrate :Analysis Value from : Nitrate 2023-12-18 18:00:31",
14787724-0,Nevada Division of Environmental Protection,NV06-SC-41-C_00,Steamboat Creek @ Rhodes Road,SB5,2023-04-27 08:07:00,0.00,,,,,,,,,,,,,,,,,,,,,67,< 2.0000,,,,17.0000,19.0000,16,,,< 2.0000,,,,,< 100.0000,66.745,74.210,,,0.7,,,< 0.5000,,< 1.0000,0.04,,7.57,,,3.6000,0.75,0.76,14.0000,15.0000,220,8.6,380,,67,< 1.0000,0.08,7,3,,< 50.0000,440.0000,< 4.0000,< 2.0000,< 2.0000,2.4000,42.0000,51.0000,< 2.0000,< 2.0000,< 50.0000,< 50.0000,< 2.0000,< 2.0000,< 2.0000,< 2.0000,< 2.0000,< 2.0000,< 2.0000,2.3000,< 50.0000,690.0000,< 2.0000,< 2.0000,< 100.0000,< 100.0000,5.9000,6.5000,43.0000,61.0000,< 0.1000,0.1000,< 10.0000,< 10.0000,2.4000,< 2.0000,3.7000,< 20.0000,< 10.0000,30000.0000,32000.0000,< 2.0000,< 2.0000,< 1.0000,< 1.0000,< 1.0000,50.0000,< 50.0000,3.8000,4.5000,24.0000,< 30.0000,< 40.0000,< 20.0000,," Boron Diss :Changed value to < PQL CO3 as CaCO3 :Changed value to < PQL Molybdenum :Changed value to < PQL Total Coliform :Changed value to < PQL Mercury :Changed value to < PQL Hardness Diss :AUTOCALCULATE 2024-07-03 18:00:21 Total N :AUTOCALCULATE 2024-07-03 18:00:26 Using 1/2 NO3N Using 1/2 NO2N Lead Diss :Changed value to < PQL pH Lab :Sample analyzed beyond holding time for this parameter SAR Diss :AUTOCALCULATE 2024-07-03 18:00:23 Silver Diss :Changed value to < PQL Fecal Coliform :Changed value to < PQL Iron :Changed value to < PQL Boron :Changed value to < PQL Lead :Changed value to < PQL Nitrite N :Changed value to < PQL Antimony :Changed value to < PQL Copper :Changed value to < PQL Chromium Diss :Changed value to < PQL Nitrate+Nitrite N :Changed value to < PQL Zinc :Changed value to < PQL Zinc Diss :Changed value to < PQL Beryllium :Changed value to < PQL Thallium :Changed value to < PQL Ortho P :Sample analyzed beyond holding time for this parameter Fluoride :Changed value to < PQL Nickel Diss :Changed value to < PQL Chromium :Changed value to < PQL Arsenic :Changed value to < PQL Cadmium :Changed value to < PQL Nitrate N :Changed value to < PQL Selenium Diss :Changed value to < PQL SAR :AUTOCALCULATE 2024-07-03 18:00:22 Cadmium Diss :Changed value to < PQL Selenium :Changed value to < PQL Hardness :AUTOCALCULATE 2024-07-03 18:00:22 Aluminum :Changed value to < PQL Silver :Changed value to < PQL Analysis Hardness :Analysis Value from : Hardness Diss  2024-07-03 18:00:32 Analysis TDS :Analysis Value from : Lab Total Dissolved Solids  2024-07-03 18:01:09 Analysis SAR :Analysis Value from : SAR Diss  2024-07-03 18:01:27 E. Coli :Changed value to < PQL Alkalinity, Hydroxide (As CaCO3) :Changed value to < PQL Antimony Diss :Changed value to < PQL Beryllium Diss :Changed value to < PQL Cobalt :Changed value to < PQL Cobalt Diss :Changed value to < PQL Lithium :Changed value to < PQL Lithium Diss :Changed value to < PQL Molybdenum Diss :Changed value to < PQL Tungsten Diss :Changed value to < PQL Vanadium :Analyte found above the PQL in associated method blank Vanadium Diss :Changed value to < PQL Thallium Diss :Changed value to < PQL Analysis Nitrate :Analysis Value from : Nitrate Nitrite  2024-07-03 18:00:31",
14787763-0,Nevada Division of Environmental Protection,NV06-SC-54-B_00,Whites Creek above Thomas Creek Road &[WC-11],STBT03Whites-2,2023-08-10 13:36:00,0.00,,,,,,,,,,,,,,,,,,,,,17,< 2.0000,,,,7.5000,7.5000,< 0.5000,,,< 2.0000,,,,,< 100.0000,25.728,25.728,,,0.2,,,< 0.0500,,,0.02,,6.92,,,1.9000,0.27,0.27,3.2000,3.2000,75,4.8,77,,17,< 1.0000,0.02,< 5.0000,1.7,,310.0000,90.0000,< 2.0000,< 2.0000,< 2.0000,< 2.0000,13.0000,12.0000,< 2.0000,< 2.0000,< 50.0000,< 50.0000,< 2.0000,< 2.0000,< 2.0000,< 2.0000,< 2.0000,< 2.0000,< 2.0000,< 2.0000,550.0000,110.0000,< 2.0000,< 2.0000,< 100.0000,< 100.0000,1.7000,1.7000,33.0000,26.0000,< 0.1000,< 0.1000,< 10.0000,< 10.0000,< 2.0000,< 2.0000,1.8000,< 10.0000,< 10.0000,26000.0000,26000.0000,< 2.0000,< 2.0000,< 1.0000,< 1.0000,< 1.0000,< 50.0000,< 50.0000,< 2.0000,< 2.0000,< 40.0000,< 40.0000,< 20.0000,< 20.0000,," Boron Diss :Changed value to < PQL CO3 as CaCO3 :Changed value to < PQL Molybdenum :Changed value to < PQL Total Coliform :Changed value to < PQL Mercury :Changed value to < PQL Copper Diss :Changed value to < PQL Hardness Diss :AUTOCALCULATE 2024-07-08 18:00:34 Total N :AUTOCALCULATE 2024-07-08 18:00:39 Using 1/2 NO3N Using 1/2 NO2N Lead Diss :Changed value to < PQL pH Lab :Sample analyzed beyond holding time for this parameter Chloride :Changed value to < PQL SAR Diss :AUTOCALCULATE 2024-07-08 18:00:36 Silver Diss :Changed value to < PQL Fecal Coliform :Changed value to < PQL Boron :Changed value to < PQL Lead :Changed value to < PQL TSS :Changed value to < PQL Manganese :Analyte found above the PQL in associated method blank Nitrite N :Changed value to < PQL Antimony :Changed value to < PQL Copper :Changed value to < PQL Chromium Diss :Changed value to < PQL Zinc :Changed value to < PQL Zinc Diss :Changed value to < PQL Beryllium :Changed value to < PQL Thallium :Changed value to < PQL Mercury Diss :Changed value to < PQL Fluoride :Changed value to < PQL Nickel Diss :Changed value to < PQL Chromium :Changed value to < PQL Kjeldahl N :Batch MS and/or MSD were outside acceptance limits, batch LCS was acceptable, ran a second batch Nickel :Changed value to < PQL Color :Changed value to < PQL Arsenic :Changed value to < PQL Cadmium :Changed value to < PQL Nitrate N :Changed value to < PQL Selenium Diss :Changed value to < PQL SAR :AUTOCALCULATE 2024-07-08 18:00:36 Arsenic Diss :Changed value to < PQL Cadmium Diss :Changed value to < PQL Sulfate :Batch MS and/or MSD were outside acceptance limits, batch LCS was acceptable, ran a second batch Selenium :Changed value to < PQL Hardness :AUTOCALCULATE 2024-07-08 18:00:35 Uranium-238 :Changed value to < PQL Uranium-238 Diss :Changed value to < PQL Silver :Changed value to < PQL Analysis Hardness :Analysis Value from : Hardness Diss  2024-07-08 18:00:45 Analysis TDS :Analysis Value from : Lab Total Dissolved Solids  2024-07-08 18:01:21 Analysis SAR :Analysis Value from : SAR Diss  2024-07-08 18:01:37 E. Coli :Changed value to < PQL Alkalinity, Hydroxide (As CaCO3) :Changed value to < PQL Antimony Diss :Changed value to < PQL Beryllium Diss :Changed value to < PQL Cobalt :Changed value to < PQL Cobalt Diss :Changed value to < PQL Lithium :Changed value to < PQL Lithium Diss :Changed value to < PQL Manganese Diss :Analyte found above the PQL in associated method blank Molybdenum Diss :Changed value to < PQL Tungsten :Changed value to < PQL Tungsten Diss :Changed value to < PQL Vanadium :Changed value to < PQL Vanadium Diss :Changed value to < PQL Thallium Diss :Changed value to < PQL Analysis Nitrate :Analysis Value from : Nitrate 2024-07-08 18:00:45",
14787863-0,Nevada Division of Environmental Protection,NV06-SC-41-C_00,Steamboat Creek @ Rhodes Road,SB5,2024-03-19 08:21:00,0.00,,,,,,,,,,,,,,,,,,,,,140,< 2.0000,,,,31.0000,31.0000,25,,,< 2.0000,,,,,300.0000,118.587,118.175,,,0.5,,,< 0.0500,,,0.6,,7.99,,,6.1000,1.4,1.4,35.0000,35.0000,400,11,240,,140,816.4,0.2,35,14,,740.0000,< 50.0000,< 2.0000,< 2.0000,< 2.0000,2.1000,83.0000,69.0000,< 2.0000,< 2.0000,< 50.0000,< 50.0000,< 2.0000,< 2.0000,< 2.0000,< 2.0000,< 2.0000,< 2.0000,4.0000,< 2.0000,1200.0000,< 50.0000,< 2.0000,< 2.0000,< 100.0000,< 100.0000,10.0000,9.9000,110.0000,38.0000,,,< 10.0000,< 10.0000,< 2.0000,< 2.0000,6.0000,< 10.0000,< 10.0000,30000.0000,25000.0000,< 2.0000,< 2.0000,< 1.0000,< 1.0000,< 1.0000,< 50.0000,< 50.0000,25.0000,26.0000,< 40.0000,< 40.0000,< 20.0000,< 20.0000,," Boron Diss :Changed value to < PQL CO3 as CaCO3 :Changed value to < PQL Molybdenum :Changed value to < PQL Copper Diss :Changed value to < PQL Hardness Diss :AUTOCALCULATE 2024-07-16 18:00:30 Iron Diss :Changed value to < PQL Total N :AUTOCALCULATE 2024-07-16 18:00:32 Using 1/2 NO3N Using 1/2 NO2N Lead Diss :Changed value to < PQL pH Lab :Sample analyzed beyond holding time for this parameter SAR Diss :AUTOCALCULATE 2024-07-16 18:00:31 Silver Diss :Changed value to < PQL Fecal Coliform :Sample analyzed beyond holding time for this parameter Boron :Changed value to < PQL Lead :Changed value to < PQL Nitrite N :Changed value to < PQL Antimony :Changed value to < PQL Chromium Diss :Changed value to < PQL Zinc :Changed value to < PQL Zinc Diss :Changed value to < PQL Turbidity Lab :Analyte found above the PQL in associated method blank Beryllium :Changed value to < PQL Thallium :Changed value to < PQL Fluoride :Batch MS and/or MSD were outside acceptance limits, batch LCS was acceptable, ran a second batch Nickel Diss :Changed value to < PQL Chromium :Changed value to < PQL Nickel :Changed value to < PQL Color :Changed value to < PQL Arsenic :Changed value to < PQL Cadmium :Changed value to < PQL Nitrate N :Changed value to < PQL Selenium Diss :Changed value to < PQL SAR :AUTOCALCULATE 2024-07-16 18:00:30 Arsenic Diss :Analyte found above the PQL in associated method blank Cadmium Diss :Changed value to < PQL Sulfate :Batch MS and/or MSD were outside acceptance limits, batch LCS was acceptable, ran a second batch Selenium :Changed value to < PQL Hardness :AUTOCALCULATE 2024-07-16 18:00:30 Silver :Changed value to < PQL Aluminum Diss :Changed value to < PQL Analysis Hardness :Analysis Value from : Hardness Diss  2024-07-16 18:00:35 Analysis TDS :Analysis Value from : Lab Total Dissolved Solids  2024-07-16 18:01:12 Analysis SAR :Analysis Value from : SAR Diss  2024-07-16 18:01:29 Alkalinity, Hydroxide (As CaCO3) :Changed value to < PQL Antimony Diss :Changed value to < PQL Beryllium Diss :Changed value to < PQL Cobalt :Changed value to < PQL Cobalt Diss :Changed value to < PQL Lithium :Changed value to < PQL Lithium Diss :Changed value to < PQL Molybdenum Diss :Changed value to < PQL Tungsten :Changed value to < PQL Tungsten Diss :Changed value to < PQL Vanadium :Changed value to < PQL Vanadium Diss :Changed value to < PQL Thallium Diss :Changed value to < PQL Analysis Nitrate :Analysis Value from : Nitrate 2024-07-16 18:00:34",
14788005-0,Nevada Division of Environmental Protection,NV06-SC-41-C_00,Steamboat Creek @ Rhodes Road,SB5,2024-08-13 08:40:00,0.00,,,8,0,0,0,,,0,,0,,,8.03,621,,15.3,,,,240,< 7.0000,,,,44.0000,44.0000,38,,,< 7.0000,,,,,500.0000,171.638,167.520,,,1,,,0.2,,,0.55,,8.1,,,12.0000,2.09,2.15,63.0000,64.0000,610,16,870,,240,< 1.0000,0.51,74,66,,2700.0000,170.0000,< 2.0000,< 2.0000,11.0000,10.0000,130.0000,100.0000,< 2.0000,< 2.0000,78.0000,81.0000,< 2.0000,< 2.0000,< 2.0000,< 2.0000,< 2.0000,< 2.0000,6.0000,< 2.0000,3800.0000,190.0000,4.6000,< 2.0000,< 100.0000,< 100.0000,15.0000,14.0000,170.0000,53.0000,< 0.1000,< 0.1000,< 10.0000,< 10.0000,< 2.0000,< 2.0000,12.0000,< 10.0000,< 10.0000,59000.0000,44000.0000,< 2.0000,< 2.0000,< 1.0000,< 1.0000,< 1.0000,< 50.0000,< 50.0000,55.0000,51.0000,< 40.0000,< 40.0000,< 20.0000,< 20.0000,," CO3 as CaCO3 :Changed value to < PQL Molybdenum :Changed value to < PQL Total Coliform :Changed value to < PQL Mercury :Changed value to < PQL Copper Diss :Changed value to < PQL Hardness Diss :AUTOCALCULATE 2024-10-09 18:00:22 Total N :AUTOCALCULATE 2024-10-09 18:00:28 Using 1/2 NO2N Lead Diss :Changed value to < PQL pH Lab :Sample analyzed beyond holding time for this parameter SAR Diss :AUTOCALCULATE 2024-10-09 18:00:24 Silver Diss :Changed value to < PQL Fecal Coliform :Changed value to < PQL Nitrite N :Changed value to < PQL Antimony :Changed value to < PQL Chromium Diss :Changed value to < PQL Zinc :Changed value to < PQL Zinc Diss :Changed value to < PQL Beryllium :Changed value to < PQL Thallium :Changed value to < PQL Mercury Diss :Changed value to < PQL Nickel Diss :Changed value to < PQL Chromium :Changed value to < PQL Kjeldahl N :Batch MS and/or MSD were outside acceptance limits, batch LCS was acceptable, ran a second batch Nickel :Changed value to < PQL Color :Changed value to < PQL Cadmium :Changed value to < PQL Selenium Diss :Changed value to < PQL SAR :AUTOCALCULATE 2024-10-09 18:00:23 Cadmium Diss :Changed value to < PQL Selenium :Changed value to < PQL Hardness :AUTOCALCULATE 2024-10-09 18:00:22 Silver :Changed value to < PQL Analysis DO :Analysis Value from : DO (field or ext)  2026-03-19 18:01:53 Analysis Hardness :Analysis Value from : Hardness Diss  2024-10-09 18:00:35 Analysis pH :Analysis Value from : Field pH  2026-03-19 18:03:49 Analysis TDS :Analysis Value from : Lab Total Dissolved Solids  2024-10-09 18:01:10 Analysis Temp :Analysis Value from : Field Temp  2026-03-19 18:03:08 Analysis SAR :Analysis Value from : SAR Diss  2024-10-09 18:01:26 E. Coli :Sample analyzed beyond holding time for this parameter Alkalinity, Bicarbonate (As CaCO3) :Analyte found above the PQL in associated method blank Alkalinity, Hydroxide (As CaCO3) :Changed value to < PQL Antimony Diss :Changed value to < PQL Beryllium Diss :Changed value to < PQL Cobalt :Changed value to < PQL Cobalt Diss :Changed value to < PQL Lithium :Changed value to < PQL Lithium Diss :Changed value to < PQL Molybdenum Diss :Changed value to < PQL Tungsten :Changed value to < PQL Tungsten Diss :Changed value to < PQL Vanadium :Changed value to < PQL Vanadium Diss :Changed value to < PQL Total Alkalinity as CaCO3 :Analyte found above the PQL in associated method blank Thallium Diss :Changed value to < PQL Analysis Nitrate :Analysis Value from : Nitrate 2024-10-09 18:00:34",
14788084-0,Nevada Division of Environmental Protection,NV06-SC-41-C_00,Steamboat Creek @ Pleasant Valley &[STBT02Stbt-2],SB3,2024-06-18 11:42:00,0.00,,,,,,,,,,,,,,,,,,,,,190,< 2.0000,,,,33.0000,40.0000,28,,,< 2.0000,,,,,1000.0000,131.817,157.532,,,0.5,,,0.7,,,0.4,,8.06,,,8.8000,0.01,0.01,< 0.5000,< 0.5000,500,10,300,,190,< 1.0000,0.4,48,46,,330.0000,,< 2.0000,< 2.0000,4.6000,5.6000,87.0000,100.0000,< 2.0000,< 2.0000,50.0000,60.0000,< 2.0000,< 2.0000,< 2.0000,< 2.0000,< 2.0000,< 2.0000,< 2.0000,3.1000,480.0000,,< 2.0000,3.3000,< 100.0000,< 100.0000,12.0000,14.0000,52.0000,120.0000,< 0.1000,< 0.1000,< 10.0000,< 10.0000,< 2.0000,< 2.0000,11.0000,< 10.0000,< 10.0000,42000.0000,43000.0000,< 2.0000,< 2.0000,< 1.0000,< 1.0000,< 1.0000,< 50.0000,< 50.0000,34.0000,35.0000,< 40.0000,< 40.0000,< 20.0000,< 20.0000,," CO3 as CaCO3 :Changed value to < PQL Molybdenum :Changed value to < PQL Total Coliform :Changed value to < PQL Mercury :Changed value to < PQL Hardness Diss :AUTOCALCULATE 2024-10-09 18:00:22 Total N :AUTOCALCULATE 2024-10-09 18:00:28 Using 1/2 NO2N pH Lab :Sample analyzed beyond holding time for this parameter SAR Diss :AUTOCALCULATE 2024-10-09 18:00:24 Using 1/2 Na Silver Diss :Changed value to < PQL Fecal Coliform :Sample analyzed beyond holding time for this parameter Lead :Changed value to < PQL Nitrite N :Changed value to < PQL Sodium :Changed value to < PQL Antimony :Changed value to < PQL Copper :Changed value to < PQL Chromium Diss :Changed value to < PQL Zinc :Changed value to < PQL Zinc Diss :Changed value to < PQL Beryllium :Changed value to < PQL Thallium :Changed value to < PQL Mercury Diss :Changed value to < PQL Nickel Diss :Changed value to < PQL Chromium :Changed value to < PQL Kjeldahl N :Batch MS and/or MSD were outside acceptance limits, batch LCS was acceptable, ran a second batch Nickel :Changed value to < PQL Color :Changed value to < PQL Cadmium :Changed value to < PQL Nitrate N :Batch MS and/or MSD were outside acceptance limits, batch LCS was acceptable, ran a second batch Selenium Diss :Changed value to < PQL SAR :AUTOCALCULATE 2024-10-09 18:00:23 Using 1/2 Na Cadmium Diss :Changed value to < PQL Sodium Diss :Changed value to < PQL Selenium :Changed value to < PQL Hardness :AUTOCALCULATE 2024-10-09 18:00:22 Silver :Changed value to < PQL Analysis Hardness :Analysis Value from : Hardness Diss  2024-10-09 18:00:35 Analysis TDS :Analysis Value from : Lab Total Dissolved Solids  2024-10-09 18:01:10 Analysis SAR :Analysis Value from : SAR Diss  2024-10-09 18:01:26 Alkalinity, Hydroxide (As CaCO3) :Changed value to < PQL Antimony Diss :Changed value to < PQL Beryllium Diss :Changed value to < PQL Cobalt :Changed value to < PQL Cobalt Diss :Changed value to < PQL Lithium :Changed value to < PQL Lithium Diss :Changed value to < PQL Molybdenum Diss :Changed value to < PQL Tungsten :Changed value to < PQL Tungsten Diss :Changed value to < PQL Vanadium :Changed value to < PQL Vanadium Diss :Changed value to < PQL Thallium Diss :Changed value to < PQL Analysis Nitrate :Analysis Value from : Nitrate 2024-10-09 18:00:34",
14835958-0,Nevada Division of Environmental Protection,NV06-SC-55-A_00,Thomas Creek @ North Timberline Drive &[STBT03Thomas-3],SB10,2022-11-09 10:02:00,0.00,,,10.58,0,0,0,,,0,,0,,,8.14,,,0,,,,,,,,,,,,,,,,,,,,,,,,,,,,,,,,,,,,,,,,,,,,,,,,,,,,,,,,,,,,,,,,,,,,,,,,,,,,,,,,,,,,,,,,,,,,,,,,,,,,,,,,, Analysis DO :Analysis Value from : DO (field or ext)  2026-03-19 18:01:53 Analysis pH :Analysis Value from : Field pH  2026-03-19 18:03:49,
14846648-0,Nevada Division of Environmental Protection,NV06-SC-41-C_00,Steamboat Creek @ Rhodes Road,SB5,2025-04-17 07:50:00,0.00,,,8.32,0,0,0,,,0,,0,,,7.61,333.3,,10.7,,,,120,< 2.0000,,,,26,26,22,,,< 2.0000,,,,,150.0000,110.220,106.102,,,1.2,,,0.14,,,0.24,,8.08,,,8.9,1.04,1.06,25,25,340,17,210,,120,< 1.0000,0.41,46,29,,1200,52,< 2.0000,< 2.0000,7.0000,5.7000,79.0000,63.0000,< 2.0000,< 2.0000,< 50.0000,< 50.0000,< 2.0000,< 2.0000,< 2.0000,< 2.0000,< 2.0000,< 2.0000,4.7000,2.3000,2100,200,< 2.0000,< 2.0000,< 0.1000,< 0.1000,11,10,170.0000,110.0000,< 0.3200,< 0.3200,< 10.0000,< 10.0000,< 2.0000,< 2.0000,8.7,< 10.0000,< 10.0000,42000.0000,38000.0000,< 2.0000,< 2.0000,< 1.0000,< 1.0000,< 1.0000,< 0.0500,< 0.0500,6.7000,6.0000,< 40.0000,< 40.0000,< 20.0000,< 20.0000,," Boron Diss :Changed value to < PQL CO3 as CaCO3 :Changed value to < PQL Molybdenum :Changed value to < PQL Total Coliform :Changed value to < PQL Mercury :Changed value to < PQL Hardness Diss :AUTOCALCULATE 2025-06-04 18:00:21 Total N :AUTOCALCULATE 2025-06-04 18:00:27 Using 1/2 NO2N Lead Diss :Changed value to < PQL pH Lab :Sample analyzed beyond holding time for this parameter SAR Diss :AUTOCALCULATE 2025-06-04 18:00:23 Silver Diss :Changed value to < PQL Fecal Coliform :Changed value to < PQL Boron :Changed value to < PQL Lead :Changed value to < PQL Nitrite N :Changed value to < PQL Antimony :Changed value to < PQL Chromium Diss :Changed value to < PQL Zinc :Changed value to < PQL Zinc Diss :Changed value to < PQL Turbidity Lab :Sample analyzed beyond holding time for this parameter Beryllium :Changed value to < PQL Thallium :Changed value to < PQL Mercury Diss :Changed value to < PQL Ortho P :Analyte found above the PQL in associated method blank Nickel Diss :Changed value to < PQL Chromium :Changed value to < PQL Kjeldahl N :Batch MS and/or MSD were outside acceptance limits, batch LCS was acceptable, ran a second batch Nickel :Changed value to < PQL Color :Exceeds MDL and Sample analyzed beyond holding time for this parameter Cadmium :Changed value to < PQL Selenium Diss :Changed value to < PQL SAR :AUTOCALCULATE 2025-06-04 18:00:22 Cadmium Diss :Changed value to < PQL Selenium :Changed value to < PQL Hardness :AUTOCALCULATE 2025-06-04 18:00:22 Silver :Changed value to < PQL Analysis DO :Analysis Value from : DO (field or ext)  2026-03-19 18:01:53 Analysis Hardness :Analysis Value from : Hardness Diss  2025-06-04 18:00:37 Analysis pH :Analysis Value from : Field pH  2026-03-19 18:03:49 Analysis TDS :Analysis Value from : Lab Total Dissolved Solids  2025-06-04 18:01:23 Analysis Temp :Analysis Value from : Field Temp  2026-03-19 18:03:08 Analysis SAR :Analysis Value from : SAR Diss  2025-06-04 18:01:47 Alkalinity, Bicarbonate (As CaCO3) :Analyte found above the PQL in associated method blank Alkalinity, Hydroxide (As CaCO3) :Changed value to < PQL Antimony Diss :Changed value to < PQL Beryllium Diss :Changed value to < PQL Cobalt :Changed value to < PQL Cobalt Diss :Changed value to < PQL Lithium :Changed value to < PQL Lithium Diss :Changed value to < PQL Molybdenum Diss :Changed value to < PQL Tungsten :Changed value to < PQL Tungsten Diss :Changed value to < PQL Vanadium :Changed value to < PQL Vanadium Diss :Changed value to < PQL Total Alkalinity as CaCO3 :Analyte found above the PQL in associated method blank Thallium Diss :Changed value to < PQL Analysis Nitrate :Analysis Value from : Nitrate 2025-06-04 18:00:36",
14849067-0,Nevada Division of Environmental Protection,NV06-SC-41-C_00,Steamboat Creek @ Rhodes Road,SB5,2025-08-27 08:38:00,0.00,,,7.09,0,0,0,0,0,0,0,0,0,0,7.44,330.1,,17.6,,,,,,,,,,,,,,,,,,,,,,,,,,,,,,,,,,,,,,,,,,,,,,,,,,,,,,,,,,,,,,,,,,,,,,,,,,,,,,,,,,,,,,,,,,,,,,,,,,,,,,,, In situ only, Analysis DO :Analysis Value from : DO (field or ext)  2026-03-19 18:01:53 Analysis pH :Analysis Value from : Field pH  2026-03-19 18:03:49 Analysis Temp :Analysis Value from : Field Temp  2026-03-19 18:03:08,
