"utm_e","utm_n","qal_thickness_m","tv_thickness_m","alt_kgd_km_thickness_m","depth_to_bedrock_m","longitude","latitude","profile_line","source_document","notes"
253114,4362089,0,27,0,27,-119.866023164285,39.3729998149093,NA,"Skalbeck (2001) Table A-2, p.191-199","Model-derived point along a 2.75-D gravity/aeromagnetic forward-model profile (Chapter 3); depth_to_bedrock_m is as-reported in the source table, not independently re-derived (does not always equal the sum of the three thickness columns for reasons not further investigated). Coordinate reprojected from UTM Zone 11N (NAD83 assumed; ~200 m uncertainty if source datum is actually NAD27)."
253932,4361210,0,30,0,30,-119.856215770565,39.3653226073423,NA,"Skalbeck (2001) Table A-2, p.191-199","Model-derived point along a 2.75-D gravity/aeromagnetic forward-model profile (Chapter 3); depth_to_bedrock_m is as-reported in the source table, not independently re-derived (does not always equal the sum of the three thickness columns for reasons not further investigated). Coordinate reprojected from UTM Zone 11N (NAD83 assumed; ~200 m uncertainty if source datum is actually NAD27)."
254341,4360771,11,192,0,203,-119.851313063685,39.3614881601735,NA,"Skalbeck (2001) Table A-2, p.191-199","Model-derived point along a 2.75-D gravity/aeromagnetic forward-model profile (Chapter 3); depth_to_bedrock_m is as-reported in the source table, not independently re-derived (does not always equal the sum of the three thickness columns for reasons not further investigated). Coordinate reprojected from UTM Zone 11N (NAD83 assumed; ~200 m uncertainty if source datum is actually NAD27)."
254750,4360332,24,270,0,294,-119.846410893909,39.3576534843649,NA,"Skalbeck (2001) Table A-2, p.191-199","Model-derived point along a 2.75-D gravity/aeromagnetic forward-model profile (Chapter 3); depth_to_bedrock_m is as-reported in the source table, not independently re-derived (does not always equal the sum of the three thickness columns for reasons not further investigated). Coordinate reprojected from UTM Zone 11N (NAD83 assumed; ~200 m uncertainty if source datum is actually NAD27)."
255159,4359893,34,332,0,366,-119.841509261136,39.3538185799993,NA,"Skalbeck (2001) Table A-2, p.191-199","Model-derived point along a 2.75-D gravity/aeromagnetic forward-model profile (Chapter 3); depth_to_bedrock_m is as-reported in the source table, not independently re-derived (does not always equal the sum of the three thickness columns for reasons not further investigated). Coordinate reprojected from UTM Zone 11N (NAD83 assumed; ~200 m uncertainty if source datum is actually NAD27)."
255567,4359454,28,524,0,552,-119.836619756849,39.3499831644163,NA,"Skalbeck (2001) Table A-2, p.191-199","Model-derived point along a 2.75-D gravity/aeromagnetic forward-model profile (Chapter 3); depth_to_bedrock_m is as-reported in the source table, not independently re-derived (does not always equal the sum of the three thickness columns for reasons not further investigated). Coordinate reprojected from UTM Zone 11N (NAD83 assumed; ~200 m uncertainty if source datum is actually NAD27)."
255976,4359014,14,486,0,500,-119.831718833705,39.3461388039057,NA,"Skalbeck (2001) Table A-2, p.191-199","Model-derived point along a 2.75-D gravity/aeromagnetic forward-model profile (Chapter 3); depth_to_bedrock_m is as-reported in the source table, not independently re-derived (does not always equal the sum of the three thickness columns for reasons not further investigated). Coordinate reprojected from UTM Zone 11N (NAD83 assumed; ~200 m uncertainty if source datum is actually NAD27)."
256385,4358575,13,403,0,416,-119.826818811435,39.3423032148342,NA,"Skalbeck (2001) Table A-2, p.191-199","Model-derived point along a 2.75-D gravity/aeromagnetic forward-model profile (Chapter 3); depth_to_bedrock_m is as-reported in the source table, not independently re-derived (does not always equal the sum of the three thickness columns for reasons not further investigated). Coordinate reprojected from UTM Zone 11N (NAD83 assumed; ~200 m uncertainty if source datum is actually NAD27)."
256794,4358136,8,366,0,374,-119.821919325767,39.3384673975375,NA,"Skalbeck (2001) Table A-2, p.191-199","Model-derived point along a 2.75-D gravity/aeromagnetic forward-model profile (Chapter 3); depth_to_bedrock_m is as-reported in the source table, not independently re-derived (does not always equal the sum of the three thickness columns for reasons not further investigated). Coordinate reprojected from UTM Zone 11N (NAD83 assumed; ~200 m uncertainty if source datum is actually NAD27)."
257203,4357697,5,479,0,484,-119.8170203766,39.3346313520988,NA,"Skalbeck (2001) Table A-2, p.191-199","Model-derived point along a 2.75-D gravity/aeromagnetic forward-model profile (Chapter 3); depth_to_bedrock_m is as-reported in the source table, not independently re-derived (does not always equal the sum of the three thickness columns for reasons not further investigated). Coordinate reprojected from UTM Zone 11N (NAD83 assumed; ~200 m uncertainty if source datum is actually NAD27)."
257612,4357258,7,624,0,631,-119.812121963834,39.3307950786008,NA,"Skalbeck (2001) Table A-2, p.191-199","Model-derived point along a 2.75-D gravity/aeromagnetic forward-model profile (Chapter 3); depth_to_bedrock_m is as-reported in the source table, not independently re-derived (does not always equal the sum of the three thickness columns for reasons not further investigated). Coordinate reprojected from UTM Zone 11N (NAD83 assumed; ~200 m uncertainty if source datum is actually NAD27)."
258021,4356819,1,692,0,693,-119.807224087369,39.3269585771264,NA,"Skalbeck (2001) Table A-2, p.191-199","Model-derived point along a 2.75-D gravity/aeromagnetic forward-model profile (Chapter 3); depth_to_bedrock_m is as-reported in the source table, not independently re-derived (does not always equal the sum of the three thickness columns for reasons not further investigated). Coordinate reprojected from UTM Zone 11N (NAD83 assumed; ~200 m uncertainty if source datum is actually NAD27)."
258429,4356380,32,686,0,718,-119.802338334591,39.3231215685877,NA,"Skalbeck (2001) Table A-2, p.191-199","Model-derived point along a 2.75-D gravity/aeromagnetic forward-model profile (Chapter 3); depth_to_bedrock_m is as-reported in the source table, not independently re-derived (does not always equal the sum of the three thickness columns for reasons not further investigated). Coordinate reprojected from UTM Zone 11N (NAD83 assumed; ~200 m uncertainty if source datum is actually NAD27)."
258838,4355940,0,812,0,812,-119.797441171086,39.3192756118212,NA,"Skalbeck (2001) Table A-2, p.191-199","Model-derived point along a 2.75-D gravity/aeromagnetic forward-model profile (Chapter 3); depth_to_bedrock_m is as-reported in the source table, not independently re-derived (does not always equal the sum of the three thickness columns for reasons not further investigated). Coordinate reprojected from UTM Zone 11N (NAD83 assumed; ~200 m uncertainty if source datum is actually NAD27)."
259247,4355501,27,731,0,758,-119.792544903011,39.3154384273815,NA,"Skalbeck (2001) Table A-2, p.191-199","Model-derived point along a 2.75-D gravity/aeromagnetic forward-model profile (Chapter 3); depth_to_bedrock_m is as-reported in the source table, not independently re-derived (does not always equal the sum of the three thickness columns for reasons not further investigated). Coordinate reprojected from UTM Zone 11N (NAD83 assumed; ~200 m uncertainty if source datum is actually NAD27)."
259656,4355062,40,385,0,425,-119.787649170834,39.3116010152968,NA,"Skalbeck (2001) Table A-2, p.191-199","Model-derived point along a 2.75-D gravity/aeromagnetic forward-model profile (Chapter 3); depth_to_bedrock_m is as-reported in the source table, not independently re-derived (does not always equal the sum of the three thickness columns for reasons not further investigated). Coordinate reprojected from UTM Zone 11N (NAD83 assumed; ~200 m uncertainty if source datum is actually NAD27)."
260065,4354623,0,559,0,559,-119.782753974454,39.3077633756502,NA,"Skalbeck (2001) Table A-2, p.191-199","Model-derived point along a 2.75-D gravity/aeromagnetic forward-model profile (Chapter 3); depth_to_bedrock_m is as-reported in the source table, not independently re-derived (does not always equal the sum of the three thickness columns for reasons not further investigated). Coordinate reprojected from UTM Zone 11N (NAD83 assumed; ~200 m uncertainty if source datum is actually NAD27)."
260474,4354184,0,496,0,496,-119.777859313772,39.3039255085243,NA,"Skalbeck (2001) Table A-2, p.191-199","Model-derived point along a 2.75-D gravity/aeromagnetic forward-model profile (Chapter 3); depth_to_bedrock_m is as-reported in the source table, not independently re-derived (does not always equal the sum of the three thickness columns for reasons not further investigated). Coordinate reprojected from UTM Zone 11N (NAD83 assumed; ~200 m uncertainty if source datum is actually NAD27)."
255396,4359654,0,306,0,306,-119.83867480316,39.3517347442822,NA,"Skalbeck (2001) Table A-2, p.191-199","Model-derived point along a 2.75-D gravity/aeromagnetic forward-model profile (Chapter 3); depth_to_bedrock_m is as-reported in the source table, not independently re-derived (does not always equal the sum of the three thickness columns for reasons not further investigated). Coordinate reprojected from UTM Zone 11N (NAD83 assumed; ~200 m uncertainty if source datum is actually NAD27)."
255796,4359272,0,162,0,162,-119.833899065777,39.348409924642,NA,"Skalbeck (2001) Table A-2, p.191-199","Model-derived point along a 2.75-D gravity/aeromagnetic forward-model profile (Chapter 3); depth_to_bedrock_m is as-reported in the source table, not independently re-derived (does not always equal the sum of the three thickness columns for reasons not further investigated). Coordinate reprojected from UTM Zone 11N (NAD83 assumed; ~200 m uncertainty if source datum is actually NAD27)."
256242,4358803,35,52,0,87,-119.828559012992,39.344314875819,NA,"Skalbeck (2001) Table A-2, p.191-199","Model-derived point along a 2.75-D gravity/aeromagnetic forward-model profile (Chapter 3); depth_to_bedrock_m is as-reported in the source table, not independently re-derived (does not always equal the sum of the three thickness columns for reasons not further investigated). Coordinate reprojected from UTM Zone 11N (NAD83 assumed; ~200 m uncertainty if source datum is actually NAD27)."
256698,4358250,43,51,0,94,-119.82307324932,39.3394663810445,NA,"Skalbeck (2001) Table A-2, p.191-199","Model-derived point along a 2.75-D gravity/aeromagnetic forward-model profile (Chapter 3); depth_to_bedrock_m is as-reported in the source table, not independently re-derived (does not always equal the sum of the three thickness columns for reasons not further investigated). Coordinate reprojected from UTM Zone 11N (NAD83 assumed; ~200 m uncertainty if source datum is actually NAD27)."
256858,4358078,0,607,0,607,-119.821156578342,39.3379633993733,NA,"Skalbeck (2001) Table A-2, p.191-199","Model-derived point along a 2.75-D gravity/aeromagnetic forward-model profile (Chapter 3); depth_to_bedrock_m is as-reported in the source table, not independently re-derived (does not always equal the sum of the three thickness columns for reasons not further investigated). Coordinate reprojected from UTM Zone 11N (NAD83 assumed; ~200 m uncertainty if source datum is actually NAD27)."
257504,4357391,0,176,0,176,-119.813421544744,39.3319618054642,NA,"Skalbeck (2001) Table A-2, p.191-199","Model-derived point along a 2.75-D gravity/aeromagnetic forward-model profile (Chapter 3); depth_to_bedrock_m is as-reported in the source table, not independently re-derived (does not always equal the sum of the three thickness columns for reasons not further investigated). Coordinate reprojected from UTM Zone 11N (NAD83 assumed; ~200 m uncertainty if source datum is actually NAD27)."
258554,4356255,52,226,0,278,-119.800844992867,39.3220314476968,NA,"Skalbeck (2001) Table A-2, p.191-199","Model-derived point along a 2.75-D gravity/aeromagnetic forward-model profile (Chapter 3); depth_to_bedrock_m is as-reported in the source table, not independently re-derived (does not always equal the sum of the three thickness columns for reasons not further investigated). Coordinate reprojected from UTM Zone 11N (NAD83 assumed; ~200 m uncertainty if source datum is actually NAD27)."
258643,4356172,71,109,0,347,-119.799783916253,39.3213092692653,NA,"Skalbeck (2001) Table A-2, p.191-199","Model-derived point along a 2.75-D gravity/aeromagnetic forward-model profile (Chapter 3); depth_to_bedrock_m is as-reported in the source table, not independently re-derived (does not always equal the sum of the three thickness columns for reasons not further investigated). Coordinate reprojected from UTM Zone 11N (NAD83 assumed; ~200 m uncertainty if source datum is actually NAD27)."
260716,4353898,27,575,0,0,-119.774954123124,39.3014183328757,NA,"Skalbeck (2001) Table A-2, p.191-199","Model-derived point along a 2.75-D gravity/aeromagnetic forward-model profile (Chapter 3); depth_to_bedrock_m is as-reported in the source table, not independently re-derived (does not always equal the sum of the three thickness columns for reasons not further investigated). Coordinate reprojected from UTM Zone 11N (NAD83 assumed; ~200 m uncertainty if source datum is actually NAD27)."
263309,4352905,0,409,0,409,-119.744566543893,39.2931934282842,NA,"Skalbeck (2001) Table A-2, p.191-199","Model-derived point along a 2.75-D gravity/aeromagnetic forward-model profile (Chapter 3); depth_to_bedrock_m is as-reported in the source table, not independently re-derived (does not always equal the sum of the three thickness columns for reasons not further investigated). Coordinate reprojected from UTM Zone 11N (NAD83 assumed; ~200 m uncertainty if source datum is actually NAD27)."
263106,4353125,0,323,0,323,-119.746995347552,39.2951180501475,NA,"Skalbeck (2001) Table A-2, p.191-199","Model-derived point along a 2.75-D gravity/aeromagnetic forward-model profile (Chapter 3); depth_to_bedrock_m is as-reported in the source table, not independently re-derived (does not always equal the sum of the three thickness columns for reasons not further investigated). Coordinate reprojected from UTM Zone 11N (NAD83 assumed; ~200 m uncertainty if source datum is actually NAD27)."
262902,4353346,0,406,0,406,-119.749436220543,39.2970513427487,NA,"Skalbeck (2001) Table A-2, p.191-199","Model-derived point along a 2.75-D gravity/aeromagnetic forward-model profile (Chapter 3); depth_to_bedrock_m is as-reported in the source table, not independently re-derived (does not always equal the sum of the three thickness columns for reasons not further investigated). Coordinate reprojected from UTM Zone 11N (NAD83 assumed; ~200 m uncertainty if source datum is actually NAD27)."
262699,4353566,0,544,0,544,-119.751865291444,39.2989758523133,NA,"Skalbeck (2001) Table A-2, p.191-199","Model-derived point along a 2.75-D gravity/aeromagnetic forward-model profile (Chapter 3); depth_to_bedrock_m is as-reported in the source table, not independently re-derived (does not always equal the sum of the three thickness columns for reasons not further investigated). Coordinate reprojected from UTM Zone 11N (NAD83 assumed; ~200 m uncertainty if source datum is actually NAD27)."
262496,4353787,0,427,0,427,-119.754294848665,39.3009093063062,NA,"Skalbeck (2001) Table A-2, p.191-199","Model-derived point along a 2.75-D gravity/aeromagnetic forward-model profile (Chapter 3); depth_to_bedrock_m is as-reported in the source table, not independently re-derived (does not always equal the sum of the three thickness columns for reasons not further investigated). Coordinate reprojected from UTM Zone 11N (NAD83 assumed; ~200 m uncertainty if source datum is actually NAD27)."
262292,4354007,0,239,0,239,-119.756735771156,39.3028334292702,NA,"Skalbeck (2001) Table A-2, p.191-199","Model-derived point along a 2.75-D gravity/aeromagnetic forward-model profile (Chapter 3); depth_to_bedrock_m is as-reported in the source table, not independently re-derived (does not always equal the sum of the three thickness columns for reasons not further investigated). Coordinate reprojected from UTM Zone 11N (NAD83 assumed; ~200 m uncertainty if source datum is actually NAD27)."
259241,4357315,0,6,438,312,-119.793264254257,39.3317629871279,NA,"Skalbeck (2001) Table A-2, p.191-199","Model-derived point along a 2.75-D gravity/aeromagnetic forward-model profile (Chapter 3); depth_to_bedrock_m is as-reported in the source table, not independently re-derived (does not always equal the sum of the three thickness columns for reasons not further investigated). Coordinate reprojected from UTM Zone 11N (NAD83 assumed; ~200 m uncertainty if source datum is actually NAD27)."
259038,4357535,0,31,378,191,-119.795695732039,39.3336864846598,NA,"Skalbeck (2001) Table A-2, p.191-199","Model-derived point along a 2.75-D gravity/aeromagnetic forward-model profile (Chapter 3); depth_to_bedrock_m is as-reported in the source table, not independently re-derived (does not always equal the sum of the three thickness columns for reasons not further investigated). Coordinate reprojected from UTM Zone 11N (NAD83 assumed; ~200 m uncertainty if source datum is actually NAD27)."
258834,4357756,0,62,235,62,-119.798139292018,39.3356186472203,NA,"Skalbeck (2001) Table A-2, p.191-199","Model-derived point along a 2.75-D gravity/aeromagnetic forward-model profile (Chapter 3); depth_to_bedrock_m is as-reported in the source table, not independently re-derived (does not always equal the sum of the three thickness columns for reasons not further investigated). Coordinate reprojected from UTM Zone 11N (NAD83 assumed; ~200 m uncertainty if source datum is actually NAD27)."
258631,4357976,0,96,143,96,-119.800571037551,39.3375420320421,NA,"Skalbeck (2001) Table A-2, p.191-199","Model-derived point along a 2.75-D gravity/aeromagnetic forward-model profile (Chapter 3); depth_to_bedrock_m is as-reported in the source table, not independently re-derived (does not always equal the sum of the three thickness columns for reasons not further investigated). Coordinate reprojected from UTM Zone 11N (NAD83 assumed; ~200 m uncertainty if source datum is actually NAD27)."
258427,4358197,0,63,209,63,-119.803014866569,39.3394740813203,NA,"Skalbeck (2001) Table A-2, p.191-199","Model-derived point along a 2.75-D gravity/aeromagnetic forward-model profile (Chapter 3); depth_to_bedrock_m is as-reported in the source table, not independently re-derived (does not always equal the sum of the three thickness columns for reasons not further investigated). Coordinate reprojected from UTM Zone 11N (NAD83 assumed; ~200 m uncertainty if source datum is actually NAD27)."
258224,4358417,49,70,0,119,-119.805446879904,39.3413973533909,NA,"Skalbeck (2001) Table A-2, p.191-199","Model-derived point along a 2.75-D gravity/aeromagnetic forward-model profile (Chapter 3); depth_to_bedrock_m is as-reported in the source table, not independently re-derived (does not always equal the sum of the three thickness columns for reasons not further investigated). Coordinate reprojected from UTM Zone 11N (NAD83 assumed; ~200 m uncertainty if source datum is actually NAD27)."
258021,4358638,60,115,0,175,-119.807879387243,39.3433295691885,NA,"Skalbeck (2001) Table A-2, p.191-199","Model-derived point along a 2.75-D gravity/aeromagnetic forward-model profile (Chapter 3); depth_to_bedrock_m is as-reported in the source table, not independently re-derived (does not always equal the sum of the three thickness columns for reasons not further investigated). Coordinate reprojected from UTM Zone 11N (NAD83 assumed; ~200 m uncertainty if source datum is actually NAD27)."
257817,4358858,64,119,0,183,-119.8103232592,39.3452524486236,NA,"Skalbeck (2001) Table A-2, p.191-199","Model-derived point along a 2.75-D gravity/aeromagnetic forward-model profile (Chapter 3); depth_to_bedrock_m is as-reported in the source table, not independently re-derived (does not always equal the sum of the three thickness columns for reasons not further investigated). Coordinate reprojected from UTM Zone 11N (NAD83 assumed; ~200 m uncertainty if source datum is actually NAD27)."
257614,4359079,61,115,0,176,-119.812756035093,39.3471845515646,NA,"Skalbeck (2001) Table A-2, p.191-199","Model-derived point along a 2.75-D gravity/aeromagnetic forward-model profile (Chapter 3); depth_to_bedrock_m is as-reported in the source table, not independently re-derived (does not always equal the sum of the three thickness columns for reasons not further investigated). Coordinate reprojected from UTM Zone 11N (NAD83 assumed; ~200 m uncertainty if source datum is actually NAD27)."
257410,4359299,92,138,0,230,-119.815200175541,39.3491073176576,NA,"Skalbeck (2001) Table A-2, p.191-199","Model-derived point along a 2.75-D gravity/aeromagnetic forward-model profile (Chapter 3); depth_to_bedrock_m is as-reported in the source table, not independently re-derived (does not always equal the sum of the three thickness columns for reasons not further investigated). Coordinate reprojected from UTM Zone 11N (NAD83 assumed; ~200 m uncertainty if source datum is actually NAD27)."
257207,4359520,109,88,0,197,-119.817633220038,39.3510393077006,NA,"Skalbeck (2001) Table A-2, p.191-199","Model-derived point along a 2.75-D gravity/aeromagnetic forward-model profile (Chapter 3); depth_to_bedrock_m is as-reported in the source table, not independently re-derived (does not always equal the sum of the three thickness columns for reasons not further investigated). Coordinate reprojected from UTM Zone 11N (NAD83 assumed; ~200 m uncertainty if source datum is actually NAD27)."
257003,4359740,133,55,0,188,-119.82007762903,39.3529619604102,NA,"Skalbeck (2001) Table A-2, p.191-199","Model-derived point along a 2.75-D gravity/aeromagnetic forward-model profile (Chapter 3); depth_to_bedrock_m is as-reported in the source table, not independently re-derived (does not always equal the sum of the three thickness columns for reasons not further investigated). Coordinate reprojected from UTM Zone 11N (NAD83 assumed; ~200 m uncertainty if source datum is actually NAD27)."
256800,4359961,124,71,0,195,-119.822510942182,39.3548938375141,NA,"Skalbeck (2001) Table A-2, p.191-199","Model-derived point along a 2.75-D gravity/aeromagnetic forward-model profile (Chapter 3); depth_to_bedrock_m is as-reported in the source table, not independently re-derived (does not always equal the sum of the three thickness columns for reasons not further investigated). Coordinate reprojected from UTM Zone 11N (NAD83 assumed; ~200 m uncertainty if source datum is actually NAD27)."
256597,4360181,129,129,0,258,-119.82494402694,39.3568166584216,NA,"Skalbeck (2001) Table A-2, p.191-199","Model-derived point along a 2.75-D gravity/aeromagnetic forward-model profile (Chapter 3); depth_to_bedrock_m is as-reported in the source table, not independently re-derived (does not always equal the sum of the three thickness columns for reasons not further investigated). Coordinate reprojected from UTM Zone 11N (NAD83 assumed; ~200 m uncertainty if source datum is actually NAD27)."
256393,4360402,139,208,0,347,-119.827389201627,39.3587481409224,NA,"Skalbeck (2001) Table A-2, p.191-199","Model-derived point along a 2.75-D gravity/aeromagnetic forward-model profile (Chapter 3); depth_to_bedrock_m is as-reported in the source table, not independently re-derived (does not always equal the sum of the three thickness columns for reasons not further investigated). Coordinate reprojected from UTM Zone 11N (NAD83 assumed; ~200 m uncertainty if source datum is actually NAD27)."
256190,4360622,156,256,0,412,-119.829822554441,39.3606708488728,NA,"Skalbeck (2001) Table A-2, p.191-199","Model-derived point along a 2.75-D gravity/aeromagnetic forward-model profile (Chapter 3); depth_to_bedrock_m is as-reported in the source table, not independently re-derived (does not always equal the sum of the three thickness columns for reasons not further investigated). Coordinate reprojected from UTM Zone 11N (NAD83 assumed; ~200 m uncertainty if source datum is actually NAD27)."
255986,4360843,180,190,0,370,-119.832267998473,39.362602217843,NA,"Skalbeck (2001) Table A-2, p.191-199","Model-derived point along a 2.75-D gravity/aeromagnetic forward-model profile (Chapter 3); depth_to_bedrock_m is as-reported in the source table, not independently re-derived (does not always equal the sum of the three thickness columns for reasons not further investigated). Coordinate reprojected from UTM Zone 11N (NAD83 assumed; ~200 m uncertainty if source datum is actually NAD27)."
255783,4361063,191,244,0,435,-119.834701619396,39.3645248127949,NA,"Skalbeck (2001) Table A-2, p.191-199","Model-derived point along a 2.75-D gravity/aeromagnetic forward-model profile (Chapter 3); depth_to_bedrock_m is as-reported in the source table, not independently re-derived (does not always equal the sum of the three thickness columns for reasons not further investigated). Coordinate reprojected from UTM Zone 11N (NAD83 assumed; ~200 m uncertainty if source datum is actually NAD27)."
255580,4361284,190,219,0,409,-119.837135738526,39.3664563510877,NA,"Skalbeck (2001) Table A-2, p.191-199","Model-derived point along a 2.75-D gravity/aeromagnetic forward-model profile (Chapter 3); depth_to_bedrock_m is as-reported in the source table, not independently re-derived (does not always equal the sum of the three thickness columns for reasons not further investigated). Coordinate reprojected from UTM Zone 11N (NAD83 assumed; ~200 m uncertainty if source datum is actually NAD27)."
255376,4361504,215,230,0,445,-119.839581221905,39.3683785501054,NA,"Skalbeck (2001) Table A-2, p.191-199","Model-derived point along a 2.75-D gravity/aeromagnetic forward-model profile (Chapter 3); depth_to_bedrock_m is as-reported in the source table, not independently re-derived (does not always equal the sum of the three thickness columns for reasons not further investigated). Coordinate reprojected from UTM Zone 11N (NAD83 assumed; ~200 m uncertainty if source datum is actually NAD27)."
255173,4361725,205,188,0,393,-119.842015609896,39.3703099752939,NA,"Skalbeck (2001) Table A-2, p.191-199","Model-derived point along a 2.75-D gravity/aeromagnetic forward-model profile (Chapter 3); depth_to_bedrock_m is as-reported in the source table, not independently re-derived (does not always equal the sum of the three thickness columns for reasons not further investigated). Coordinate reprojected from UTM Zone 11N (NAD83 assumed; ~200 m uncertainty if source datum is actually NAD27)."
254969,4361945,153,146,0,299,-119.844461362073,39.3722320607217,NA,"Skalbeck (2001) Table A-2, p.191-199","Model-derived point along a 2.75-D gravity/aeromagnetic forward-model profile (Chapter 3); depth_to_bedrock_m is as-reported in the source table, not independently re-derived (does not always equal the sum of the three thickness columns for reasons not further investigated). Coordinate reprojected from UTM Zone 11N (NAD83 assumed; ~200 m uncertainty if source datum is actually NAD27)."
254766,4362166,94,25,0,119,-119.846896018975,39.3741633727646,NA,"Skalbeck (2001) Table A-2, p.191-199","Model-derived point along a 2.75-D gravity/aeromagnetic forward-model profile (Chapter 3); depth_to_bedrock_m is as-reported in the source table, not independently re-derived (does not always equal the sum of the three thickness columns for reasons not further investigated). Coordinate reprojected from UTM Zone 11N (NAD83 assumed; ~200 m uncertainty if source datum is actually NAD27)."
254563,4362386,24,390,0,414,-119.849330444231,39.3760856287282,NA,"Skalbeck (2001) Table A-2, p.191-199","Model-derived point along a 2.75-D gravity/aeromagnetic forward-model profile (Chapter 3); depth_to_bedrock_m is as-reported in the source table, not independently re-derived (does not always equal the sum of the three thickness columns for reasons not further investigated). Coordinate reprojected from UTM Zone 11N (NAD83 assumed; ~200 m uncertainty if source datum is actually NAD27)."
254359,4362607,0,987,0,987,-119.851776965864,39.3780165434171,NA,"Skalbeck (2001) Table A-2, p.191-199","Model-derived point along a 2.75-D gravity/aeromagnetic forward-model profile (Chapter 3); depth_to_bedrock_m is as-reported in the source table, not independently re-derived (does not always equal the sum of the three thickness columns for reasons not further investigated). Coordinate reprojected from UTM Zone 11N (NAD83 assumed; ~200 m uncertainty if source datum is actually NAD27)."
254156,4362827,0,982,0,982,-119.854211659432,39.3799386862175,NA,"Skalbeck (2001) Table A-2, p.191-199","Model-derived point along a 2.75-D gravity/aeromagnetic forward-model profile (Chapter 3); depth_to_bedrock_m is as-reported in the source table, not independently re-derived (does not always equal the sum of the three thickness columns for reasons not further investigated). Coordinate reprojected from UTM Zone 11N (NAD83 assumed; ~200 m uncertainty if source datum is actually NAD27)."
253952,4363048,0,961,0,961,-119.856658450666,39.3818694871687,NA,"Skalbeck (2001) Table A-2, p.191-199","Model-derived point along a 2.75-D gravity/aeromagnetic forward-model profile (Chapter 3); depth_to_bedrock_m is as-reported in the source table, not independently re-derived (does not always equal the sum of the three thickness columns for reasons not further investigated). Coordinate reprojected from UTM Zone 11N (NAD83 assumed; ~200 m uncertainty if source datum is actually NAD27)."
253749,4363268,0,991,0,991,-119.859093412596,39.3837915167645,NA,"Skalbeck (2001) Table A-2, p.191-199","Model-derived point along a 2.75-D gravity/aeromagnetic forward-model profile (Chapter 3); depth_to_bedrock_m is as-reported in the source table, not independently re-derived (does not always equal the sum of the three thickness columns for reasons not further investigated). Coordinate reprojected from UTM Zone 11N (NAD83 assumed; ~200 m uncertainty if source datum is actually NAD27)."
253545,4363489,0,832,0,832,-119.861540473483,39.3857222039366,NA,"Skalbeck (2001) Table A-2, p.191-199","Model-derived point along a 2.75-D gravity/aeromagnetic forward-model profile (Chapter 3); depth_to_bedrock_m is as-reported in the source table, not independently re-derived (does not always equal the sum of the three thickness columns for reasons not further investigated). Coordinate reprojected from UTM Zone 11N (NAD83 assumed; ~200 m uncertainty if source datum is actually NAD27)."
254542,4362372,0,448,0,448,-119.84956882893,39.3759536664976,NA,"Skalbeck (2001) Table A-2, p.191-199","Model-derived point along a 2.75-D gravity/aeromagnetic forward-model profile (Chapter 3); depth_to_bedrock_m is as-reported in the source table, not independently re-derived (does not always equal the sum of the three thickness columns for reasons not further investigated). Coordinate reprojected from UTM Zone 11N (NAD83 assumed; ~200 m uncertainty if source datum is actually NAD27)."
258376,4358215,0,69,0,69,-119.803612442046,39.3396218340664,NA,"Skalbeck (2001) Table A-2, p.191-199","Model-derived point along a 2.75-D gravity/aeromagnetic forward-model profile (Chapter 3); depth_to_bedrock_m is as-reported in the source table, not independently re-derived (does not always equal the sum of the three thickness columns for reasons not further investigated). Coordinate reprojected from UTM Zone 11N (NAD83 assumed; ~200 m uncertainty if source datum is actually NAD27)."
258368,4358223,12,55,0,67,-119.803708042176,39.3396915990104,NA,"Skalbeck (2001) Table A-2, p.191-199","Model-derived point along a 2.75-D gravity/aeromagnetic forward-model profile (Chapter 3); depth_to_bedrock_m is as-reported in the source table, not independently re-derived (does not always equal the sum of the three thickness columns for reasons not further investigated). Coordinate reprojected from UTM Zone 11N (NAD83 assumed; ~200 m uncertainty if source datum is actually NAD27)."
258916,4357642,0,60,272,60,-119.797148027854,39.3346154985419,NA,"Skalbeck (2001) Table A-2, p.191-199","Model-derived point along a 2.75-D gravity/aeromagnetic forward-model profile (Chapter 3); depth_to_bedrock_m is as-reported in the source table, not independently re-derived (does not always equal the sum of the three thickness columns for reasons not further investigated). Coordinate reprojected from UTM Zone 11N (NAD83 assumed; ~200 m uncertainty if source datum is actually NAD27)."
262125,4354184,0,311,0,311,-119.758732981526,39.3043806434043,NA,"Skalbeck (2001) Table A-2, p.191-199","Model-derived point along a 2.75-D gravity/aeromagnetic forward-model profile (Chapter 3); depth_to_bedrock_m is as-reported in the source table, not independently re-derived (does not always equal the sum of the three thickness columns for reasons not further investigated). Coordinate reprojected from UTM Zone 11N (NAD83 assumed; ~200 m uncertainty if source datum is actually NAD27)."
260896,4357307,0,107,867,710,-119.774081385306,39.3321500251465,NA,"Skalbeck (2001) Table A-2, p.191-199","Model-derived point along a 2.75-D gravity/aeromagnetic forward-model profile (Chapter 3); depth_to_bedrock_m is as-reported in the source table, not independently re-derived (does not always equal the sum of the three thickness columns for reasons not further investigated). Coordinate reprojected from UTM Zone 11N (NAD83 assumed; ~200 m uncertainty if source datum is actually NAD27)."
260490,4357748,0,311,1105,862,-119.778943853827,39.3360068031696,NA,"Skalbeck (2001) Table A-2, p.191-199","Model-derived point along a 2.75-D gravity/aeromagnetic forward-model profile (Chapter 3); depth_to_bedrock_m is as-reported in the source table, not independently re-derived (does not always equal the sum of the three thickness columns for reasons not further investigated). Coordinate reprojected from UTM Zone 11N (NAD83 assumed; ~200 m uncertainty if source datum is actually NAD27)."
260083,4358189,0,190,1535,1078,-119.783818448409,39.3398630790017,NA,"Skalbeck (2001) Table A-2, p.191-199","Model-derived point along a 2.75-D gravity/aeromagnetic forward-model profile (Chapter 3); depth_to_bedrock_m is as-reported in the source table, not independently re-derived (does not always equal the sum of the three thickness columns for reasons not further investigated). Coordinate reprojected from UTM Zone 11N (NAD83 assumed; ~200 m uncertainty if source datum is actually NAD27)."
259676,4358630,0,287,1561,1301,-119.788693579897,39.3437191289713,NA,"Skalbeck (2001) Table A-2, p.191-199","Model-derived point along a 2.75-D gravity/aeromagnetic forward-model profile (Chapter 3); depth_to_bedrock_m is as-reported in the source table, not independently re-derived (does not always equal the sum of the three thickness columns for reasons not further investigated). Coordinate reprojected from UTM Zone 11N (NAD83 assumed; ~200 m uncertainty if source datum is actually NAD27)."
259270,4359071,0,189,1454,1124,-119.793557656779,39.3475752314376,NA,"Skalbeck (2001) Table A-2, p.191-199","Model-derived point along a 2.75-D gravity/aeromagnetic forward-model profile (Chapter 3); depth_to_bedrock_m is as-reported in the source table, not independently re-derived (does not always equal the sum of the three thickness columns for reasons not further investigated). Coordinate reprojected from UTM Zone 11N (NAD83 assumed; ~200 m uncertainty if source datum is actually NAD27)."
258863,4359512,0,155,1824,601,-119.798433861796,39.3514308299427,NA,"Skalbeck (2001) Table A-2, p.191-199","Model-derived point along a 2.75-D gravity/aeromagnetic forward-model profile (Chapter 3); depth_to_bedrock_m is as-reported in the source table, not independently re-derived (does not always equal the sum of the three thickness columns for reasons not further investigated). Coordinate reprojected from UTM Zone 11N (NAD83 assumed; ~200 m uncertainty if source datum is actually NAD27)."
258456,4359954,0,99,1870,903,-119.803310963992,39.3552952023347,NA,"Skalbeck (2001) Table A-2, p.191-199","Model-derived point along a 2.75-D gravity/aeromagnetic forward-model profile (Chapter 3); depth_to_bedrock_m is as-reported in the source table, not independently re-derived (does not always equal the sum of the three thickness columns for reasons not further investigated). Coordinate reprojected from UTM Zone 11N (NAD83 assumed; ~200 m uncertainty if source datum is actually NAD27)."
258050,4360395,0,52,1685,833,-119.80817665083,39.3591506284594,NA,"Skalbeck (2001) Table A-2, p.191-199","Model-derived point along a 2.75-D gravity/aeromagnetic forward-model profile (Chapter 3); depth_to_bedrock_m is as-reported in the source table, not independently re-derived (does not always equal the sum of the three thickness columns for reasons not further investigated). Coordinate reprojected from UTM Zone 11N (NAD83 assumed; ~200 m uncertainty if source datum is actually NAD27)."
257236,4361277,0,63,0,603,-119.817932822442,39.3668602428851,NA,"Skalbeck (2001) Table A-2, p.191-199","Model-derived point along a 2.75-D gravity/aeromagnetic forward-model profile (Chapter 3); depth_to_bedrock_m is as-reported in the source table, not independently re-derived (does not always equal the sum of the three thickness columns for reasons not further investigated). Coordinate reprojected from UTM Zone 11N (NAD83 assumed; ~200 m uncertainty if source datum is actually NAD27)."
256830,4361718,0,32,0,858,-119.822800119481,39.37071499197,NA,"Skalbeck (2001) Table A-2, p.191-199","Model-derived point along a 2.75-D gravity/aeromagnetic forward-model profile (Chapter 3); depth_to_bedrock_m is as-reported in the source table, not independently re-derived (does not always equal the sum of the three thickness columns for reasons not further investigated). Coordinate reprojected from UTM Zone 11N (NAD83 assumed; ~200 m uncertainty if source datum is actually NAD27)."
256423,4362160,0,15,0,889,-119.827679912144,39.3745782333277,NA,"Skalbeck (2001) Table A-2, p.191-199","Model-derived point along a 2.75-D gravity/aeromagnetic forward-model profile (Chapter 3); depth_to_bedrock_m is as-reported in the source table, not independently re-derived (does not always equal the sum of the three thickness columns for reasons not further investigated). Coordinate reprojected from UTM Zone 11N (NAD83 assumed; ~200 m uncertainty if source datum is actually NAD27)."
256017,4362601,0,83,0,742,-119.832548283641,39.3784325307661,NA,"Skalbeck (2001) Table A-2, p.191-199","Model-derived point along a 2.75-D gravity/aeromagnetic forward-model profile (Chapter 3); depth_to_bedrock_m is as-reported in the source table, not independently re-derived (does not always equal the sum of the three thickness columns for reasons not further investigated). Coordinate reprojected from UTM Zone 11N (NAD83 assumed; ~200 m uncertainty if source datum is actually NAD27)."
255610,4363042,12,233,0,773,-119.837428788803,39.3822863195165,NA,"Skalbeck (2001) Table A-2, p.191-199","Model-derived point along a 2.75-D gravity/aeromagnetic forward-model profile (Chapter 3); depth_to_bedrock_m is as-reported in the source table, not independently re-derived (does not always equal the sum of the three thickness columns for reasons not further investigated). Coordinate reprojected from UTM Zone 11N (NAD83 assumed; ~200 m uncertainty if source datum is actually NAD27)."
255203,4363483,6,366,0,787,-119.842309831994,39.3861398814958,NA,"Skalbeck (2001) Table A-2, p.191-199","Model-derived point along a 2.75-D gravity/aeromagnetic forward-model profile (Chapter 3); depth_to_bedrock_m is as-reported in the source table, not independently re-derived (does not always equal the sum of the three thickness columns for reasons not further investigated). Coordinate reprojected from UTM Zone 11N (NAD83 assumed; ~200 m uncertainty if source datum is actually NAD27)."
254797,4363924,66,154,0,1000,-119.847179815226,39.3899935006577,NA,"Skalbeck (2001) Table A-2, p.191-199","Model-derived point along a 2.75-D gravity/aeromagnetic forward-model profile (Chapter 3); depth_to_bedrock_m is as-reported in the source table, not independently re-derived (does not always equal the sum of the three thickness columns for reasons not further investigated). Coordinate reprojected from UTM Zone 11N (NAD83 assumed; ~200 m uncertainty if source datum is actually NAD27)."
254390,4364365,76,111,0,1171,-119.852061934195,39.3938466093567,NA,"Skalbeck (2001) Table A-2, p.191-199","Model-derived point along a 2.75-D gravity/aeromagnetic forward-model profile (Chapter 3); depth_to_bedrock_m is as-reported in the source table, not independently re-derived (does not always equal the sum of the three thickness columns for reasons not further investigated). Coordinate reprojected from UTM Zone 11N (NAD83 assumed; ~200 m uncertainty if source datum is actually NAD27)."
253983,4364807,89,237,0,300,-119.856944958902,39.3977084905506,NA,"Skalbeck (2001) Table A-2, p.191-199","Model-derived point along a 2.75-D gravity/aeromagnetic forward-model profile (Chapter 3); depth_to_bedrock_m is as-reported in the source table, not independently re-derived (does not always equal the sum of the three thickness columns for reasons not further investigated). Coordinate reprojected from UTM Zone 11N (NAD83 assumed; ~200 m uncertainty if source datum is actually NAD27)."
253577,4365248,44,418,0,527,-119.861816555464,39.4015614306493,NA,"Skalbeck (2001) Table A-2, p.191-199","Model-derived point along a 2.75-D gravity/aeromagnetic forward-model profile (Chapter 3); depth_to_bedrock_m is as-reported in the source table, not independently re-derived (does not always equal the sum of the three thickness columns for reasons not further investigated). Coordinate reprojected from UTM Zone 11N (NAD83 assumed; ~200 m uncertainty if source datum is actually NAD27)."
257754,4360694,41,562,0,181,-119.811716254464,39.3617586856108,NA,"Skalbeck (2001) Table A-2, p.191-199","Model-derived point along a 2.75-D gravity/aeromagnetic forward-model profile (Chapter 3); depth_to_bedrock_m is as-reported in the source table, not independently re-derived (does not always equal the sum of the three thickness columns for reasons not further investigated). Coordinate reprojected from UTM Zone 11N (NAD83 assumed; ~200 m uncertainty if source datum is actually NAD27)."
257830,4360606,90,654,0,2014,-119.810803358264,39.3609879938199,NA,"Skalbeck (2001) Table A-2, p.191-199","Model-derived point along a 2.75-D gravity/aeromagnetic forward-model profile (Chapter 3); depth_to_bedrock_m is as-reported in the source table, not independently re-derived (does not always equal the sum of the three thickness columns for reasons not further investigated). Coordinate reprojected from UTM Zone 11N (NAD83 assumed; ~200 m uncertainty if source datum is actually NAD27)."
262161,4357708,99,759,620,267,-119.759562833564,39.336107909975,NA,"Skalbeck (2001) Table A-2, p.191-199","Model-derived point along a 2.75-D gravity/aeromagnetic forward-model profile (Chapter 3); depth_to_bedrock_m is as-reported in the source table, not independently re-derived (does not always equal the sum of the three thickness columns for reasons not further investigated). Coordinate reprojected from UTM Zone 11N (NAD83 assumed; ~200 m uncertainty if source datum is actually NAD27)."
261551,4358370,0,190,0,412,-119.76686779208,39.3418981526297,NA,"Skalbeck (2001) Table A-2, p.191-199","Model-derived point along a 2.75-D gravity/aeromagnetic forward-model profile (Chapter 3); depth_to_bedrock_m is as-reported in the source table, not independently re-derived (does not always equal the sum of the three thickness columns for reasons not further investigated). Coordinate reprojected from UTM Zone 11N (NAD83 assumed; ~200 m uncertainty if source datum is actually NAD27)."
261145,4358811,0,206,609,562,-119.771730589393,39.3457552167815,NA,"Skalbeck (2001) Table A-2, p.191-199","Model-derived point along a 2.75-D gravity/aeromagnetic forward-model profile (Chapter 3); depth_to_bedrock_m is as-reported in the source table, not independently re-derived (does not always equal the sum of the three thickness columns for reasons not further investigated). Coordinate reprojected from UTM Zone 11N (NAD83 assumed; ~200 m uncertainty if source datum is actually NAD27)."
260738,4359252,0,281,859,868,-119.776605514708,39.3496117794142,NA,"Skalbeck (2001) Table A-2, p.191-199","Model-derived point along a 2.75-D gravity/aeromagnetic forward-model profile (Chapter 3); depth_to_bedrock_m is as-reported in the source table, not independently re-derived (does not always equal the sum of the three thickness columns for reasons not further investigated). Coordinate reprojected from UTM Zone 11N (NAD83 assumed; ~200 m uncertainty if source datum is actually NAD27)."
260332,4359693,27,323,836,811,-119.781469384485,39.353468393467,NA,"Skalbeck (2001) Table A-2, p.191-199","Model-derived point along a 2.75-D gravity/aeromagnetic forward-model profile (Chapter 3); depth_to_bedrock_m is as-reported in the source table, not independently re-derived (does not always equal the sum of the three thickness columns for reasons not further investigated). Coordinate reprojected from UTM Zone 11N (NAD83 assumed; ~200 m uncertainty if source datum is actually NAD27)."
259925,4360135,47,317,1129,597,-119.786345741464,39.3573335049453,NA,"Skalbeck (2001) Table A-2, p.191-199","Model-derived point along a 2.75-D gravity/aeromagnetic forward-model profile (Chapter 3); depth_to_bedrock_m is as-reported in the source table, not independently re-derived (does not always equal the sum of the three thickness columns for reasons not further investigated). Coordinate reprojected from UTM Zone 11N (NAD83 assumed; ~200 m uncertainty if source datum is actually NAD27)."
259518,4360576,43,322,1385,387,-119.791222278673,39.3611893902385,NA,"Skalbeck (2001) Table A-2, p.191-199","Model-derived point along a 2.75-D gravity/aeromagnetic forward-model profile (Chapter 3); depth_to_bedrock_m is as-reported in the source table, not independently re-derived (does not always equal the sum of the three thickness columns for reasons not further investigated). Coordinate reprojected from UTM Zone 11N (NAD83 assumed; ~200 m uncertainty if source datum is actually NAD27)."
258502,4361679,17,382,0,81,-119.803398760419,39.3708330334285,NA,"Skalbeck (2001) Table A-2, p.191-199","Model-derived point along a 2.75-D gravity/aeromagnetic forward-model profile (Chapter 3); depth_to_bedrock_m is as-reported in the source table, not independently re-derived (does not always equal the sum of the three thickness columns for reasons not further investigated). Coordinate reprojected from UTM Zone 11N (NAD83 assumed; ~200 m uncertainty if source datum is actually NAD27)."
258095,4362120,0,363,0,503,-119.808277178689,39.3746881277518,NA,"Skalbeck (2001) Table A-2, p.191-199","Model-derived point along a 2.75-D gravity/aeromagnetic forward-model profile (Chapter 3); depth_to_bedrock_m is as-reported in the source table, not independently re-derived (does not always equal the sum of the three thickness columns for reasons not further investigated). Coordinate reprojected from UTM Zone 11N (NAD83 assumed; ~200 m uncertainty if source datum is actually NAD27)."
257689,4362561,0,218,0,502,-119.813144538252,39.3785432762618,NA,"Skalbeck (2001) Table A-2, p.191-199","Model-derived point along a 2.75-D gravity/aeromagnetic forward-model profile (Chapter 3); depth_to_bedrock_m is as-reported in the source table, not independently re-derived (does not always equal the sum of the three thickness columns for reasons not further investigated). Coordinate reprojected from UTM Zone 11N (NAD83 assumed; ~200 m uncertainty if source datum is actually NAD27)."
257282,4363002,0,137,0,635,-119.818024031699,39.3823979182334,NA,"Skalbeck (2001) Table A-2, p.191-199","Model-derived point along a 2.75-D gravity/aeromagnetic forward-model profile (Chapter 3); depth_to_bedrock_m is as-reported in the source table, not independently re-derived (does not always equal the sum of the three thickness columns for reasons not further investigated). Coordinate reprojected from UTM Zone 11N (NAD83 assumed; ~200 m uncertainty if source datum is actually NAD27)."
256875,4363444,0,22,0,903,-119.822904426062,39.3862613334484,NA,"Skalbeck (2001) Table A-2, p.191-199","Model-derived point along a 2.75-D gravity/aeromagnetic forward-model profile (Chapter 3); depth_to_bedrock_m is as-reported in the source table, not independently re-derived (does not always equal the sum of the three thickness columns for reasons not further investigated). Coordinate reprojected from UTM Zone 11N (NAD83 assumed; ~200 m uncertainty if source datum is actually NAD27)."
256469,4363885,0,81,0,945,-119.827773398054,39.3901158042875,NA,"Skalbeck (2001) Table A-2, p.191-199","Model-derived point along a 2.75-D gravity/aeromagnetic forward-model profile (Chapter 3); depth_to_bedrock_m is as-reported in the source table, not independently re-derived (does not always equal the sum of the three thickness columns for reasons not further investigated). Coordinate reprojected from UTM Zone 11N (NAD83 assumed; ~200 m uncertainty if source datum is actually NAD27)."
256062,4364326,7,886,0,947,-119.832654506005,39.3939697668138,NA,"Skalbeck (2001) Table A-2, p.191-199","Model-derived point along a 2.75-D gravity/aeromagnetic forward-model profile (Chapter 3); depth_to_bedrock_m is as-reported in the source table, not independently re-derived (does not always equal the sum of the three thickness columns for reasons not further investigated). Coordinate reprojected from UTM Zone 11N (NAD83 assumed; ~200 m uncertainty if source datum is actually NAD27)."
255655,4364767,21,482,0,854,-119.837536152299,39.3978235025379,NA,"Skalbeck (2001) Table A-2, p.191-199","Model-derived point along a 2.75-D gravity/aeromagnetic forward-model profile (Chapter 3); depth_to_bedrock_m is as-reported in the source table, not independently re-derived (does not always equal the sum of the three thickness columns for reasons not further investigated). Coordinate reprojected from UTM Zone 11N (NAD83 assumed; ~200 m uncertainty if source datum is actually NAD27)."
255249,4365208,17,443,0,1151,-119.842406736964,39.4016772950074,NA,"Skalbeck (2001) Table A-2, p.191-199","Model-derived point along a 2.75-D gravity/aeromagnetic forward-model profile (Chapter 3); depth_to_bedrock_m is as-reported in the source table, not independently re-derived (does not always equal the sum of the three thickness columns for reasons not further investigated). Coordinate reprojected from UTM Zone 11N (NAD83 assumed; ~200 m uncertainty if source datum is actually NAD27)."
254842,4365650,14,488,0,1080,-119.847289825926,39.4055395769663,NA,"Skalbeck (2001) Table A-2, p.191-199","Model-derived point along a 2.75-D gravity/aeromagnetic forward-model profile (Chapter 3); depth_to_bedrock_m is as-reported in the source table, not independently re-derived (does not always equal the sum of the three thickness columns for reasons not further investigated). Coordinate reprojected from UTM Zone 11N (NAD83 assumed; ~200 m uncertainty if source datum is actually NAD27)."
254436,4366091,36,520,0,994,-119.852161486698,39.4093929169022,NA,"Skalbeck (2001) Table A-2, p.191-199","Model-derived point along a 2.75-D gravity/aeromagnetic forward-model profile (Chapter 3); depth_to_bedrock_m is as-reported in the source table, not independently re-derived (does not always equal the sum of the three thickness columns for reasons not further investigated). Coordinate reprojected from UTM Zone 11N (NAD83 assumed; ~200 m uncertainty if source datum is actually NAD27)."
254029,4366532,70,565,0,587,-119.857045286888,39.413245745566,NA,"Skalbeck (2001) Table A-2, p.191-199","Model-derived point along a 2.75-D gravity/aeromagnetic forward-model profile (Chapter 3); depth_to_bedrock_m is as-reported in the source table, not independently re-derived (does not always equal the sum of the three thickness columns for reasons not further investigated). Coordinate reprojected from UTM Zone 11N (NAD83 assumed; ~200 m uncertainty if source datum is actually NAD27)."
255681,4364733,107,667,0,386,-119.837222160121,39.3975248745723,NA,"Skalbeck (2001) Table A-2, p.191-199","Model-derived point along a 2.75-D gravity/aeromagnetic forward-model profile (Chapter 3); depth_to_bedrock_m is as-reported in the source table, not independently re-derived (does not always equal the sum of the three thickness columns for reasons not further investigated). Coordinate reprojected from UTM Zone 11N (NAD83 assumed; ~200 m uncertainty if source datum is actually NAD27)."
258275,4361902,148,755,0,599,-119.806111301536,39.3727765328314,NA,"Skalbeck (2001) Table A-2, p.191-199","Model-derived point along a 2.75-D gravity/aeromagnetic forward-model profile (Chapter 3); depth_to_bedrock_m is as-reported in the source table, not independently re-derived (does not always equal the sum of the three thickness columns for reasons not further investigated). Coordinate reprojected from UTM Zone 11N (NAD83 assumed; ~200 m uncertainty if source datum is actually NAD27)."
258522,4361644,189,816,0,173,-119.803154248141,39.3705236252629,NA,"Skalbeck (2001) Table A-2, p.191-199","Model-derived point along a 2.75-D gravity/aeromagnetic forward-model profile (Chapter 3); depth_to_bedrock_m is as-reported in the source table, not independently re-derived (does not always equal the sum of the three thickness columns for reasons not further investigated). Coordinate reprojected from UTM Zone 11N (NAD83 assumed; ~200 m uncertainty if source datum is actually NAD27)."
260242,4359794,158,761,1350,0,-119.78254881292,39.3543524503857,NA,"Skalbeck (2001) Table A-2, p.191-199","Model-derived point along a 2.75-D gravity/aeromagnetic forward-model profile (Chapter 3); depth_to_bedrock_m is as-reported in the source table, not independently re-derived (does not always equal the sum of the three thickness columns for reasons not further investigated). Coordinate reprojected from UTM Zone 11N (NAD83 assumed; ~200 m uncertainty if source datum is actually NAD27)."
261095,4358882,0,320,651,683,-119.772335432602,39.3463804201852,NA,"Skalbeck (2001) Table A-2, p.191-199","Model-derived point along a 2.75-D gravity/aeromagnetic forward-model profile (Chapter 3); depth_to_bedrock_m is as-reported in the source table, not independently re-derived (does not always equal the sum of the three thickness columns for reasons not further investigated). Coordinate reprojected from UTM Zone 11N (NAD83 assumed; ~200 m uncertainty if source datum is actually NAD27)."
261405,4358547,0,175,243,418,-119.768622964658,39.3434509308935,NA,"Skalbeck (2001) Table A-2, p.191-199","Model-derived point along a 2.75-D gravity/aeromagnetic forward-model profile (Chapter 3); depth_to_bedrock_m is as-reported in the source table, not independently re-derived (does not always equal the sum of the three thickness columns for reasons not further investigated). Coordinate reprojected from UTM Zone 11N (NAD83 assumed; ~200 m uncertainty if source datum is actually NAD27)."
256206,4365971,201,191,0,392,-119.831583293372,39.4088149720705,NA,"Skalbeck (2001) Table A-2, p.191-199","Model-derived point along a 2.75-D gravity/aeromagnetic forward-model profile (Chapter 3); depth_to_bedrock_m is as-reported in the source table, not independently re-derived (does not always equal the sum of the three thickness columns for reasons not further investigated). Coordinate reprojected from UTM Zone 11N (NAD83 assumed; ~200 m uncertainty if source datum is actually NAD27)."
256408,4365749,225,165,0,390,-119.829159013231,39.4068740955474,NA,"Skalbeck (2001) Table A-2, p.191-199","Model-derived point along a 2.75-D gravity/aeromagnetic forward-model profile (Chapter 3); depth_to_bedrock_m is as-reported in the source table, not independently re-derived (does not always equal the sum of the three thickness columns for reasons not further investigated). Coordinate reprojected from UTM Zone 11N (NAD83 assumed; ~200 m uncertainty if source datum is actually NAD27)."
256610,4365528,273,160,0,433,-119.8267352315,39.4049421627454,NA,"Skalbeck (2001) Table A-2, p.191-199","Model-derived point along a 2.75-D gravity/aeromagnetic forward-model profile (Chapter 3); depth_to_bedrock_m is as-reported in the source table, not independently re-derived (does not always equal the sum of the three thickness columns for reasons not further investigated). Coordinate reprojected from UTM Zone 11N (NAD83 assumed; ~200 m uncertainty if source datum is actually NAD27)."
256812,4365306,362,259,0,621,-119.824311220604,39.403001174219,NA,"Skalbeck (2001) Table A-2, p.191-199","Model-derived point along a 2.75-D gravity/aeromagnetic forward-model profile (Chapter 3); depth_to_bedrock_m is as-reported in the source table, not independently re-derived (does not always equal the sum of the three thickness columns for reasons not further investigated). Coordinate reprojected from UTM Zone 11N (NAD83 assumed; ~200 m uncertainty if source datum is actually NAD27)."
257014,4365084,256,143,0,399,-119.821887344479,39.4010601296954,NA,"Skalbeck (2001) Table A-2, p.191-199","Model-derived point along a 2.75-D gravity/aeromagnetic forward-model profile (Chapter 3); depth_to_bedrock_m is as-reported in the source table, not independently re-derived (does not always equal the sum of the three thickness columns for reasons not further investigated). Coordinate reprojected from UTM Zone 11N (NAD83 assumed; ~200 m uncertainty if source datum is actually NAD27)."
257216,4364862,224,114,0,338,-119.819463603112,39.3991190291849,NA,"Skalbeck (2001) Table A-2, p.191-199","Model-derived point along a 2.75-D gravity/aeromagnetic forward-model profile (Chapter 3); depth_to_bedrock_m is as-reported in the source table, not independently re-derived (does not always equal the sum of the three thickness columns for reasons not further investigated). Coordinate reprojected from UTM Zone 11N (NAD83 assumed; ~200 m uncertainty if source datum is actually NAD27)."
257418,4364641,225,106,0,331,-119.817040358757,39.3971868725239,NA,"Skalbeck (2001) Table A-2, p.191-199","Model-derived point along a 2.75-D gravity/aeromagnetic forward-model profile (Chapter 3); depth_to_bedrock_m is as-reported in the source table, not independently re-derived (does not always equal the sum of the three thickness columns for reasons not further investigated). Coordinate reprojected from UTM Zone 11N (NAD83 assumed; ~200 m uncertainty if source datum is actually NAD27)."
257620,4364419,126,70,0,196,-119.814616886531,39.3952456600921,NA,"Skalbeck (2001) Table A-2, p.191-199","Model-derived point along a 2.75-D gravity/aeromagnetic forward-model profile (Chapter 3); depth_to_bedrock_m is as-reported in the source table, not independently re-derived (does not always equal the sum of the three thickness columns for reasons not further investigated). Coordinate reprojected from UTM Zone 11N (NAD83 assumed; ~200 m uncertainty if source datum is actually NAD27)."
257822,4364197,128,120,0,248,-119.812193549024,39.3933043917043,NA,"Skalbeck (2001) Table A-2, p.191-199","Model-derived point along a 2.75-D gravity/aeromagnetic forward-model profile (Chapter 3); depth_to_bedrock_m is as-reported in the source table, not independently re-derived (does not always equal the sum of the three thickness columns for reasons not further investigated). Coordinate reprojected from UTM Zone 11N (NAD83 assumed; ~200 m uncertainty if source datum is actually NAD27)."
258024,4363975,128,145,0,273,-119.809770346224,39.3913630673706,NA,"Skalbeck (2001) Table A-2, p.191-199","Model-derived point along a 2.75-D gravity/aeromagnetic forward-model profile (Chapter 3); depth_to_bedrock_m is as-reported in the source table, not independently re-derived (does not always equal the sum of the three thickness columns for reasons not further investigated). Coordinate reprojected from UTM Zone 11N (NAD83 assumed; ~200 m uncertainty if source datum is actually NAD27)."
258226,4363754,82,178,0,260,-119.807347639038,39.3894306870144,NA,"Skalbeck (2001) Table A-2, p.191-199","Model-derived point along a 2.75-D gravity/aeromagnetic forward-model profile (Chapter 3); depth_to_bedrock_m is as-reported in the source table, not independently re-derived (does not always equal the sum of the three thickness columns for reasons not further investigated). Coordinate reprojected from UTM Zone 11N (NAD83 assumed; ~200 m uncertainty if source datum is actually NAD27)."
258429,4363532,0,402,0,402,-119.804913107173,39.3874895306498,NA,"Skalbeck (2001) Table A-2, p.191-199","Model-derived point along a 2.75-D gravity/aeromagnetic forward-model profile (Chapter 3); depth_to_bedrock_m is as-reported in the source table, not independently re-derived (does not always equal the sum of the three thickness columns for reasons not further investigated). Coordinate reprojected from UTM Zone 11N (NAD83 assumed; ~200 m uncertainty if source datum is actually NAD27)."
258631,4363310,0,425,0,425,-119.802490308373,39.385548038309,NA,"Skalbeck (2001) Table A-2, p.191-199","Model-derived point along a 2.75-D gravity/aeromagnetic forward-model profile (Chapter 3); depth_to_bedrock_m is as-reported in the source table, not independently re-derived (does not always equal the sum of the three thickness columns for reasons not further investigated). Coordinate reprojected from UTM Zone 11N (NAD83 assumed; ~200 m uncertainty if source datum is actually NAD27)."
258833,4363088,0,474,0,474,-119.800067644227,39.3836064900634,NA,"Skalbeck (2001) Table A-2, p.191-199","Model-derived point along a 2.75-D gravity/aeromagnetic forward-model profile (Chapter 3); depth_to_bedrock_m is as-reported in the source table, not independently re-derived (does not always equal the sum of the three thickness columns for reasons not further investigated). Coordinate reprojected from UTM Zone 11N (NAD83 assumed; ~200 m uncertainty if source datum is actually NAD27)."
259035,4362867,0,366,0,366,-119.797645474298,39.3816738859232,NA,"Skalbeck (2001) Table A-2, p.191-199","Model-derived point along a 2.75-D gravity/aeromagnetic forward-model profile (Chapter 3); depth_to_bedrock_m is as-reported in the source table, not independently re-derived (does not always equal the sum of the three thickness columns for reasons not further investigated). Coordinate reprojected from UTM Zone 11N (NAD83 assumed; ~200 m uncertainty if source datum is actually NAD27)."
259237,4362645,0,408,0,408,-119.795223079084,39.3797322259205,NA,"Skalbeck (2001) Table A-2, p.191-199","Model-derived point along a 2.75-D gravity/aeromagnetic forward-model profile (Chapter 3); depth_to_bedrock_m is as-reported in the source table, not independently re-derived (does not always equal the sum of the three thickness columns for reasons not further investigated). Coordinate reprojected from UTM Zone 11N (NAD83 assumed; ~200 m uncertainty if source datum is actually NAD27)."
259439,4362423,0,527,0,527,-119.792800818485,39.3777905100438,NA,"Skalbeck (2001) Table A-2, p.191-199","Model-derived point along a 2.75-D gravity/aeromagnetic forward-model profile (Chapter 3); depth_to_bedrock_m is as-reported in the source table, not independently re-derived (does not always equal the sum of the three thickness columns for reasons not further investigated). Coordinate reprojected from UTM Zone 11N (NAD83 assumed; ~200 m uncertainty if source datum is actually NAD27)."
259641,4362201,0,846,0,846,-119.790378692487,39.3758487383035,NA,"Skalbeck (2001) Table A-2, p.191-199","Model-derived point along a 2.75-D gravity/aeromagnetic forward-model profile (Chapter 3); depth_to_bedrock_m is as-reported in the source table, not independently re-derived (does not always equal the sum of the three thickness columns for reasons not further investigated). Coordinate reprojected from UTM Zone 11N (NAD83 assumed; ~200 m uncertainty if source datum is actually NAD27)."
259843,4361980,0,859,0,859,-119.787957059312,39.373915910796,NA,"Skalbeck (2001) Table A-2, p.191-199","Model-derived point along a 2.75-D gravity/aeromagnetic forward-model profile (Chapter 3); depth_to_bedrock_m is as-reported in the source table, not independently re-derived (does not always equal the sum of the three thickness columns for reasons not further investigated). Coordinate reprojected from UTM Zone 11N (NAD83 assumed; ~200 m uncertainty if source datum is actually NAD27)."
260045,4361758,0,803,0,803,-119.785535202143,39.3719740273806,NA,"Skalbeck (2001) Table A-2, p.191-199","Model-derived point along a 2.75-D gravity/aeromagnetic forward-model profile (Chapter 3); depth_to_bedrock_m is as-reported in the source table, not independently re-derived (does not always equal the sum of the three thickness columns for reasons not further investigated). Coordinate reprojected from UTM Zone 11N (NAD83 assumed; ~200 m uncertainty if source datum is actually NAD27)."
260247,4361536,0,483,303,409,-119.783113479536,39.3700320881323,NA,"Skalbeck (2001) Table A-2, p.191-199","Model-derived point along a 2.75-D gravity/aeromagnetic forward-model profile (Chapter 3); depth_to_bedrock_m is as-reported in the source table, not independently re-derived (does not always equal the sum of the three thickness columns for reasons not further investigated). Coordinate reprojected from UTM Zone 11N (NAD83 assumed; ~200 m uncertainty if source datum is actually NAD27)."
260449,4361314,0,217,784,317,-119.780691891478,39.3680900930613,NA,"Skalbeck (2001) Table A-2, p.191-199","Model-derived point along a 2.75-D gravity/aeromagnetic forward-model profile (Chapter 3); depth_to_bedrock_m is as-reported in the source table, not independently re-derived (does not always equal the sum of the three thickness columns for reasons not further investigated). Coordinate reprojected from UTM Zone 11N (NAD83 assumed; ~200 m uncertainty if source datum is actually NAD27)."
260651,4361092,0,107,940,326,-119.778270437957,39.3661480421779,NA,"Skalbeck (2001) Table A-2, p.191-199","Model-derived point along a 2.75-D gravity/aeromagnetic forward-model profile (Chapter 3); depth_to_bedrock_m is as-reported in the source table, not independently re-derived (does not always equal the sum of the three thickness columns for reasons not further investigated). Coordinate reprojected from UTM Zone 11N (NAD83 assumed; ~200 m uncertainty if source datum is actually NAD27)."
260853,4360871,0,78,824,337,-119.775849475515,39.3642149356864,NA,"Skalbeck (2001) Table A-2, p.191-199","Model-derived point along a 2.75-D gravity/aeromagnetic forward-model profile (Chapter 3); depth_to_bedrock_m is as-reported in the source table, not independently re-derived (does not always equal the sum of the three thickness columns for reasons not further investigated). Coordinate reprojected from UTM Zone 11N (NAD83 assumed; ~200 m uncertainty if source datum is actually NAD27)."
261055,4360649,35,215,444,363,-119.773428290692,39.3622727732304,NA,"Skalbeck (2001) Table A-2, p.191-199","Model-derived point along a 2.75-D gravity/aeromagnetic forward-model profile (Chapter 3); depth_to_bedrock_m is as-reported in the source table, not independently re-derived (does not always equal the sum of the three thickness columns for reasons not further investigated). Coordinate reprojected from UTM Zone 11N (NAD83 assumed; ~200 m uncertainty if source datum is actually NAD27)."
261257,4360427,40,218,291,427,-119.771007240366,39.3603305549928,NA,"Skalbeck (2001) Table A-2, p.191-199","Model-derived point along a 2.75-D gravity/aeromagnetic forward-model profile (Chapter 3); depth_to_bedrock_m is as-reported in the source table, not independently re-derived (does not always equal the sum of the three thickness columns for reasons not further investigated). Coordinate reprojected from UTM Zone 11N (NAD83 assumed; ~200 m uncertainty if source datum is actually NAD27)."
261459,4360205,16,193,261,400,-119.768586324524,39.3583882809838,NA,"Skalbeck (2001) Table A-2, p.191-199","Model-derived point along a 2.75-D gravity/aeromagnetic forward-model profile (Chapter 3); depth_to_bedrock_m is as-reported in the source table, not independently re-derived (does not always equal the sum of the three thickness columns for reasons not further investigated). Coordinate reprojected from UTM Zone 11N (NAD83 assumed; ~200 m uncertainty if source datum is actually NAD27)."
261661,4359984,9,239,183,347,-119.766165898368,39.3564549514936,NA,"Skalbeck (2001) Table A-2, p.191-199","Model-derived point along a 2.75-D gravity/aeromagnetic forward-model profile (Chapter 3); depth_to_bedrock_m is as-reported in the source table, not independently re-derived (does not always equal the sum of the three thickness columns for reasons not further investigated). Coordinate reprojected from UTM Zone 11N (NAD83 assumed; ~200 m uncertainty if source datum is actually NAD27)."
258309,4363728,0,280,0,280,-119.806375590743,39.3892199302333,NA,"Skalbeck (2001) Table A-2, p.191-199","Model-derived point along a 2.75-D gravity/aeromagnetic forward-model profile (Chapter 3); depth_to_bedrock_m is as-reported in the source table, not independently re-derived (does not always equal the sum of the three thickness columns for reasons not further investigated). Coordinate reprojected from UTM Zone 11N (NAD83 assumed; ~200 m uncertainty if source datum is actually NAD27)."
260248,4361610,0,245,812,653,-119.783128344063,39.3706983752055,NA,"Skalbeck (2001) Table A-2, p.191-199","Model-derived point along a 2.75-D gravity/aeromagnetic forward-model profile (Chapter 3); depth_to_bedrock_m is as-reported in the source table, not independently re-derived (does not always equal the sum of the three thickness columns for reasons not further investigated). Coordinate reprojected from UTM Zone 11N (NAD83 assumed; ~200 m uncertainty if source datum is actually NAD27)."
256850,4367044,52,225,0,277,-119.824501924688,39.4186534477172,NA,"Skalbeck (2001) Table A-2, p.191-199","Model-derived point along a 2.75-D gravity/aeromagnetic forward-model profile (Chapter 3); depth_to_bedrock_m is as-reported in the source table, not independently re-derived (does not always equal the sum of the three thickness columns for reasons not further investigated). Coordinate reprojected from UTM Zone 11N (NAD83 assumed; ~200 m uncertainty if source datum is actually NAD27)."
257053,4366822,74,179,0,253,-119.822065871947,39.4167127132039,NA,"Skalbeck (2001) Table A-2, p.191-199","Model-derived point along a 2.75-D gravity/aeromagnetic forward-model profile (Chapter 3); depth_to_bedrock_m is as-reported in the source table, not independently re-derived (does not always equal the sum of the three thickness columns for reasons not further investigated). Coordinate reprojected from UTM Zone 11N (NAD83 assumed; ~200 m uncertainty if source datum is actually NAD27)."
257256,4366601,102,245,0,347,-119.81963031749,39.4147809219461,NA,"Skalbeck (2001) Table A-2, p.191-199","Model-derived point along a 2.75-D gravity/aeromagnetic forward-model profile (Chapter 3); depth_to_bedrock_m is as-reported in the source table, not independently re-derived (does not always equal the sum of the three thickness columns for reasons not further investigated). Coordinate reprojected from UTM Zone 11N (NAD83 assumed; ~200 m uncertainty if source datum is actually NAD27)."
257458,4366380,110,231,0,341,-119.817206499981,39.4128487930364,NA,"Skalbeck (2001) Table A-2, p.191-199","Model-derived point along a 2.75-D gravity/aeromagnetic forward-model profile (Chapter 3); depth_to_bedrock_m is as-reported in the source table, not independently re-derived (does not always equal the sum of the three thickness columns for reasons not further investigated). Coordinate reprojected from UTM Zone 11N (NAD83 assumed; ~200 m uncertainty if source datum is actually NAD27)."
257661,4366159,147,263,0,410,-119.814771214753,39.4109168891051,NA,"Skalbeck (2001) Table A-2, p.191-199","Model-derived point along a 2.75-D gravity/aeromagnetic forward-model profile (Chapter 3); depth_to_bedrock_m is as-reported in the source table, not independently re-derived (does not always equal the sum of the three thickness columns for reasons not further investigated). Coordinate reprojected from UTM Zone 11N (NAD83 assumed; ~200 m uncertainty if source datum is actually NAD27)."
257864,4365938,166,264,0,430,-119.812336064268,39.4089849287253,NA,"Skalbeck (2001) Table A-2, p.191-199","Model-derived point along a 2.75-D gravity/aeromagnetic forward-model profile (Chapter 3); depth_to_bedrock_m is as-reported in the source table, not independently re-derived (does not always equal the sum of the three thickness columns for reasons not further investigated). Coordinate reprojected from UTM Zone 11N (NAD83 assumed; ~200 m uncertainty if source datum is actually NAD27)."
258066,4365716,172,239,0,411,-119.809912288326,39.4070436316202,NA,"Skalbeck (2001) Table A-2, p.191-199","Model-derived point along a 2.75-D gravity/aeromagnetic forward-model profile (Chapter 3); depth_to_bedrock_m is as-reported in the source table, not independently re-derived (does not always equal the sum of the three thickness columns for reasons not further investigated). Coordinate reprojected from UTM Zone 11N (NAD83 assumed; ~200 m uncertainty if source datum is actually NAD27)."
258269,4365495,185,270,0,455,-119.80747740733,39.4051115586069,NA,"Skalbeck (2001) Table A-2, p.191-199","Model-derived point along a 2.75-D gravity/aeromagnetic forward-model profile (Chapter 3); depth_to_bedrock_m is as-reported in the source table, not independently re-derived (does not always equal the sum of the three thickness columns for reasons not further investigated). Coordinate reprojected from UTM Zone 11N (NAD83 assumed; ~200 m uncertainty if source datum is actually NAD27)."
258472,4365274,193,370,0,563,-119.805042661038,39.4031794291759,NA,"Skalbeck (2001) Table A-2, p.191-199","Model-derived point along a 2.75-D gravity/aeromagnetic forward-model profile (Chapter 3); depth_to_bedrock_m is as-reported in the source table, not independently re-derived (does not always equal the sum of the three thickness columns for reasons not further investigated). Coordinate reprojected from UTM Zone 11N (NAD83 assumed; ~200 m uncertainty if source datum is actually NAD27)."
258674,4365053,138,293,0,431,-119.802619649839,39.4012469636782,NA,"Skalbeck (2001) Table A-2, p.191-199","Model-derived point along a 2.75-D gravity/aeromagnetic forward-model profile (Chapter 3); depth_to_bedrock_m is as-reported in the source table, not independently re-derived (does not always equal the sum of the three thickness columns for reasons not further investigated). Coordinate reprojected from UTM Zone 11N (NAD83 assumed; ~200 m uncertainty if source datum is actually NAD27)."
258877,4364832,85,205,0,290,-119.800185172621,39.3993147216972,NA,"Skalbeck (2001) Table A-2, p.191-199","Model-derived point along a 2.75-D gravity/aeromagnetic forward-model profile (Chapter 3); depth_to_bedrock_m is as-reported in the source table, not independently re-derived (does not always equal the sum of the three thickness columns for reasons not further investigated). Coordinate reprojected from UTM Zone 11N (NAD83 assumed; ~200 m uncertainty if source datum is actually NAD27)."
259080,4364610,26,149,0,175,-119.797750470278,39.397373423355,NA,"Skalbeck (2001) Table A-2, p.191-199","Model-derived point along a 2.75-D gravity/aeromagnetic forward-model profile (Chapter 3); depth_to_bedrock_m is as-reported in the source table, not independently re-derived (does not always equal the sum of the three thickness columns for reasons not further investigated). Coordinate reprojected from UTM Zone 11N (NAD83 assumed; ~200 m uncertainty if source datum is actually NAD27)."
259282,4364389,32,165,0,197,-119.795327862228,39.395440789691,NA,"Skalbeck (2001) Table A-2, p.191-199","Model-derived point along a 2.75-D gravity/aeromagnetic forward-model profile (Chapter 3); depth_to_bedrock_m is as-reported in the source table, not independently re-derived (does not always equal the sum of the three thickness columns for reasons not further investigated). Coordinate reprojected from UTM Zone 11N (NAD83 assumed; ~200 m uncertainty if source datum is actually NAD27)."
259485,4364168,43,147,0,190,-119.792893789009,39.3935083788135,NA,"Skalbeck (2001) Table A-2, p.191-199","Model-derived point along a 2.75-D gravity/aeromagnetic forward-model profile (Chapter 3); depth_to_bedrock_m is as-reported in the source table, not independently re-derived (does not always equal the sum of the three thickness columns for reasons not further investigated). Coordinate reprojected from UTM Zone 11N (NAD83 assumed; ~200 m uncertainty if source datum is actually NAD27)."
259688,4363947,52,127,0,179,-119.790459850417,39.3915759115803,NA,"Skalbeck (2001) Table A-2, p.191-199","Model-derived point along a 2.75-D gravity/aeromagnetic forward-model profile (Chapter 3); depth_to_bedrock_m is as-reported in the source table, not independently re-derived (does not always equal the sum of the three thickness columns for reasons not further investigated). Coordinate reprojected from UTM Zone 11N (NAD83 assumed; ~200 m uncertainty if source datum is actually NAD27)."
259890,4363726,46,98,0,144,-119.788037645064,39.3896431098641,NA,"Skalbeck (2001) Table A-2, p.191-199","Model-derived point along a 2.75-D gravity/aeromagnetic forward-model profile (Chapter 3); depth_to_bedrock_m is as-reported in the source table, not independently re-derived (does not always equal the sum of the three thickness columns for reasons not further investigated). Coordinate reprojected from UTM Zone 11N (NAD83 assumed; ~200 m uncertainty if source datum is actually NAD27)."
260093,4363505,52,65,0,117,-119.785603975391,39.3877105302045,NA,"Skalbeck (2001) Table A-2, p.191-199","Model-derived point along a 2.75-D gravity/aeromagnetic forward-model profile (Chapter 3); depth_to_bedrock_m is as-reported in the source table, not independently re-derived (does not always equal the sum of the three thickness columns for reasons not further investigated). Coordinate reprojected from UTM Zone 11N (NAD83 assumed; ~200 m uncertainty if source datum is actually NAD27)."
261512,4361956,0,17,1008,17,-119.768594536438,39.374162343385,NA,"Skalbeck (2001) Table A-2, p.191-199","Model-derived point along a 2.75-D gravity/aeromagnetic forward-model profile (Chapter 3); depth_to_bedrock_m is as-reported in the source table, not independently re-derived (does not always equal the sum of the three thickness columns for reasons not further investigated). Coordinate reprojected from UTM Zone 11N (NAD83 assumed; ~200 m uncertainty if source datum is actually NAD27)."
261917,4361514,0,50,1186,1236,-119.76374108009,39.3702959525298,NA,"Skalbeck (2001) Table A-2, p.191-199","Model-derived point along a 2.75-D gravity/aeromagnetic forward-model profile (Chapter 3); depth_to_bedrock_m is as-reported in the source table, not independently re-derived (does not always equal the sum of the three thickness columns for reasons not further investigated). Coordinate reprojected from UTM Zone 11N (NAD83 assumed; ~200 m uncertainty if source datum is actually NAD27)."
262931,4360408,9,90,1613,1712,-119.751592042403,39.3606204070667,NA,"Skalbeck (2001) Table A-2, p.191-199","Model-derived point along a 2.75-D gravity/aeromagnetic forward-model profile (Chapter 3); depth_to_bedrock_m is as-reported in the source table, not independently re-derived (does not always equal the sum of the three thickness columns for reasons not further investigated). Coordinate reprojected from UTM Zone 11N (NAD83 assumed; ~200 m uncertainty if source datum is actually NAD27)."
263133,4360187,13,305,0,1508,-119.749171983908,39.3586867104832,NA,"Skalbeck (2001) Table A-2, p.191-199","Model-derived point along a 2.75-D gravity/aeromagnetic forward-model profile (Chapter 3); depth_to_bedrock_m is as-reported in the source table, not independently re-derived (does not always equal the sum of the three thickness columns for reasons not further investigated). Coordinate reprojected from UTM Zone 11N (NAD83 assumed; ~200 m uncertainty if source datum is actually NAD27)."
263336,4359966,12,82,0,1435,-119.746740465626,39.356753232067,NA,"Skalbeck (2001) Table A-2, p.191-199","Model-derived point along a 2.75-D gravity/aeromagnetic forward-model profile (Chapter 3); depth_to_bedrock_m is as-reported in the source table, not independently re-derived (does not always equal the sum of the three thickness columns for reasons not further investigated). Coordinate reprojected from UTM Zone 11N (NAD83 assumed; ~200 m uncertainty if source datum is actually NAD27)."
263539,4359744,0,31,0,1469,-119.744308729336,39.354810697043,NA,"Skalbeck (2001) Table A-2, p.191-199","Model-derived point along a 2.75-D gravity/aeromagnetic forward-model profile (Chapter 3); depth_to_bedrock_m is as-reported in the source table, not independently re-derived (does not always equal the sum of the three thickness columns for reasons not further investigated). Coordinate reprojected from UTM Zone 11N (NAD83 assumed; ~200 m uncertainty if source datum is actually NAD27)."
263741,4359523,0,41,0,1822,-119.741889073137,39.3528768329706,NA,"Skalbeck (2001) Table A-2, p.191-199","Model-derived point along a 2.75-D gravity/aeromagnetic forward-model profile (Chapter 3); depth_to_bedrock_m is as-reported in the source table, not independently re-derived (does not always equal the sum of the three thickness columns for reasons not further investigated). Coordinate reprojected from UTM Zone 11N (NAD83 assumed; ~200 m uncertainty if source datum is actually NAD27)."
263934,4359339,0,10,0,2279,-119.739586899263,39.351273473663,NA,"Skalbeck (2001) Table A-2, p.191-199","Model-derived point along a 2.75-D gravity/aeromagnetic forward-model profile (Chapter 3); depth_to_bedrock_m is as-reported in the source table, not independently re-derived (does not always equal the sum of the three thickness columns for reasons not further investigated). Coordinate reprojected from UTM Zone 11N (NAD83 assumed; ~200 m uncertainty if source datum is actually NAD27)."
263495,4359870,0,53,1390,1443,-119.74486324465,39.3559327143292,NA,"Skalbeck (2001) Table A-2, p.191-199","Model-derived point along a 2.75-D gravity/aeromagnetic forward-model profile (Chapter 3); depth_to_bedrock_m is as-reported in the source table, not independently re-derived (does not always equal the sum of the three thickness columns for reasons not further investigated). Coordinate reprojected from UTM Zone 11N (NAD83 assumed; ~200 m uncertainty if source datum is actually NAD27)."
258560,4366992,119,297,0,416,-119.804641671215,39.4186658904781,NA,"Skalbeck (2001) Table A-2, p.191-199","Model-derived point along a 2.75-D gravity/aeromagnetic forward-model profile (Chapter 3); depth_to_bedrock_m is as-reported in the source table, not independently re-derived (does not always equal the sum of the three thickness columns for reasons not further investigated). Coordinate reprojected from UTM Zone 11N (NAD83 assumed; ~200 m uncertainty if source datum is actually NAD27)."
258764,4366772,168,313,0,481,-119.802195263,39.4167429992908,NA,"Skalbeck (2001) Table A-2, p.191-199","Model-derived point along a 2.75-D gravity/aeromagnetic forward-model profile (Chapter 3); depth_to_bedrock_m is as-reported in the source table, not independently re-derived (does not always equal the sum of the three thickness columns for reasons not further investigated). Coordinate reprojected from UTM Zone 11N (NAD83 assumed; ~200 m uncertainty if source datum is actually NAD27)."
258968,4366552,220,365,0,585,-119.799748989481,39.4148200512138,NA,"Skalbeck (2001) Table A-2, p.191-199","Model-derived point along a 2.75-D gravity/aeromagnetic forward-model profile (Chapter 3); depth_to_bedrock_m is as-reported in the source table, not independently re-derived (does not always equal the sum of the three thickness columns for reasons not further investigated). Coordinate reprojected from UTM Zone 11N (NAD83 assumed; ~200 m uncertainty if source datum is actually NAD27)."
259172,4366332,260,466,0,726,-119.797302850645,39.4128970462575,NA,"Skalbeck (2001) Table A-2, p.191-199","Model-derived point along a 2.75-D gravity/aeromagnetic forward-model profile (Chapter 3); depth_to_bedrock_m is as-reported in the source table, not independently re-derived (does not always equal the sum of the three thickness columns for reasons not further investigated). Coordinate reprojected from UTM Zone 11N (NAD83 assumed; ~200 m uncertainty if source datum is actually NAD27)."
259376,4366112,165,648,0,813,-119.794856846479,39.4109739844322,NA,"Skalbeck (2001) Table A-2, p.191-199","Model-derived point along a 2.75-D gravity/aeromagnetic forward-model profile (Chapter 3); depth_to_bedrock_m is as-reported in the source table, not independently re-derived (does not always equal the sum of the three thickness columns for reasons not further investigated). Coordinate reprojected from UTM Zone 11N (NAD83 assumed; ~200 m uncertainty if source datum is actually NAD27)."
259580,4365892,227,541,0,768,-119.79241097697,39.4090508657483,NA,"Skalbeck (2001) Table A-2, p.191-199","Model-derived point along a 2.75-D gravity/aeromagnetic forward-model profile (Chapter 3); depth_to_bedrock_m is as-reported in the source table, not independently re-derived (does not always equal the sum of the three thickness columns for reasons not further investigated). Coordinate reprojected from UTM Zone 11N (NAD83 assumed; ~200 m uncertainty if source datum is actually NAD27)."
259784,4365672,178,475,0,653,-119.789965242107,39.4071276902162,NA,"Skalbeck (2001) Table A-2, p.191-199","Model-derived point along a 2.75-D gravity/aeromagnetic forward-model profile (Chapter 3); depth_to_bedrock_m is as-reported in the source table, not independently re-derived (does not always equal the sum of the three thickness columns for reasons not further investigated). Coordinate reprojected from UTM Zone 11N (NAD83 assumed; ~200 m uncertainty if source datum is actually NAD27)."
259988,4365452,117,363,0,480,-119.787519641876,39.4052044578462,NA,"Skalbeck (2001) Table A-2, p.191-199","Model-derived point along a 2.75-D gravity/aeromagnetic forward-model profile (Chapter 3); depth_to_bedrock_m is as-reported in the source table, not independently re-derived (does not always equal the sum of the three thickness columns for reasons not further investigated). Coordinate reprojected from UTM Zone 11N (NAD83 assumed; ~200 m uncertainty if source datum is actually NAD27)."
260192,4365232,78,309,0,387,-119.785074176264,39.4032811686487,NA,"Skalbeck (2001) Table A-2, p.191-199","Model-derived point along a 2.75-D gravity/aeromagnetic forward-model profile (Chapter 3); depth_to_bedrock_m is as-reported in the source table, not independently re-derived (does not always equal the sum of the three thickness columns for reasons not further investigated). Coordinate reprojected from UTM Zone 11N (NAD83 assumed; ~200 m uncertainty if source datum is actually NAD27)."
260396,4365012,47,860,0,907,-119.782628845259,39.401357822634,NA,"Skalbeck (2001) Table A-2, p.191-199","Model-derived point along a 2.75-D gravity/aeromagnetic forward-model profile (Chapter 3); depth_to_bedrock_m is as-reported in the source table, not independently re-derived (does not always equal the sum of the three thickness columns for reasons not further investigated). Coordinate reprojected from UTM Zone 11N (NAD83 assumed; ~200 m uncertainty if source datum is actually NAD27)."
260600,4364792,6,972,0,978,-119.780183648848,39.3994344198126,NA,"Skalbeck (2001) Table A-2, p.191-199","Model-derived point along a 2.75-D gravity/aeromagnetic forward-model profile (Chapter 3); depth_to_bedrock_m is as-reported in the source table, not independently re-derived (does not always equal the sum of the three thickness columns for reasons not further investigated). Coordinate reprojected from UTM Zone 11N (NAD83 assumed; ~200 m uncertainty if source datum is actually NAD27)."
260803,4364572,29,728,0,757,-119.777750187047,39.3975106830365,NA,"Skalbeck (2001) Table A-2, p.191-199","Model-derived point along a 2.75-D gravity/aeromagnetic forward-model profile (Chapter 3); depth_to_bedrock_m is as-reported in the source table, not independently re-derived (does not always equal the sum of the three thickness columns for reasons not further investigated). Coordinate reprojected from UTM Zone 11N (NAD83 assumed; ~200 m uncertainty if source datum is actually NAD27)."
261007,4364352,99,308,0,407,-119.775305259492,39.3955871668875,NA,"Skalbeck (2001) Table A-2, p.191-199","Model-derived point along a 2.75-D gravity/aeromagnetic forward-model profile (Chapter 3); depth_to_bedrock_m is as-reported in the source table, not independently re-derived (does not always equal the sum of the three thickness columns for reasons not further investigated). Coordinate reprojected from UTM Zone 11N (NAD83 assumed; ~200 m uncertainty if source datum is actually NAD27)."
261211,4364132,219,604,0,823,-119.772860466492,39.3936635939628,NA,"Skalbeck (2001) Table A-2, p.191-199","Model-derived point along a 2.75-D gravity/aeromagnetic forward-model profile (Chapter 3); depth_to_bedrock_m is as-reported in the source table, not independently re-derived (does not always equal the sum of the three thickness columns for reasons not further investigated). Coordinate reprojected from UTM Zone 11N (NAD83 assumed; ~200 m uncertainty if source datum is actually NAD27)."
261415,4363912,263,455,0,718,-119.770415808036,39.3917399642727,NA,"Skalbeck (2001) Table A-2, p.191-199","Model-derived point along a 2.75-D gravity/aeromagnetic forward-model profile (Chapter 3); depth_to_bedrock_m is as-reported in the source table, not independently re-derived (does not always equal the sum of the three thickness columns for reasons not further investigated). Coordinate reprojected from UTM Zone 11N (NAD83 assumed; ~200 m uncertainty if source datum is actually NAD27)."
261619,4363691,195,206,0,398,-119.767970928241,39.3898072776131,NA,"Skalbeck (2001) Table A-2, p.191-199","Model-derived point along a 2.75-D gravity/aeromagnetic forward-model profile (Chapter 3); depth_to_bedrock_m is as-reported in the source table, not independently re-derived (does not always equal the sum of the three thickness columns for reasons not further investigated). Coordinate reprojected from UTM Zone 11N (NAD83 assumed; ~200 m uncertainty if source datum is actually NAD27)."
261823,4363471,92,125,591,217,-119.765526539171,39.3878835344017,NA,"Skalbeck (2001) Table A-2, p.191-199","Model-derived point along a 2.75-D gravity/aeromagnetic forward-model profile (Chapter 3); depth_to_bedrock_m is as-reported in the source table, not independently re-derived (does not always equal the sum of the three thickness columns for reasons not further investigated). Coordinate reprojected from UTM Zone 11N (NAD83 assumed; ~200 m uncertainty if source datum is actually NAD27)."
262027,4363251,0,14,1552,14,-119.763082284605,39.385959734456,NA,"Skalbeck (2001) Table A-2, p.191-199","Model-derived point along a 2.75-D gravity/aeromagnetic forward-model profile (Chapter 3); depth_to_bedrock_m is as-reported in the source table, not independently re-derived (does not always equal the sum of the three thickness columns for reasons not further investigated). Coordinate reprojected from UTM Zone 11N (NAD83 assumed; ~200 m uncertainty if source datum is actually NAD27)."
262231,4363031,0,42,1994,42,-119.760638164533,39.3840358777863,NA,"Skalbeck (2001) Table A-2, p.191-199","Model-derived point along a 2.75-D gravity/aeromagnetic forward-model profile (Chapter 3); depth_to_bedrock_m is as-reported in the source table, not independently re-derived (does not always equal the sum of the three thickness columns for reasons not further investigated). Coordinate reprojected from UTM Zone 11N (NAD83 assumed; ~200 m uncertainty if source datum is actually NAD27)."
262435,4362811,0,42,2038,42,-119.758194178939,39.382111964403,NA,"Skalbeck (2001) Table A-2, p.191-199","Model-derived point along a 2.75-D gravity/aeromagnetic forward-model profile (Chapter 3); depth_to_bedrock_m is as-reported in the source table, not independently re-derived (does not always equal the sum of the three thickness columns for reasons not further investigated). Coordinate reprojected from UTM Zone 11N (NAD83 assumed; ~200 m uncertainty if source datum is actually NAD27)."
262639,4362591,0,29,2027,29,-119.755750327812,39.3801879943165,NA,"Skalbeck (2001) Table A-2, p.191-199","Model-derived point along a 2.75-D gravity/aeromagnetic forward-model profile (Chapter 3); depth_to_bedrock_m is as-reported in the source table, not independently re-derived (does not always equal the sum of the three thickness columns for reasons not further investigated). Coordinate reprojected from UTM Zone 11N (NAD83 assumed; ~200 m uncertainty if source datum is actually NAD27)."
262843,4362371,0,19,1093,895,-119.75330661114,39.3782639675371,NA,"Skalbeck (2001) Table A-2, p.191-199","Model-derived point along a 2.75-D gravity/aeromagnetic forward-model profile (Chapter 3); depth_to_bedrock_m is as-reported in the source table, not independently re-derived (does not always equal the sum of the three thickness columns for reasons not further investigated). Coordinate reprojected from UTM Zone 11N (NAD83 assumed; ~200 m uncertainty if source datum is actually NAD27)."
263047,4362151,0,9,1934,1943,-119.750863028908,39.3763398840751,NA,"Skalbeck (2001) Table A-2, p.191-199","Model-derived point along a 2.75-D gravity/aeromagnetic forward-model profile (Chapter 3); depth_to_bedrock_m is as-reported in the source table, not independently re-derived (does not always equal the sum of the three thickness columns for reasons not further investigated). Coordinate reprojected from UTM Zone 11N (NAD83 assumed; ~200 m uncertainty if source datum is actually NAD27)."
264066,4361051,90,44,0,134,-119.738658729242,39.3667183438063,NA,"Skalbeck (2001) Table A-2, p.191-199","Model-derived point along a 2.75-D gravity/aeromagnetic forward-model profile (Chapter 3); depth_to_bedrock_m is as-reported in the source table, not independently re-derived (does not always equal the sum of the three thickness columns for reasons not further investigated). Coordinate reprojected from UTM Zone 11N (NAD83 assumed; ~200 m uncertainty if source datum is actually NAD27)."
264270,4360831,88,48,0,136,-119.736215953097,39.3647939207209,NA,"Skalbeck (2001) Table A-2, p.191-199","Model-derived point along a 2.75-D gravity/aeromagnetic forward-model profile (Chapter 3); depth_to_bedrock_m is as-reported in the source table, not independently re-derived (does not always equal the sum of the three thickness columns for reasons not further investigated). Coordinate reprojected from UTM Zone 11N (NAD83 assumed; ~200 m uncertainty if source datum is actually NAD27)."
264474,4360611,79,38,0,117,-119.733773311305,39.3628694410254,NA,"Skalbeck (2001) Table A-2, p.191-199","Model-derived point along a 2.75-D gravity/aeromagnetic forward-model profile (Chapter 3); depth_to_bedrock_m is as-reported in the source table, not independently re-derived (does not always equal the sum of the three thickness columns for reasons not further investigated). Coordinate reprojected from UTM Zone 11N (NAD83 assumed; ~200 m uncertainty if source datum is actually NAD27)."
264678,4360391,52,36,0,88,-119.731330803852,39.3609449047302,NA,"Skalbeck (2001) Table A-2, p.191-199","Model-derived point along a 2.75-D gravity/aeromagnetic forward-model profile (Chapter 3); depth_to_bedrock_m is as-reported in the source table, not independently re-derived (does not always equal the sum of the three thickness columns for reasons not further investigated). Coordinate reprojected from UTM Zone 11N (NAD83 assumed; ~200 m uncertainty if source datum is actually NAD27)."
264882,4360171,0,40,0,40,-119.728888430726,39.3590203118455,NA,"Skalbeck (2001) Table A-2, p.191-199","Model-derived point along a 2.75-D gravity/aeromagnetic forward-model profile (Chapter 3); depth_to_bedrock_m is as-reported in the source table, not independently re-derived (does not always equal the sum of the three thickness columns for reasons not further investigated). Coordinate reprojected from UTM Zone 11N (NAD83 assumed; ~200 m uncertainty if source datum is actually NAD27)."
265086,4359951,0,45,0,45,-119.726446191914,39.3570956623817,NA,"Skalbeck (2001) Table A-2, p.191-199","Model-derived point along a 2.75-D gravity/aeromagnetic forward-model profile (Chapter 3); depth_to_bedrock_m is as-reported in the source table, not independently re-derived (does not always equal the sum of the three thickness columns for reasons not further investigated). Coordinate reprojected from UTM Zone 11N (NAD83 assumed; ~200 m uncertainty if source datum is actually NAD27)."
265290,4359731,0,64,0,64,-119.724004087403,39.3551709563491,NA,"Skalbeck (2001) Table A-2, p.191-199","Model-derived point along a 2.75-D gravity/aeromagnetic forward-model profile (Chapter 3); depth_to_bedrock_m is as-reported in the source table, not independently re-derived (does not always equal the sum of the three thickness columns for reasons not further investigated). Coordinate reprojected from UTM Zone 11N (NAD83 assumed; ~200 m uncertainty if source datum is actually NAD27)."
265494,4359511,0,106,0,106,-119.721562117182,39.3532461937582,NA,"Skalbeck (2001) Table A-2, p.191-199","Model-derived point along a 2.75-D gravity/aeromagnetic forward-model profile (Chapter 3); depth_to_bedrock_m is as-reported in the source table, not independently re-derived (does not always equal the sum of the three thickness columns for reasons not further investigated). Coordinate reprojected from UTM Zone 11N (NAD83 assumed; ~200 m uncertainty if source datum is actually NAD27)."
260281,4365201,72,366,0,438,-119.784030593254,39.4030268969932,NA,"Skalbeck (2001) Table A-2, p.191-199","Model-derived point along a 2.75-D gravity/aeromagnetic forward-model profile (Chapter 3); depth_to_bedrock_m is as-reported in the source table, not independently re-derived (does not always equal the sum of the three thickness columns for reasons not further investigated). Coordinate reprojected from UTM Zone 11N (NAD83 assumed; ~200 m uncertainty if source datum is actually NAD27)."
260312,4365161,129,584,0,713,-119.78365664386,39.4026755057953,NA,"Skalbeck (2001) Table A-2, p.191-199","Model-derived point along a 2.75-D gravity/aeromagnetic forward-model profile (Chapter 3); depth_to_bedrock_m is as-reported in the source table, not independently re-derived (does not always equal the sum of the three thickness columns for reasons not further investigated). Coordinate reprojected from UTM Zone 11N (NAD83 assumed; ~200 m uncertainty if source datum is actually NAD27)."
261661,4363659,58,192,0,309,-119.767472390718,39.3895308674395,NA,"Skalbeck (2001) Table A-2, p.191-199","Model-derived point along a 2.75-D gravity/aeromagnetic forward-model profile (Chapter 3); depth_to_bedrock_m is as-reported in the source table, not independently re-derived (does not always equal the sum of the three thickness columns for reasons not further investigated). Coordinate reprojected from UTM Zone 11N (NAD83 assumed; ~200 m uncertainty if source datum is actually NAD27)."
262143,4363158,179,130,0,38,-119.761703869218,39.3851546747029,NA,"Skalbeck (2001) Table A-2, p.191-199","Model-derived point along a 2.75-D gravity/aeromagnetic forward-model profile (Chapter 3); depth_to_bedrock_m is as-reported in the source table, not independently re-derived (does not always equal the sum of the three thickness columns for reasons not further investigated). Coordinate reprojected from UTM Zone 11N (NAD83 assumed; ~200 m uncertainty if source datum is actually NAD27)."
264783,4360298,0,38,0,132,-119.73008077835,39.3601364412349,NA,"Skalbeck (2001) Table A-2, p.191-199","Model-derived point along a 2.75-D gravity/aeromagnetic forward-model profile (Chapter 3); depth_to_bedrock_m is as-reported in the source table, not independently re-derived (does not always equal the sum of the three thickness columns for reasons not further investigated). Coordinate reprojected from UTM Zone 11N (NAD83 assumed; ~200 m uncertainty if source datum is actually NAD27)."
262318,4364766,0,24,1311,494,-119.760244827194,39.3996753034114,NA,"Skalbeck (2001) Table A-2, p.191-199","Model-derived point along a 2.75-D gravity/aeromagnetic forward-model profile (Chapter 3); depth_to_bedrock_m is as-reported in the source table, not independently re-derived (does not always equal the sum of the three thickness columns for reasons not further investigated). Coordinate reprojected from UTM Zone 11N (NAD83 assumed; ~200 m uncertainty if source datum is actually NAD27)."
262725,4364326,87,45,1672,426,-119.755367468011,39.3958271753704,NA,"Skalbeck (2001) Table A-2, p.191-199","Model-derived point along a 2.75-D gravity/aeromagnetic forward-model profile (Chapter 3); depth_to_bedrock_m is as-reported in the source table, not independently re-derived (does not always equal the sum of the three thickness columns for reasons not further investigated). Coordinate reprojected from UTM Zone 11N (NAD83 assumed; ~200 m uncertainty if source datum is actually NAD27)."
263133,4363886,0,50,1311,139,-119.750479046505,39.3919790958748,NA,"Skalbeck (2001) Table A-2, p.191-199","Model-derived point along a 2.75-D gravity/aeromagnetic forward-model profile (Chapter 3); depth_to_bedrock_m is as-reported in the source table, not independently re-derived (does not always equal the sum of the three thickness columns for reasons not further investigated). Coordinate reprojected from UTM Zone 11N (NAD83 assumed; ~200 m uncertainty if source datum is actually NAD27)."
263949,4363006,72,422,653,76,-119.740703817788,39.3842822565719,NA,"Skalbeck (2001) Table A-2, p.191-199","Model-derived point along a 2.75-D gravity/aeromagnetic forward-model profile (Chapter 3); depth_to_bedrock_m is as-reported in the source table, not independently re-derived (does not always equal the sum of the three thickness columns for reasons not further investigated). Coordinate reprojected from UTM Zone 11N (NAD83 assumed; ~200 m uncertainty if source datum is actually NAD27)."
264357,4362566,39,476,857,105,-119.735817010374,39.3804334969302,NA,"Skalbeck (2001) Table A-2, p.191-199","Model-derived point along a 2.75-D gravity/aeromagnetic forward-model profile (Chapter 3); depth_to_bedrock_m is as-reported in the source table, not independently re-derived (does not always equal the sum of the three thickness columns for reasons not further investigated). Coordinate reprojected from UTM Zone 11N (NAD83 assumed; ~200 m uncertainty if source datum is actually NAD27)."
264765,4362126,28,398,858,6,-119.730930740788,39.3765845107388,NA,"Skalbeck (2001) Table A-2, p.191-199","Model-derived point along a 2.75-D gravity/aeromagnetic forward-model profile (Chapter 3); depth_to_bedrock_m is as-reported in the source table, not independently re-derived (does not always equal the sum of the three thickness columns for reasons not further investigated). Coordinate reprojected from UTM Zone 11N (NAD83 assumed; ~200 m uncertainty if source datum is actually NAD27)."
265173,4361686,31,176,253,5,-119.726045008927,39.3727352980804,NA,"Skalbeck (2001) Table A-2, p.191-199","Model-derived point along a 2.75-D gravity/aeromagnetic forward-model profile (Chapter 3); depth_to_bedrock_m is as-reported in the source table, not independently re-derived (does not always equal the sum of the three thickness columns for reasons not further investigated). Coordinate reprojected from UTM Zone 11N (NAD83 assumed; ~200 m uncertainty if source datum is actually NAD27)."
261987,4365139,0,104,0,0,-119.764217213413,39.4029411583313,NA,"Skalbeck (2001) Table A-2, p.191-199","Model-derived point along a 2.75-D gravity/aeromagnetic forward-model profile (Chapter 3); depth_to_bedrock_m is as-reported in the source table, not independently re-derived (does not always equal the sum of the three thickness columns for reasons not further investigated). Coordinate reprojected from UTM Zone 11N (NAD83 assumed; ~200 m uncertainty if source datum is actually NAD27)."
263595,4363391,0,76,596,0,-119.74494541939,39.3876505568502,NA,"Skalbeck (2001) Table A-2, p.191-199","Model-derived point along a 2.75-D gravity/aeromagnetic forward-model profile (Chapter 3); depth_to_bedrock_m is as-reported in the source table, not independently re-derived (does not always equal the sum of the three thickness columns for reasons not further investigated). Coordinate reprojected from UTM Zone 11N (NAD83 assumed; ~200 m uncertainty if source datum is actually NAD27)."
263790,4363171,31,57,684,27,-119.742606099776,39.3857238415133,NA,"Skalbeck (2001) Table A-2, p.191-199","Model-derived point along a 2.75-D gravity/aeromagnetic forward-model profile (Chapter 3); depth_to_bedrock_m is as-reported in the source table, not independently re-derived (does not always equal the sum of the three thickness columns for reasons not further investigated). Coordinate reprojected from UTM Zone 11N (NAD83 assumed; ~200 m uncertainty if source datum is actually NAD27)."
264387,4362526,47,58,912,0,-119.735455019049,39.3800816637896,NA,"Skalbeck (2001) Table A-2, p.191-199","Model-derived point along a 2.75-D gravity/aeromagnetic forward-model profile (Chapter 3); depth_to_bedrock_m is as-reported in the source table, not independently re-derived (does not always equal the sum of the three thickness columns for reasons not further investigated). Coordinate reprojected from UTM Zone 11N (NAD83 assumed; ~200 m uncertainty if source datum is actually NAD27)."
261955,4366929,33,56,0,97,-119.765225226336,39.4190426975851,NA,"Skalbeck (2001) Table A-2, p.191-199","Model-derived point along a 2.75-D gravity/aeromagnetic forward-model profile (Chapter 3); depth_to_bedrock_m is as-reported in the source table, not independently re-derived (does not always equal the sum of the three thickness columns for reasons not further investigated). Coordinate reprojected from UTM Zone 11N (NAD83 assumed; ~200 m uncertainty if source datum is actually NAD27)."
262363,4366488,0,6,0,0,-119.7603342333,39.4151861225389,NA,"Skalbeck (2001) Table A-2, p.191-199","Model-derived point along a 2.75-D gravity/aeromagnetic forward-model profile (Chapter 3); depth_to_bedrock_m is as-reported in the source table, not independently re-derived (does not always equal the sum of the three thickness columns for reasons not further investigated). Coordinate reprojected from UTM Zone 11N (NAD83 assumed; ~200 m uncertainty if source datum is actually NAD27)."
262771,4366048,0,5,0,1429,-119.755444134901,39.4113383206049,NA,"Skalbeck (2001) Table A-2, p.191-199","Model-derived point along a 2.75-D gravity/aeromagnetic forward-model profile (Chapter 3); depth_to_bedrock_m is as-reported in the source table, not independently re-derived (does not always equal the sum of the three thickness columns for reasons not further investigated). Coordinate reprojected from UTM Zone 11N (NAD83 assumed; ~200 m uncertainty if source datum is actually NAD27)."
263179,4365608,0,26,0,1735,-119.750554575153,39.407490291676,NA,"Skalbeck (2001) Table A-2, p.191-199","Model-derived point along a 2.75-D gravity/aeromagnetic forward-model profile (Chapter 3); depth_to_bedrock_m is as-reported in the source table, not independently re-derived (does not always equal the sum of the three thickness columns for reasons not further investigated). Coordinate reprojected from UTM Zone 11N (NAD83 assumed; ~200 m uncertainty if source datum is actually NAD27)."
263587,4365168,0,0,541,1710,-119.745665553952,39.4036420358353,NA,"Skalbeck (2001) Table A-2, p.191-199","Model-derived point along a 2.75-D gravity/aeromagnetic forward-model profile (Chapter 3); depth_to_bedrock_m is as-reported in the source table, not independently re-derived (does not always equal the sum of the three thickness columns for reasons not further investigated). Coordinate reprojected from UTM Zone 11N (NAD83 assumed; ~200 m uncertainty if source datum is actually NAD27)."
263994,4364728,0,0,400,2204,-119.740788671966,39.3997932796792,NA,"Skalbeck (2001) Table A-2, p.191-199","Model-derived point along a 2.75-D gravity/aeromagnetic forward-model profile (Chapter 3); depth_to_bedrock_m is as-reported in the source table, not independently re-derived (does not always equal the sum of the three thickness columns for reasons not further investigated). Coordinate reprojected from UTM Zone 11N (NAD83 assumed; ~200 m uncertainty if source datum is actually NAD27)."
264402,4364288,0,0,874,1729,-119.735900726966,39.3959445707727,NA,"Skalbeck (2001) Table A-2, p.191-199","Model-derived point along a 2.75-D gravity/aeromagnetic forward-model profile (Chapter 3); depth_to_bedrock_m is as-reported in the source table, not independently re-derived (does not always equal the sum of the three thickness columns for reasons not further investigated). Coordinate reprojected from UTM Zone 11N (NAD83 assumed; ~200 m uncertainty if source datum is actually NAD27)."
264606,4364068,195,861,640,759,-119.733456956313,39.3940201313154,NA,"Skalbeck (2001) Table A-2, p.191-199","Model-derived point along a 2.75-D gravity/aeromagnetic forward-model profile (Chapter 3); depth_to_bedrock_m is as-reported in the source table, not independently re-derived (does not always equal the sum of the three thickness columns for reasons not further investigated). Coordinate reprojected from UTM Zone 11N (NAD83 assumed; ~200 m uncertainty if source datum is actually NAD27)."
265422,4363188,170,528,0,512,-119.723683219054,39.3863218070348,NA,"Skalbeck (2001) Table A-2, p.191-199","Model-derived point along a 2.75-D gravity/aeromagnetic forward-model profile (Chapter 3); depth_to_bedrock_m is as-reported in the source table, not independently re-derived (does not always equal the sum of the three thickness columns for reasons not further investigated). Coordinate reprojected from UTM Zone 11N (NAD83 assumed; ~200 m uncertainty if source datum is actually NAD27)."
265830,4362748,177,303,0,459,-119.718797157457,39.3824723051684,NA,"Skalbeck (2001) Table A-2, p.191-199","Model-derived point along a 2.75-D gravity/aeromagnetic forward-model profile (Chapter 3); depth_to_bedrock_m is as-reported in the source table, not independently re-derived (does not always equal the sum of the three thickness columns for reasons not further investigated). Coordinate reprojected from UTM Zone 11N (NAD83 assumed; ~200 m uncertainty if source datum is actually NAD27)."
263992,4365837,170,342,0,1712,-119.741202898159,39.4097741712768,NA,"Skalbeck (2001) Table A-2, p.191-199","Model-derived point along a 2.75-D gravity/aeromagnetic forward-model profile (Chapter 3); depth_to_bedrock_m is as-reported in the source table, not independently re-derived (does not always equal the sum of the three thickness columns for reasons not further investigated). Coordinate reprojected from UTM Zone 11N (NAD83 assumed; ~200 m uncertainty if source datum is actually NAD27)."
266174,4362342,152,347,0,2842,-119.714665736917,39.3789112721995,NA,"Skalbeck (2001) Table A-2, p.191-199","Model-derived point along a 2.75-D gravity/aeromagnetic forward-model profile (Chapter 3); depth_to_bedrock_m is as-reported in the source table, not independently re-derived (does not always equal the sum of the three thickness columns for reasons not further investigated). Coordinate reprojected from UTM Zone 11N (NAD83 assumed; ~200 m uncertainty if source datum is actually NAD27)."
263210,4365578,155,304,0,1810,-119.750184300528,39.4072287911118,NA,"Skalbeck (2001) Table A-2, p.191-199","Model-derived point along a 2.75-D gravity/aeromagnetic forward-model profile (Chapter 3); depth_to_bedrock_m is as-reported in the source table, not independently re-derived (does not always equal the sum of the three thickness columns for reasons not further investigated). Coordinate reprojected from UTM Zone 11N (NAD83 assumed; ~200 m uncertainty if source datum is actually NAD27)."
262148,4368661,90,312,0,939,-119.763601840163,39.434684284259,NA,"Skalbeck (2001) Table A-2, p.191-199","Model-derived point along a 2.75-D gravity/aeromagnetic forward-model profile (Chapter 3); depth_to_bedrock_m is as-reported in the source table, not independently re-derived (does not always equal the sum of the three thickness columns for reasons not further investigated). Coordinate reprojected from UTM Zone 11N (NAD83 assumed; ~200 m uncertainty if source datum is actually NAD27)."
262548,4368213,196,1516,0,1111,-119.758800146666,39.4307624802145,NA,"Skalbeck (2001) Table A-2, p.191-199","Model-derived point along a 2.75-D gravity/aeromagnetic forward-model profile (Chapter 3); depth_to_bedrock_m is as-reported in the source table, not independently re-derived (does not always equal the sum of the three thickness columns for reasons not further investigated). Coordinate reprojected from UTM Zone 11N (NAD83 assumed; ~200 m uncertainty if source datum is actually NAD27)."
262948,4367766,187,281,0,1239,-119.753999348086,39.4268494566715,NA,"Skalbeck (2001) Table A-2, p.191-199","Model-derived point along a 2.75-D gravity/aeromagnetic forward-model profile (Chapter 3); depth_to_bedrock_m is as-reported in the source table, not independently re-derived (does not always equal the sum of the three thickness columns for reasons not further investigated). Coordinate reprojected from UTM Zone 11N (NAD83 assumed; ~200 m uncertainty if source datum is actually NAD27)."
263348,4367319,0,108,0,2134,-119.749199088442,39.4229362135331,NA,"Skalbeck (2001) Table A-2, p.191-199","Model-derived point along a 2.75-D gravity/aeromagnetic forward-model profile (Chapter 3); depth_to_bedrock_m is as-reported in the source table, not independently re-derived (does not always equal the sum of the three thickness columns for reasons not further investigated). Coordinate reprojected from UTM Zone 11N (NAD83 assumed; ~200 m uncertainty if source datum is actually NAD27)."
263748,4366871,188,1554,257,1807,-119.744399014419,39.4190137505328,NA,"Skalbeck (2001) Table A-2, p.191-199","Model-derived point along a 2.75-D gravity/aeromagnetic forward-model profile (Chapter 3); depth_to_bedrock_m is as-reported in the source table, not independently re-derived (does not always equal the sum of the three thickness columns for reasons not further investigated). Coordinate reprojected from UTM Zone 11N (NAD83 assumed; ~200 m uncertainty if source datum is actually NAD27)."
264148,4366424,36,1774,1566,1930,-119.739599832991,39.4151000684052,NA,"Skalbeck (2001) Table A-2, p.191-199","Model-derived point along a 2.75-D gravity/aeromagnetic forward-model profile (Chapter 3); depth_to_bedrock_m is as-reported in the source table, not independently re-derived (does not always equal the sum of the three thickness columns for reasons not further investigated). Coordinate reprojected from UTM Zone 11N (NAD83 assumed; ~200 m uncertainty if source datum is actually NAD27)."
264547,4365977,386,1453,1290,2204,-119.734812792891,39.4111858939703,NA,"Skalbeck (2001) Table A-2, p.191-199","Model-derived point along a 2.75-D gravity/aeromagnetic forward-model profile (Chapter 3); depth_to_bedrock_m is as-reported in the source table, not independently re-derived (does not always equal the sum of the three thickness columns for reasons not further investigated). Coordinate reprojected from UTM Zone 11N (NAD83 assumed; ~200 m uncertainty if source datum is actually NAD27)."
264947,4365529,155,784,1257,2195,-119.730014336771,39.4072627732477,NA,"Skalbeck (2001) Table A-2, p.191-199","Model-derived point along a 2.75-D gravity/aeromagnetic forward-model profile (Chapter 3); depth_to_bedrock_m is as-reported in the source table, not independently re-derived (does not always equal the sum of the three thickness columns for reasons not further investigated). Coordinate reprojected from UTM Zone 11N (NAD83 assumed; ~200 m uncertainty if source datum is actually NAD27)."
265347,4365082,165,879,1343,2141,-119.725216770927,39.4033484337682,NA,"Skalbeck (2001) Table A-2, p.191-199","Model-derived point along a 2.75-D gravity/aeromagnetic forward-model profile (Chapter 3); depth_to_bedrock_m is as-reported in the source table, not independently re-derived (does not always equal the sum of the three thickness columns for reasons not further investigated). Coordinate reprojected from UTM Zone 11N (NAD83 assumed; ~200 m uncertainty if source datum is actually NAD27)."
265747,4364635,160,951,1190,2710,-119.720419743374,39.3994338751808,NA,"Skalbeck (2001) Table A-2, p.191-199","Model-derived point along a 2.75-D gravity/aeromagnetic forward-model profile (Chapter 3); depth_to_bedrock_m is as-reported in the source table, not independently re-derived (does not always equal the sum of the three thickness columns for reasons not further investigated). Coordinate reprojected from UTM Zone 11N (NAD83 assumed; ~200 m uncertainty if source datum is actually NAD27)."
266147,4364188,154,992,0,655,-119.715623254007,39.3955190975668,NA,"Skalbeck (2001) Table A-2, p.191-199","Model-derived point along a 2.75-D gravity/aeromagnetic forward-model profile (Chapter 3); depth_to_bedrock_m is as-reported in the source table, not independently re-derived (does not always equal the sum of the three thickness columns for reasons not further investigated). Coordinate reprojected from UTM Zone 11N (NAD83 assumed; ~200 m uncertainty if source datum is actually NAD27)."
265912,4364448,158,1081,0,1264,-119.718440212961,39.3977955419462,NA,"Skalbeck (2001) Table A-2, p.191-199","Model-derived point along a 2.75-D gravity/aeromagnetic forward-model profile (Chapter 3); depth_to_bedrock_m is as-reported in the source table, not independently re-derived (does not always equal the sum of the three thickness columns for reasons not further investigated). Coordinate reprojected from UTM Zone 11N (NAD83 assumed; ~200 m uncertainty if source datum is actually NAD27)."
256116,4358892,19,124,0,143,-119.830051773138,39.3450803290813,NA,"Skalbeck (2001) Table A-2, p.191-199","Model-derived point along a 2.75-D gravity/aeromagnetic forward-model profile (Chapter 3); depth_to_bedrock_m is as-reported in the source table, not independently re-derived (does not always equal the sum of the three thickness columns for reasons not further investigated). Coordinate reprojected from UTM Zone 11N (NAD83 assumed; ~200 m uncertainty if source datum is actually NAD27). Recovered 2026-09-26: the raw OCR text read the Tv-thickness value as ""'124"" (stray leading apostrophe) rather than ""124"", which silently failed numeric parsing and dropped this one point from the original 240-row extraction; corrected here after confirming Qal(19)+Tv(124)+Alt(0)=143=Kgd Depth exactly."
