sample_id,feature,collection_time,data_source,Cl,B,Na,Li,SiO2_any,date,year,sample_group,sample_group_label,Cl_B,Na_Cl,Li_Cl,SiO2_Cl
1,Thomas Creek @ North Timberline Drive &[STBT03Thomas-3],561772800.0,NDEP,0,NA,NA,NA,NA,1987-10-21,1987,background_or_other,"Background / non-thermal (NDEP, domestic wells, creeks)",NA,NA,NA,NA
2,Thomas Creek @ North Timberline Drive &[STBT03Thomas-3],565315200.0,NDEP,0,NA,NA,NA,NA,1987-12-01,1987,background_or_other,"Background / non-thermal (NDEP, domestic wells, creeks)",NA,NA,NA,NA
3,Thomas Creek @ North Timberline Drive &[STBT03Thomas-3],570758400.0,NDEP,0,NA,NA,NA,NA,1988-02-02,1988,background_or_other,"Background / non-thermal (NDEP, domestic wells, creeks)",NA,NA,NA,NA
4,Thomas Creek @ North Timberline Drive &[STBT03Thomas-3],576288000.0,NDEP,0,NA,NA,NA,NA,1988-04-06,1988,background_or_other,"Background / non-thermal (NDEP, domestic wells, creeks)",NA,NA,NA,NA
5,Thomas Creek @ North Timberline Drive &[STBT03Thomas-3],582249600.0,NDEP,0,NA,NA,NA,NA,1988-06-14,1988,background_or_other,"Background / non-thermal (NDEP, domestic wells, creeks)",NA,NA,NA,NA
6,Thomas Creek @ North Timberline Drive &[STBT03Thomas-3],586483200.0,NDEP,0,NA,NA,NA,NA,1988-08-02,1988,background_or_other,"Background / non-thermal (NDEP, domestic wells, creeks)",NA,NA,NA,NA
7,Thomas Creek @ North Timberline Drive &[STBT03Thomas-3],592012800.0,NDEP,0,NA,NA,NA,NA,1988-10-05,1988,background_or_other,"Background / non-thermal (NDEP, domestic wells, creeks)",NA,NA,NA,NA
8,Thomas Creek @ North Timberline Drive &[STBT03Thomas-3],597456000.0,NDEP,0,NA,NA,NA,NA,1988-12-07,1988,background_or_other,"Background / non-thermal (NDEP, domestic wells, creeks)",NA,NA,NA,NA
9,Thomas Creek @ North Timberline Drive &[STBT03Thomas-3],602294400.0,NDEP,0,NA,NA,NA,NA,1989-02-01,1989,background_or_other,"Background / non-thermal (NDEP, domestic wells, creeks)",NA,NA,NA,NA
10,Thomas Creek @ North Timberline Drive &[STBT03Thomas-3],607737600.0,NDEP,0,NA,NA,NA,NA,1989-04-05,1989,background_or_other,"Background / non-thermal (NDEP, domestic wells, creeks)",NA,NA,NA,NA
11,Thomas Creek @ North Timberline Drive &[STBT03Thomas-3],613094400.0,NDEP,0,NA,NA,NA,NA,1989-06-06,1989,background_or_other,"Background / non-thermal (NDEP, domestic wells, creeks)",NA,NA,NA,NA
12,Thomas Creek @ North Timberline Drive &[STBT03Thomas-3],617932800.0,NDEP,0,NA,NA,NA,NA,1989-08-01,1989,background_or_other,"Background / non-thermal (NDEP, domestic wells, creeks)",NA,NA,NA,NA
13,Thomas Creek @ North Timberline Drive &[STBT03Thomas-3],623548800.0,NDEP,0,NA,NA,NA,NA,1989-10-05,1989,background_or_other,"Background / non-thermal (NDEP, domestic wells, creeks)",NA,NA,NA,NA
14,Thomas Creek @ North Timberline Drive &[STBT03Thomas-3],628819200.0,NDEP,0,NA,NA,NA,NA,1989-12-05,1989,background_or_other,"Background / non-thermal (NDEP, domestic wells, creeks)",NA,NA,NA,NA
15,Thomas Creek @ North Timberline Drive &[STBT03Thomas-3],634953600.0,NDEP,0,NA,NA,NA,NA,1990-02-14,1990,background_or_other,"Background / non-thermal (NDEP, domestic wells, creeks)",NA,NA,NA,NA
16,Thomas Creek @ North Timberline Drive &[STBT03Thomas-3],639705600.0,NDEP,0,NA,NA,NA,NA,1990-04-10,1990,background_or_other,"Background / non-thermal (NDEP, domestic wells, creeks)",NA,NA,NA,NA
17,Thomas Creek @ North Timberline Drive &[STBT03Thomas-3],644544000.0,NDEP,0,NA,NA,NA,NA,1990-06-05,1990,background_or_other,"Background / non-thermal (NDEP, domestic wells, creeks)",NA,NA,NA,NA
18,Thomas Creek @ North Timberline Drive &[STBT03Thomas-3],649987200.0,NDEP,0,NA,NA,NA,NA,1990-08-07,1990,background_or_other,"Background / non-thermal (NDEP, domestic wells, creeks)",NA,NA,NA,NA
19,Thomas Creek @ North Timberline Drive &[STBT03Thomas-3],655430400.0,NDEP,0,NA,NA,NA,NA,1990-10-09,1990,background_or_other,"Background / non-thermal (NDEP, domestic wells, creeks)",NA,NA,NA,NA
20,Thomas Creek @ North Timberline Drive &[STBT03Thomas-3],660268800.0,NDEP,0,NA,NA,NA,NA,1990-12-04,1990,background_or_other,"Background / non-thermal (NDEP, domestic wells, creeks)",NA,NA,NA,NA
21,Thomas Creek @ North Timberline Drive &[STBT03Thomas-3],665712000.0,NDEP,0,NA,NA,NA,NA,1991-02-05,1991,background_or_other,"Background / non-thermal (NDEP, domestic wells, creeks)",NA,NA,NA,NA
22,Thomas Creek @ North Timberline Drive &[STBT03Thomas-3],671155200.0,NDEP,0,NA,NA,NA,NA,1991-04-09,1991,background_or_other,"Background / non-thermal (NDEP, domestic wells, creeks)",NA,NA,NA,NA
23,Thomas Creek @ North Timberline Drive &[STBT03Thomas-3],676080000.0,NDEP,0,NA,NA,NA,NA,1991-06-05,1991,background_or_other,"Background / non-thermal (NDEP, domestic wells, creeks)",NA,NA,NA,NA
24,Thomas Creek @ North Timberline Drive &[STBT03Thomas-3],682128000.0,NDEP,0,NA,NA,NA,NA,1991-08-14,1991,background_or_other,"Background / non-thermal (NDEP, domestic wells, creeks)",NA,NA,NA,NA
25,Thomas Creek @ North Timberline Drive &[STBT03Thomas-3],687571200.0,NDEP,0,NA,NA,NA,NA,1991-10-16,1991,background_or_other,"Background / non-thermal (NDEP, domestic wells, creeks)",NA,NA,NA,NA
26,Thomas Creek @ North Timberline Drive &[STBT03Thomas-3],691718400.0,NDEP,0,NA,NA,NA,NA,1991-12-03,1991,background_or_other,"Background / non-thermal (NDEP, domestic wells, creeks)",NA,NA,NA,NA
27,Thomas Creek @ North Timberline Drive &[STBT03Thomas-3],697161600.0,NDEP,0,NA,NA,NA,NA,1992-02-04,1992,background_or_other,"Background / non-thermal (NDEP, domestic wells, creeks)",NA,NA,NA,NA
28,Thomas Creek @ North Timberline Drive &[STBT03Thomas-3],702604800.0,NDEP,0,NA,NA,NA,NA,1992-04-07,1992,background_or_other,"Background / non-thermal (NDEP, domestic wells, creeks)",NA,NA,NA,NA
29,Thomas Creek @ North Timberline Drive &[STBT03Thomas-3],707443200.0,NDEP,0,NA,NA,NA,NA,1992-06-02,1992,background_or_other,"Background / non-thermal (NDEP, domestic wells, creeks)",NA,NA,NA,NA
30,Thomas Creek @ North Timberline Drive &[STBT03Thomas-3],713491200.0,NDEP,0,NA,NA,NA,NA,1992-08-11,1992,background_or_other,"Background / non-thermal (NDEP, domestic wells, creeks)",NA,NA,NA,NA
31,Thomas Creek @ North Timberline Drive &[STBT03Thomas-3],718934400.0,NDEP,0,NA,NA,NA,NA,1992-10-13,1992,background_or_other,"Background / non-thermal (NDEP, domestic wells, creeks)",NA,NA,NA,NA
32,Thomas Creek @ North Timberline Drive &[STBT03Thomas-3],724377600.0,NDEP,0,NA,NA,NA,NA,1992-12-15,1992,background_or_other,"Background / non-thermal (NDEP, domestic wells, creeks)",NA,NA,NA,NA
33,Thomas Creek @ North Timberline Drive &[STBT03Thomas-3],729216000.0,NDEP,0,NA,NA,NA,NA,1993-02-09,1993,background_or_other,"Background / non-thermal (NDEP, domestic wells, creeks)",NA,NA,NA,NA
34,Thomas Creek @ North Timberline Drive &[STBT03Thomas-3],734659200.0,NDEP,0,NA,NA,NA,NA,1993-04-13,1993,background_or_other,"Background / non-thermal (NDEP, domestic wells, creeks)",NA,NA,NA,NA
35,Thomas Creek @ North Timberline Drive &[STBT03Thomas-3],736473600.0,NDEP,0,NA,NA,NA,NA,1993-05-04,1993,background_or_other,"Background / non-thermal (NDEP, domestic wells, creeks)",NA,NA,NA,NA
36,Thomas Creek @ North Timberline Drive &[STBT03Thomas-3],739497600.0,NDEP,0,NA,NA,NA,NA,1993-06-08,1993,background_or_other,"Background / non-thermal (NDEP, domestic wells, creeks)",NA,NA,NA,NA
37,Thomas Creek @ North Timberline Drive &[STBT03Thomas-3],742003200.0,NDEP,0,NA,NA,NA,NA,1993-07-07,1993,background_or_other,"Background / non-thermal (NDEP, domestic wells, creeks)",NA,NA,NA,NA
38,Thomas Creek @ North Timberline Drive &[STBT03Thomas-3],744940800.0,NDEP,0,NA,NA,NA,NA,1993-08-10,1993,background_or_other,"Background / non-thermal (NDEP, domestic wells, creeks)",NA,NA,NA,NA
39,Thomas Creek @ North Timberline Drive &[STBT03Thomas-3],747446400.0,NDEP,0,NA,NA,NA,NA,1993-09-08,1993,background_or_other,"Background / non-thermal (NDEP, domestic wells, creeks)",NA,NA,NA,NA
40,Thomas Creek @ North Timberline Drive &[STBT03Thomas-3],749865600.0,NDEP,0,NA,NA,NA,NA,1993-10-06,1993,background_or_other,"Background / non-thermal (NDEP, domestic wells, creeks)",NA,NA,NA,NA
41,Thomas Creek @ North Timberline Drive &[STBT03Thomas-3],755222400.0,NDEP,0,NA,NA,NA,NA,1993-12-07,1993,background_or_other,"Background / non-thermal (NDEP, domestic wells, creeks)",NA,NA,NA,NA
42,Thomas Creek @ North Timberline Drive &[STBT03Thomas-3],760665600.0,NDEP,0,NA,NA,NA,NA,1994-02-08,1994,background_or_other,"Background / non-thermal (NDEP, domestic wells, creeks)",NA,NA,NA,NA
43,Thomas Creek @ North Timberline Drive &[STBT03Thomas-3],766108800.0,NDEP,0,NA,NA,NA,NA,1994-04-12,1994,background_or_other,"Background / non-thermal (NDEP, domestic wells, creeks)",NA,NA,NA,NA
44,Thomas Creek @ North Timberline Drive &[STBT03Thomas-3],770947200.0,NDEP,0,NA,NA,NA,NA,1994-06-07,1994,background_or_other,"Background / non-thermal (NDEP, domestic wells, creeks)",NA,NA,NA,NA
45,Thomas Creek @ North Timberline Drive &[STBT03Thomas-3],776995200.0,NDEP,0,NA,NA,NA,NA,1994-08-16,1994,background_or_other,"Background / non-thermal (NDEP, domestic wells, creeks)",NA,NA,NA,NA
46,Thomas Creek @ North Timberline Drive &[STBT03Thomas-3],781833600.0,NDEP,0,NA,NA,NA,NA,1994-10-11,1994,background_or_other,"Background / non-thermal (NDEP, domestic wells, creeks)",NA,NA,NA,NA
47,Thomas Creek @ North Timberline Drive &[STBT03Thomas-3],787363200.0,NDEP,0,NA,NA,NA,NA,1994-12-14,1994,background_or_other,"Background / non-thermal (NDEP, domestic wells, creeks)",NA,NA,NA,NA
48,Thomas Creek @ North Timberline Drive &[STBT03Thomas-3],792806400.0,NDEP,0,NA,NA,NA,NA,1995-02-15,1995,background_or_other,"Background / non-thermal (NDEP, domestic wells, creeks)",NA,NA,NA,NA
49,Thomas Creek @ North Timberline Drive &[STBT03Thomas-3],797558400.0,NDEP,0,NA,NA,NA,NA,1995-04-11,1995,background_or_other,"Background / non-thermal (NDEP, domestic wells, creeks)",NA,NA,NA,NA
50,Thomas Creek @ North Timberline Drive &[STBT03Thomas-3],803001600.0,NDEP,0,NA,NA,NA,NA,1995-06-13,1995,background_or_other,"Background / non-thermal (NDEP, domestic wells, creeks)",NA,NA,NA,NA
51,Thomas Creek @ North Timberline Drive &[STBT03Thomas-3],807840000.0,NDEP,0,NA,NA,NA,NA,1995-08-08,1995,background_or_other,"Background / non-thermal (NDEP, domestic wells, creeks)",NA,NA,NA,NA
52,Thomas Creek @ North Timberline Drive &[STBT03Thomas-3],813196800.0,NDEP,0,NA,NA,NA,NA,1995-10-09,1995,background_or_other,"Background / non-thermal (NDEP, domestic wells, creeks)",NA,NA,NA,NA
53,Thomas Creek @ North Timberline Drive &[STBT03Thomas-3],820022400.0,NDEP,0,NA,NA,NA,NA,1995-12-27,1995,background_or_other,"Background / non-thermal (NDEP, domestic wells, creeks)",NA,NA,NA,NA
54,Thomas Creek @ North Timberline Drive &[STBT03Thomas-3],824256000.0,NDEP,1,NA,NA,NA,NA,1996-02-14,1996,background_or_other,"Background / non-thermal (NDEP, domestic wells, creeks)",NA,NA,NA,NA
55,Thomas Creek @ North Timberline Drive &[STBT03Thomas-3],829008000.0,NDEP,0,NA,NA,NA,NA,1996-04-09,1996,background_or_other,"Background / non-thermal (NDEP, domestic wells, creeks)",NA,NA,NA,NA
56,Thomas Creek @ North Timberline Drive &[STBT03Thomas-3],835056000.0,NDEP,1,NA,NA,NA,NA,1996-06-18,1996,background_or_other,"Background / non-thermal (NDEP, domestic wells, creeks)",NA,NA,NA,NA
57,Thomas Creek @ North Timberline Drive &[STBT03Thomas-3],839894400.0,NDEP,1,NA,NA,NA,NA,1996-08-13,1996,background_or_other,"Background / non-thermal (NDEP, domestic wells, creeks)",NA,NA,NA,NA
58,Thomas Creek @ North Timberline Drive &[STBT03Thomas-3],844732800.0,NDEP,0,NA,NA,NA,NA,1996-10-08,1996,background_or_other,"Background / non-thermal (NDEP, domestic wells, creeks)",NA,NA,NA,NA
59,Thomas Creek @ North Timberline Drive &[STBT03Thomas-3],850780800.0,NDEP,1,NA,NA,NA,NA,1996-12-17,1996,background_or_other,"Background / non-thermal (NDEP, domestic wells, creeks)",NA,NA,NA,NA
60,Thomas Creek @ North Timberline Drive &[STBT03Thomas-3],855705600.0,NDEP,1,NA,NA,NA,NA,1997-02-12,1997,background_or_other,"Background / non-thermal (NDEP, domestic wells, creeks)",NA,NA,NA,NA
61,Thomas Creek @ North Timberline Drive &[STBT03Thomas-3],860544000.0,NDEP,1,NA,NA,NA,NA,1997-04-09,1997,background_or_other,"Background / non-thermal (NDEP, domestic wells, creeks)",NA,NA,NA,NA
62,Thomas Creek @ North Timberline Drive &[STBT03Thomas-3],865900800.0,NDEP,0,NA,NA,NA,NA,1997-06-10,1997,background_or_other,"Background / non-thermal (NDEP, domestic wells, creeks)",NA,NA,NA,NA
63,Thomas Creek @ North Timberline Drive &[STBT03Thomas-3],871344000.0,NDEP,1,NA,NA,NA,NA,1997-08-12,1997,background_or_other,"Background / non-thermal (NDEP, domestic wells, creeks)",NA,NA,NA,NA
64,Thomas Creek @ North Timberline Drive &[STBT03Thomas-3],877996800.0,NDEP,1,NA,NA,NA,NA,1997-10-28,1997,background_or_other,"Background / non-thermal (NDEP, domestic wells, creeks)",NA,NA,NA,NA
65,Thomas Creek @ North Timberline Drive &[STBT03Thomas-3],882230400.0,NDEP,1,NA,NA,NA,NA,1997-12-16,1997,background_or_other,"Background / non-thermal (NDEP, domestic wells, creeks)",NA,NA,NA,NA
66,Thomas Creek @ North Timberline Drive &[STBT03Thomas-3],887068800.0,NDEP,1,NA,NA,NA,NA,1998-02-10,1998,background_or_other,"Background / non-thermal (NDEP, domestic wells, creeks)",NA,NA,NA,NA
67,Thomas Creek @ North Timberline Drive &[STBT03Thomas-3],892512000.0,NDEP,0,NA,NA,NA,NA,1998-04-14,1998,background_or_other,"Background / non-thermal (NDEP, domestic wells, creeks)",NA,NA,NA,NA
68,Thomas Creek @ North Timberline Drive &[STBT03Thomas-3],897955200.0,NDEP,0,NA,NA,NA,NA,1998-06-16,1998,background_or_other,"Background / non-thermal (NDEP, domestic wells, creeks)",NA,NA,NA,NA
69,Thomas Creek @ North Timberline Drive &[STBT03Thomas-3],902793600.0,NDEP,1,NA,NA,NA,NA,1998-08-11,1998,background_or_other,"Background / non-thermal (NDEP, domestic wells, creeks)",NA,NA,NA,NA
70,Thomas Creek @ North Timberline Drive &[STBT03Thomas-3],908236800.0,NDEP,0.58,NA,NA,NA,NA,1998-10-13,1998,background_or_other,"Background / non-thermal (NDEP, domestic wells, creeks)",NA,NA,NA,NA
71,Thomas Creek @ North Timberline Drive &[STBT03Thomas-3],913680000.0,NDEP,1,NA,NA,NA,NA,1998-12-15,1998,background_or_other,"Background / non-thermal (NDEP, domestic wells, creeks)",NA,NA,NA,NA
72,Thomas Creek @ North Timberline Drive &[STBT03Thomas-3],917913600.0,NDEP,1,100,9,NA,NA,1999-02-02,1999,background_or_other,"Background / non-thermal (NDEP, domestic wells, creeks)",0.01,9,NA,NA
73,Thomas Creek @ North Timberline Drive &[STBT03Thomas-3],923961600.0,NDEP,0,NA,NA,NA,NA,1999-04-13,1999,background_or_other,"Background / non-thermal (NDEP, domestic wells, creeks)",NA,NA,NA,NA
74,Thomas Creek @ North Timberline Drive &[STBT03Thomas-3],929404800.0,NDEP,0,NA,NA,NA,NA,1999-06-15,1999,background_or_other,"Background / non-thermal (NDEP, domestic wells, creeks)",NA,NA,NA,NA
75,Thomas Creek @ North Timberline Drive &[STBT03Thomas-3],934243200.0,NDEP,1,100,8,NA,NA,1999-08-10,1999,background_or_other,"Background / non-thermal (NDEP, domestic wells, creeks)",0.01,8,NA,NA
76,Thomas Creek @ North Timberline Drive &[STBT03Thomas-3],939772800.0,NDEP,1,NA,NA,NA,NA,1999-10-13,1999,background_or_other,"Background / non-thermal (NDEP, domestic wells, creeks)",NA,NA,NA,NA
77,Thomas Creek @ North Timberline Drive &[STBT03Thomas-3],945648000.0,NDEP,1,NA,NA,NA,NA,1999-12-20,1999,background_or_other,"Background / non-thermal (NDEP, domestic wells, creeks)",NA,NA,NA,NA
78,Thomas Creek @ North Timberline Drive &[STBT03Thomas-3],950054400.0,NDEP,1,100,9,NA,NA,2000-02-09,2000,background_or_other,"Background / non-thermal (NDEP, domestic wells, creeks)",0.01,9,NA,NA
79,Thomas Creek @ North Timberline Drive &[STBT03Thomas-3],955324800.0,NDEP,1,NA,NA,NA,NA,2000-04-10,2000,background_or_other,"Background / non-thermal (NDEP, domestic wells, creeks)",NA,NA,NA,NA
80,Thomas Creek @ North Timberline Drive &[STBT03Thomas-3],960854400.0,NDEP,1,NA,NA,NA,NA,2000-06-13,2000,background_or_other,"Background / non-thermal (NDEP, domestic wells, creeks)",NA,NA,NA,NA
81,Thomas Creek @ North Timberline Drive &[STBT03Thomas-3],965692800.0,NDEP,1,100,8,NA,NA,2000-08-08,2000,background_or_other,"Background / non-thermal (NDEP, domestic wells, creeks)",0.01,8,NA,NA
82,Thomas Creek @ North Timberline Drive &[STBT03Thomas-3],971136000.0,NDEP,1,NA,NA,NA,NA,2000-10-10,2000,background_or_other,"Background / non-thermal (NDEP, domestic wells, creeks)",NA,NA,NA,NA
83,Thomas Creek @ North Timberline Drive &[STBT03Thomas-3],977184000.0,NDEP,1,NA,NA,NA,NA,2000-12-19,2000,background_or_other,"Background / non-thermal (NDEP, domestic wells, creeks)",NA,NA,NA,NA
84,Thomas Creek @ North Timberline Drive &[STBT03Thomas-3],986860800.0,NDEP,1,NA,NA,NA,NA,2001-04-10,2001,background_or_other,"Background / non-thermal (NDEP, domestic wells, creeks)",NA,NA,NA,NA
85,Thomas Creek @ North Timberline Drive &[STBT03Thomas-3],992822400.0,NDEP,0,NA,NA,NA,NA,2001-06-18,2001,background_or_other,"Background / non-thermal (NDEP, domestic wells, creeks)",NA,NA,NA,NA
86,Thomas Creek @ North Timberline Drive &[STBT03Thomas-3],997747200.0,NDEP,0,100,6,NA,NA,2001-08-14,2001,background_or_other,"Background / non-thermal (NDEP, domestic wells, creeks)",0,NA,NA,NA
87,Thomas Creek @ North Timberline Drive &[STBT03Thomas-3],1002585600.0,NDEP,0,NA,NA,NA,NA,2001-10-09,2001,background_or_other,"Background / non-thermal (NDEP, domestic wells, creeks)",NA,NA,NA,NA
88,Thomas Creek @ North Timberline Drive &[STBT03Thomas-3],1012867200.0,NDEP,1,100,8,NA,NA,2002-02-05,2002,background_or_other,"Background / non-thermal (NDEP, domestic wells, creeks)",0.01,8,NA,NA
89,Thomas Creek @ North Timberline Drive &[STBT03Thomas-3],1018396800.0,NDEP,1,NA,NA,NA,NA,2002-04-10,2002,background_or_other,"Background / non-thermal (NDEP, domestic wells, creeks)",NA,NA,NA,NA
90,Thomas Creek @ North Timberline Drive &[STBT03Thomas-3],1023148800.0,NDEP,1,NA,NA,NA,NA,2002-06-04,2002,background_or_other,"Background / non-thermal (NDEP, domestic wells, creeks)",NA,NA,NA,NA
91,Thomas Creek @ North Timberline Drive &[STBT03Thomas-3],1086912000.0,NDEP,5,NA,8,NA,NA,2004-06-11,2004,background_or_other,"Background / non-thermal (NDEP, domestic wells, creeks)",NA,1.6,NA,NA
92,Thomas Creek @ North Timberline Drive &[STBT03Thomas-3],1095638400.0,NDEP,5,NA,NA,NA,NA,2004-09-20,2004,background_or_other,"Background / non-thermal (NDEP, domestic wells, creeks)",NA,NA,NA,NA
93,Thomas Creek @ North Timberline Drive &[STBT03Thomas-3],1106611200.0,NDEP,5,NA,NA,NA,NA,2005-01-25,2005,background_or_other,"Background / non-thermal (NDEP, domestic wells, creeks)",NA,NA,NA,NA
94,Thomas Creek @ North Timberline Drive &[STBT03Thomas-3],1112227200.0,NDEP,5,NA,10,NA,NA,2005-03-31,2005,background_or_other,"Background / non-thermal (NDEP, domestic wells, creeks)",NA,2,NA,NA
95,Thomas Creek @ North Timberline Drive &[STBT03Thomas-3],1121126400.0,NDEP,5,NA,NA,NA,NA,2005-07-12,2005,background_or_other,"Background / non-thermal (NDEP, domestic wells, creeks)",NA,NA,NA,NA
96,Thomas Creek @ North Timberline Drive &[STBT03Thomas-3],1127174400.0,NDEP,5,NA,7,NA,NA,2005-09-20,2005,background_or_other,"Background / non-thermal (NDEP, domestic wells, creeks)",NA,1.4,NA,NA
97,Thomas Creek @ North Timberline Drive &[STBT03Thomas-3],1135036800.0,NDEP,5,NA,NA,NA,NA,2005-12-20,2005,background_or_other,"Background / non-thermal (NDEP, domestic wells, creeks)",NA,NA,NA,NA
98,Thomas Creek @ North Timberline Drive &[STBT03Thomas-3],1150761600.0,NDEP,5,NA,5,NA,NA,2006-06-20,2006,background_or_other,"Background / non-thermal (NDEP, domestic wells, creeks)",NA,1,NA,NA
99,Thomas Creek @ North Timberline Drive &[STBT03Thomas-3],1155686400.0,NDEP,5,NA,NA,NA,NA,2006-08-16,2006,background_or_other,"Background / non-thermal (NDEP, domestic wells, creeks)",NA,NA,NA,NA
100,Thomas Creek @ North Timberline Drive &[STBT03Thomas-3],1165795200.0,NDEP,5,NA,NA,NA,NA,2006-12-11,2006,background_or_other,"Background / non-thermal (NDEP, domestic wells, creeks)",NA,NA,NA,NA
101,Thomas Creek @ North Timberline Drive &[STBT03Thomas-3],1174348800.0,NDEP,5,NA,5,NA,NA,2007-03-20,2007,background_or_other,"Background / non-thermal (NDEP, domestic wells, creeks)",NA,1,NA,NA
102,Thomas Creek @ North Timberline Drive &[STBT03Thomas-3],1181606400.0,NDEP,5,NA,NA,NA,NA,2007-06-12,2007,background_or_other,"Background / non-thermal (NDEP, domestic wells, creeks)",NA,NA,NA,NA
103,Thomas Creek @ North Timberline Drive &[STBT03Thomas-3],1189468800.0,NDEP,5,NA,5,NA,NA,2007-09-11,2007,background_or_other,"Background / non-thermal (NDEP, domestic wells, creeks)",NA,1,NA,NA
104,Thomas Creek @ North Timberline Drive &[STBT03Thomas-3],1197849600.0,NDEP,5,NA,NA,NA,NA,2007-12-17,2007,background_or_other,"Background / non-thermal (NDEP, domestic wells, creeks)",NA,NA,NA,NA
105,Thomas Creek @ North Timberline Drive &[STBT03Thomas-3],1223942400.0,NDEP,5,NA,5,NA,NA,2008-10-14,2008,background_or_other,"Background / non-thermal (NDEP, domestic wells, creeks)",NA,1,NA,NA
106,Thomas Creek @ North Timberline Drive &[STBT03Thomas-3],1237852800.0,NDEP,5,NA,NA,NA,NA,2009-03-24,2009,background_or_other,"Background / non-thermal (NDEP, domestic wells, creeks)",NA,NA,NA,NA
107,Thomas Creek @ North Timberline Drive &[STBT03Thomas-3],1242777600.0,NDEP,5,NA,5,NA,NA,2009-05-20,2009,background_or_other,"Background / non-thermal (NDEP, domestic wells, creeks)",NA,1,NA,NA
108,Thomas Creek @ North Timberline Drive &[STBT03Thomas-3],1246924800.0,NDEP,5,NA,NA,NA,NA,2009-07-07,2009,background_or_other,"Background / non-thermal (NDEP, domestic wells, creeks)",NA,NA,NA,NA
109,Thomas Creek @ North Timberline Drive &[STBT03Thomas-3],1255996800.0,NDEP,5,NA,6,NA,NA,2009-10-20,2009,background_or_other,"Background / non-thermal (NDEP, domestic wells, creeks)",NA,1.2,NA,NA
110,Thomas Creek @ North Timberline Drive &[STBT03Thomas-3],1266883200.0,NDEP,5,NA,NA,NA,NA,2010-02-23,2010,background_or_other,"Background / non-thermal (NDEP, domestic wells, creeks)",NA,NA,NA,NA
111,Thomas Creek @ North Timberline Drive &[STBT03Thomas-3],1281916800.0,NDEP,5,NA,5,NA,NA,2010-08-16,2010,background_or_other,"Background / non-thermal (NDEP, domestic wells, creeks)",NA,1,NA,NA
112,Thomas Creek @ North Timberline Drive &[STBT03Thomas-3],1596067200.0,NDEP,0.49,4.4,5,18,44000,2020-07-30,2020,background_or_other,"Background / non-thermal (NDEP, domestic wells, creeks)",0.11136363636363636,10.204081632653061,36.734693877551024,89795.91836734694
114,North Fork Whites Creek @ West Zolezzi Lane,912729600.0,NDEP,1,NA,NA,NA,NA,1998-12-04,1998,background_or_other,"Background / non-thermal (NDEP, domestic wells, creeks)",NA,NA,NA,NA
115,North Fork Whites Creek @ West Zolezzi Lane,921801600.0,NDEP,0,NA,NA,NA,NA,1999-03-19,1999,background_or_other,"Background / non-thermal (NDEP, domestic wells, creeks)",NA,NA,NA,NA
116,North Fork Whites Creek @ West Zolezzi Lane,929577600.0,NDEP,0,100,5,NA,NA,1999-06-17,1999,background_or_other,"Background / non-thermal (NDEP, domestic wells, creeks)",0,NA,NA,NA
117,North Fork Whites Creek @ West Zolezzi Lane,942192000.0,NDEP,1,NA,NA,NA,NA,1999-11-10,1999,background_or_other,"Background / non-thermal (NDEP, domestic wells, creeks)",NA,NA,NA,NA
118,North Fork Whites Creek @ West Zolezzi Lane,956188800.0,NDEP,0,NA,NA,NA,NA,2000-04-20,2000,background_or_other,"Background / non-thermal (NDEP, domestic wells, creeks)",NA,NA,NA,NA
119,North Fork Whites Creek @ West Zolezzi Lane,979776000.0,NDEP,1,NA,NA,NA,NA,2001-01-18,2001,background_or_other,"Background / non-thermal (NDEP, domestic wells, creeks)",NA,NA,NA,NA
120,North Fork Whites Creek @ West Zolezzi Lane,986256000.0,NDEP,0,NA,NA,NA,NA,2001-04-03,2001,background_or_other,"Background / non-thermal (NDEP, domestic wells, creeks)",NA,NA,NA,NA
121,North Fork Whites Creek @ West Zolezzi Lane,992476800.0,NDEP,0,100,7,NA,NA,2001-06-14,2001,background_or_other,"Background / non-thermal (NDEP, domestic wells, creeks)",0,NA,NA,NA
122,North Fork Whites Creek @ West Zolezzi Lane,1000339200.0,NDEP,2,NA,NA,NA,NA,2001-09-13,2001,background_or_other,"Background / non-thermal (NDEP, domestic wells, creeks)",NA,NA,NA,NA
123,North Fork Whites Creek @ West Zolezzi Lane,1008806400.0,NDEP,1,NA,NA,NA,NA,2001-12-20,2001,background_or_other,"Background / non-thermal (NDEP, domestic wells, creeks)",NA,NA,NA,NA
124,North Fork Whites Creek @ West Zolezzi Lane,1017878400.0,NDEP,1,NA,NA,NA,NA,2002-04-04,2002,background_or_other,"Background / non-thermal (NDEP, domestic wells, creeks)",NA,NA,NA,NA
125,Steamboat Creek @ Pleasant Valley &[STBT02Stbt-2],561772800.0,NDEP,2,NA,NA,NA,NA,1987-10-21,1987,background_or_other,"Background / non-thermal (NDEP, domestic wells, creeks)",NA,NA,NA,NA
126,Steamboat Creek @ Pleasant Valley &[STBT02Stbt-2],565315200.0,NDEP,3,NA,NA,NA,NA,1987-12-01,1987,background_or_other,"Background / non-thermal (NDEP, domestic wells, creeks)",NA,NA,NA,NA
127,Steamboat Creek @ Pleasant Valley &[STBT02Stbt-2],570758400.0,NDEP,5,NA,NA,NA,NA,1988-02-02,1988,background_or_other,"Background / non-thermal (NDEP, domestic wells, creeks)",NA,NA,NA,NA
128,Steamboat Creek @ Pleasant Valley &[STBT02Stbt-2],576288000.0,NDEP,1,NA,NA,NA,NA,1988-04-06,1988,background_or_other,"Background / non-thermal (NDEP, domestic wells, creeks)",NA,NA,NA,NA
129,Steamboat Creek @ Pleasant Valley &[STBT02Stbt-2],582249600.0,NDEP,4,NA,NA,NA,NA,1988-06-14,1988,background_or_other,"Background / non-thermal (NDEP, domestic wells, creeks)",NA,NA,NA,NA
130,Steamboat Creek @ Pleasant Valley &[STBT02Stbt-2],586483200.0,NDEP,7,NA,NA,NA,NA,1988-08-02,1988,background_or_other,"Background / non-thermal (NDEP, domestic wells, creeks)",NA,NA,NA,NA
131,Steamboat Creek @ Pleasant Valley &[STBT02Stbt-2],592012800.0,NDEP,4,NA,NA,NA,NA,1988-10-05,1988,background_or_other,"Background / non-thermal (NDEP, domestic wells, creeks)",NA,NA,NA,NA
132,Steamboat Creek @ Pleasant Valley &[STBT02Stbt-2],597456000.0,NDEP,8,NA,NA,NA,NA,1988-12-07,1988,background_or_other,"Background / non-thermal (NDEP, domestic wells, creeks)",NA,NA,NA,NA
133,Steamboat Creek @ Pleasant Valley &[STBT02Stbt-2],602294400.0,NDEP,8,NA,NA,NA,NA,1989-02-01,1989,background_or_other,"Background / non-thermal (NDEP, domestic wells, creeks)",NA,NA,NA,NA
134,Steamboat Creek @ Pleasant Valley &[STBT02Stbt-2],607737600.0,NDEP,10,NA,NA,NA,NA,1989-04-05,1989,background_or_other,"Background / non-thermal (NDEP, domestic wells, creeks)",NA,NA,NA,NA
135,Steamboat Creek @ Pleasant Valley &[STBT02Stbt-2],613094400.0,NDEP,11,NA,NA,NA,NA,1989-06-06,1989,background_or_other,"Background / non-thermal (NDEP, domestic wells, creeks)",NA,NA,NA,NA
136,Steamboat Creek @ Pleasant Valley &[STBT02Stbt-2],617932800.0,NDEP,7,NA,NA,NA,NA,1989-08-01,1989,background_or_other,"Background / non-thermal (NDEP, domestic wells, creeks)",NA,NA,NA,NA
137,Steamboat Creek @ Pleasant Valley &[STBT02Stbt-2],623548800.0,NDEP,5,NA,NA,NA,NA,1989-10-05,1989,background_or_other,"Background / non-thermal (NDEP, domestic wells, creeks)",NA,NA,NA,NA
138,Steamboat Creek @ Pleasant Valley &[STBT02Stbt-2],628819200.0,NDEP,5,NA,NA,NA,NA,1989-12-05,1989,background_or_other,"Background / non-thermal (NDEP, domestic wells, creeks)",NA,NA,NA,NA
139,Steamboat Creek @ Pleasant Valley &[STBT02Stbt-2],634953600.0,NDEP,7,NA,NA,NA,NA,1990-02-14,1990,background_or_other,"Background / non-thermal (NDEP, domestic wells, creeks)",NA,NA,NA,NA
140,Steamboat Creek @ Pleasant Valley &[STBT02Stbt-2],639705600.0,NDEP,4,NA,NA,NA,NA,1990-04-10,1990,background_or_other,"Background / non-thermal (NDEP, domestic wells, creeks)",NA,NA,NA,NA
141,Steamboat Creek @ Pleasant Valley &[STBT02Stbt-2],644544000.0,NDEP,6,NA,NA,NA,NA,1990-06-05,1990,background_or_other,"Background / non-thermal (NDEP, domestic wells, creeks)",NA,NA,NA,NA
142,Steamboat Creek @ Pleasant Valley &[STBT02Stbt-2],649987200.0,NDEP,4,NA,NA,NA,NA,1990-08-07,1990,background_or_other,"Background / non-thermal (NDEP, domestic wells, creeks)",NA,NA,NA,NA
143,Steamboat Creek @ Pleasant Valley &[STBT02Stbt-2],655430400.0,NDEP,7,NA,NA,NA,NA,1990-10-09,1990,background_or_other,"Background / non-thermal (NDEP, domestic wells, creeks)",NA,NA,NA,NA
144,Steamboat Creek @ Pleasant Valley &[STBT02Stbt-2],660268800.0,NDEP,6,NA,NA,NA,NA,1990-12-04,1990,background_or_other,"Background / non-thermal (NDEP, domestic wells, creeks)",NA,NA,NA,NA
145,Steamboat Creek @ Pleasant Valley &[STBT02Stbt-2],665712000.0,NDEP,7,NA,NA,NA,NA,1991-02-05,1991,background_or_other,"Background / non-thermal (NDEP, domestic wells, creeks)",NA,NA,NA,NA
146,Steamboat Creek @ Pleasant Valley &[STBT02Stbt-2],671155200.0,NDEP,7,NA,NA,NA,NA,1991-04-09,1991,background_or_other,"Background / non-thermal (NDEP, domestic wells, creeks)",NA,NA,NA,NA
147,Steamboat Creek @ Pleasant Valley &[STBT02Stbt-2],676080000.0,NDEP,5,NA,NA,NA,NA,1991-06-05,1991,background_or_other,"Background / non-thermal (NDEP, domestic wells, creeks)",NA,NA,NA,NA
148,Steamboat Creek @ Pleasant Valley &[STBT02Stbt-2],682128000.0,NDEP,5,NA,NA,NA,NA,1991-08-14,1991,background_or_other,"Background / non-thermal (NDEP, domestic wells, creeks)",NA,NA,NA,NA
149,Steamboat Creek @ Pleasant Valley &[STBT02Stbt-2],687571200.0,NDEP,5,NA,NA,NA,NA,1991-10-16,1991,background_or_other,"Background / non-thermal (NDEP, domestic wells, creeks)",NA,NA,NA,NA
150,Steamboat Creek @ Pleasant Valley &[STBT02Stbt-2],691718400.0,NDEP,4,NA,NA,NA,NA,1991-12-03,1991,background_or_other,"Background / non-thermal (NDEP, domestic wells, creeks)",NA,NA,NA,NA
151,Steamboat Creek @ Pleasant Valley &[STBT02Stbt-2],697161600.0,NDEP,9,NA,NA,NA,NA,1992-02-04,1992,background_or_other,"Background / non-thermal (NDEP, domestic wells, creeks)",NA,NA,NA,NA
152,Steamboat Creek @ Pleasant Valley &[STBT02Stbt-2],702604800.0,NDEP,5,NA,NA,NA,NA,1992-04-07,1992,background_or_other,"Background / non-thermal (NDEP, domestic wells, creeks)",NA,NA,NA,NA
153,Steamboat Creek @ Pleasant Valley &[STBT02Stbt-2],707443200.0,NDEP,5,NA,NA,NA,NA,1992-06-02,1992,background_or_other,"Background / non-thermal (NDEP, domestic wells, creeks)",NA,NA,NA,NA
154,Steamboat Creek @ Pleasant Valley &[STBT02Stbt-2],713491200.0,NDEP,2,NA,NA,NA,NA,1992-08-11,1992,background_or_other,"Background / non-thermal (NDEP, domestic wells, creeks)",NA,NA,NA,NA
155,Steamboat Creek @ Pleasant Valley &[STBT02Stbt-2],718934400.0,NDEP,0,NA,NA,NA,NA,1992-10-13,1992,background_or_other,"Background / non-thermal (NDEP, domestic wells, creeks)",NA,NA,NA,NA
156,Steamboat Creek @ Pleasant Valley &[STBT02Stbt-2],724377600.0,NDEP,3,NA,NA,NA,NA,1992-12-15,1992,background_or_other,"Background / non-thermal (NDEP, domestic wells, creeks)",NA,NA,NA,NA
157,Steamboat Creek @ Pleasant Valley &[STBT02Stbt-2],729216000.0,NDEP,9,NA,NA,NA,NA,1993-02-09,1993,background_or_other,"Background / non-thermal (NDEP, domestic wells, creeks)",NA,NA,NA,NA
158,Steamboat Creek @ Pleasant Valley &[STBT02Stbt-2],734659200.0,NDEP,8,NA,NA,NA,NA,1993-04-13,1993,background_or_other,"Background / non-thermal (NDEP, domestic wells, creeks)",NA,NA,NA,NA
159,Steamboat Creek @ Pleasant Valley &[STBT02Stbt-2],736473600.0,NDEP,5,NA,NA,NA,NA,1993-05-04,1993,background_or_other,"Background / non-thermal (NDEP, domestic wells, creeks)",NA,NA,NA,NA
160,Steamboat Creek @ Pleasant Valley &[STBT02Stbt-2],739497600.0,NDEP,5,NA,NA,NA,NA,1993-06-08,1993,background_or_other,"Background / non-thermal (NDEP, domestic wells, creeks)",NA,NA,NA,NA
161,Steamboat Creek @ Pleasant Valley &[STBT02Stbt-2],742003200.0,NDEP,2,NA,NA,NA,NA,1993-07-07,1993,background_or_other,"Background / non-thermal (NDEP, domestic wells, creeks)",NA,NA,NA,NA
162,Steamboat Creek @ Pleasant Valley &[STBT02Stbt-2],744940800.0,NDEP,1,NA,NA,NA,NA,1993-08-10,1993,background_or_other,"Background / non-thermal (NDEP, domestic wells, creeks)",NA,NA,NA,NA
163,Steamboat Creek @ Pleasant Valley &[STBT02Stbt-2],747446400.0,NDEP,2,NA,NA,NA,NA,1993-09-08,1993,background_or_other,"Background / non-thermal (NDEP, domestic wells, creeks)",NA,NA,NA,NA
164,Steamboat Creek @ Pleasant Valley &[STBT02Stbt-2],749865600.0,NDEP,5,NA,NA,NA,NA,1993-10-06,1993,background_or_other,"Background / non-thermal (NDEP, domestic wells, creeks)",NA,NA,NA,NA
165,Steamboat Creek @ Pleasant Valley &[STBT02Stbt-2],755222400.0,NDEP,2,NA,NA,NA,NA,1993-12-07,1993,background_or_other,"Background / non-thermal (NDEP, domestic wells, creeks)",NA,NA,NA,NA
166,Steamboat Creek @ Pleasant Valley &[STBT02Stbt-2],760665600.0,NDEP,15,NA,NA,NA,NA,1994-02-08,1994,background_or_other,"Background / non-thermal (NDEP, domestic wells, creeks)",NA,NA,NA,NA
167,Steamboat Creek @ Pleasant Valley &[STBT02Stbt-2],766108800.0,NDEP,2,NA,NA,NA,NA,1994-04-12,1994,background_or_other,"Background / non-thermal (NDEP, domestic wells, creeks)",NA,NA,NA,NA
168,Steamboat Creek @ Pleasant Valley &[STBT02Stbt-2],770947200.0,NDEP,2,NA,NA,NA,NA,1994-06-07,1994,background_or_other,"Background / non-thermal (NDEP, domestic wells, creeks)",NA,NA,NA,NA
169,Steamboat Creek @ Pleasant Valley &[STBT02Stbt-2],776995200.0,NDEP,2,NA,NA,NA,NA,1994-08-16,1994,background_or_other,"Background / non-thermal (NDEP, domestic wells, creeks)",NA,NA,NA,NA
170,Steamboat Creek @ Pleasant Valley &[STBT02Stbt-2],781833600.0,NDEP,1,NA,NA,NA,NA,1994-10-11,1994,background_or_other,"Background / non-thermal (NDEP, domestic wells, creeks)",NA,NA,NA,NA
171,Steamboat Creek @ Pleasant Valley &[STBT02Stbt-2],787363200.0,NDEP,5,NA,NA,NA,NA,1994-12-14,1994,background_or_other,"Background / non-thermal (NDEP, domestic wells, creeks)",NA,NA,NA,NA
172,Steamboat Creek @ Pleasant Valley &[STBT02Stbt-2],792806400.0,NDEP,8,NA,NA,NA,NA,1995-02-15,1995,background_or_other,"Background / non-thermal (NDEP, domestic wells, creeks)",NA,NA,NA,NA
173,Steamboat Creek @ Pleasant Valley &[STBT02Stbt-2],797558400.0,NDEP,7,NA,NA,NA,NA,1995-04-11,1995,background_or_other,"Background / non-thermal (NDEP, domestic wells, creeks)",NA,NA,NA,NA
174,Steamboat Creek @ Pleasant Valley &[STBT02Stbt-2],803001600.0,NDEP,5,NA,NA,NA,NA,1995-06-13,1995,background_or_other,"Background / non-thermal (NDEP, domestic wells, creeks)",NA,NA,NA,NA
175,Steamboat Creek @ Pleasant Valley &[STBT02Stbt-2],807840000.0,NDEP,4,NA,NA,NA,NA,1995-08-08,1995,background_or_other,"Background / non-thermal (NDEP, domestic wells, creeks)",NA,NA,NA,NA
176,Steamboat Creek @ Pleasant Valley &[STBT02Stbt-2],813196800.0,NDEP,0,NA,NA,NA,NA,1995-10-09,1995,background_or_other,"Background / non-thermal (NDEP, domestic wells, creeks)",NA,NA,NA,NA
177,Steamboat Creek @ Pleasant Valley &[STBT02Stbt-2],820022400.0,NDEP,6,NA,NA,NA,NA,1995-12-27,1995,background_or_other,"Background / non-thermal (NDEP, domestic wells, creeks)",NA,NA,NA,NA
178,Steamboat Creek @ Pleasant Valley &[STBT02Stbt-2],824256000.0,NDEP,8,NA,NA,NA,NA,1996-02-14,1996,background_or_other,"Background / non-thermal (NDEP, domestic wells, creeks)",NA,NA,NA,NA
179,Steamboat Creek @ Pleasant Valley &[STBT02Stbt-2],829008000.0,NDEP,16,NA,NA,NA,NA,1996-04-09,1996,background_or_other,"Background / non-thermal (NDEP, domestic wells, creeks)",NA,NA,NA,NA
180,Steamboat Creek @ Pleasant Valley &[STBT02Stbt-2],835056000.0,NDEP,12,NA,NA,NA,NA,1996-06-18,1996,background_or_other,"Background / non-thermal (NDEP, domestic wells, creeks)",NA,NA,NA,NA
181,Steamboat Creek @ Pleasant Valley &[STBT02Stbt-2],839894400.0,NDEP,9,NA,NA,NA,NA,1996-08-13,1996,background_or_other,"Background / non-thermal (NDEP, domestic wells, creeks)",NA,NA,NA,NA
182,Steamboat Creek @ Pleasant Valley &[STBT02Stbt-2],844732800.0,NDEP,14,NA,NA,NA,NA,1996-10-08,1996,background_or_other,"Background / non-thermal (NDEP, domestic wells, creeks)",NA,NA,NA,NA
183,Steamboat Creek @ Pleasant Valley &[STBT02Stbt-2],850780800.0,NDEP,11,NA,NA,NA,NA,1996-12-17,1996,background_or_other,"Background / non-thermal (NDEP, domestic wells, creeks)",NA,NA,NA,NA
184,Steamboat Creek @ Pleasant Valley &[STBT02Stbt-2],855705600.0,NDEP,10,NA,NA,NA,NA,1997-02-12,1997,background_or_other,"Background / non-thermal (NDEP, domestic wells, creeks)",NA,NA,NA,NA
185,Steamboat Creek @ Pleasant Valley &[STBT02Stbt-2],860544000.0,NDEP,11,NA,NA,NA,NA,1997-04-09,1997,background_or_other,"Background / non-thermal (NDEP, domestic wells, creeks)",NA,NA,NA,NA
186,Steamboat Creek @ Pleasant Valley &[STBT02Stbt-2],865900800.0,NDEP,9,NA,NA,NA,NA,1997-06-10,1997,background_or_other,"Background / non-thermal (NDEP, domestic wells, creeks)",NA,NA,NA,NA
187,Steamboat Creek @ Pleasant Valley &[STBT02Stbt-2],871344000.0,NDEP,10,NA,NA,NA,NA,1997-08-12,1997,background_or_other,"Background / non-thermal (NDEP, domestic wells, creeks)",NA,NA,NA,NA
188,Steamboat Creek @ Pleasant Valley &[STBT02Stbt-2],877996800.0,NDEP,7,NA,NA,NA,NA,1997-10-28,1997,background_or_other,"Background / non-thermal (NDEP, domestic wells, creeks)",NA,NA,NA,NA
189,Steamboat Creek @ Pleasant Valley &[STBT02Stbt-2],882230400.0,NDEP,6,NA,NA,NA,NA,1997-12-16,1997,background_or_other,"Background / non-thermal (NDEP, domestic wells, creeks)",NA,NA,NA,NA
190,Steamboat Creek @ Pleasant Valley &[STBT02Stbt-2],887068800.0,NDEP,15,NA,NA,NA,NA,1998-02-10,1998,background_or_other,"Background / non-thermal (NDEP, domestic wells, creeks)",NA,NA,NA,NA
191,Steamboat Creek @ Pleasant Valley &[STBT02Stbt-2],892512000.0,NDEP,12,NA,NA,NA,NA,1998-04-14,1998,background_or_other,"Background / non-thermal (NDEP, domestic wells, creeks)",NA,NA,NA,NA
192,Steamboat Creek @ Pleasant Valley &[STBT02Stbt-2],897955200.0,NDEP,13,NA,NA,NA,NA,1998-06-16,1998,background_or_other,"Background / non-thermal (NDEP, domestic wells, creeks)",NA,NA,NA,NA
193,Steamboat Creek @ Pleasant Valley &[STBT02Stbt-2],902793600.0,NDEP,12,NA,NA,NA,NA,1998-08-11,1998,background_or_other,"Background / non-thermal (NDEP, domestic wells, creeks)",NA,NA,NA,NA
194,Steamboat Creek @ Pleasant Valley &[STBT02Stbt-2],908236800.0,NDEP,13,NA,NA,NA,NA,1998-10-13,1998,background_or_other,"Background / non-thermal (NDEP, domestic wells, creeks)",NA,NA,NA,NA
195,Steamboat Creek @ Pleasant Valley &[STBT02Stbt-2],913680000.0,NDEP,8,NA,NA,NA,NA,1998-12-15,1998,background_or_other,"Background / non-thermal (NDEP, domestic wells, creeks)",NA,NA,NA,NA
196,Steamboat Creek @ Pleasant Valley &[STBT02Stbt-2],917913600.0,NDEP,13,100,29,NA,NA,1999-02-02,1999,background_or_other,"Background / non-thermal (NDEP, domestic wells, creeks)",0.13,2.230769230769231,NA,NA
197,Steamboat Creek @ Pleasant Valley &[STBT02Stbt-2],923961600.0,NDEP,12,NA,NA,NA,NA,1999-04-13,1999,background_or_other,"Background / non-thermal (NDEP, domestic wells, creeks)",NA,NA,NA,NA
198,Steamboat Creek @ Pleasant Valley &[STBT02Stbt-2],929404800.0,NDEP,12,NA,NA,NA,NA,1999-06-15,1999,background_or_other,"Background / non-thermal (NDEP, domestic wells, creeks)",NA,NA,NA,NA
199,Steamboat Creek @ Pleasant Valley &[STBT02Stbt-2],934243200.0,NDEP,14,100,39,NA,NA,1999-08-10,1999,background_or_other,"Background / non-thermal (NDEP, domestic wells, creeks)",0.14,2.7857142857142856,NA,NA
200,Steamboat Creek @ Pleasant Valley &[STBT02Stbt-2],939772800.0,NDEP,14,NA,NA,NA,NA,1999-10-13,1999,background_or_other,"Background / non-thermal (NDEP, domestic wells, creeks)",NA,NA,NA,NA
201,Steamboat Creek @ Pleasant Valley &[STBT02Stbt-2],945648000.0,NDEP,10,NA,NA,NA,NA,1999-12-20,1999,background_or_other,"Background / non-thermal (NDEP, domestic wells, creeks)",NA,NA,NA,NA
202,Steamboat Creek @ Pleasant Valley &[STBT02Stbt-2],950054400.0,NDEP,9,100,33,NA,NA,2000-02-09,2000,background_or_other,"Background / non-thermal (NDEP, domestic wells, creeks)",0.09,3.6666666666666665,NA,NA
203,Steamboat Creek @ Pleasant Valley &[STBT02Stbt-2],955324800.0,NDEP,15,NA,NA,NA,NA,2000-04-10,2000,background_or_other,"Background / non-thermal (NDEP, domestic wells, creeks)",NA,NA,NA,NA
204,Steamboat Creek @ Pleasant Valley &[STBT02Stbt-2],960854400.0,NDEP,12,NA,NA,NA,NA,2000-06-13,2000,background_or_other,"Background / non-thermal (NDEP, domestic wells, creeks)",NA,NA,NA,NA
205,Steamboat Creek @ Pleasant Valley &[STBT02Stbt-2],965692800.0,NDEP,24,100,59,NA,NA,2000-08-08,2000,background_or_other,"Background / non-thermal (NDEP, domestic wells, creeks)",0.24,2.4583333333333335,NA,NA
206,Steamboat Creek @ Pleasant Valley &[STBT02Stbt-2],971136000.0,NDEP,10,NA,NA,NA,NA,2000-10-10,2000,background_or_other,"Background / non-thermal (NDEP, domestic wells, creeks)",NA,NA,NA,NA
207,Steamboat Creek @ Pleasant Valley &[STBT02Stbt-2],977184000.0,NDEP,10,NA,NA,NA,NA,2000-12-19,2000,background_or_other,"Background / non-thermal (NDEP, domestic wells, creeks)",NA,NA,NA,NA
208,Steamboat Creek @ Pleasant Valley &[STBT02Stbt-2],982022400.0,NDEP,11,100,32,NA,NA,2001-02-13,2001,background_or_other,"Background / non-thermal (NDEP, domestic wells, creeks)",0.11,2.909090909090909,NA,NA
209,Steamboat Creek @ Pleasant Valley &[STBT02Stbt-2],986860800.0,NDEP,8,NA,NA,NA,NA,2001-04-10,2001,background_or_other,"Background / non-thermal (NDEP, domestic wells, creeks)",NA,NA,NA,NA
210,Steamboat Creek @ Pleasant Valley &[STBT02Stbt-2],992822400.0,NDEP,11,NA,NA,NA,NA,2001-06-18,2001,background_or_other,"Background / non-thermal (NDEP, domestic wells, creeks)",NA,NA,NA,NA
211,Steamboat Creek @ Pleasant Valley &[STBT02Stbt-2],997747200.0,NDEP,9,100,34,NA,NA,2001-08-14,2001,background_or_other,"Background / non-thermal (NDEP, domestic wells, creeks)",0.09,3.7777777777777777,NA,NA
212,Steamboat Creek @ Pleasant Valley &[STBT02Stbt-2],1002585600.0,NDEP,8,NA,NA,NA,NA,2001-10-09,2001,background_or_other,"Background / non-thermal (NDEP, domestic wells, creeks)",NA,NA,NA,NA
213,Steamboat Creek @ Pleasant Valley &[STBT02Stbt-2],1012867200.0,NDEP,7,100,30,NA,NA,2002-02-05,2002,background_or_other,"Background / non-thermal (NDEP, domestic wells, creeks)",0.07,4.285714285714286,NA,NA
214,Steamboat Creek @ Pleasant Valley &[STBT02Stbt-2],1018396800.0,NDEP,6,NA,NA,NA,NA,2002-04-10,2002,background_or_other,"Background / non-thermal (NDEP, domestic wells, creeks)",NA,NA,NA,NA
215,Steamboat Creek @ Pleasant Valley &[STBT02Stbt-2],1023148800.0,NDEP,12,NA,NA,NA,NA,2002-06-04,2002,background_or_other,"Background / non-thermal (NDEP, domestic wells, creeks)",NA,NA,NA,NA
216,Steamboat Creek @ Pleasant Valley &[STBT02Stbt-2],1086652800.0,NDEP,12,NA,29,NA,NA,2004-06-08,2004,background_or_other,"Background / non-thermal (NDEP, domestic wells, creeks)",NA,2.4166666666666665,NA,NA
217,Steamboat Creek @ Pleasant Valley &[STBT02Stbt-2],1395273600.0,NDEP,7.62,NA,21,NA,NA,2014-03-20,2014,background_or_other,"Background / non-thermal (NDEP, domestic wells, creeks)",NA,2.7559055118110236,NA,NA
218,Steamboat Creek @ Pleasant Valley &[STBT02Stbt-2],1412121600.0,NDEP,6,NA,23,NA,NA,2014-10-01,2014,background_or_other,"Background / non-thermal (NDEP, domestic wells, creeks)",NA,3.8333333333333335,NA,NA
219,Steamboat Creek @ Pleasant Valley &[STBT02Stbt-2],1416787200.0,NDEP,8,NA,21,NA,NA,2014-11-24,2014,background_or_other,"Background / non-thermal (NDEP, domestic wells, creeks)",NA,2.625,NA,NA
220,Steamboat Creek @ Pleasant Valley &[STBT02Stbt-2],1421712000.0,NDEP,12.51,NA,21,NA,NA,2015-01-20,2015,background_or_other,"Background / non-thermal (NDEP, domestic wells, creeks)",NA,1.6786570743405276,NA,NA
221,Steamboat Creek @ Pleasant Valley &[STBT02Stbt-2],1429488000.0,NDEP,15.64,NA,20,NA,NA,2015-04-20,2015,background_or_other,"Background / non-thermal (NDEP, domestic wells, creeks)",NA,1.278772378516624,NA,NA
222,Steamboat Creek @ Pleasant Valley &[STBT02Stbt-2],1443398400.0,NDEP,NA,NA,24,NA,NA,2015-09-28,2015,background_or_other,"Background / non-thermal (NDEP, domestic wells, creeks)",NA,NA,NA,NA
223,Steamboat Creek @ Pleasant Valley &[STBT02Stbt-2],1443398400.0,NDEP,5,NA,NA,NA,NA,2015-09-28,2015,background_or_other,"Background / non-thermal (NDEP, domestic wells, creeks)",NA,NA,NA,NA
224,Steamboat Creek @ Pleasant Valley &[STBT02Stbt-2],1450224000.0,NDEP,19.22,NA,27,NA,NA,2015-12-16,2015,background_or_other,"Background / non-thermal (NDEP, domestic wells, creeks)",NA,1.4047866805411031,NA,NA
225,Steamboat Creek @ Pleasant Valley &[STBT02Stbt-2],1465171200.0,NDEP,13.84,NA,16,NA,NA,2016-06-06,2016,background_or_other,"Background / non-thermal (NDEP, domestic wells, creeks)",NA,1.1560693641618498,NA,NA
226,Steamboat Creek @ Pleasant Valley &[STBT02Stbt-2],1472515200.0,NDEP,6,NA,20,NA,NA,2016-08-30,2016,background_or_other,"Background / non-thermal (NDEP, domestic wells, creeks)",NA,3.3333333333333335,NA,NA
227,Steamboat Creek @ Pleasant Valley &[STBT02Stbt-2],1479340800.0,NDEP,7,NA,22,NA,NA,2016-11-17,2016,background_or_other,"Background / non-thermal (NDEP, domestic wells, creeks)",NA,3.142857142857143,NA,NA
228,Steamboat Creek @ Pleasant Valley &[STBT02Stbt-2],1484784000.0,NDEP,17.53,NA,14,NA,NA,2017-01-19,2017,background_or_other,"Background / non-thermal (NDEP, domestic wells, creeks)",NA,0.7986309184255561,NA,NA
229,Steamboat Creek @ Pleasant Valley &[STBT02Stbt-2],1490659200.0,NDEP,15.91,NA,17,NA,NA,2017-03-28,2017,background_or_other,"Background / non-thermal (NDEP, domestic wells, creeks)",NA,1.0685103708359522,NA,NA
230,Steamboat Creek @ Pleasant Valley &[STBT02Stbt-2],1500940800.0,NDEP,10.57,NA,NA,NA,NA,2017-07-25,2017,background_or_other,"Background / non-thermal (NDEP, domestic wells, creeks)",NA,NA,NA,NA
231,Steamboat Creek @ Pleasant Valley &[STBT02Stbt-2],1513036800.0,NDEP,18.21,NA,26,NA,NA,2017-12-12,2017,background_or_other,"Background / non-thermal (NDEP, domestic wells, creeks)",NA,1.4277869302580999,NA,NA
232,Steamboat Creek @ Pleasant Valley &[STBT02Stbt-2],1524614400.0,NDEP,17.72,NA,27,NA,NA,2018-04-25,2018,background_or_other,"Background / non-thermal (NDEP, domestic wells, creeks)",NA,1.523702031602709,NA,NA
233,Steamboat Creek @ Pleasant Valley &[STBT02Stbt-2],1547424000.0,NDEP,17.24,NA,40.8,NA,NA,2019-01-14,2019,background_or_other,"Background / non-thermal (NDEP, domestic wells, creeks)",NA,2.3665893271461718,NA,NA
234,Steamboat Creek @ Pleasant Valley &[STBT02Stbt-2],1558396800.0,NDEP,20.19,NA,NA,NA,NA,2019-05-21,2019,background_or_other,"Background / non-thermal (NDEP, domestic wells, creeks)",NA,NA,NA,NA
235,Steamboat Creek @ Pleasant Valley &[STBT02Stbt-2],1575936000.0,NDEP,24.35,NA,37.8,NA,NA,2019-12-10,2019,background_or_other,"Background / non-thermal (NDEP, domestic wells, creeks)",NA,1.5523613963039011,NA,NA
236,Steamboat Creek @ Pleasant Valley &[STBT02Stbt-2],1583712000.0,NDEP,14,NA,NA,NA,NA,2020-03-09,2020,background_or_other,"Background / non-thermal (NDEP, domestic wells, creeks)",NA,NA,NA,NA
237,Steamboat Creek @ Pleasant Valley &[STBT02Stbt-2],1643068800.0,NDEP,19,50,33,100,41000,2022-01-25,2022,background_or_other,"Background / non-thermal (NDEP, domestic wells, creeks)",0.38,1.736842105263158,5.2631578947368425,2157.8947368421054
238,Steamboat Creek @ Pleasant Valley &[STBT02Stbt-2],1718668800.0,NDEP,28,60,0.5,100,42000,2024-06-18,2024,background_or_other,"Background / non-thermal (NDEP, domestic wells, creeks)",0.4666666666666667,0.017857142857142856,3.5714285714285716,1500
239,Middle Fork Whites Creek @ Sage Hill Road,1174435200.0,NDEP,25,NA,36,NA,NA,2007-03-21,2007,background_or_other,"Background / non-thermal (NDEP, domestic wells, creeks)",NA,1.44,NA,NA
240,Middle Fork Whites Creek @ Sage Hill Road,1181692800.0,NDEP,12,NA,NA,NA,NA,2007-06-13,2007,background_or_other,"Background / non-thermal (NDEP, domestic wells, creeks)",NA,NA,NA,NA
241,Middle Fork Whites Creek @ Sage Hill Road,1189555200.0,NDEP,23,NA,36,NA,NA,2007-09-12,2007,background_or_other,"Background / non-thermal (NDEP, domestic wells, creeks)",NA,1.565217391304348,NA,NA
242,Middle Fork Whites Creek @ Sage Hill Road,1197936000.0,NDEP,12,NA,NA,NA,NA,2007-12-18,2007,background_or_other,"Background / non-thermal (NDEP, domestic wells, creeks)",NA,NA,NA,NA
243,Middle Fork Whites Creek @ Sage Hill Road,1224028800.0,NDEP,13,NA,17,NA,NA,2008-10-15,2008,background_or_other,"Background / non-thermal (NDEP, domestic wells, creeks)",NA,1.3076923076923077,NA,NA
244,Middle Fork Whites Creek @ Sage Hill Road,1237939200.0,NDEP,10,NA,NA,NA,NA,2009-03-25,2009,background_or_other,"Background / non-thermal (NDEP, domestic wells, creeks)",NA,NA,NA,NA
245,Middle Fork Whites Creek @ Sage Hill Road,1242864000.0,NDEP,14,NA,18,NA,NA,2009-05-21,2009,background_or_other,"Background / non-thermal (NDEP, domestic wells, creeks)",NA,1.2857142857142858,NA,NA
246,Middle Fork Whites Creek @ Sage Hill Road,1247011200.0,NDEP,36,NA,41,NA,NA,2009-07-08,2009,background_or_other,"Background / non-thermal (NDEP, domestic wells, creeks)",NA,1.1388888888888888,NA,NA
247,Middle Fork Whites Creek @ Sage Hill Road,1255910400.0,NDEP,24,NA,33,NA,NA,2009-10-19,2009,background_or_other,"Background / non-thermal (NDEP, domestic wells, creeks)",NA,1.375,NA,NA
248,Middle Fork Whites Creek @ Sage Hill Road,1266883200.0,NDEP,57,NA,NA,NA,NA,2010-02-23,2010,background_or_other,"Background / non-thermal (NDEP, domestic wells, creeks)",NA,NA,NA,NA
249,Middle Fork Whites Creek @ Sage Hill Road,1267056000.0,NDEP,NA,NA,44,NA,NA,2010-02-25,2010,background_or_other,"Background / non-thermal (NDEP, domestic wells, creeks)",NA,NA,NA,NA
250,Middle Fork Whites Creek @ Sage Hill Road,1271203200.0,NDEP,21,NA,24,NA,NA,2010-04-14,2010,background_or_other,"Background / non-thermal (NDEP, domestic wells, creeks)",NA,1.1428571428571428,NA,NA
251,Middle Fork Whites Creek @ Sage Hill Road,1282003200.0,NDEP,8,NA,16,NA,NA,2010-08-17,2010,background_or_other,"Background / non-thermal (NDEP, domestic wells, creeks)",NA,2,NA,NA
252,Middle Fork Whites Creek @ Sage Hill Road,1288656000.0,NDEP,41,NA,46,NA,NA,2010-11-02,2010,background_or_other,"Background / non-thermal (NDEP, domestic wells, creeks)",NA,1.1219512195121952,NA,NA
253,Middle Fork Whites Creek @ Sage Hill Road,1308096000.0,NDEP,5,NA,5,NA,NA,2011-06-15,2011,background_or_other,"Background / non-thermal (NDEP, domestic wells, creeks)",NA,1,NA,NA
254,Middle Fork Whites Creek @ Sage Hill Road,1337212800.0,NDEP,44,NA,41,NA,NA,2012-05-17,2012,background_or_other,"Background / non-thermal (NDEP, domestic wells, creeks)",NA,0.9318181818181818,NA,NA
255,Middle Fork Whites Creek @ Sage Hill Road,1344384000.0,NDEP,79,NA,66,NA,NA,2012-08-08,2012,background_or_other,"Background / non-thermal (NDEP, domestic wells, creeks)",NA,0.8354430379746836,NA,NA
256,Middle Fork Whites Creek @ Sage Hill Road,1352764800.0,NDEP,95,NA,NA,NA,NA,2012-11-13,2012,background_or_other,"Background / non-thermal (NDEP, domestic wells, creeks)",NA,NA,NA,NA
257,Middle Fork Whites Creek @ Sage Hill Road,1363651200.0,NDEP,98,NA,67,NA,NA,2013-03-19,2013,background_or_other,"Background / non-thermal (NDEP, domestic wells, creeks)",NA,0.6836734693877551,NA,NA
258,Middle Fork Whites Creek @ Sage Hill Road,1373241600.0,NDEP,110,NA,NA,NA,NA,2013-07-08,2013,background_or_other,"Background / non-thermal (NDEP, domestic wells, creeks)",NA,NA,NA,NA
259,Middle Fork Whites Creek @ Sage Hill Road,1395273600.0,NDEP,95.69,NA,NA,NA,NA,2014-03-20,2014,background_or_other,"Background / non-thermal (NDEP, domestic wells, creeks)",NA,NA,NA,NA
260,Middle Fork Whites Creek @ Sage Hill Road,1401148800.0,NDEP,NA,NA,13.7,NA,NA,2014-05-27,2014,background_or_other,"Background / non-thermal (NDEP, domestic wells, creeks)",NA,NA,NA,NA
261,Middle Fork Whites Creek @ Sage Hill Road,1401148800.0,NDEP,11.8,NA,NA,NA,NA,2014-05-27,2014,background_or_other,"Background / non-thermal (NDEP, domestic wells, creeks)",NA,NA,NA,NA
262,Middle Fork Whites Creek @ Sage Hill Road,1412121600.0,NDEP,137.14,NA,96.1,NA,NA,2014-10-01,2014,background_or_other,"Background / non-thermal (NDEP, domestic wells, creeks)",NA,0.7007437654951145,NA,NA
263,Middle Fork Whites Creek @ Sage Hill Road,1416787200.0,NDEP,57.93,NA,NA,NA,NA,2014-11-24,2014,background_or_other,"Background / non-thermal (NDEP, domestic wells, creeks)",NA,NA,NA,NA
264,Middle Fork Whites Creek @ Sage Hill Road,1421712000.0,NDEP,70.46,NA,43,NA,NA,2015-01-20,2015,background_or_other,"Background / non-thermal (NDEP, domestic wells, creeks)",NA,0.610275333522566,NA,NA
265,Steamboat Creek @ Old Post Office &[STBT02Stbt-3],824256000.0,NDEP,55,NA,NA,NA,NA,1996-02-14,1996,background_or_other,"Background / non-thermal (NDEP, domestic wells, creeks)",NA,NA,NA,NA
266,Steamboat Creek @ Old Post Office &[STBT02Stbt-3],829008000.0,NDEP,19,NA,NA,NA,NA,1996-04-09,1996,background_or_other,"Background / non-thermal (NDEP, domestic wells, creeks)",NA,NA,NA,NA
267,Steamboat Creek @ Old Post Office &[STBT02Stbt-3],835056000.0,NDEP,11,NA,NA,NA,NA,1996-06-18,1996,background_or_other,"Background / non-thermal (NDEP, domestic wells, creeks)",NA,NA,NA,NA
268,Steamboat Creek @ Old Post Office &[STBT02Stbt-3],839894400.0,NDEP,17,NA,NA,NA,NA,1996-08-13,1996,background_or_other,"Background / non-thermal (NDEP, domestic wells, creeks)",NA,NA,NA,NA
269,Steamboat Creek @ Old Post Office &[STBT02Stbt-3],844732800.0,NDEP,35,NA,NA,NA,NA,1996-10-08,1996,background_or_other,"Background / non-thermal (NDEP, domestic wells, creeks)",NA,NA,NA,NA
270,Steamboat Creek @ Old Post Office &[STBT02Stbt-3],850780800.0,NDEP,21,NA,NA,NA,NA,1996-12-17,1996,background_or_other,"Background / non-thermal (NDEP, domestic wells, creeks)",NA,NA,NA,NA
271,Steamboat Creek @ Old Post Office &[STBT02Stbt-3],855705600.0,NDEP,12,NA,NA,NA,NA,1997-02-12,1997,background_or_other,"Background / non-thermal (NDEP, domestic wells, creeks)",NA,NA,NA,NA
272,Steamboat Creek @ Old Post Office &[STBT02Stbt-3],1086652800.0,NDEP,22,NA,23,NA,NA,2004-06-08,2004,background_or_other,"Background / non-thermal (NDEP, domestic wells, creeks)",NA,1.0454545454545454,NA,NA
273,North Fork Whites Creek @ Arrow Creek Parkway,1095638400.0,NDEP,5,NA,NA,NA,NA,2004-09-20,2004,background_or_other,"Background / non-thermal (NDEP, domestic wells, creeks)",NA,NA,NA,NA
274,North Fork Whites Creek @ Arrow Creek Parkway,1106611200.0,NDEP,5,NA,NA,NA,NA,2005-01-25,2005,background_or_other,"Background / non-thermal (NDEP, domestic wells, creeks)",NA,NA,NA,NA
275,North Fork Whites Creek @ Arrow Creek Parkway,1112227200.0,NDEP,5,NA,8,NA,NA,2005-03-31,2005,background_or_other,"Background / non-thermal (NDEP, domestic wells, creeks)",NA,1.6,NA,NA
276,North Fork Whites Creek @ Arrow Creek Parkway,1121126400.0,NDEP,5,NA,NA,NA,NA,2005-07-12,2005,background_or_other,"Background / non-thermal (NDEP, domestic wells, creeks)",NA,NA,NA,NA
277,North Fork Whites Creek @ Arrow Creek Parkway,1127174400.0,NDEP,5,NA,6,NA,NA,2005-09-20,2005,background_or_other,"Background / non-thermal (NDEP, domestic wells, creeks)",NA,1.2,NA,NA
278,North Fork Whites Creek @ Arrow Creek Parkway,1135036800.0,NDEP,5,NA,NA,NA,NA,2005-12-20,2005,background_or_other,"Background / non-thermal (NDEP, domestic wells, creeks)",NA,NA,NA,NA
279,North Fork Whites Creek @ Arrow Creek Parkway,1150761600.0,NDEP,5,NA,5,NA,NA,2006-06-20,2006,background_or_other,"Background / non-thermal (NDEP, domestic wells, creeks)",NA,1,NA,NA
280,North Fork Whites Creek @ Arrow Creek Parkway,1155686400.0,NDEP,5,NA,NA,NA,NA,2006-08-16,2006,background_or_other,"Background / non-thermal (NDEP, domestic wells, creeks)",NA,NA,NA,NA
281,North Fork Whites Creek @ Arrow Creek Parkway,1165795200.0,NDEP,5,NA,NA,NA,NA,2006-12-11,2006,background_or_other,"Background / non-thermal (NDEP, domestic wells, creeks)",NA,NA,NA,NA
282,North Fork Whites Creek @ Arrow Creek Parkway,1174348800.0,NDEP,5,NA,5,NA,NA,2007-03-20,2007,background_or_other,"Background / non-thermal (NDEP, domestic wells, creeks)",NA,1,NA,NA
283,North Fork Whites Creek @ Arrow Creek Parkway,1181606400.0,NDEP,5,NA,NA,NA,NA,2007-06-12,2007,background_or_other,"Background / non-thermal (NDEP, domestic wells, creeks)",NA,NA,NA,NA
284,North Fork Whites Creek @ Arrow Creek Parkway,1189468800.0,NDEP,5,NA,5,NA,NA,2007-09-11,2007,background_or_other,"Background / non-thermal (NDEP, domestic wells, creeks)",NA,1,NA,NA
285,North Fork Whites Creek @ Arrow Creek Parkway,1197849600.0,NDEP,5,NA,NA,NA,NA,2007-12-17,2007,background_or_other,"Background / non-thermal (NDEP, domestic wells, creeks)",NA,NA,NA,NA
286,North Fork Whites Creek @ Arrow Creek Parkway,1223942400.0,NDEP,5,NA,5,NA,NA,2008-10-14,2008,background_or_other,"Background / non-thermal (NDEP, domestic wells, creeks)",NA,1,NA,NA
288,North Fork Whites Creek @ Arrow Creek Parkway,1242777600.0,NDEP,5,NA,5,NA,NA,2009-05-20,2009,background_or_other,"Background / non-thermal (NDEP, domestic wells, creeks)",NA,1,NA,NA
289,North Fork Whites Creek @ Arrow Creek Parkway,1246924800.0,NDEP,5,NA,NA,NA,NA,2009-07-07,2009,background_or_other,"Background / non-thermal (NDEP, domestic wells, creeks)",NA,NA,NA,NA
290,North Fork Whites Creek @ Arrow Creek Parkway,1255910400.0,NDEP,5,NA,5,NA,NA,2009-10-19,2009,background_or_other,"Background / non-thermal (NDEP, domestic wells, creeks)",NA,1,NA,NA
291,North Fork Whites Creek @ Arrow Creek Parkway,1266883200.0,NDEP,5,NA,NA,NA,NA,2010-02-23,2010,background_or_other,"Background / non-thermal (NDEP, domestic wells, creeks)",NA,NA,NA,NA
292,North Fork Whites Creek @ Arrow Creek Parkway,1271203200.0,NDEP,5,NA,5,NA,NA,2010-04-14,2010,background_or_other,"Background / non-thermal (NDEP, domestic wells, creeks)",NA,1,NA,NA
293,North Fork Whites Creek @ Arrow Creek Parkway,1281916800.0,NDEP,5,NA,5,NA,NA,2010-08-16,2010,background_or_other,"Background / non-thermal (NDEP, domestic wells, creeks)",NA,1,NA,NA
294,North Fork Whites Creek @ Arrow Creek Parkway,1288656000.0,NDEP,5,NA,NA,NA,NA,2010-11-02,2010,background_or_other,"Background / non-thermal (NDEP, domestic wells, creeks)",NA,NA,NA,NA
295,North Fork Whites Creek @ Arrow Creek Parkway,1308096000.0,NDEP,5,NA,5,NA,NA,2011-06-15,2011,background_or_other,"Background / non-thermal (NDEP, domestic wells, creeks)",NA,1,NA,NA
296,North Fork Whites Creek @ Arrow Creek Parkway,1337212800.0,NDEP,5,NA,5,NA,NA,2012-05-17,2012,background_or_other,"Background / non-thermal (NDEP, domestic wells, creeks)",NA,1,NA,NA
297,North Fork Whites Creek @ Arrow Creek Parkway,1344384000.0,NDEP,5,NA,5,NA,NA,2012-08-08,2012,background_or_other,"Background / non-thermal (NDEP, domestic wells, creeks)",NA,1,NA,NA
298,North Fork Whites Creek @ Arrow Creek Parkway,1352764800.0,NDEP,5,NA,NA,NA,NA,2012-11-13,2012,background_or_other,"Background / non-thermal (NDEP, domestic wells, creeks)",NA,NA,NA,NA
299,North Fork Whites Creek @ Arrow Creek Parkway,1363651200.0,NDEP,5,NA,5,NA,NA,2013-03-19,2013,background_or_other,"Background / non-thermal (NDEP, domestic wells, creeks)",NA,1,NA,NA
300,North Fork Whites Creek @ Arrow Creek Parkway,1373241600.0,NDEP,5,NA,NA,NA,NA,2013-07-08,2013,background_or_other,"Background / non-thermal (NDEP, domestic wells, creeks)",NA,NA,NA,NA
301,North Fork Whites Creek @ Arrow Creek Parkway,1381881600.0,NDEP,5,NA,5,NA,NA,2013-10-16,2013,background_or_other,"Background / non-thermal (NDEP, domestic wells, creeks)",NA,1,NA,NA
302,North Fork Whites Creek @ Arrow Creek Parkway,1395273600.0,NDEP,1.78,NA,NA,NA,NA,2014-03-20,2014,background_or_other,"Background / non-thermal (NDEP, domestic wells, creeks)",NA,NA,NA,NA
303,North Fork Whites Creek @ Arrow Creek Parkway,1401148800.0,NDEP,0.56,NA,3.2,NA,NA,2014-05-27,2014,background_or_other,"Background / non-thermal (NDEP, domestic wells, creeks)",NA,5.714285714285714,NA,NA
304,North Fork Whites Creek @ Arrow Creek Parkway,1412121600.0,NDEP,0.58,NA,3.8,NA,NA,2014-10-01,2014,background_or_other,"Background / non-thermal (NDEP, domestic wells, creeks)",NA,6.551724137931035,NA,NA
305,North Fork Whites Creek @ Arrow Creek Parkway,1416787200.0,NDEP,0.48,NA,NA,NA,NA,2014-11-24,2014,background_or_other,"Background / non-thermal (NDEP, domestic wells, creeks)",NA,NA,NA,NA
307,North Fork Whites Creek @ Arrow Creek Parkway,1421712000.0,NDEP,0.36,NA,3.5,NA,NA,2015-01-20,2015,background_or_other,"Background / non-thermal (NDEP, domestic wells, creeks)",NA,9.722222222222223,NA,NA
308,North Fork Whites Creek @ Arrow Creek Parkway,1429488000.0,NDEP,1.38,NA,4,NA,NA,2015-04-20,2015,background_or_other,"Background / non-thermal (NDEP, domestic wells, creeks)",NA,2.8985507246376816,NA,NA
309,South Fork Whites Creek @ Old Virginia Road,1308096000.0,NDEP,5,NA,5,NA,NA,2011-06-15,2011,background_or_other,"Background / non-thermal (NDEP, domestic wells, creeks)",NA,1,NA,NA
310,South Fork Whites Creek @ Old Virginia Road,1337212800.0,NDEP,5,NA,5,NA,NA,2012-05-17,2012,background_or_other,"Background / non-thermal (NDEP, domestic wells, creeks)",NA,1,NA,NA
311,South Fork Whites Creek @ Old Virginia Road,1344384000.0,NDEP,5,NA,5,NA,NA,2012-08-08,2012,background_or_other,"Background / non-thermal (NDEP, domestic wells, creeks)",NA,1,NA,NA
312,South Fork Whites Creek @ Old Virginia Road,1352764800.0,NDEP,5,NA,NA,NA,NA,2012-11-13,2012,background_or_other,"Background / non-thermal (NDEP, domestic wells, creeks)",NA,NA,NA,NA
313,South Fork Whites Creek @ Old Virginia Road,1363651200.0,NDEP,5,NA,5,NA,NA,2013-03-19,2013,background_or_other,"Background / non-thermal (NDEP, domestic wells, creeks)",NA,1,NA,NA
314,South Fork Whites Creek @ Old Virginia Road,1373241600.0,NDEP,5,NA,NA,NA,NA,2013-07-08,2013,background_or_other,"Background / non-thermal (NDEP, domestic wells, creeks)",NA,NA,NA,NA
315,South Fork Whites Creek @ Old Virginia Road,1381881600.0,NDEP,5,NA,5,NA,NA,2013-10-16,2013,background_or_other,"Background / non-thermal (NDEP, domestic wells, creeks)",NA,1,NA,NA
316,South Fork Whites Creek @ Old Virginia Road,1395273600.0,NDEP,1.92,NA,NA,NA,NA,2014-03-20,2014,background_or_other,"Background / non-thermal (NDEP, domestic wells, creeks)",NA,NA,NA,NA
317,South Fork Whites Creek @ Old Virginia Road,1401148800.0,NDEP,1.95,NA,4.7,NA,NA,2014-05-27,2014,background_or_other,"Background / non-thermal (NDEP, domestic wells, creeks)",NA,2.4102564102564106,NA,NA
318,South Fork Whites Creek @ Old Virginia Road,1412121600.0,NDEP,0.92,NA,4.1,NA,NA,2014-10-01,2014,background_or_other,"Background / non-thermal (NDEP, domestic wells, creeks)",NA,4.456521739130435,NA,NA
319,South Fork Whites Creek @ Old Virginia Road,1416787200.0,NDEP,0.52,NA,NA,NA,NA,2014-11-24,2014,background_or_other,"Background / non-thermal (NDEP, domestic wells, creeks)",NA,NA,NA,NA
320,South Fork Whites Creek @ Old Virginia Road,1421712000.0,NDEP,0.44,NA,3.7,NA,NA,2015-01-20,2015,background_or_other,"Background / non-thermal (NDEP, domestic wells, creeks)",NA,8.40909090909091,NA,NA
321,Steamboat Creek @ So. Meadows Pkwy,1484784000.0,NDEP,46.83,NA,45,NA,NA,2017-01-19,2017,background_or_other,"Background / non-thermal (NDEP, domestic wells, creeks)",NA,0.9609224855861628,NA,NA
323,Steamboat Creek @ Rhodes Road,561772800.0,NDEP,10,NA,NA,NA,NA,1987-10-21,1987,background_or_other,"Background / non-thermal (NDEP, domestic wells, creeks)",NA,NA,NA,NA
324,Steamboat Creek @ Rhodes Road,565315200.0,NDEP,6,NA,NA,NA,NA,1987-12-01,1987,background_or_other,"Background / non-thermal (NDEP, domestic wells, creeks)",NA,NA,NA,NA
325,Steamboat Creek @ Rhodes Road,570758400.0,NDEP,9,NA,NA,NA,NA,1988-02-02,1988,background_or_other,"Background / non-thermal (NDEP, domestic wells, creeks)",NA,NA,NA,NA
326,Steamboat Creek @ Rhodes Road,576288000.0,NDEP,8,NA,NA,NA,NA,1988-04-06,1988,background_or_other,"Background / non-thermal (NDEP, domestic wells, creeks)",NA,NA,NA,NA
327,Steamboat Creek @ Rhodes Road,582249600.0,NDEP,14,NA,NA,NA,NA,1988-06-14,1988,background_or_other,"Background / non-thermal (NDEP, domestic wells, creeks)",NA,NA,NA,NA
328,Steamboat Creek @ Rhodes Road,586483200.0,NDEP,17,NA,NA,NA,NA,1988-08-02,1988,background_or_other,"Background / non-thermal (NDEP, domestic wells, creeks)",NA,NA,NA,NA
329,Steamboat Creek @ Rhodes Road,592012800.0,NDEP,9,NA,NA,NA,NA,1988-10-05,1988,background_or_other,"Background / non-thermal (NDEP, domestic wells, creeks)",NA,NA,NA,NA
330,Steamboat Creek @ Rhodes Road,597456000.0,NDEP,8,NA,NA,NA,NA,1988-12-07,1988,background_or_other,"Background / non-thermal (NDEP, domestic wells, creeks)",NA,NA,NA,NA
331,Steamboat Creek @ Rhodes Road,602294400.0,NDEP,10,NA,NA,NA,NA,1989-02-01,1989,background_or_other,"Background / non-thermal (NDEP, domestic wells, creeks)",NA,NA,NA,NA
332,Steamboat Creek @ Rhodes Road,607737600.0,NDEP,14,NA,NA,NA,NA,1989-04-05,1989,background_or_other,"Background / non-thermal (NDEP, domestic wells, creeks)",NA,NA,NA,NA
333,Steamboat Creek @ Rhodes Road,613094400.0,NDEP,7,NA,NA,NA,NA,1989-06-06,1989,background_or_other,"Background / non-thermal (NDEP, domestic wells, creeks)",NA,NA,NA,NA
334,Steamboat Creek @ Rhodes Road,617932800.0,NDEP,11,NA,NA,NA,NA,1989-08-01,1989,background_or_other,"Background / non-thermal (NDEP, domestic wells, creeks)",NA,NA,NA,NA
335,Steamboat Creek @ Rhodes Road,623548800.0,NDEP,8,NA,NA,NA,NA,1989-10-05,1989,background_or_other,"Background / non-thermal (NDEP, domestic wells, creeks)",NA,NA,NA,NA
336,Steamboat Creek @ Rhodes Road,628819200.0,NDEP,9,NA,NA,NA,NA,1989-12-05,1989,background_or_other,"Background / non-thermal (NDEP, domestic wells, creeks)",NA,NA,NA,NA
337,Steamboat Creek @ Rhodes Road,634953600.0,NDEP,12,NA,NA,NA,NA,1990-02-14,1990,background_or_other,"Background / non-thermal (NDEP, domestic wells, creeks)",NA,NA,NA,NA
338,Steamboat Creek @ Rhodes Road,639705600.0,NDEP,10,NA,NA,NA,NA,1990-04-10,1990,background_or_other,"Background / non-thermal (NDEP, domestic wells, creeks)",NA,NA,NA,NA
339,Steamboat Creek @ Rhodes Road,644544000.0,NDEP,13,NA,NA,NA,NA,1990-06-05,1990,background_or_other,"Background / non-thermal (NDEP, domestic wells, creeks)",NA,NA,NA,NA
340,Steamboat Creek @ Rhodes Road,649987200.0,NDEP,12,NA,NA,NA,NA,1990-08-07,1990,background_or_other,"Background / non-thermal (NDEP, domestic wells, creeks)",NA,NA,NA,NA
341,Steamboat Creek @ Rhodes Road,655430400.0,NDEP,20,NA,NA,NA,NA,1990-10-09,1990,background_or_other,"Background / non-thermal (NDEP, domestic wells, creeks)",NA,NA,NA,NA
342,Steamboat Creek @ Rhodes Road,660268800.0,NDEP,9,NA,NA,NA,NA,1990-12-04,1990,background_or_other,"Background / non-thermal (NDEP, domestic wells, creeks)",NA,NA,NA,NA
343,Steamboat Creek @ Rhodes Road,665712000.0,NDEP,9,NA,NA,NA,NA,1991-02-05,1991,background_or_other,"Background / non-thermal (NDEP, domestic wells, creeks)",NA,NA,NA,NA
344,Steamboat Creek @ Rhodes Road,671155200.0,NDEP,15,NA,NA,NA,NA,1991-04-09,1991,background_or_other,"Background / non-thermal (NDEP, domestic wells, creeks)",NA,NA,NA,NA
345,Steamboat Creek @ Rhodes Road,676080000.0,NDEP,7,NA,NA,NA,NA,1991-06-05,1991,background_or_other,"Background / non-thermal (NDEP, domestic wells, creeks)",NA,NA,NA,NA
346,Steamboat Creek @ Rhodes Road,682128000.0,NDEP,14,NA,NA,NA,NA,1991-08-14,1991,background_or_other,"Background / non-thermal (NDEP, domestic wells, creeks)",NA,NA,NA,NA
347,Steamboat Creek @ Rhodes Road,687571200.0,NDEP,11,NA,NA,NA,NA,1991-10-16,1991,background_or_other,"Background / non-thermal (NDEP, domestic wells, creeks)",NA,NA,NA,NA
348,Steamboat Creek @ Rhodes Road,691718400.0,NDEP,9,NA,NA,NA,NA,1991-12-03,1991,background_or_other,"Background / non-thermal (NDEP, domestic wells, creeks)",NA,NA,NA,NA
349,Steamboat Creek @ Rhodes Road,697161600.0,NDEP,10,NA,NA,NA,NA,1992-02-04,1992,background_or_other,"Background / non-thermal (NDEP, domestic wells, creeks)",NA,NA,NA,NA
350,Steamboat Creek @ Rhodes Road,702604800.0,NDEP,10,NA,NA,NA,NA,1992-04-07,1992,background_or_other,"Background / non-thermal (NDEP, domestic wells, creeks)",NA,NA,NA,NA
351,Steamboat Creek @ Rhodes Road,707443200.0,NDEP,20,NA,NA,NA,NA,1992-06-02,1992,background_or_other,"Background / non-thermal (NDEP, domestic wells, creeks)",NA,NA,NA,NA
352,Steamboat Creek @ Rhodes Road,713491200.0,NDEP,9,NA,NA,NA,NA,1992-08-11,1992,background_or_other,"Background / non-thermal (NDEP, domestic wells, creeks)",NA,NA,NA,NA
353,Steamboat Creek @ Rhodes Road,718934400.0,NDEP,10,NA,NA,NA,NA,1992-10-13,1992,background_or_other,"Background / non-thermal (NDEP, domestic wells, creeks)",NA,NA,NA,NA
354,Steamboat Creek @ Rhodes Road,724377600.0,NDEP,11,NA,NA,NA,NA,1992-12-15,1992,background_or_other,"Background / non-thermal (NDEP, domestic wells, creeks)",NA,NA,NA,NA
355,Steamboat Creek @ Rhodes Road,729216000.0,NDEP,23,NA,NA,NA,NA,1993-02-09,1993,background_or_other,"Background / non-thermal (NDEP, domestic wells, creeks)",NA,NA,NA,NA
356,Steamboat Creek @ Rhodes Road,734659200.0,NDEP,24,NA,NA,NA,NA,1993-04-13,1993,background_or_other,"Background / non-thermal (NDEP, domestic wells, creeks)",NA,NA,NA,NA
357,Steamboat Creek @ Rhodes Road,736473600.0,NDEP,16,NA,NA,NA,NA,1993-05-04,1993,background_or_other,"Background / non-thermal (NDEP, domestic wells, creeks)",NA,NA,NA,NA
358,Steamboat Creek @ Rhodes Road,739497600.0,NDEP,13,NA,NA,NA,NA,1993-06-08,1993,background_or_other,"Background / non-thermal (NDEP, domestic wells, creeks)",NA,NA,NA,NA
359,Steamboat Creek @ Rhodes Road,742003200.0,NDEP,8,NA,NA,NA,NA,1993-07-07,1993,background_or_other,"Background / non-thermal (NDEP, domestic wells, creeks)",NA,NA,NA,NA
360,Steamboat Creek @ Rhodes Road,744940800.0,NDEP,12,NA,NA,NA,NA,1993-08-10,1993,background_or_other,"Background / non-thermal (NDEP, domestic wells, creeks)",NA,NA,NA,NA
361,Steamboat Creek @ Rhodes Road,747446400.0,NDEP,15,NA,NA,NA,NA,1993-09-08,1993,background_or_other,"Background / non-thermal (NDEP, domestic wells, creeks)",NA,NA,NA,NA
362,Steamboat Creek @ Rhodes Road,749865600.0,NDEP,24,NA,30,NA,NA,1993-10-06,1993,background_or_other,"Background / non-thermal (NDEP, domestic wells, creeks)",NA,1.25,NA,NA
363,Steamboat Creek @ Rhodes Road,755222400.0,NDEP,13,NA,NA,NA,NA,1993-12-07,1993,background_or_other,"Background / non-thermal (NDEP, domestic wells, creeks)",NA,NA,NA,NA
364,Steamboat Creek @ Rhodes Road,760665600.0,NDEP,16,NA,NA,NA,NA,1994-02-08,1994,background_or_other,"Background / non-thermal (NDEP, domestic wells, creeks)",NA,NA,NA,NA
365,Steamboat Creek @ Rhodes Road,766108800.0,NDEP,11,NA,NA,NA,NA,1994-04-12,1994,background_or_other,"Background / non-thermal (NDEP, domestic wells, creeks)",NA,NA,NA,NA
366,Steamboat Creek @ Rhodes Road,770947200.0,NDEP,11,NA,NA,NA,NA,1994-06-07,1994,background_or_other,"Background / non-thermal (NDEP, domestic wells, creeks)",NA,NA,NA,NA
367,Steamboat Creek @ Rhodes Road,776995200.0,NDEP,13,NA,NA,NA,NA,1994-08-16,1994,background_or_other,"Background / non-thermal (NDEP, domestic wells, creeks)",NA,NA,NA,NA
368,Steamboat Creek @ Rhodes Road,781833600.0,NDEP,7,NA,NA,NA,NA,1994-10-11,1994,background_or_other,"Background / non-thermal (NDEP, domestic wells, creeks)",NA,NA,NA,NA
369,Steamboat Creek @ Rhodes Road,787363200.0,NDEP,15,NA,NA,NA,NA,1994-12-14,1994,background_or_other,"Background / non-thermal (NDEP, domestic wells, creeks)",NA,NA,NA,NA
370,Steamboat Creek @ Rhodes Road,792806400.0,NDEP,25,NA,NA,NA,NA,1995-02-15,1995,background_or_other,"Background / non-thermal (NDEP, domestic wells, creeks)",NA,NA,NA,NA
371,Steamboat Creek @ Rhodes Road,797558400.0,NDEP,25,NA,NA,NA,NA,1995-04-11,1995,background_or_other,"Background / non-thermal (NDEP, domestic wells, creeks)",NA,NA,NA,NA
372,Steamboat Creek @ Rhodes Road,803001600.0,NDEP,11,NA,NA,NA,NA,1995-06-13,1995,background_or_other,"Background / non-thermal (NDEP, domestic wells, creeks)",NA,NA,NA,NA
373,Steamboat Creek @ Rhodes Road,807840000.0,NDEP,8,NA,NA,NA,NA,1995-08-08,1995,background_or_other,"Background / non-thermal (NDEP, domestic wells, creeks)",NA,NA,NA,NA
374,Steamboat Creek @ Rhodes Road,813196800.0,NDEP,12,NA,NA,NA,NA,1995-10-09,1995,background_or_other,"Background / non-thermal (NDEP, domestic wells, creeks)",NA,NA,NA,NA
375,Steamboat Creek @ Rhodes Road,820022400.0,NDEP,14,NA,NA,NA,NA,1995-12-27,1995,background_or_other,"Background / non-thermal (NDEP, domestic wells, creeks)",NA,NA,NA,NA
376,Steamboat Creek @ Rhodes Road,824256000.0,NDEP,21,NA,NA,NA,NA,1996-02-14,1996,background_or_other,"Background / non-thermal (NDEP, domestic wells, creeks)",NA,NA,NA,NA
377,Steamboat Creek @ Rhodes Road,829008000.0,NDEP,15,NA,NA,NA,NA,1996-04-09,1996,background_or_other,"Background / non-thermal (NDEP, domestic wells, creeks)",NA,NA,NA,NA
378,Steamboat Creek @ Rhodes Road,835056000.0,NDEP,9,NA,NA,NA,NA,1996-06-18,1996,background_or_other,"Background / non-thermal (NDEP, domestic wells, creeks)",NA,NA,NA,NA
379,Steamboat Creek @ Rhodes Road,839894400.0,NDEP,8,NA,NA,NA,NA,1996-08-13,1996,background_or_other,"Background / non-thermal (NDEP, domestic wells, creeks)",NA,NA,NA,NA
380,Steamboat Creek @ Rhodes Road,844732800.0,NDEP,14,NA,NA,NA,NA,1996-10-08,1996,background_or_other,"Background / non-thermal (NDEP, domestic wells, creeks)",NA,NA,NA,NA
381,Steamboat Creek @ Rhodes Road,850780800.0,NDEP,12,NA,NA,NA,NA,1996-12-17,1996,background_or_other,"Background / non-thermal (NDEP, domestic wells, creeks)",NA,NA,NA,NA
382,Steamboat Creek @ Rhodes Road,855705600.0,NDEP,10,NA,NA,NA,NA,1997-02-12,1997,background_or_other,"Background / non-thermal (NDEP, domestic wells, creeks)",NA,NA,NA,NA
383,Steamboat Creek @ Rhodes Road,860544000.0,NDEP,11,NA,NA,NA,NA,1997-04-09,1997,background_or_other,"Background / non-thermal (NDEP, domestic wells, creeks)",NA,NA,NA,NA
384,Steamboat Creek @ Rhodes Road,865900800.0,NDEP,7,NA,NA,NA,NA,1997-06-10,1997,background_or_other,"Background / non-thermal (NDEP, domestic wells, creeks)",NA,NA,NA,NA
385,Steamboat Creek @ Rhodes Road,871344000.0,NDEP,10,NA,NA,NA,NA,1997-08-12,1997,background_or_other,"Background / non-thermal (NDEP, domestic wells, creeks)",NA,NA,NA,NA
386,Steamboat Creek @ Rhodes Road,877996800.0,NDEP,10,NA,NA,NA,NA,1997-10-28,1997,background_or_other,"Background / non-thermal (NDEP, domestic wells, creeks)",NA,NA,NA,NA
387,Steamboat Creek @ Rhodes Road,882230400.0,NDEP,12,NA,NA,NA,NA,1997-12-16,1997,background_or_other,"Background / non-thermal (NDEP, domestic wells, creeks)",NA,NA,NA,NA
388,Steamboat Creek @ Rhodes Road,887068800.0,NDEP,20,NA,NA,NA,NA,1998-02-10,1998,background_or_other,"Background / non-thermal (NDEP, domestic wells, creeks)",NA,NA,NA,NA
389,Steamboat Creek @ Rhodes Road,892512000.0,NDEP,13,NA,NA,NA,NA,1998-04-14,1998,background_or_other,"Background / non-thermal (NDEP, domestic wells, creeks)",NA,NA,NA,NA
390,Steamboat Creek @ Rhodes Road,897955200.0,NDEP,9,NA,NA,NA,NA,1998-06-16,1998,background_or_other,"Background / non-thermal (NDEP, domestic wells, creeks)",NA,NA,NA,NA
391,Steamboat Creek @ Rhodes Road,902793600.0,NDEP,11,NA,NA,NA,NA,1998-08-11,1998,background_or_other,"Background / non-thermal (NDEP, domestic wells, creeks)",NA,NA,NA,NA
392,Steamboat Creek @ Rhodes Road,908236800.0,NDEP,13,NA,NA,NA,NA,1998-10-13,1998,background_or_other,"Background / non-thermal (NDEP, domestic wells, creeks)",NA,NA,NA,NA
393,Steamboat Creek @ Rhodes Road,913680000.0,NDEP,11,NA,NA,NA,NA,1998-12-15,1998,background_or_other,"Background / non-thermal (NDEP, domestic wells, creeks)",NA,NA,NA,NA
394,Steamboat Creek @ Rhodes Road,917913600.0,NDEP,14,100,33,NA,NA,1999-02-02,1999,background_or_other,"Background / non-thermal (NDEP, domestic wells, creeks)",0.14,2.357142857142857,NA,NA
395,Steamboat Creek @ Rhodes Road,923961600.0,NDEP,14,NA,NA,NA,NA,1999-04-13,1999,background_or_other,"Background / non-thermal (NDEP, domestic wells, creeks)",NA,NA,NA,NA
396,Steamboat Creek @ Rhodes Road,929404800.0,NDEP,10,100,23,NA,NA,1999-06-15,1999,background_or_other,"Background / non-thermal (NDEP, domestic wells, creeks)",0.1,2.3,NA,NA
397,Steamboat Creek @ Rhodes Road,934243200.0,NDEP,13,100,32,NA,NA,1999-08-10,1999,background_or_other,"Background / non-thermal (NDEP, domestic wells, creeks)",0.13,2.4615384615384617,NA,NA
398,Steamboat Creek @ Rhodes Road,939772800.0,NDEP,13,100,41,NA,NA,1999-10-13,1999,background_or_other,"Background / non-thermal (NDEP, domestic wells, creeks)",0.13,3.1538461538461537,NA,NA
399,Steamboat Creek @ Rhodes Road,945648000.0,NDEP,15,100,32,NA,NA,1999-12-20,1999,background_or_other,"Background / non-thermal (NDEP, domestic wells, creeks)",0.15,2.1333333333333333,NA,NA
400,Steamboat Creek @ Rhodes Road,950054400.0,NDEP,16,100,28,NA,NA,2000-02-09,2000,background_or_other,"Background / non-thermal (NDEP, domestic wells, creeks)",0.16,1.75,NA,NA
401,Steamboat Creek @ Rhodes Road,955324800.0,NDEP,15,100,21,NA,NA,2000-04-10,2000,background_or_other,"Background / non-thermal (NDEP, domestic wells, creeks)",0.15,1.4,NA,NA
402,Steamboat Creek @ Rhodes Road,960854400.0,NDEP,9,100,14,NA,NA,2000-06-13,2000,background_or_other,"Background / non-thermal (NDEP, domestic wells, creeks)",0.09,1.5555555555555556,NA,NA
403,Steamboat Creek @ Rhodes Road,965692800.0,NDEP,23,100,54,NA,NA,2000-08-08,2000,background_or_other,"Background / non-thermal (NDEP, domestic wells, creeks)",0.23,2.347826086956522,NA,NA
404,Steamboat Creek @ Rhodes Road,971136000.0,NDEP,18,100,35,NA,NA,2000-10-10,2000,background_or_other,"Background / non-thermal (NDEP, domestic wells, creeks)",0.18,1.9444444444444444,NA,NA
405,Steamboat Creek @ Rhodes Road,977184000.0,NDEP,16,100,33,NA,NA,2000-12-19,2000,background_or_other,"Background / non-thermal (NDEP, domestic wells, creeks)",0.16,2.0625,NA,NA
406,Steamboat Creek @ Rhodes Road,982022400.0,NDEP,16,100,30,NA,NA,2001-02-13,2001,background_or_other,"Background / non-thermal (NDEP, domestic wells, creeks)",0.16,1.875,NA,NA
407,Steamboat Creek @ Rhodes Road,986860800.0,NDEP,16,100,30,NA,NA,2001-04-10,2001,background_or_other,"Background / non-thermal (NDEP, domestic wells, creeks)",0.16,1.875,NA,NA
408,Steamboat Creek @ Rhodes Road,992822400.0,NDEP,13,100,23,NA,NA,2001-06-18,2001,background_or_other,"Background / non-thermal (NDEP, domestic wells, creeks)",0.13,1.7692307692307692,NA,NA
409,Steamboat Creek @ Rhodes Road,1002585600.0,NDEP,15,100,30,NA,NA,2001-10-09,2001,background_or_other,"Background / non-thermal (NDEP, domestic wells, creeks)",0.15,2,NA,NA
410,Steamboat Creek @ Rhodes Road,1012867200.0,NDEP,16,100,29,NA,NA,2002-02-05,2002,background_or_other,"Background / non-thermal (NDEP, domestic wells, creeks)",0.16,1.8125,NA,NA
411,Steamboat Creek @ Rhodes Road,1018396800.0,NDEP,22,100,34,NA,NA,2002-04-10,2002,background_or_other,"Background / non-thermal (NDEP, domestic wells, creeks)",0.22,1.5454545454545454,NA,NA
412,Steamboat Creek @ Rhodes Road,1023148800.0,NDEP,12,100,20,NA,NA,2002-06-04,2002,background_or_other,"Background / non-thermal (NDEP, domestic wells, creeks)",0.12,1.6666666666666667,NA,NA
413,Steamboat Creek @ Rhodes Road,1086825600.0,NDEP,13,NA,15,NA,NA,2004-06-10,2004,background_or_other,"Background / non-thermal (NDEP, domestic wells, creeks)",NA,1.1538461538461537,NA,NA
414,Steamboat Creek @ Rhodes Road,1095724800.0,NDEP,15,NA,NA,NA,NA,2004-09-21,2004,background_or_other,"Background / non-thermal (NDEP, domestic wells, creeks)",NA,NA,NA,NA
415,Steamboat Creek @ Rhodes Road,1106697600.0,NDEP,37,NA,NA,NA,NA,2005-01-26,2005,background_or_other,"Background / non-thermal (NDEP, domestic wells, creeks)",NA,NA,NA,NA
416,Steamboat Creek @ Rhodes Road,1112140800.0,NDEP,26,NA,27,NA,NA,2005-03-30,2005,background_or_other,"Background / non-thermal (NDEP, domestic wells, creeks)",NA,1.0384615384615385,NA,NA
417,Steamboat Creek @ Rhodes Road,1121212800.0,NDEP,15,NA,NA,NA,NA,2005-07-13,2005,background_or_other,"Background / non-thermal (NDEP, domestic wells, creeks)",NA,NA,NA,NA
418,Steamboat Creek @ Rhodes Road,1127260800.0,NDEP,26,NA,28,NA,NA,2005-09-21,2005,background_or_other,"Background / non-thermal (NDEP, domestic wells, creeks)",NA,1.0769230769230769,NA,NA
419,Steamboat Creek @ Rhodes Road,1135123200.0,NDEP,28,NA,NA,NA,NA,2005-12-21,2005,background_or_other,"Background / non-thermal (NDEP, domestic wells, creeks)",NA,NA,NA,NA
420,Steamboat Creek @ Rhodes Road,1150848000.0,NDEP,12,NA,9,NA,NA,2006-06-21,2006,background_or_other,"Background / non-thermal (NDEP, domestic wells, creeks)",NA,0.75,NA,NA
421,Steamboat Creek @ Rhodes Road,1155772800.0,NDEP,16,NA,14,NA,NA,2006-08-17,2006,background_or_other,"Background / non-thermal (NDEP, domestic wells, creeks)",NA,0.875,NA,NA
422,Steamboat Creek @ Rhodes Road,1165881600.0,NDEP,14,NA,19,NA,NA,2006-12-12,2006,background_or_other,"Background / non-thermal (NDEP, domestic wells, creeks)",NA,1.3571428571428572,NA,NA
423,Steamboat Creek @ Rhodes Road,1174435200.0,NDEP,16,NA,16,NA,NA,2007-03-21,2007,background_or_other,"Background / non-thermal (NDEP, domestic wells, creeks)",NA,1,NA,NA
424,Steamboat Creek @ Rhodes Road,1181692800.0,NDEP,13,NA,14,NA,NA,2007-06-13,2007,background_or_other,"Background / non-thermal (NDEP, domestic wells, creeks)",NA,1.0769230769230769,NA,NA
425,Steamboat Creek @ Rhodes Road,1197936000.0,NDEP,15,NA,20,NA,NA,2007-12-18,2007,background_or_other,"Background / non-thermal (NDEP, domestic wells, creeks)",NA,1.3333333333333333,NA,NA
426,Steamboat Creek @ Rhodes Road,1237939200.0,NDEP,26,NA,NA,NA,NA,2009-03-25,2009,background_or_other,"Background / non-thermal (NDEP, domestic wells, creeks)",NA,NA,NA,NA
427,Steamboat Creek @ Rhodes Road,1242864000.0,NDEP,12,NA,11,NA,NA,2009-05-21,2009,background_or_other,"Background / non-thermal (NDEP, domestic wells, creeks)",NA,0.9166666666666666,NA,NA
428,Steamboat Creek @ Rhodes Road,1247011200.0,NDEP,19,NA,18,NA,NA,2009-07-08,2009,background_or_other,"Background / non-thermal (NDEP, domestic wells, creeks)",NA,0.9473684210526315,NA,NA
429,Steamboat Creek @ Rhodes Road,1255910400.0,NDEP,15,NA,11,NA,NA,2009-10-19,2009,background_or_other,"Background / non-thermal (NDEP, domestic wells, creeks)",NA,0.7333333333333333,NA,NA
430,Steamboat Creek @ Rhodes Road,1266883200.0,NDEP,29,NA,NA,NA,NA,2010-02-23,2010,background_or_other,"Background / non-thermal (NDEP, domestic wells, creeks)",NA,NA,NA,NA
431,Steamboat Creek @ Rhodes Road,1267056000.0,NDEP,NA,NA,26,NA,NA,2010-02-25,2010,background_or_other,"Background / non-thermal (NDEP, domestic wells, creeks)",NA,NA,NA,NA
432,Steamboat Creek @ Rhodes Road,1271203200.0,NDEP,28,NA,26,NA,NA,2010-04-14,2010,background_or_other,"Background / non-thermal (NDEP, domestic wells, creeks)",NA,0.9285714285714286,NA,NA
433,Steamboat Creek @ Rhodes Road,1281916800.0,NDEP,22,NA,26,NA,NA,2010-08-16,2010,background_or_other,"Background / non-thermal (NDEP, domestic wells, creeks)",NA,1.1818181818181819,NA,NA
434,Steamboat Creek @ Rhodes Road,1288656000.0,NDEP,24,NA,26,NA,NA,2010-11-02,2010,background_or_other,"Background / non-thermal (NDEP, domestic wells, creeks)",NA,1.0833333333333333,NA,NA
435,Steamboat Creek @ Rhodes Road,1308096000.0,NDEP,11,NA,8,NA,NA,2011-06-15,2011,background_or_other,"Background / non-thermal (NDEP, domestic wells, creeks)",NA,0.7272727272727273,NA,NA
436,Steamboat Creek @ Rhodes Road,1337212800.0,NDEP,9,NA,12,NA,NA,2012-05-17,2012,background_or_other,"Background / non-thermal (NDEP, domestic wells, creeks)",NA,1.3333333333333333,NA,NA
437,Steamboat Creek @ Rhodes Road,1344384000.0,NDEP,72,NA,72,NA,NA,2012-08-08,2012,background_or_other,"Background / non-thermal (NDEP, domestic wells, creeks)",NA,1,NA,NA
438,Steamboat Creek @ Rhodes Road,1352764800.0,NDEP,20,NA,26,NA,NA,2012-11-13,2012,background_or_other,"Background / non-thermal (NDEP, domestic wells, creeks)",NA,1.3,NA,NA
439,Steamboat Creek @ Rhodes Road,1363651200.0,NDEP,20,NA,26,NA,NA,2013-03-19,2013,background_or_other,"Background / non-thermal (NDEP, domestic wells, creeks)",NA,1.3,NA,NA
440,Steamboat Creek @ Rhodes Road,1373241600.0,NDEP,22,NA,NA,NA,NA,2013-07-08,2013,background_or_other,"Background / non-thermal (NDEP, domestic wells, creeks)",NA,NA,NA,NA
441,Steamboat Creek @ Rhodes Road,1381881600.0,NDEP,18,NA,23,NA,NA,2013-10-16,2013,background_or_other,"Background / non-thermal (NDEP, domestic wells, creeks)",NA,1.2777777777777777,NA,NA
442,Steamboat Creek @ Rhodes Road,1395273600.0,NDEP,19.08,NA,24,NA,NA,2014-03-20,2014,background_or_other,"Background / non-thermal (NDEP, domestic wells, creeks)",NA,1.257861635220126,NA,NA
444,Steamboat Creek @ Rhodes Road,1401148800.0,NDEP,28.31,NA,29.3,NA,NA,2014-05-27,2014,background_or_other,"Background / non-thermal (NDEP, domestic wells, creeks)",NA,1.034969975273755,NA,NA
445,Steamboat Creek @ Rhodes Road,1416787200.0,NDEP,27,NA,36,NA,NA,2014-11-24,2014,background_or_other,"Background / non-thermal (NDEP, domestic wells, creeks)",NA,1.3333333333333333,NA,NA
446,Steamboat Creek @ Rhodes Road,1421712000.0,NDEP,21.21,NA,27,NA,NA,2015-01-20,2015,background_or_other,"Background / non-thermal (NDEP, domestic wells, creeks)",NA,1.272984441301273,NA,NA
447,Steamboat Creek @ Rhodes Road,1429488000.0,NDEP,27.95,NA,32,NA,NA,2015-04-20,2015,background_or_other,"Background / non-thermal (NDEP, domestic wells, creeks)",NA,1.144901610017889,NA,NA
448,Steamboat Creek @ Rhodes Road,1450224000.0,NDEP,22.11,NA,25,NA,NA,2015-12-16,2015,background_or_other,"Background / non-thermal (NDEP, domestic wells, creeks)",NA,1.1307100859339665,NA,NA
449,Steamboat Creek @ Rhodes Road,1465171200.0,NDEP,10.06,NA,8,NA,NA,2016-06-06,2016,background_or_other,"Background / non-thermal (NDEP, domestic wells, creeks)",NA,0.7952286282306162,NA,NA
450,Steamboat Creek @ Rhodes Road,1472515200.0,NDEP,65.71,NA,76,NA,NA,2016-08-30,2016,background_or_other,"Background / non-thermal (NDEP, domestic wells, creeks)",NA,1.1565971693806119,NA,NA
451,Steamboat Creek @ Rhodes Road,1479340800.0,NDEP,25.03,NA,27,NA,NA,2016-11-17,2016,background_or_other,"Background / non-thermal (NDEP, domestic wells, creeks)",NA,1.0787055533359968,NA,NA
452,Steamboat Creek @ Rhodes Road,1484784000.0,NDEP,21.57,NA,16,NA,NA,2017-01-19,2017,background_or_other,"Background / non-thermal (NDEP, domestic wells, creeks)",NA,0.7417709782104775,NA,NA
453,Steamboat Creek @ Rhodes Road,1490659200.0,NDEP,16.08,NA,16,NA,NA,2017-03-28,2017,background_or_other,"Background / non-thermal (NDEP, domestic wells, creeks)",NA,0.9950248756218907,NA,NA
454,Steamboat Creek @ Rhodes Road,1500940800.0,NDEP,11,NA,NA,NA,NA,2017-07-25,2017,background_or_other,"Background / non-thermal (NDEP, domestic wells, creeks)",NA,NA,NA,NA
455,Steamboat Creek @ Rhodes Road,1513036800.0,NDEP,18.05,NA,22,NA,NA,2017-12-12,2017,background_or_other,"Background / non-thermal (NDEP, domestic wells, creeks)",NA,1.2188365650969528,NA,NA
456,Steamboat Creek @ Rhodes Road,1524614400.0,NDEP,17.81,NA,25,NA,NA,2018-04-25,2018,background_or_other,"Background / non-thermal (NDEP, domestic wells, creeks)",NA,1.4037057832678272,NA,NA
457,Steamboat Creek @ Rhodes Road,1536710400.0,NDEP,25.15,NA,47.6,NA,NA,2018-09-12,2018,background_or_other,"Background / non-thermal (NDEP, domestic wells, creeks)",NA,1.892644135188867,NA,NA
458,Steamboat Creek @ Rhodes Road,1547424000.0,NDEP,18.58,NA,23.9,NA,NA,2019-01-14,2019,background_or_other,"Background / non-thermal (NDEP, domestic wells, creeks)",NA,1.286329386437029,NA,NA
459,Steamboat Creek @ Rhodes Road,1558396800.0,NDEP,17.93,NA,NA,NA,NA,2019-05-21,2019,background_or_other,"Background / non-thermal (NDEP, domestic wells, creeks)",NA,NA,NA,NA
460,Steamboat Creek @ Rhodes Road,1575936000.0,NDEP,21.7,NA,23.1,NA,NA,2019-12-10,2019,background_or_other,"Background / non-thermal (NDEP, domestic wells, creeks)",NA,1.0645161290322582,NA,NA
461,Steamboat Creek @ Rhodes Road,1583712000.0,NDEP,15,NA,NA,NA,NA,2020-03-09,2020,background_or_other,"Background / non-thermal (NDEP, domestic wells, creeks)",NA,NA,NA,NA
462,Steamboat Creek @ Rhodes Road,1643068800.0,NDEP,21,50,23,100,36000,2022-01-25,2022,background_or_other,"Background / non-thermal (NDEP, domestic wells, creeks)",0.42,1.0952380952380953,4.761904761904762,1714.2857142857142
463,Steamboat Creek @ Rhodes Road,1674604800.0,NDEP,28,50,23,100,38000,2023-01-25,2023,background_or_other,"Background / non-thermal (NDEP, domestic wells, creeks)",0.56,0.8214285714285714,3.5714285714285716,1357.142857142857
464,Steamboat Creek @ Rhodes Road,1682553600.0,NDEP,16,50,15,100,30000,2023-04-27,2023,background_or_other,"Background / non-thermal (NDEP, domestic wells, creeks)",0.32,0.9375,6.25,1875
465,Steamboat Creek @ Rhodes Road,1710806400.0,NDEP,25,50,35,100,30000,2024-03-19,2024,background_or_other,"Background / non-thermal (NDEP, domestic wells, creeks)",0.5,1.4,4,1200
466,Steamboat Creek @ Rhodes Road,1723507200.0,NDEP,38,81,64,100,59000,2024-08-13,2024,background_or_other,"Background / non-thermal (NDEP, domestic wells, creeks)",0.4691358024691358,1.6842105263157894,2.6315789473684212,1552.6315789473683
467,Steamboat Creek @ Rhodes Road,1744848000.0,NDEP,22,50,25,100,42000,2025-04-17,2025,background_or_other,"Background / non-thermal (NDEP, domestic wells, creeks)",0.44,1.1363636363636365,4.545454545454546,1909.090909090909
469,Steamboat Ditch @ Rhodes Road,129340800.0,NDEP,1100,NA,NA,NA,NA,1974-02-06,1974,background_or_other,"Background / non-thermal (NDEP, domestic wells, creeks)",NA,NA,NA,NA
470,Steamboat Ditch @ Rhodes Road,561772800.0,NDEP,2,NA,NA,NA,NA,1987-10-21,1987,background_or_other,"Background / non-thermal (NDEP, domestic wells, creeks)",NA,NA,NA,NA
471,Steamboat Ditch @ Rhodes Road,582249600.0,NDEP,1,NA,NA,NA,NA,1988-06-14,1988,background_or_other,"Background / non-thermal (NDEP, domestic wells, creeks)",NA,NA,NA,NA
472,Steamboat Ditch @ Rhodes Road,586483200.0,NDEP,2,NA,NA,NA,NA,1988-08-02,1988,background_or_other,"Background / non-thermal (NDEP, domestic wells, creeks)",NA,NA,NA,NA
473,Steamboat Ditch @ Rhodes Road,613094400.0,NDEP,2,NA,NA,NA,NA,1989-06-06,1989,background_or_other,"Background / non-thermal (NDEP, domestic wells, creeks)",NA,NA,NA,NA
474,Steamboat Ditch @ Rhodes Road,617932800.0,NDEP,3,NA,NA,NA,NA,1989-08-01,1989,background_or_other,"Background / non-thermal (NDEP, domestic wells, creeks)",NA,NA,NA,NA
475,Steamboat Ditch @ Rhodes Road,623548800.0,NDEP,2,NA,NA,NA,NA,1989-10-05,1989,background_or_other,"Background / non-thermal (NDEP, domestic wells, creeks)",NA,NA,NA,NA
476,Steamboat Ditch @ Rhodes Road,644544000.0,NDEP,3,NA,NA,NA,NA,1990-06-05,1990,background_or_other,"Background / non-thermal (NDEP, domestic wells, creeks)",NA,NA,NA,NA
477,Steamboat Ditch @ Rhodes Road,649987200.0,NDEP,2,NA,NA,NA,NA,1990-08-07,1990,background_or_other,"Background / non-thermal (NDEP, domestic wells, creeks)",NA,NA,NA,NA
478,Steamboat Ditch @ Rhodes Road,676080000.0,NDEP,2,NA,NA,NA,NA,1991-06-05,1991,background_or_other,"Background / non-thermal (NDEP, domestic wells, creeks)",NA,NA,NA,NA
479,Steamboat Ditch @ Rhodes Road,707443200.0,NDEP,2,NA,NA,NA,NA,1992-06-02,1992,background_or_other,"Background / non-thermal (NDEP, domestic wells, creeks)",NA,NA,NA,NA
480,Steamboat Ditch @ Rhodes Road,729216000.0,NDEP,0,NA,NA,NA,NA,1993-02-09,1993,background_or_other,"Background / non-thermal (NDEP, domestic wells, creeks)",NA,NA,NA,NA
481,Steamboat Ditch @ Rhodes Road,736473600.0,NDEP,4,NA,NA,NA,NA,1993-05-04,1993,background_or_other,"Background / non-thermal (NDEP, domestic wells, creeks)",NA,NA,NA,NA
482,Steamboat Ditch @ Rhodes Road,739497600.0,NDEP,3,NA,NA,NA,NA,1993-06-08,1993,background_or_other,"Background / non-thermal (NDEP, domestic wells, creeks)",NA,NA,NA,NA
483,Steamboat Ditch @ Rhodes Road,742003200.0,NDEP,1,NA,NA,NA,NA,1993-07-07,1993,background_or_other,"Background / non-thermal (NDEP, domestic wells, creeks)",NA,NA,NA,NA
484,Steamboat Ditch @ Rhodes Road,744940800.0,NDEP,1,NA,NA,NA,NA,1993-08-10,1993,background_or_other,"Background / non-thermal (NDEP, domestic wells, creeks)",NA,NA,NA,NA
485,Steamboat Ditch @ Rhodes Road,747446400.0,NDEP,3,NA,NA,NA,NA,1993-09-08,1993,background_or_other,"Background / non-thermal (NDEP, domestic wells, creeks)",NA,NA,NA,NA
486,Steamboat Ditch @ Rhodes Road,766108800.0,NDEP,1,NA,NA,NA,NA,1994-04-12,1994,background_or_other,"Background / non-thermal (NDEP, domestic wells, creeks)",NA,NA,NA,NA
487,Steamboat Ditch @ Rhodes Road,770947200.0,NDEP,1,NA,NA,NA,NA,1994-06-07,1994,background_or_other,"Background / non-thermal (NDEP, domestic wells, creeks)",NA,NA,NA,NA
488,Steamboat Ditch @ Rhodes Road,803001600.0,NDEP,1,NA,NA,NA,NA,1995-06-13,1995,background_or_other,"Background / non-thermal (NDEP, domestic wells, creeks)",NA,NA,NA,NA
489,Steamboat Ditch @ Rhodes Road,807840000.0,NDEP,1,NA,NA,NA,NA,1995-08-08,1995,background_or_other,"Background / non-thermal (NDEP, domestic wells, creeks)",NA,NA,NA,NA
490,Steamboat Ditch @ Rhodes Road,813196800.0,NDEP,2,NA,NA,NA,NA,1995-10-09,1995,background_or_other,"Background / non-thermal (NDEP, domestic wells, creeks)",NA,NA,NA,NA
491,Steamboat Ditch @ Rhodes Road,835056000.0,NDEP,3,NA,NA,NA,NA,1996-06-18,1996,background_or_other,"Background / non-thermal (NDEP, domestic wells, creeks)",NA,NA,NA,NA
492,Steamboat Ditch @ Rhodes Road,839894400.0,NDEP,2,NA,NA,NA,NA,1996-08-13,1996,background_or_other,"Background / non-thermal (NDEP, domestic wells, creeks)",NA,NA,NA,NA
493,Steamboat Ditch @ Rhodes Road,865900800.0,NDEP,2,NA,NA,NA,NA,1997-06-10,1997,background_or_other,"Background / non-thermal (NDEP, domestic wells, creeks)",NA,NA,NA,NA
494,Steamboat Ditch @ Rhodes Road,871344000.0,NDEP,3,NA,NA,NA,NA,1997-08-12,1997,background_or_other,"Background / non-thermal (NDEP, domestic wells, creeks)",NA,NA,NA,NA
495,Steamboat Ditch @ Rhodes Road,897955200.0,NDEP,2,NA,NA,NA,NA,1998-06-16,1998,background_or_other,"Background / non-thermal (NDEP, domestic wells, creeks)",NA,NA,NA,NA
496,Steamboat Ditch @ Rhodes Road,902793600.0,NDEP,2,NA,NA,NA,NA,1998-08-11,1998,background_or_other,"Background / non-thermal (NDEP, domestic wells, creeks)",NA,NA,NA,NA
497,Steamboat Ditch @ Rhodes Road,908236800.0,NDEP,3.6,NA,NA,NA,NA,1998-10-13,1998,background_or_other,"Background / non-thermal (NDEP, domestic wells, creeks)",NA,NA,NA,NA
498,Steamboat Ditch @ Rhodes Road,934243200.0,NDEP,3,100,11,NA,NA,1999-08-10,1999,background_or_other,"Background / non-thermal (NDEP, domestic wells, creeks)",0.03,3.6666666666666665,NA,NA
499,Steamboat Ditch @ Rhodes Road,939772800.0,NDEP,3,100,12,NA,NA,1999-10-13,1999,background_or_other,"Background / non-thermal (NDEP, domestic wells, creeks)",0.03,4,NA,NA
500,Steamboat Ditch @ Rhodes Road,960854400.0,NDEP,3,100,8,NA,NA,2000-06-13,2000,background_or_other,"Background / non-thermal (NDEP, domestic wells, creeks)",0.03,2.6666666666666665,NA,NA
501,Steamboat Ditch @ Rhodes Road,965692800.0,NDEP,3,100,10,NA,NA,2000-08-08,2000,background_or_other,"Background / non-thermal (NDEP, domestic wells, creeks)",0.03,3.3333333333333335,NA,NA
502,Steamboat Ditch @ Rhodes Road,992822400.0,NDEP,2,100,9,NA,NA,2001-06-18,2001,background_or_other,"Background / non-thermal (NDEP, domestic wells, creeks)",0.02,4.5,NA,NA
503,Steamboat Ditch @ Rhodes Road,997747200.0,NDEP,3,100,8,NA,NA,2001-08-14,2001,background_or_other,"Background / non-thermal (NDEP, domestic wells, creeks)",0.03,2.6666666666666665,NA,NA
504,Steamboat Ditch @ Rhodes Road,1002585600.0,NDEP,4,100,10,NA,NA,2001-10-09,2001,background_or_other,"Background / non-thermal (NDEP, domestic wells, creeks)",0.04,2.5,NA,NA
505,Steamboat Ditch @ Rhodes Road,1023148800.0,NDEP,2,100,9,NA,NA,2002-06-04,2002,background_or_other,"Background / non-thermal (NDEP, domestic wells, creeks)",0.02,4.5,NA,NA
506,Steamboat Ditch @ Rhodes Road,1337212800.0,NDEP,5,NA,6,NA,NA,2012-05-17,2012,background_or_other,"Background / non-thermal (NDEP, domestic wells, creeks)",NA,1.2,NA,NA
507,Steamboat Ditch @ Rhodes Road,1344384000.0,NDEP,5,NA,7,NA,NA,2012-08-08,2012,background_or_other,"Background / non-thermal (NDEP, domestic wells, creeks)",NA,1.4,NA,NA
508,Steamboat Ditch @ Rhodes Road,1373241600.0,NDEP,5,NA,NA,NA,NA,2013-07-08,2013,background_or_other,"Background / non-thermal (NDEP, domestic wells, creeks)",NA,NA,NA,NA
509,Steamboat Ditch @ Rhodes Road,1401148800.0,NDEP,3.43,NA,5,NA,NA,2014-05-27,2014,background_or_other,"Background / non-thermal (NDEP, domestic wells, creeks)",NA,1.4577259475218658,NA,NA
510,Steamboat Creek @ Geiger Grade,561772800.0,NDEP,690,NA,NA,NA,NA,1987-10-21,1987,background_or_other,"Background / non-thermal (NDEP, domestic wells, creeks)",NA,NA,NA,NA
511,Steamboat Creek @ Geiger Grade,565315200.0,NDEP,738,NA,NA,NA,NA,1987-12-01,1987,background_or_other,"Background / non-thermal (NDEP, domestic wells, creeks)",NA,NA,NA,NA
512,Steamboat Creek @ Geiger Grade,570758400.0,NDEP,106,NA,NA,NA,NA,1988-02-02,1988,background_or_other,"Background / non-thermal (NDEP, domestic wells, creeks)",NA,NA,NA,NA
513,Steamboat Creek @ Geiger Grade,576288000.0,NDEP,220,NA,NA,NA,NA,1988-04-06,1988,background_or_other,"Background / non-thermal (NDEP, domestic wells, creeks)",NA,NA,NA,NA
514,Steamboat Creek @ Geiger Grade,582249600.0,NDEP,480,NA,NA,NA,NA,1988-06-14,1988,background_or_other,"Background / non-thermal (NDEP, domestic wells, creeks)",NA,NA,NA,NA
515,Steamboat Creek @ Geiger Grade,586483200.0,NDEP,385,NA,NA,NA,NA,1988-08-02,1988,background_or_other,"Background / non-thermal (NDEP, domestic wells, creeks)",NA,NA,NA,NA
516,Steamboat Creek @ Geiger Grade,592012800.0,NDEP,670,NA,NA,NA,NA,1988-10-05,1988,background_or_other,"Background / non-thermal (NDEP, domestic wells, creeks)",NA,NA,NA,NA
517,Steamboat Creek @ Geiger Grade,597456000.0,NDEP,283,NA,NA,NA,NA,1988-12-07,1988,background_or_other,"Background / non-thermal (NDEP, domestic wells, creeks)",NA,NA,NA,NA
518,Steamboat Creek @ Geiger Grade,602294400.0,NDEP,88,NA,NA,NA,NA,1989-02-01,1989,background_or_other,"Background / non-thermal (NDEP, domestic wells, creeks)",NA,NA,NA,NA
519,Steamboat Creek @ Geiger Grade,607737600.0,NDEP,144,NA,NA,NA,NA,1989-04-05,1989,background_or_other,"Background / non-thermal (NDEP, domestic wells, creeks)",NA,NA,NA,NA
520,Steamboat Creek @ Geiger Grade,613094400.0,NDEP,55,NA,NA,NA,NA,1989-06-06,1989,background_or_other,"Background / non-thermal (NDEP, domestic wells, creeks)",NA,NA,NA,NA
521,Steamboat Creek @ Geiger Grade,617932800.0,NDEP,243,NA,NA,NA,NA,1989-08-01,1989,background_or_other,"Background / non-thermal (NDEP, domestic wells, creeks)",NA,NA,NA,NA
522,Steamboat Creek @ Geiger Grade,623548800.0,NDEP,78,NA,NA,NA,NA,1989-10-05,1989,background_or_other,"Background / non-thermal (NDEP, domestic wells, creeks)",NA,NA,NA,NA
523,Steamboat Creek @ Geiger Grade,628819200.0,NDEP,122,NA,NA,NA,NA,1989-12-05,1989,background_or_other,"Background / non-thermal (NDEP, domestic wells, creeks)",NA,NA,NA,NA
524,Steamboat Creek @ Geiger Grade,634953600.0,NDEP,130,NA,NA,NA,NA,1990-02-14,1990,background_or_other,"Background / non-thermal (NDEP, domestic wells, creeks)",NA,NA,NA,NA
525,Steamboat Creek @ Geiger Grade,639705600.0,NDEP,118,NA,NA,NA,NA,1990-04-10,1990,background_or_other,"Background / non-thermal (NDEP, domestic wells, creeks)",NA,NA,NA,NA
526,Steamboat Creek @ Geiger Grade,644544000.0,NDEP,500,NA,NA,NA,NA,1990-06-05,1990,background_or_other,"Background / non-thermal (NDEP, domestic wells, creeks)",NA,NA,NA,NA
527,Steamboat Creek @ Geiger Grade,655430400.0,NDEP,590,NA,NA,NA,NA,1990-10-09,1990,background_or_other,"Background / non-thermal (NDEP, domestic wells, creeks)",NA,NA,NA,NA
528,Steamboat Creek @ Geiger Grade,660268800.0,NDEP,600,NA,NA,NA,NA,1990-12-04,1990,background_or_other,"Background / non-thermal (NDEP, domestic wells, creeks)",NA,NA,NA,NA
529,Steamboat Creek @ Geiger Grade,665712000.0,NDEP,93,NA,NA,NA,NA,1991-02-05,1991,background_or_other,"Background / non-thermal (NDEP, domestic wells, creeks)",NA,NA,NA,NA
530,Steamboat Creek @ Geiger Grade,671155200.0,NDEP,138,NA,NA,NA,NA,1991-04-09,1991,background_or_other,"Background / non-thermal (NDEP, domestic wells, creeks)",NA,NA,NA,NA
531,Steamboat Creek @ Geiger Grade,676080000.0,NDEP,99,NA,NA,NA,NA,1991-06-05,1991,background_or_other,"Background / non-thermal (NDEP, domestic wells, creeks)",NA,NA,NA,NA
532,Steamboat Creek @ Geiger Grade,682128000.0,NDEP,570,NA,NA,NA,NA,1991-08-14,1991,background_or_other,"Background / non-thermal (NDEP, domestic wells, creeks)",NA,NA,NA,NA
533,Steamboat Creek @ Geiger Grade,687571200.0,NDEP,640,NA,NA,NA,NA,1991-10-16,1991,background_or_other,"Background / non-thermal (NDEP, domestic wells, creeks)",NA,NA,NA,NA
534,Steamboat Creek @ Geiger Grade,691718400.0,NDEP,10,NA,NA,NA,NA,1991-12-03,1991,background_or_other,"Background / non-thermal (NDEP, domestic wells, creeks)",NA,NA,NA,NA
535,Steamboat Creek @ Geiger Grade,697161600.0,NDEP,88,NA,NA,NA,NA,1992-02-04,1992,background_or_other,"Background / non-thermal (NDEP, domestic wells, creeks)",NA,NA,NA,NA
536,Steamboat Creek @ Geiger Grade,702604800.0,NDEP,102,NA,NA,NA,NA,1992-04-07,1992,background_or_other,"Background / non-thermal (NDEP, domestic wells, creeks)",NA,NA,NA,NA
537,Steamboat Creek @ Geiger Grade,718934400.0,NDEP,760,NA,NA,NA,NA,1992-10-13,1992,background_or_other,"Background / non-thermal (NDEP, domestic wells, creeks)",NA,NA,NA,NA
538,Steamboat Creek @ Geiger Grade,724377600.0,NDEP,225,NA,NA,NA,NA,1992-12-15,1992,background_or_other,"Background / non-thermal (NDEP, domestic wells, creeks)",NA,NA,NA,NA
539,Steamboat Creek @ Geiger Grade,729216000.0,NDEP,50,NA,NA,NA,NA,1993-02-09,1993,background_or_other,"Background / non-thermal (NDEP, domestic wells, creeks)",NA,NA,NA,NA
540,Steamboat Creek @ Geiger Grade,734659200.0,NDEP,104,NA,NA,NA,NA,1993-04-13,1993,background_or_other,"Background / non-thermal (NDEP, domestic wells, creeks)",NA,NA,NA,NA
541,Steamboat Creek @ Geiger Grade,736473600.0,NDEP,103,NA,NA,NA,NA,1993-05-04,1993,background_or_other,"Background / non-thermal (NDEP, domestic wells, creeks)",NA,NA,NA,NA
542,Steamboat Creek @ Geiger Grade,739497600.0,NDEP,28,NA,NA,NA,NA,1993-06-08,1993,background_or_other,"Background / non-thermal (NDEP, domestic wells, creeks)",NA,NA,NA,NA
543,Steamboat Creek @ Geiger Grade,742003200.0,NDEP,48,NA,NA,NA,NA,1993-07-07,1993,background_or_other,"Background / non-thermal (NDEP, domestic wells, creeks)",NA,NA,NA,NA
544,Steamboat Creek @ Geiger Grade,744940800.0,NDEP,132,NA,NA,NA,NA,1993-08-10,1993,background_or_other,"Background / non-thermal (NDEP, domestic wells, creeks)",NA,NA,NA,NA
545,Steamboat Creek @ Geiger Grade,749865600.0,NDEP,262,NA,184,NA,NA,1993-10-06,1993,background_or_other,"Background / non-thermal (NDEP, domestic wells, creeks)",NA,0.7022900763358778,NA,NA
546,Steamboat Creek @ Geiger Grade,755222400.0,NDEP,78,NA,NA,NA,NA,1993-12-07,1993,background_or_other,"Background / non-thermal (NDEP, domestic wells, creeks)",NA,NA,NA,NA
547,Steamboat Creek @ Geiger Grade,760665600.0,NDEP,81,NA,NA,NA,NA,1994-02-08,1994,background_or_other,"Background / non-thermal (NDEP, domestic wells, creeks)",NA,NA,NA,NA
548,Steamboat Creek @ Geiger Grade,766108800.0,NDEP,154,NA,NA,NA,NA,1994-04-12,1994,background_or_other,"Background / non-thermal (NDEP, domestic wells, creeks)",NA,NA,NA,NA
549,Steamboat Creek @ Geiger Grade,767491200.0,NDEP,NA,2200,42,NA,NA,1994-04-28,1994,background_or_other,"Background / non-thermal (NDEP, domestic wells, creeks)",NA,NA,NA,NA
550,Steamboat Creek @ Geiger Grade,770947200.0,NDEP,490,NA,NA,NA,NA,1994-06-07,1994,background_or_other,"Background / non-thermal (NDEP, domestic wells, creeks)",NA,NA,NA,NA
551,Steamboat Creek @ Geiger Grade,781833600.0,NDEP,570,NA,NA,NA,NA,1994-10-11,1994,background_or_other,"Background / non-thermal (NDEP, domestic wells, creeks)",NA,NA,NA,NA
552,Steamboat Creek @ Geiger Grade,787363200.0,NDEP,140,NA,NA,NA,NA,1994-12-14,1994,background_or_other,"Background / non-thermal (NDEP, domestic wells, creeks)",NA,NA,NA,NA
553,Steamboat Creek @ Geiger Grade,792806400.0,NDEP,135,NA,NA,NA,NA,1995-02-15,1995,background_or_other,"Background / non-thermal (NDEP, domestic wells, creeks)",NA,NA,NA,NA
554,Steamboat Creek @ Geiger Grade,797558400.0,NDEP,92,NA,NA,NA,NA,1995-04-11,1995,background_or_other,"Background / non-thermal (NDEP, domestic wells, creeks)",NA,NA,NA,NA
555,Steamboat Creek @ Geiger Grade,803001600.0,NDEP,22,NA,NA,NA,NA,1995-06-13,1995,background_or_other,"Background / non-thermal (NDEP, domestic wells, creeks)",NA,NA,NA,NA
556,Steamboat Creek @ Geiger Grade,807840000.0,NDEP,45,NA,NA,NA,NA,1995-08-08,1995,background_or_other,"Background / non-thermal (NDEP, domestic wells, creeks)",NA,NA,NA,NA
557,Steamboat Creek @ Geiger Grade,813196800.0,NDEP,79,NA,NA,NA,NA,1995-10-09,1995,background_or_other,"Background / non-thermal (NDEP, domestic wells, creeks)",NA,NA,NA,NA
558,Steamboat Creek @ Geiger Grade,820022400.0,NDEP,71,NA,NA,NA,NA,1995-12-27,1995,background_or_other,"Background / non-thermal (NDEP, domestic wells, creeks)",NA,NA,NA,NA
559,Steamboat Creek @ Geiger Grade,824256000.0,NDEP,78,NA,NA,NA,NA,1996-02-14,1996,background_or_other,"Background / non-thermal (NDEP, domestic wells, creeks)",NA,NA,NA,NA
560,Steamboat Creek @ Geiger Grade,829008000.0,NDEP,23,NA,NA,NA,NA,1996-04-09,1996,background_or_other,"Background / non-thermal (NDEP, domestic wells, creeks)",NA,NA,NA,NA
561,Steamboat Creek @ Geiger Grade,835056000.0,NDEP,12,NA,NA,NA,NA,1996-06-18,1996,background_or_other,"Background / non-thermal (NDEP, domestic wells, creeks)",NA,NA,NA,NA
562,Steamboat Creek @ Geiger Grade,839894400.0,NDEP,105,NA,NA,NA,NA,1996-08-13,1996,background_or_other,"Background / non-thermal (NDEP, domestic wells, creeks)",NA,NA,NA,NA
563,Steamboat Creek @ Geiger Grade,844732800.0,NDEP,392,NA,NA,NA,NA,1996-10-08,1996,background_or_other,"Background / non-thermal (NDEP, domestic wells, creeks)",NA,NA,NA,NA
564,Steamboat Creek @ Geiger Grade,850780800.0,NDEP,27,NA,NA,NA,NA,1996-12-17,1996,background_or_other,"Background / non-thermal (NDEP, domestic wells, creeks)",NA,NA,NA,NA
565,Steamboat Creek @ Geiger Grade,855705600.0,NDEP,13,NA,NA,NA,NA,1997-02-12,1997,background_or_other,"Background / non-thermal (NDEP, domestic wells, creeks)",NA,NA,NA,NA
566,Steamboat Creek @ Geiger Grade,860544000.0,NDEP,17,NA,NA,NA,NA,1997-04-09,1997,background_or_other,"Background / non-thermal (NDEP, domestic wells, creeks)",NA,NA,NA,NA
567,Steamboat Creek @ Geiger Grade,865900800.0,NDEP,13,NA,NA,NA,NA,1997-06-10,1997,background_or_other,"Background / non-thermal (NDEP, domestic wells, creeks)",NA,NA,NA,NA
568,Steamboat Creek @ Geiger Grade,871344000.0,NDEP,83,NA,NA,NA,NA,1997-08-12,1997,background_or_other,"Background / non-thermal (NDEP, domestic wells, creeks)",NA,NA,NA,NA
569,Steamboat Creek @ Geiger Grade,877996800.0,NDEP,221,NA,NA,NA,NA,1997-10-28,1997,background_or_other,"Background / non-thermal (NDEP, domestic wells, creeks)",NA,NA,NA,NA
570,Steamboat Creek @ Geiger Grade,882230400.0,NDEP,115,NA,NA,NA,NA,1997-12-16,1997,background_or_other,"Background / non-thermal (NDEP, domestic wells, creeks)",NA,NA,NA,NA
571,Steamboat Creek @ Geiger Grade,887068800.0,NDEP,63,NA,NA,NA,NA,1998-02-10,1998,background_or_other,"Background / non-thermal (NDEP, domestic wells, creeks)",NA,NA,NA,NA
572,Steamboat Creek @ Geiger Grade,892512000.0,NDEP,21,NA,NA,NA,NA,1998-04-14,1998,background_or_other,"Background / non-thermal (NDEP, domestic wells, creeks)",NA,NA,NA,NA
573,Steamboat Creek @ Geiger Grade,897955200.0,NDEP,14,NA,NA,NA,NA,1998-06-16,1998,background_or_other,"Background / non-thermal (NDEP, domestic wells, creeks)",NA,NA,NA,NA
574,Steamboat Creek @ Geiger Grade,902793600.0,NDEP,290,NA,NA,NA,NA,1998-08-11,1998,background_or_other,"Background / non-thermal (NDEP, domestic wells, creeks)",NA,NA,NA,NA
575,Steamboat Creek @ Geiger Grade,908236800.0,NDEP,60,NA,NA,NA,NA,1998-10-13,1998,background_or_other,"Background / non-thermal (NDEP, domestic wells, creeks)",NA,NA,NA,NA
576,Steamboat Creek @ Geiger Grade,913680000.0,NDEP,64,NA,NA,NA,NA,1998-12-15,1998,background_or_other,"Background / non-thermal (NDEP, domestic wells, creeks)",NA,NA,NA,NA
577,Steamboat Creek @ Geiger Grade,917913600.0,NDEP,28,1000,47,NA,NA,1999-02-02,1999,background_or_other,"Background / non-thermal (NDEP, domestic wells, creeks)",0.028,1.6785714285714286,NA,NA
578,Steamboat Creek @ Geiger Grade,923961600.0,NDEP,21,NA,NA,NA,NA,1999-04-13,1999,background_or_other,"Background / non-thermal (NDEP, domestic wells, creeks)",NA,NA,NA,NA
579,Steamboat Creek @ Geiger Grade,929404800.0,NDEP,16,400,27,NA,NA,1999-06-15,1999,background_or_other,"Background / non-thermal (NDEP, domestic wells, creeks)",0.04,1.6875,NA,NA
580,Steamboat Creek @ Geiger Grade,934243200.0,NDEP,90,4300,90,NA,NA,1999-08-10,1999,background_or_other,"Background / non-thermal (NDEP, domestic wells, creeks)",0.020930232558139535,1,NA,NA
581,Steamboat Creek @ Geiger Grade,939772800.0,NDEP,383,18700,294,NA,NA,1999-10-13,1999,background_or_other,"Background / non-thermal (NDEP, domestic wells, creeks)",0.020481283422459893,0.7676240208877284,NA,NA
582,Steamboat Creek @ Geiger Grade,945648000.0,NDEP,119,5300,105,NA,NA,1999-12-20,1999,background_or_other,"Background / non-thermal (NDEP, domestic wells, creeks)",0.022452830188679246,0.8823529411764706,NA,NA
583,Steamboat Creek @ Geiger Grade,950054400.0,NDEP,95,3600,83,NA,NA,2000-02-09,2000,background_or_other,"Background / non-thermal (NDEP, domestic wells, creeks)",0.02638888888888889,0.8736842105263158,NA,NA
584,Steamboat Creek @ Geiger Grade,955324800.0,NDEP,38,1200,39,NA,NA,2000-04-10,2000,background_or_other,"Background / non-thermal (NDEP, domestic wells, creeks)",0.03166666666666667,1.0263157894736843,NA,NA
585,Steamboat Creek @ Geiger Grade,960854400.0,NDEP,127,5800,93,NA,NA,2000-06-13,2000,background_or_other,"Background / non-thermal (NDEP, domestic wells, creeks)",0.02189655172413793,0.7322834645669292,NA,NA
586,Steamboat Creek @ Geiger Grade,977184000.0,NDEP,119,5000,104,NA,NA,2000-12-19,2000,background_or_other,"Background / non-thermal (NDEP, domestic wells, creeks)",0.0238,0.8739495798319328,NA,NA
587,Steamboat Creek @ Geiger Grade,982022400.0,NDEP,105,4400,96,NA,NA,2001-02-13,2001,background_or_other,"Background / non-thermal (NDEP, domestic wells, creeks)",0.023863636363636365,0.9142857142857143,NA,NA
588,Steamboat Creek @ Geiger Grade,986860800.0,NDEP,144,6300,123,NA,NA,2001-04-10,2001,background_or_other,"Background / non-thermal (NDEP, domestic wells, creeks)",0.022857142857142857,0.8541666666666666,NA,NA
589,Steamboat Creek @ Geiger Grade,992822400.0,NDEP,138,6700,110,NA,NA,2001-06-18,2001,background_or_other,"Background / non-thermal (NDEP, domestic wells, creeks)",0.020597014925373136,0.7971014492753623,NA,NA
590,Steamboat Creek @ Geiger Grade,997747200.0,NDEP,133,6100,107,NA,NA,2001-08-14,2001,background_or_other,"Background / non-thermal (NDEP, domestic wells, creeks)",0.02180327868852459,0.8045112781954887,NA,NA
591,Steamboat Creek @ Geiger Grade,1002585600.0,NDEP,94,4300,77,NA,NA,2001-10-09,2001,background_or_other,"Background / non-thermal (NDEP, domestic wells, creeks)",0.02186046511627907,0.8191489361702128,NA,NA
592,Steamboat Creek @ Geiger Grade,1012867200.0,NDEP,98,4000,87,NA,NA,2002-02-05,2002,background_or_other,"Background / non-thermal (NDEP, domestic wells, creeks)",0.0245,0.8877551020408163,NA,NA
593,Steamboat Creek @ Geiger Grade,1018396800.0,NDEP,300,13100,250,NA,NA,2002-04-10,2002,background_or_other,"Background / non-thermal (NDEP, domestic wells, creeks)",0.022900763358778626,0.8333333333333334,NA,NA
594,Steamboat Creek @ Geiger Grade,1086825600.0,NDEP,160,NA,130,NA,NA,2004-06-10,2004,background_or_other,"Background / non-thermal (NDEP, domestic wells, creeks)",NA,0.8125,NA,NA
595,Steamboat Creek @ Geiger Grade,1150848000.0,NDEP,16,NA,NA,NA,NA,2006-06-21,2006,background_or_other,"Background / non-thermal (NDEP, domestic wells, creeks)",NA,NA,NA,NA
596,Steamboat Creek @ Geiger Grade,1155772800.0,NDEP,270,NA,170,NA,NA,2006-08-17,2006,background_or_other,"Background / non-thermal (NDEP, domestic wells, creeks)",NA,0.6296296296296297,NA,NA
597,Steamboat Creek @ Geiger Grade,1165881600.0,NDEP,120,NA,110,NA,NA,2006-12-12,2006,background_or_other,"Background / non-thermal (NDEP, domestic wells, creeks)",NA,0.9166666666666666,NA,NA
598,Steamboat Creek @ Geiger Grade,1174435200.0,NDEP,73,NA,68,NA,NA,2007-03-21,2007,background_or_other,"Background / non-thermal (NDEP, domestic wells, creeks)",NA,0.9315068493150684,NA,NA
599,Steamboat Creek @ Geiger Grade,1181692800.0,NDEP,370,NA,270,NA,NA,2007-06-13,2007,background_or_other,"Background / non-thermal (NDEP, domestic wells, creeks)",NA,0.7297297297297297,NA,NA
600,Steamboat Creek @ Geiger Grade,1197936000.0,NDEP,350,NA,250,NA,NA,2007-12-18,2007,background_or_other,"Background / non-thermal (NDEP, domestic wells, creeks)",NA,0.7142857142857143,NA,NA
601,Steamboat Creek @ Geiger Grade,1237939200.0,NDEP,59,NA,NA,NA,NA,2009-03-25,2009,background_or_other,"Background / non-thermal (NDEP, domestic wells, creeks)",NA,NA,NA,NA
602,Steamboat Creek @ Geiger Grade,1242864000.0,NDEP,45,NA,44,NA,NA,2009-05-21,2009,background_or_other,"Background / non-thermal (NDEP, domestic wells, creeks)",NA,0.9777777777777777,NA,NA
603,Steamboat Creek @ Geiger Grade,1255910400.0,NDEP,50,NA,43,NA,NA,2009-10-19,2009,background_or_other,"Background / non-thermal (NDEP, domestic wells, creeks)",NA,0.86,NA,NA
604,Steamboat Creek @ Geiger Grade,1266883200.0,NDEP,70,NA,NA,NA,NA,2010-02-23,2010,background_or_other,"Background / non-thermal (NDEP, domestic wells, creeks)",NA,NA,NA,NA
605,Steamboat Creek @ Geiger Grade,1267056000.0,NDEP,NA,NA,42,NA,NA,2010-02-25,2010,background_or_other,"Background / non-thermal (NDEP, domestic wells, creeks)",NA,NA,NA,NA
606,Steamboat Creek @ Geiger Grade,1271203200.0,NDEP,160,NA,130,NA,NA,2010-04-14,2010,background_or_other,"Background / non-thermal (NDEP, domestic wells, creeks)",NA,0.8125,NA,NA
607,Steamboat Creek @ Geiger Grade,1288656000.0,NDEP,84,NA,74,NA,NA,2010-11-02,2010,background_or_other,"Background / non-thermal (NDEP, domestic wells, creeks)",NA,0.8809523809523809,NA,NA
608,Steamboat Creek @ Geiger Grade,1308096000.0,NDEP,14,NA,12,NA,NA,2011-06-15,2011,background_or_other,"Background / non-thermal (NDEP, domestic wells, creeks)",NA,0.8571428571428571,NA,NA
609,Steamboat Creek @ Geiger Grade,1337212800.0,NDEP,68,NA,73,NA,NA,2012-05-17,2012,background_or_other,"Background / non-thermal (NDEP, domestic wells, creeks)",NA,1.0735294117647058,NA,NA
610,Steamboat Creek @ Geiger Grade,1363651200.0,NDEP,66,NA,73,NA,NA,2013-03-19,2013,background_or_other,"Background / non-thermal (NDEP, domestic wells, creeks)",NA,1.106060606060606,NA,NA
611,Steamboat Creek @ Geiger Grade,1381881600.0,NDEP,66,NA,70,NA,NA,2013-10-16,2013,background_or_other,"Background / non-thermal (NDEP, domestic wells, creeks)",NA,1.0606060606060606,NA,NA
612,Steamboat Creek @ Geiger Grade,1395273600.0,NDEP,90.96,NA,85.1,NA,NA,2014-03-20,2014,background_or_other,"Background / non-thermal (NDEP, domestic wells, creeks)",NA,0.9355760773966578,NA,NA
613,Steamboat Creek @ Geiger Grade,1465171200.0,NDEP,36.14,NA,44,NA,NA,2016-06-06,2016,background_or_other,"Background / non-thermal (NDEP, domestic wells, creeks)",NA,1.2174875484228003,NA,NA
615,Steamboat Creek @ Geiger Grade,1479340800.0,NDEP,67.08,NA,66,NA,NA,2016-11-17,2016,background_or_other,"Background / non-thermal (NDEP, domestic wells, creeks)",NA,0.9838998211091234,NA,NA
616,Steamboat Creek @ Geiger Grade,1484784000.0,NDEP,29.94,NA,26,NA,NA,2017-01-19,2017,background_or_other,"Background / non-thermal (NDEP, domestic wells, creeks)",NA,0.8684034736138945,NA,NA
617,Steamboat Creek @ Geiger Grade,1490659200.0,NDEP,18.31,NA,19,NA,NA,2017-03-28,2017,background_or_other,"Background / non-thermal (NDEP, domestic wells, creeks)",NA,1.0376843255051884,NA,NA
618,Steamboat Creek @ Geiger Grade,1500940800.0,NDEP,12.92,NA,NA,NA,NA,2017-07-25,2017,background_or_other,"Background / non-thermal (NDEP, domestic wells, creeks)",NA,NA,NA,NA
619,Steamboat Creek @ Geiger Grade,1513036800.0,NDEP,24.49,NA,27,NA,NA,2017-12-12,2017,background_or_other,"Background / non-thermal (NDEP, domestic wells, creeks)",NA,1.102490812576562,NA,NA
620,Steamboat Creek @ Geiger Grade,1524614400.0,NDEP,20.73,NA,27,NA,NA,2018-04-25,2018,background_or_other,"Background / non-thermal (NDEP, domestic wells, creeks)",NA,1.3024602026049203,NA,NA
621,Steamboat Creek @ Geiger Grade,1536710400.0,NDEP,43.05,NA,54.7,NA,NA,2018-09-12,2018,background_or_other,"Background / non-thermal (NDEP, domestic wells, creeks)",NA,1.2706155632984903,NA,NA
622,Steamboat Creek @ Geiger Grade,1547424000.0,NDEP,38.79,NA,43.8,NA,NA,2019-01-14,2019,background_or_other,"Background / non-thermal (NDEP, domestic wells, creeks)",NA,1.1291569992266048,NA,NA
623,Steamboat Creek @ Geiger Grade,1558396800.0,NDEP,19.46,NA,NA,NA,NA,2019-05-21,2019,background_or_other,"Background / non-thermal (NDEP, domestic wells, creeks)",NA,NA,NA,NA
624,Steamboat Creek @ Geiger Grade,1575936000.0,NDEP,35.76,NA,34.2,NA,NA,2019-12-10,2019,background_or_other,"Background / non-thermal (NDEP, domestic wells, creeks)",NA,0.9563758389261746,NA,NA
625,Steamboat Creek @ Geiger Grade,1583712000.0,NDEP,48.26,NA,NA,NA,NA,2020-03-09,2020,background_or_other,"Background / non-thermal (NDEP, domestic wells, creeks)",NA,NA,NA,NA
626,Steamboat Creek @ Geiger Grade,1643068800.0,NDEP,82,2400,67,500,44000,2022-01-25,2022,background_or_other,"Background / non-thermal (NDEP, domestic wells, creeks)",0.034166666666666665,0.8170731707317073,6.097560975609756,536.5853658536586
627,Whites Creek @ North Timberline Drive,561772800.0,NDEP,0,NA,NA,NA,NA,1987-10-21,1987,background_or_other,"Background / non-thermal (NDEP, domestic wells, creeks)",NA,NA,NA,NA
628,Whites Creek @ North Timberline Drive,565315200.0,NDEP,0,NA,NA,NA,NA,1987-12-01,1987,background_or_other,"Background / non-thermal (NDEP, domestic wells, creeks)",NA,NA,NA,NA
629,Whites Creek @ North Timberline Drive,570758400.0,NDEP,0,NA,NA,NA,NA,1988-02-02,1988,background_or_other,"Background / non-thermal (NDEP, domestic wells, creeks)",NA,NA,NA,NA
630,Whites Creek @ North Timberline Drive,576288000.0,NDEP,0,NA,NA,NA,NA,1988-04-06,1988,background_or_other,"Background / non-thermal (NDEP, domestic wells, creeks)",NA,NA,NA,NA
631,Whites Creek @ North Timberline Drive,582249600.0,NDEP,0,NA,NA,NA,NA,1988-06-14,1988,background_or_other,"Background / non-thermal (NDEP, domestic wells, creeks)",NA,NA,NA,NA
632,Whites Creek @ North Timberline Drive,586483200.0,NDEP,0,NA,NA,NA,NA,1988-08-02,1988,background_or_other,"Background / non-thermal (NDEP, domestic wells, creeks)",NA,NA,NA,NA
633,Whites Creek @ North Timberline Drive,592012800.0,NDEP,0,NA,NA,NA,NA,1988-10-05,1988,background_or_other,"Background / non-thermal (NDEP, domestic wells, creeks)",NA,NA,NA,NA
634,Whites Creek @ North Timberline Drive,597456000.0,NDEP,0,NA,NA,NA,NA,1988-12-07,1988,background_or_other,"Background / non-thermal (NDEP, domestic wells, creeks)",NA,NA,NA,NA
635,Whites Creek @ North Timberline Drive,602294400.0,NDEP,0,NA,NA,NA,NA,1989-02-01,1989,background_or_other,"Background / non-thermal (NDEP, domestic wells, creeks)",NA,NA,NA,NA
636,Whites Creek @ North Timberline Drive,607737600.0,NDEP,0,NA,NA,NA,NA,1989-04-05,1989,background_or_other,"Background / non-thermal (NDEP, domestic wells, creeks)",NA,NA,NA,NA
637,Whites Creek @ North Timberline Drive,613094400.0,NDEP,0,NA,NA,NA,NA,1989-06-06,1989,background_or_other,"Background / non-thermal (NDEP, domestic wells, creeks)",NA,NA,NA,NA
638,Whites Creek @ North Timberline Drive,617932800.0,NDEP,0,NA,NA,NA,NA,1989-08-01,1989,background_or_other,"Background / non-thermal (NDEP, domestic wells, creeks)",NA,NA,NA,NA
639,Whites Creek @ North Timberline Drive,623548800.0,NDEP,0,NA,NA,NA,NA,1989-10-05,1989,background_or_other,"Background / non-thermal (NDEP, domestic wells, creeks)",NA,NA,NA,NA
640,Whites Creek @ North Timberline Drive,628819200.0,NDEP,0,NA,NA,NA,NA,1989-12-05,1989,background_or_other,"Background / non-thermal (NDEP, domestic wells, creeks)",NA,NA,NA,NA
641,Whites Creek @ North Timberline Drive,634953600.0,NDEP,0,NA,NA,NA,NA,1990-02-14,1990,background_or_other,"Background / non-thermal (NDEP, domestic wells, creeks)",NA,NA,NA,NA
642,Whites Creek @ North Timberline Drive,639705600.0,NDEP,0,NA,NA,NA,NA,1990-04-10,1990,background_or_other,"Background / non-thermal (NDEP, domestic wells, creeks)",NA,NA,NA,NA
643,Whites Creek @ North Timberline Drive,644544000.0,NDEP,0,NA,NA,NA,NA,1990-06-05,1990,background_or_other,"Background / non-thermal (NDEP, domestic wells, creeks)",NA,NA,NA,NA
644,Whites Creek @ North Timberline Drive,649987200.0,NDEP,0,NA,NA,NA,NA,1990-08-07,1990,background_or_other,"Background / non-thermal (NDEP, domestic wells, creeks)",NA,NA,NA,NA
645,Whites Creek @ North Timberline Drive,655430400.0,NDEP,0,NA,NA,NA,NA,1990-10-09,1990,background_or_other,"Background / non-thermal (NDEP, domestic wells, creeks)",NA,NA,NA,NA
646,Whites Creek @ North Timberline Drive,660268800.0,NDEP,0,NA,NA,NA,NA,1990-12-04,1990,background_or_other,"Background / non-thermal (NDEP, domestic wells, creeks)",NA,NA,NA,NA
647,Whites Creek @ North Timberline Drive,665712000.0,NDEP,0,NA,NA,NA,NA,1991-02-05,1991,background_or_other,"Background / non-thermal (NDEP, domestic wells, creeks)",NA,NA,NA,NA
648,Whites Creek @ North Timberline Drive,671155200.0,NDEP,0,NA,NA,NA,NA,1991-04-09,1991,background_or_other,"Background / non-thermal (NDEP, domestic wells, creeks)",NA,NA,NA,NA
649,Whites Creek @ North Timberline Drive,676080000.0,NDEP,0,NA,NA,NA,NA,1991-06-05,1991,background_or_other,"Background / non-thermal (NDEP, domestic wells, creeks)",NA,NA,NA,NA
650,Whites Creek @ North Timberline Drive,682128000.0,NDEP,0,NA,NA,NA,NA,1991-08-14,1991,background_or_other,"Background / non-thermal (NDEP, domestic wells, creeks)",NA,NA,NA,NA
651,Whites Creek @ North Timberline Drive,687571200.0,NDEP,0,NA,NA,NA,NA,1991-10-16,1991,background_or_other,"Background / non-thermal (NDEP, domestic wells, creeks)",NA,NA,NA,NA
652,Whites Creek @ North Timberline Drive,691718400.0,NDEP,0,NA,NA,NA,NA,1991-12-03,1991,background_or_other,"Background / non-thermal (NDEP, domestic wells, creeks)",NA,NA,NA,NA
653,Whites Creek @ North Timberline Drive,697161600.0,NDEP,0,NA,NA,NA,NA,1992-02-04,1992,background_or_other,"Background / non-thermal (NDEP, domestic wells, creeks)",NA,NA,NA,NA
654,Whites Creek @ North Timberline Drive,702604800.0,NDEP,0,NA,NA,NA,NA,1992-04-07,1992,background_or_other,"Background / non-thermal (NDEP, domestic wells, creeks)",NA,NA,NA,NA
655,Whites Creek @ North Timberline Drive,707443200.0,NDEP,0,NA,NA,NA,NA,1992-06-02,1992,background_or_other,"Background / non-thermal (NDEP, domestic wells, creeks)",NA,NA,NA,NA
656,Whites Creek @ North Timberline Drive,713491200.0,NDEP,0,NA,NA,NA,NA,1992-08-11,1992,background_or_other,"Background / non-thermal (NDEP, domestic wells, creeks)",NA,NA,NA,NA
657,Whites Creek @ North Timberline Drive,718934400.0,NDEP,2,NA,NA,NA,NA,1992-10-13,1992,background_or_other,"Background / non-thermal (NDEP, domestic wells, creeks)",NA,NA,NA,NA
658,Whites Creek @ North Timberline Drive,724377600.0,NDEP,0,NA,NA,NA,NA,1992-12-15,1992,background_or_other,"Background / non-thermal (NDEP, domestic wells, creeks)",NA,NA,NA,NA
659,Whites Creek @ North Timberline Drive,729216000.0,NDEP,0,NA,NA,NA,NA,1993-02-09,1993,background_or_other,"Background / non-thermal (NDEP, domestic wells, creeks)",NA,NA,NA,NA
660,Whites Creek @ North Timberline Drive,734659200.0,NDEP,0,NA,NA,NA,NA,1993-04-13,1993,background_or_other,"Background / non-thermal (NDEP, domestic wells, creeks)",NA,NA,NA,NA
661,Whites Creek @ North Timberline Drive,736473600.0,NDEP,0,NA,NA,NA,NA,1993-05-04,1993,background_or_other,"Background / non-thermal (NDEP, domestic wells, creeks)",NA,NA,NA,NA
662,Whites Creek @ North Timberline Drive,739497600.0,NDEP,0,NA,NA,NA,NA,1993-06-08,1993,background_or_other,"Background / non-thermal (NDEP, domestic wells, creeks)",NA,NA,NA,NA
663,Whites Creek @ North Timberline Drive,742003200.0,NDEP,0,NA,NA,NA,NA,1993-07-07,1993,background_or_other,"Background / non-thermal (NDEP, domestic wells, creeks)",NA,NA,NA,NA
664,Whites Creek @ North Timberline Drive,744940800.0,NDEP,0,NA,NA,NA,NA,1993-08-10,1993,background_or_other,"Background / non-thermal (NDEP, domestic wells, creeks)",NA,NA,NA,NA
665,Whites Creek @ North Timberline Drive,747446400.0,NDEP,0,NA,NA,NA,NA,1993-09-08,1993,background_or_other,"Background / non-thermal (NDEP, domestic wells, creeks)",NA,NA,NA,NA
666,Whites Creek @ North Timberline Drive,749865600.0,NDEP,0,NA,NA,NA,NA,1993-10-06,1993,background_or_other,"Background / non-thermal (NDEP, domestic wells, creeks)",NA,NA,NA,NA
667,Whites Creek @ North Timberline Drive,755222400.0,NDEP,0,NA,NA,NA,NA,1993-12-07,1993,background_or_other,"Background / non-thermal (NDEP, domestic wells, creeks)",NA,NA,NA,NA
668,Whites Creek @ North Timberline Drive,760665600.0,NDEP,0,NA,NA,NA,NA,1994-02-08,1994,background_or_other,"Background / non-thermal (NDEP, domestic wells, creeks)",NA,NA,NA,NA
669,Whites Creek @ North Timberline Drive,766108800.0,NDEP,0,NA,NA,NA,NA,1994-04-12,1994,background_or_other,"Background / non-thermal (NDEP, domestic wells, creeks)",NA,NA,NA,NA
670,Whites Creek @ North Timberline Drive,770947200.0,NDEP,0,NA,NA,NA,NA,1994-06-07,1994,background_or_other,"Background / non-thermal (NDEP, domestic wells, creeks)",NA,NA,NA,NA
671,Whites Creek @ North Timberline Drive,776995200.0,NDEP,0,NA,NA,NA,NA,1994-08-16,1994,background_or_other,"Background / non-thermal (NDEP, domestic wells, creeks)",NA,NA,NA,NA
672,Whites Creek @ North Timberline Drive,781833600.0,NDEP,0,NA,NA,NA,NA,1994-10-11,1994,background_or_other,"Background / non-thermal (NDEP, domestic wells, creeks)",NA,NA,NA,NA
673,Whites Creek @ North Timberline Drive,787363200.0,NDEP,0,NA,NA,NA,NA,1994-12-14,1994,background_or_other,"Background / non-thermal (NDEP, domestic wells, creeks)",NA,NA,NA,NA
674,Whites Creek @ North Timberline Drive,792806400.0,NDEP,0,NA,NA,NA,NA,1995-02-15,1995,background_or_other,"Background / non-thermal (NDEP, domestic wells, creeks)",NA,NA,NA,NA
675,Whites Creek @ North Timberline Drive,797558400.0,NDEP,0,NA,NA,NA,NA,1995-04-11,1995,background_or_other,"Background / non-thermal (NDEP, domestic wells, creeks)",NA,NA,NA,NA
676,Whites Creek @ North Timberline Drive,803001600.0,NDEP,0,NA,NA,NA,NA,1995-06-13,1995,background_or_other,"Background / non-thermal (NDEP, domestic wells, creeks)",NA,NA,NA,NA
677,Whites Creek @ North Timberline Drive,807840000.0,NDEP,0,NA,NA,NA,NA,1995-08-08,1995,background_or_other,"Background / non-thermal (NDEP, domestic wells, creeks)",NA,NA,NA,NA
678,Whites Creek @ North Timberline Drive,813196800.0,NDEP,0,NA,NA,NA,NA,1995-10-09,1995,background_or_other,"Background / non-thermal (NDEP, domestic wells, creeks)",NA,NA,NA,NA
679,Whites Creek @ North Timberline Drive,820022400.0,NDEP,0,NA,NA,NA,NA,1995-12-27,1995,background_or_other,"Background / non-thermal (NDEP, domestic wells, creeks)",NA,NA,NA,NA
680,Whites Creek @ North Timberline Drive,824256000.0,NDEP,1,NA,NA,NA,NA,1996-02-14,1996,background_or_other,"Background / non-thermal (NDEP, domestic wells, creeks)",NA,NA,NA,NA
681,Whites Creek @ North Timberline Drive,829008000.0,NDEP,0,NA,NA,NA,NA,1996-04-09,1996,background_or_other,"Background / non-thermal (NDEP, domestic wells, creeks)",NA,NA,NA,NA
682,Whites Creek @ North Timberline Drive,835056000.0,NDEP,2,NA,NA,NA,NA,1996-06-18,1996,background_or_other,"Background / non-thermal (NDEP, domestic wells, creeks)",NA,NA,NA,NA
683,Whites Creek @ North Timberline Drive,839894400.0,NDEP,1,NA,NA,NA,NA,1996-08-13,1996,background_or_other,"Background / non-thermal (NDEP, domestic wells, creeks)",NA,NA,NA,NA
684,Whites Creek @ North Timberline Drive,844732800.0,NDEP,0,NA,NA,NA,NA,1996-10-08,1996,background_or_other,"Background / non-thermal (NDEP, domestic wells, creeks)",NA,NA,NA,NA
685,Whites Creek @ North Timberline Drive,850780800.0,NDEP,0,NA,NA,NA,NA,1996-12-17,1996,background_or_other,"Background / non-thermal (NDEP, domestic wells, creeks)",NA,NA,NA,NA
686,Whites Creek @ North Timberline Drive,855705600.0,NDEP,1,NA,NA,NA,NA,1997-02-12,1997,background_or_other,"Background / non-thermal (NDEP, domestic wells, creeks)",NA,NA,NA,NA
687,Whites Creek @ North Timberline Drive,860544000.0,NDEP,1,NA,NA,NA,NA,1997-04-09,1997,background_or_other,"Background / non-thermal (NDEP, domestic wells, creeks)",NA,NA,NA,NA
688,Whites Creek @ North Timberline Drive,865900800.0,NDEP,0,NA,NA,NA,NA,1997-06-10,1997,background_or_other,"Background / non-thermal (NDEP, domestic wells, creeks)",NA,NA,NA,NA
689,Whites Creek @ North Timberline Drive,871344000.0,NDEP,1,NA,NA,NA,NA,1997-08-12,1997,background_or_other,"Background / non-thermal (NDEP, domestic wells, creeks)",NA,NA,NA,NA
690,Whites Creek @ North Timberline Drive,877996800.0,NDEP,2,NA,NA,NA,NA,1997-10-28,1997,background_or_other,"Background / non-thermal (NDEP, domestic wells, creeks)",NA,NA,NA,NA
691,Whites Creek @ North Timberline Drive,882230400.0,NDEP,1,NA,NA,NA,NA,1997-12-16,1997,background_or_other,"Background / non-thermal (NDEP, domestic wells, creeks)",NA,NA,NA,NA
692,Whites Creek @ North Timberline Drive,887068800.0,NDEP,1,NA,NA,NA,NA,1998-02-10,1998,background_or_other,"Background / non-thermal (NDEP, domestic wells, creeks)",NA,NA,NA,NA
693,Whites Creek @ North Timberline Drive,892512000.0,NDEP,1,NA,NA,NA,NA,1998-04-14,1998,background_or_other,"Background / non-thermal (NDEP, domestic wells, creeks)",NA,NA,NA,NA
694,Whites Creek @ North Timberline Drive,897955200.0,NDEP,0,NA,NA,NA,NA,1998-06-16,1998,background_or_other,"Background / non-thermal (NDEP, domestic wells, creeks)",NA,NA,NA,NA
695,Whites Creek @ North Timberline Drive,902793600.0,NDEP,1,NA,NA,NA,NA,1998-08-11,1998,background_or_other,"Background / non-thermal (NDEP, domestic wells, creeks)",NA,NA,NA,NA
696,Whites Creek @ North Timberline Drive,908236800.0,NDEP,0.38,NA,NA,NA,NA,1998-10-13,1998,background_or_other,"Background / non-thermal (NDEP, domestic wells, creeks)",NA,NA,NA,NA
697,Whites Creek @ North Timberline Drive,913680000.0,NDEP,2,NA,NA,NA,NA,1998-12-15,1998,background_or_other,"Background / non-thermal (NDEP, domestic wells, creeks)",NA,NA,NA,NA
698,Whites Creek @ North Timberline Drive,917913600.0,NDEP,1,100,8,NA,NA,1999-02-02,1999,background_or_other,"Background / non-thermal (NDEP, domestic wells, creeks)",0.01,8,NA,NA
699,Whites Creek @ North Timberline Drive,923961600.0,NDEP,1,NA,NA,NA,NA,1999-04-13,1999,background_or_other,"Background / non-thermal (NDEP, domestic wells, creeks)",NA,NA,NA,NA
700,Whites Creek @ North Timberline Drive,929404800.0,NDEP,0,NA,NA,NA,NA,1999-06-15,1999,background_or_other,"Background / non-thermal (NDEP, domestic wells, creeks)",NA,NA,NA,NA
701,Whites Creek @ North Timberline Drive,934243200.0,NDEP,2,100,8,NA,NA,1999-08-10,1999,background_or_other,"Background / non-thermal (NDEP, domestic wells, creeks)",0.02,4,NA,NA
702,Whites Creek @ North Timberline Drive,939772800.0,NDEP,1,NA,NA,NA,NA,1999-10-13,1999,background_or_other,"Background / non-thermal (NDEP, domestic wells, creeks)",NA,NA,NA,NA
703,Whites Creek @ North Timberline Drive,945648000.0,NDEP,1,NA,NA,NA,NA,1999-12-20,1999,background_or_other,"Background / non-thermal (NDEP, domestic wells, creeks)",NA,NA,NA,NA
704,Whites Creek @ North Timberline Drive,950054400.0,NDEP,0,100,7,NA,NA,2000-02-09,2000,background_or_other,"Background / non-thermal (NDEP, domestic wells, creeks)",0,NA,NA,NA
705,Whites Creek @ North Timberline Drive,955324800.0,NDEP,0,NA,NA,NA,NA,2000-04-10,2000,background_or_other,"Background / non-thermal (NDEP, domestic wells, creeks)",NA,NA,NA,NA
706,Whites Creek @ North Timberline Drive,960854400.0,NDEP,0,NA,NA,NA,NA,2000-06-13,2000,background_or_other,"Background / non-thermal (NDEP, domestic wells, creeks)",NA,NA,NA,NA
707,Whites Creek @ North Timberline Drive,965692800.0,NDEP,0,100,7,NA,NA,2000-08-08,2000,background_or_other,"Background / non-thermal (NDEP, domestic wells, creeks)",0,NA,NA,NA
708,Whites Creek @ North Timberline Drive,971136000.0,NDEP,0,NA,NA,NA,NA,2000-10-10,2000,background_or_other,"Background / non-thermal (NDEP, domestic wells, creeks)",NA,NA,NA,NA
709,Whites Creek @ North Timberline Drive,977184000.0,NDEP,1,NA,NA,NA,NA,2000-12-19,2000,background_or_other,"Background / non-thermal (NDEP, domestic wells, creeks)",NA,NA,NA,NA
710,Whites Creek @ North Timberline Drive,986860800.0,NDEP,1,NA,NA,NA,NA,2001-04-10,2001,background_or_other,"Background / non-thermal (NDEP, domestic wells, creeks)",NA,NA,NA,NA
711,Whites Creek @ North Timberline Drive,992822400.0,NDEP,1,NA,NA,NA,NA,2001-06-18,2001,background_or_other,"Background / non-thermal (NDEP, domestic wells, creeks)",NA,NA,NA,NA
712,Whites Creek @ North Timberline Drive,997747200.0,NDEP,0,100,5,NA,NA,2001-08-14,2001,background_or_other,"Background / non-thermal (NDEP, domestic wells, creeks)",0,NA,NA,NA
713,Whites Creek @ North Timberline Drive,1002585600.0,NDEP,1,NA,NA,NA,NA,2001-10-09,2001,background_or_other,"Background / non-thermal (NDEP, domestic wells, creeks)",NA,NA,NA,NA
714,Whites Creek @ North Timberline Drive,1012867200.0,NDEP,1,100,8,NA,NA,2002-02-05,2002,background_or_other,"Background / non-thermal (NDEP, domestic wells, creeks)",0.01,8,NA,NA
715,Whites Creek @ North Timberline Drive,1018396800.0,NDEP,1,NA,NA,NA,NA,2002-04-10,2002,background_or_other,"Background / non-thermal (NDEP, domestic wells, creeks)",NA,NA,NA,NA
716,Whites Creek @ North Timberline Drive,1023148800.0,NDEP,0,NA,NA,NA,NA,2002-06-04,2002,background_or_other,"Background / non-thermal (NDEP, domestic wells, creeks)",NA,NA,NA,NA
717,Whites Creek @ North Timberline Drive,1095638400.0,NDEP,5,NA,NA,NA,NA,2004-09-20,2004,background_or_other,"Background / non-thermal (NDEP, domestic wells, creeks)",NA,NA,NA,NA
718,Whites Creek @ North Timberline Drive,1106611200.0,NDEP,5,NA,NA,NA,NA,2005-01-25,2005,background_or_other,"Background / non-thermal (NDEP, domestic wells, creeks)",NA,NA,NA,NA
719,Whites Creek @ North Timberline Drive,1112227200.0,NDEP,5,NA,8,NA,NA,2005-03-31,2005,background_or_other,"Background / non-thermal (NDEP, domestic wells, creeks)",NA,1.6,NA,NA
720,Whites Creek @ North Timberline Drive,1121126400.0,NDEP,5,NA,NA,NA,NA,2005-07-12,2005,background_or_other,"Background / non-thermal (NDEP, domestic wells, creeks)",NA,NA,NA,NA
721,Whites Creek @ North Timberline Drive,1127174400.0,NDEP,5,NA,5,NA,NA,2005-09-20,2005,background_or_other,"Background / non-thermal (NDEP, domestic wells, creeks)",NA,1,NA,NA
722,Whites Creek @ North Timberline Drive,1135036800.0,NDEP,5,NA,NA,NA,NA,2005-12-20,2005,background_or_other,"Background / non-thermal (NDEP, domestic wells, creeks)",NA,NA,NA,NA
723,Whites Creek @ North Timberline Drive,1150761600.0,NDEP,5,NA,5,NA,NA,2006-06-20,2006,background_or_other,"Background / non-thermal (NDEP, domestic wells, creeks)",NA,1,NA,NA
724,Whites Creek @ North Timberline Drive,1155686400.0,NDEP,5,NA,NA,NA,NA,2006-08-16,2006,background_or_other,"Background / non-thermal (NDEP, domestic wells, creeks)",NA,NA,NA,NA
725,Whites Creek @ North Timberline Drive,1165795200.0,NDEP,5,NA,NA,NA,NA,2006-12-11,2006,background_or_other,"Background / non-thermal (NDEP, domestic wells, creeks)",NA,NA,NA,NA
726,Whites Creek @ North Timberline Drive,1174348800.0,NDEP,5,NA,5,NA,NA,2007-03-20,2007,background_or_other,"Background / non-thermal (NDEP, domestic wells, creeks)",NA,1,NA,NA
727,Whites Creek @ North Timberline Drive,1181606400.0,NDEP,5,NA,NA,NA,NA,2007-06-12,2007,background_or_other,"Background / non-thermal (NDEP, domestic wells, creeks)",NA,NA,NA,NA
728,Whites Creek @ North Timberline Drive,1189468800.0,NDEP,5,NA,5,NA,NA,2007-09-11,2007,background_or_other,"Background / non-thermal (NDEP, domestic wells, creeks)",NA,1,NA,NA
729,Whites Creek @ North Timberline Drive,1197849600.0,NDEP,5,NA,NA,NA,NA,2007-12-17,2007,background_or_other,"Background / non-thermal (NDEP, domestic wells, creeks)",NA,NA,NA,NA
730,Whites Creek @ North Timberline Drive,1223942400.0,NDEP,5,NA,5,NA,NA,2008-10-14,2008,background_or_other,"Background / non-thermal (NDEP, domestic wells, creeks)",NA,1,NA,NA
731,Whites Creek @ North Timberline Drive,1237852800.0,NDEP,5,NA,NA,NA,NA,2009-03-24,2009,background_or_other,"Background / non-thermal (NDEP, domestic wells, creeks)",NA,NA,NA,NA
732,Whites Creek @ North Timberline Drive,1242777600.0,NDEP,5,NA,5,NA,NA,2009-05-20,2009,background_or_other,"Background / non-thermal (NDEP, domestic wells, creeks)",NA,1,NA,NA
733,Whites Creek @ North Timberline Drive,1246924800.0,NDEP,5,NA,NA,NA,NA,2009-07-07,2009,background_or_other,"Background / non-thermal (NDEP, domestic wells, creeks)",NA,NA,NA,NA
734,Whites Creek @ North Timberline Drive,1255996800.0,NDEP,5,NA,5,NA,NA,2009-10-20,2009,background_or_other,"Background / non-thermal (NDEP, domestic wells, creeks)",NA,1,NA,NA
735,Whites Creek @ North Timberline Drive,1266883200.0,NDEP,5,NA,NA,NA,NA,2010-02-23,2010,background_or_other,"Background / non-thermal (NDEP, domestic wells, creeks)",NA,NA,NA,NA
736,Whites Creek @ North Timberline Drive,1281916800.0,NDEP,5,NA,5,NA,NA,2010-08-16,2010,background_or_other,"Background / non-thermal (NDEP, domestic wells, creeks)",NA,1,NA,NA
737,Steamboat Creek north of the USGS gage off of Rhodes Road,1341532800.0,NDEP,5,NA,8,NA,NA,2012-07-06,2012,background_or_other,"Background / non-thermal (NDEP, domestic wells, creeks)",NA,1.6,NA,NA
738,Thomas Creek above Arrowhead Parkway &[TC111],1086825600.0,NDEP,5,NA,6,NA,NA,2004-06-10,2004,background_or_other,"Background / non-thermal (NDEP, domestic wells, creeks)",NA,1.2,NA,NA
741,Thomas Creek above Arrowhead Parkway &[TC111],1471478400.0,NDEP,0.54,NA,6,NA,NA,2016-08-18,2016,background_or_other,"Background / non-thermal (NDEP, domestic wells, creeks)",NA,11.11111111111111,NA,NA
743,Thomas Creek above Arrowhead Parkway &[TC111],1532995200.0,NDEP,0.52,NA,4.9,NA,NA,2018-07-31,2018,background_or_other,"Background / non-thermal (NDEP, domestic wells, creeks)",NA,9.423076923076923,NA,NA
744,Thomas Creek above Arrowhead Parkway &[TC111],1593388800.0,NDEP,0.6,0,4.6,0,46000,2020-06-29,2020,background_or_other,"Background / non-thermal (NDEP, domestic wells, creeks)",NA,7.666666666666666,0,76666.66666666667
745,Thomas Creek above Arrowhead Parkway &[TC111],1596067200.0,NDEP,1.1,4.4,5.5,20,46000,2020-07-30,2020,background_or_other,"Background / non-thermal (NDEP, domestic wells, creeks)",0.25,5,18.18181818181818,41818.181818181816
747,Thomas Creek above Arrowhead Parkway &[TC111],1661126400.0,NDEP,0.7,50,5.3,100,49000,2022-08-22,2022,background_or_other,"Background / non-thermal (NDEP, domestic wells, creeks)",0.013999999999999999,7.571428571428572,142.85714285714286,70000
748,Whites Creek above Thomas Creek Road &[WC-11],1086652800.0,NDEP,5,NA,5,NA,NA,2004-06-08,2004,background_or_other,"Background / non-thermal (NDEP, domestic wells, creeks)",NA,1,NA,NA
749,Whites Creek above Thomas Creek Road &[WC-11],1432598400.0,NDEP,1.35,NA,3.2,NA,NA,2015-05-26,2015,background_or_other,"Background / non-thermal (NDEP, domestic wells, creeks)",NA,2.3703703703703702,NA,NA
752,Whites Creek above Thomas Creek Road &[WC-11],1471392000.0,NDEP,0.41,NA,3.3,NA,NA,2016-08-17,2016,background_or_other,"Background / non-thermal (NDEP, domestic wells, creeks)",NA,8.048780487804878,NA,NA
753,Whites Creek above Thomas Creek Road &[WC-11],1592265600.0,NDEP,0.16,4.4,2.6,2.4,22000,2020-06-16,2020,background_or_other,"Background / non-thermal (NDEP, domestic wells, creeks)",0.03636363636363636,16.25,15,137500
754,Whites Creek above Thomas Creek Road &[WC-11],1593475200.0,NDEP,0.24,0,2.7,0,25000,2020-06-30,2020,background_or_other,"Background / non-thermal (NDEP, domestic wells, creeks)",NA,11.250000000000002,0,104166.66666666667
755,Whites Creek above Thomas Creek Road &[WC-11],1691625600.0,NDEP,0.5,50,3.2,100,26000,2023-08-10,2023,background_or_other,"Background / non-thermal (NDEP, domestic wells, creeks)",0.01,6.4,200,52000
815,SBW_0002,1777644373.0,FIELD,849,37.1,686,7.21,102,2026-05-01,2026,thermal_endmember,Thermal end-member (Sorey & Colvard 1992 + FIELD),22.88409703504043,0.8080094228504122,0.008492343934040048,0.12014134275618374
816,SBF_0001,1777641960.0,FIELD,815,36,656,6.45,106.5,2026-05-01,2026,thermal_endmember,Thermal end-member (Sorey & Colvard 1992 + FIELD),22.63888888888889,0.8049079754601227,0.007914110429447853,0.13067484662576687
818,SBBV,1777653164.0,FIELD,126,6.94,127.5,1.07,22.9,2026-05-01,2026,background_or_other,"Background / non-thermal (NDEP, domestic wells, creeks)",18.155619596541786,1.0119047619047619,0.008492063492063492,0.18174603174603174
819,SBRR,1777639020.0,FIELD,17.1,0.011,17,0.0035,16.1,2026-05-01,2026,background_or_other,"Background / non-thermal (NDEP, domestic wells, creeks)",1554.5454545454547,0.9941520467836257,2.0467836257309941e-4,0.9415204678362573
820,SBS_0002,1777646940.0,FIELD,635,29.2,497,5.79,84.2,2026-05-01,2026,thermal_endmember,Thermal end-member (Sorey & Colvard 1992 + FIELD),21.746575342465754,0.7826771653543307,0.009118110236220472,0.1325984251968504
821,SBW_0001,1777648380.0,FIELD,473,21.2,404,4.51,70,2026-05-01,2026,thermal_endmember,Thermal end-member (Sorey & Colvard 1992 + FIELD),22.31132075471698,0.854122621564482,0.009534883720930231,0.14799154334038056
822,SBS_0003,1777650720.0,FIELD,697,34.8,590,6.86,67.4,2026-05-01,2026,thermal_endmember,Thermal end-member (Sorey & Colvard 1992 + FIELD),20.02873563218391,0.8464849354375896,0.009842180774748924,0.09670014347202296
825,SBS_0001,1777477500.0,FIELD,724,33.3,559,6.4,90.7,2026-04-29,2026,thermal_endmember,Thermal end-member (Sorey & Colvard 1992 + FIELD),21.741741741741745,0.7720994475138122,0.008839779005524863,0.12527624309392266
827,Soccer Field Monitoring Well,03/22/2024 9:12,NDEP PRR,570,36,510,6.3,58,2024-03-22,2024,background_or_other,"Background / non-thermal (NDEP, domestic wells, creeks)",15.833333333333334,0.8947368421052632,0.011052631578947368,0.10175438596491228
828,Eich Well,03/22/2024 10:36,NDEP PRR,590,29,450,4.8,120,2024-03-22,2024,background_or_other,"Background / non-thermal (NDEP, domestic wells, creeks)",20.344827586206897,0.7627118644067796,0.008135593220338983,0.2033898305084746
829,Boyd Domestic Well,03/22/2024 11:35,NDEP PRR,45,0.18,130,0.1,20,2024-03-22,2024,background_or_other,"Background / non-thermal (NDEP, domestic wells, creeks)",250,2.888888888888889,0.0022222222222222222,0.4444444444444444
830,Jeppson Geothermal Well,03/22/2024 11:50,NDEP PRR,11,0.1,60,0.1,91,2024-03-22,2024,background_or_other,"Background / non-thermal (NDEP, domestic wells, creeks)",110,5.454545454545454,0.009090909090909092,8.272727272727273
831,Rogers Domestic Well,03/22/2024 12:10,NDEP PRR,7.4,0.05,63,0.1,31,2024-03-22,2024,background_or_other,"Background / non-thermal (NDEP, domestic wells, creeks)",148,8.513513513513512,0.013513513513513514,4.189189189189189
832,Soccer Field Monitoring Well,06/07/2024 9:20,NDEP PRR,470,34,450,5.8,98,2024-06-07,2024,background_or_other,"Background / non-thermal (NDEP, domestic wells, creeks)",13.823529411764707,0.9574468085106383,0.012340425531914893,0.20851063829787234
833,Eich Well,06/07/2024 10:25,NDEP PRR,530,29,430,4.8,110,2024-06-07,2024,background_or_other,"Background / non-thermal (NDEP, domestic wells, creeks)",18.275862068965516,0.8113207547169812,0.009056603773584906,0.20754716981132076
834,Boyd Domestic Well,06/07/2024 11:25,NDEP PRR,39,0.1,49,0.1,25,2024-06-07,2024,background_or_other,"Background / non-thermal (NDEP, domestic wells, creeks)",390,1.2564102564102564,0.002564102564102564,0.6410256410256411
835,Jeppson Geothermal Well,06/07/2024 11:35,NDEP PRR,11,0.12,61,0.1,100,2024-06-07,2024,background_or_other,"Background / non-thermal (NDEP, domestic wells, creeks)",91.66666666666667,5.545454545454546,0.009090909090909092,9.090909090909092
836,Rogers Domestic Well,06/07/2024 11:55,NDEP PRR,7,0.05,68,0.1,32,2024-06-07,2024,background_or_other,"Background / non-thermal (NDEP, domestic wells, creeks)",140,9.714285714285714,0.014285714285714287,4.571428571428571
837,CPI production well 21-5,1990-04-13,Sorey & Colvard 1992,737,40,589,5.5,296,1990-04-13,1990,thermal_endmember,Thermal end-member (Sorey & Colvard 1992 + FIELD),18.425,0.7991858887381276,0.007462686567164179,0.4016282225237449
838,CPI production well 83A-6,1990-04-12,Sorey & Colvard 1992,697,38,537,5.5,323,1990-04-12,1990,thermal_endmember,Thermal end-member (Sorey & Colvard 1992 + FIELD),18.342105263157894,0.7704447632711621,0.007890961262553802,0.4634146341463415
839,CPI injection well Cox 1-1 (Cox well),1981-04-30,Sorey & Colvard 1992,750,33,581,7.4,265,1981-04-30,1981,background_or_other,"Background / non-thermal (NDEP, domestic wells, creeks)",22.727272727272727,0.7746666666666666,0.009866666666666668,0.35333333333333333
840,SB GEO production well PW-1,1990-12-01,Sorey & Colvard 1992,811,42,618,NA,276,1990-12-01,1990,thermal_endmember,Thermal end-member (Sorey & Colvard 1992 + FIELD),19.30952380952381,0.7620221948212084,NA,0.3403205918618989
841,SB GEO production well PW-2,1990-12-01,Sorey & Colvard 1992,802,36,576,NA,275,1990-12-01,1990,thermal_endmember,Thermal end-member (Sorey & Colvard 1992 + FIELD),22.27777777777778,0.7182044887780549,NA,0.3428927680798005
842,SB GEO production well PW-3,1990-12-01,Sorey & Colvard 1992,811,37,613,NA,293,1990-12-01,1990,thermal_endmember,Thermal end-member (Sorey & Colvard 1992 + FIELD),21.91891891891892,0.7558569667077681,NA,0.36128236744759556
843,"Hot spring 6, main terrace ACEC",1977-06-10,Sorey & Colvard 1992,871,48,660,7.8,214,1977-06-10,1977,thermal_endmember,Thermal end-member (Sorey & Colvard 1992 + FIELD),18.145833333333332,0.7577497129735936,0.008955223880597015,0.24569460390355913
844,"Well GS-5, 1950 sample (White 1968)",1950-01-01,Sorey & Colvard 1992,820,NA,NA,NA,NA,1950-01-01,1950,thermal_endmember,Thermal end-member (Sorey & Colvard 1992 + FIELD),NA,NA,NA,NA
845,New seep adjacent to well GS-5 (1991),1991-06-25,Sorey & Colvard 1992,1000,53.1,693,NA,NA,1991-06-25,1991,thermal_endmember,Thermal end-member (Sorey & Colvard 1992 + FIELD),18.832391713747647,0.693,NA,NA
846,Steinhardt Geothermal Well (narrative Cl trend),1987-01-01,Sorey & Colvard 1992,300,NA,NA,NA,NA,1987-01-01,1987,thermal_endmember,Thermal end-member (Sorey & Colvard 1992 + FIELD),NA,NA,NA,NA
847,Steinhardt Geothermal Well (narrative Cl trend),1990-01-01,Sorey & Colvard 1992,140,NA,NA,NA,NA,1990-01-01,1990,thermal_endmember,Thermal end-member (Sorey & Colvard 1992 + FIELD),NA,NA,NA,NA
848,23-5 (Mariner & Janik 1995; = Wells '23-5'),1991-11-05,Mariner & Janik 1995,222,12,168,2,97,1991-11-05,1991,background_or_other,"Background / non-thermal (NDEP, domestic wells, creeks)",18.5,0.7567567567567568,0.009009009009009009,0.4369369369369369
849,23-5 (Mariner & Janik 1995; = Wells '23-5'),1993-01-27,Mariner & Janik 1995,887,46,692,7.4,426,1993-01-27,1993,background_or_other,"Background / non-thermal (NDEP, domestic wells, creeks)",19.282608695652176,0.7801578354002254,0.00834272829763247,0.48027057497181513
850,23-5 (Mariner & Janik 1995; = Wells '23-5'),1993-08-02,Mariner & Janik 1995,887,47,673,8.1,421,1993-08-02,1993,background_or_other,"Background / non-thermal (NDEP, domestic wells, creeks)",18.872340425531913,0.7587373167981961,0.009131905298759865,0.4746335963923337
851,23-5 (Mariner & Janik 1995; = Wells '23-5'),1994-07-25,Mariner & Janik 1995,917,45,691,7.1,400,1994-07-25,1994,background_or_other,"Background / non-thermal (NDEP, domestic wells, creeks)",20.377777777777776,0.7535441657579062,0.007742639040348964,0.4362050163576881
852,23-5 (Mariner & Janik 1995; = Wells '23-5'),1994-09-13,Mariner & Janik 1995,889,46,665,7,389,1994-09-13,1994,background_or_other,"Background / non-thermal (NDEP, domestic wells, creeks)",19.32608695652174,0.7480314960629921,0.007874015748031496,0.437570303712036
853,83A-6 (Mariner & Janik 1995; = Wells '83A-6'),1991-11-06,Mariner & Janik 1995,840,41,670,7,356,1991-11-06,1991,background_or_other,"Background / non-thermal (NDEP, domestic wells, creeks)",20.48780487804878,0.7976190476190477,0.008333333333333333,0.4238095238095238
854,83A-6 (Mariner & Janik 1995; = Wells '83A-6'),1993-08-02,Mariner & Janik 1995,840,51,639,6.4,364,1993-08-02,1993,background_or_other,"Background / non-thermal (NDEP, domestic wells, creeks)",16.470588235294116,0.7607142857142857,0.007619047619047619,0.43333333333333335
855,83A-6 (Mariner & Janik 1995; = Wells '83A-6'),1994-07-25,Mariner & Janik 1995,868,44,626,6.9,353,1994-07-25,1994,background_or_other,"Background / non-thermal (NDEP, domestic wells, creeks)",19.727272727272727,0.7211981566820277,0.00794930875576037,0.4066820276497696
856,21-5 (Mariner & Janik 1995; = Wells '21-5R'),1991-11-05,Mariner & Janik 1995,850,42,688,6.1,318,1991-11-05,1991,background_or_other,"Background / non-thermal (NDEP, domestic wells, creeks)",20.238095238095237,0.8094117647058824,0.007176470588235294,0.37411764705882355
857,21-5 (Mariner & Janik 1995; = Wells '21-5R'),1993-01-27,Mariner & Janik 1995,833,43,639,6.6,321,1993-01-27,1993,background_or_other,"Background / non-thermal (NDEP, domestic wells, creeks)",19.372093023255815,0.7671068427370948,0.007923169267707083,0.38535414165666265
858,21-5 (Mariner & Janik 1995; = Wells '21-5R'),1993-08-03,Mariner & Janik 1995,847,46,657,6.1,320,1993-08-03,1993,background_or_other,"Background / non-thermal (NDEP, domestic wells, creeks)",18.41304347826087,0.7756788665879575,0.007201889020070838,0.3778040141676505
859,21-5 (Mariner & Janik 1995; = Wells '21-5R'),1994-07-25,Mariner & Janik 1995,856,44,686,6.1,304,1994-07-25,1994,background_or_other,"Background / non-thermal (NDEP, domestic wells, creeks)",19.454545454545453,0.8014018691588785,0.007126168224299065,0.35514018691588783
860,13-5 (Mariner & Janik 1995; = Wells '13-5R'),1993-08-07,Mariner & Janik 1995,904,46,690,6.1,339,1993-08-07,1993,background_or_other,"Background / non-thermal (NDEP, domestic wells, creeks)",19.652173913043477,0.7632743362831859,0.006747787610619469,0.375
861,Cox I-1 (Mariner & Janik 1995; = Wells 'Cox I-1'),1991-11-06,Mariner & Janik 1995,873,44,840,7.9,380,1991-11-06,1991,background_or_other,"Background / non-thermal (NDEP, domestic wells, creeks)",19.84090909090909,0.9621993127147767,0.00904925544100802,0.4352806414662085
862,Cox I-1 (Mariner & Janik 1995; = Wells 'Cox I-1'),1993-08-03,Mariner & Janik 1995,890,52,709,7.6,375,1993-08-03,1993,background_or_other,"Background / non-thermal (NDEP, domestic wells, creeks)",17.115384615384617,0.7966292134831461,0.008539325842696628,0.42134831460674155
863,Cox I-1 (Mariner & Janik 1995; = Wells 'Cox I-1'),1994-07-27,Mariner & Janik 1995,902,49,694,7.1,379,1994-07-27,1994,background_or_other,"Background / non-thermal (NDEP, domestic wells, creeks)",18.408163265306122,0.7694013303769401,0.00787139689578714,0.42017738359201773
864,GS-5 (Mariner & Janik 1995; = Wells 'GS-5'),1991-11-04,Mariner & Janik 1995,925,47,720,7.7,246,1991-11-04,1991,background_or_other,"Background / non-thermal (NDEP, domestic wells, creeks)",19.680851063829788,0.7783783783783784,0.008324324324324325,0.26594594594594595
865,GS-5 (Mariner & Janik 1995; = Wells 'GS-5'),1993-01-29,Mariner & Janik 1995,887,48,678,7,255,1993-01-29,1993,background_or_other,"Background / non-thermal (NDEP, domestic wells, creeks)",18.479166666666668,0.7643742953776775,0.007891770011273957,0.2874859075535513
866,GS-5 (Mariner & Janik 1995; = Wells 'GS-5'),1993-08-03,Mariner & Janik 1995,949,56,715,8.5,208,1993-08-03,1993,background_or_other,"Background / non-thermal (NDEP, domestic wells, creeks)",16.946428571428573,0.7534246575342466,0.008956796628029505,0.2191780821917808
867,PW-1 (Mariner & Janik 1995; = Wells 'PW-1'),1991-11-07,Mariner & Janik 1995,781,45,596,6,232,1991-11-07,1991,background_or_other,"Background / non-thermal (NDEP, domestic wells, creeks)",17.355555555555554,0.7631241997439181,0.0076824583866837385,0.2970550576184379
868,PW-1 (Mariner & Janik 1995; = Wells 'PW-1'),1993-01-29,Mariner & Janik 1995,811,43,611,6.5,238,1993-01-29,1993,background_or_other,"Background / non-thermal (NDEP, domestic wells, creeks)",18.86046511627907,0.7533908754623921,0.008014796547472256,0.2934648581997534
869,PW-1 (Mariner & Janik 1995; = Wells 'PW-1'),1993-08-05,Mariner & Janik 1995,808,38,613,6.5,245,1993-08-05,1993,background_or_other,"Background / non-thermal (NDEP, domestic wells, creeks)",21.263157894736842,0.7586633663366337,0.008044554455445545,0.3032178217821782
870,PW-1 (Mariner & Janik 1995; = Wells 'PW-1'),1994-07-27,Mariner & Janik 1995,802,42,644,6.4,235,1994-07-27,1994,background_or_other,"Background / non-thermal (NDEP, domestic wells, creeks)",19.095238095238095,0.8029925187032418,0.007980049875311722,0.29301745635910226
871,PW-2 (Mariner & Janik 1995; = Wells 'PW-2'),1991-11-07,Mariner & Janik 1995,800,43,628,6.4,248,1991-11-07,1991,background_or_other,"Background / non-thermal (NDEP, domestic wells, creeks)",18.6046511627907,0.785,0.008,0.31
872,PW-2 (Mariner & Janik 1995; = Wells 'PW-2'),1993-01-29,Mariner & Janik 1995,823,41,624,6.2,248,1993-01-29,1993,background_or_other,"Background / non-thermal (NDEP, domestic wells, creeks)",20.073170731707318,0.7582017010935601,0.007533414337788579,0.30133657351154314
873,PW-2 (Mariner & Janik 1995; = Wells 'PW-2'),1993-08-05,Mariner & Janik 1995,795,43,615,7,257,1993-08-05,1993,background_or_other,"Background / non-thermal (NDEP, domestic wells, creeks)",18.488372093023255,0.7735849056603774,0.00880503144654088,0.3232704402515723
874,PW-2 (Mariner & Janik 1995; = Wells 'PW-2'),1994-07-24,Mariner & Janik 1995,811,41,636,6.3,233,1994-07-24,1994,background_or_other,"Background / non-thermal (NDEP, domestic wells, creeks)",19.78048780487805,0.7842170160295932,0.007768187422934648,0.2872996300863132
875,PW-3 (Mariner & Janik 1995; = Wells 'PW-3'),1991-11-07,Mariner & Janik 1995,809,42,627,5.9,239,1991-11-07,1991,background_or_other,"Background / non-thermal (NDEP, domestic wells, creeks)",19.261904761904763,0.7750309023485785,0.007292954264524104,0.2954264524103832
876,PW-3 (Mariner & Janik 1995; = Wells 'PW-3'),1993-08-05,Mariner & Janik 1995,814,47,611,6.7,261,1993-08-05,1993,background_or_other,"Background / non-thermal (NDEP, domestic wells, creeks)",17.319148936170212,0.7506142506142506,0.008230958230958232,0.32063882063882065
877,PW2-1 (Mariner & Janik 1995; = Wells 'PW 2-1'),1993-01-28,Mariner & Janik 1995,772,40,610,6.5,238,1993-01-28,1993,background_or_other,"Background / non-thermal (NDEP, domestic wells, creeks)",19.3,0.7901554404145078,0.008419689119170985,0.3082901554404145
878,PW2-1 (Mariner & Janik 1995; = Wells 'PW 2-1'),1993-08-04,Mariner & Janik 1995,801,45,626,6.1,231,1993-08-04,1993,background_or_other,"Background / non-thermal (NDEP, domestic wells, creeks)",17.8,0.7815230961298377,0.007615480649188514,0.2883895131086142
879,PW2-2 (Mariner & Janik 1995; = Wells 'PW 2-2'),1993-01-28,Mariner & Janik 1995,770,42,608,6.2,227,1993-01-28,1993,background_or_other,"Background / non-thermal (NDEP, domestic wells, creeks)",18.333333333333332,0.7896103896103897,0.008051948051948052,0.2948051948051948
880,PW2-2 (Mariner & Janik 1995; = Wells 'PW 2-2'),1993-08-04,Mariner & Janik 1995,799,44,646,6.3,217,1993-08-04,1993,background_or_other,"Background / non-thermal (NDEP, domestic wells, creeks)",18.15909090909091,0.8085106382978723,0.007884856070087608,0.2715894868585732
881,PW2-2 (Mariner & Janik 1995; = Wells 'PW 2-2'),1994-07-26,Mariner & Janik 1995,797,40,655,6,195,1994-07-26,1994,background_or_other,"Background / non-thermal (NDEP, domestic wells, creeks)",19.925,0.821831869510665,0.0075282308657465494,0.24466750313676286
882,PW2-3 (Mariner & Janik 1995; = Wells 'PW 2-3'),1993-01-29,Mariner & Janik 1995,801,37,605,6.3,214,1993-01-29,1993,background_or_other,"Background / non-thermal (NDEP, domestic wells, creeks)",21.64864864864865,0.7553058676654182,0.007865168539325843,0.2671660424469413
883,PW2-3 (Mariner & Janik 1995; = Wells 'PW 2-3'),1993-08-04,Mariner & Janik 1995,797,41,612,6.6,223,1993-08-04,1993,background_or_other,"Background / non-thermal (NDEP, domestic wells, creeks)",19.4390243902439,0.767879548306148,0.008281053952321205,0.2797992471769134
884,PW2-4 (Mariner & Janik 1995; = Wells 'PW 2-4'),1993-01-28,Mariner & Janik 1995,782,41,630,6.5,216,1993-01-28,1993,background_or_other,"Background / non-thermal (NDEP, domestic wells, creeks)",19.073170731707318,0.8056265984654731,0.008312020460358057,0.27621483375959077
885,PW2-4 (Mariner & Janik 1995; = Wells 'PW 2-4'),1993-08-05,Mariner & Janik 1995,787,43,636,5.9,216,1993-08-05,1993,background_or_other,"Background / non-thermal (NDEP, domestic wells, creeks)",18.302325581395348,0.8081321473951716,0.007496823379923761,0.2744599745870394
886,PW2-4 (Mariner & Janik 1995; = Wells 'PW 2-4'),1994-07-26,Mariner & Janik 1995,783,41,623,6,193,1994-07-26,1994,background_or_other,"Background / non-thermal (NDEP, domestic wells, creeks)",19.097560975609756,0.7956577266922095,0.007662835249042145,0.24648786717752236
887,PW2-5 (Mariner & Janik 1995; = Wells 'PW 2-5'),1993-01-29,Mariner & Janik 1995,795,41,607,6.5,223,1993-01-29,1993,background_or_other,"Background / non-thermal (NDEP, domestic wells, creeks)",19.390243902439025,0.7635220125786164,0.008176100628930818,0.28050314465408804
888,PW2-5 (Mariner & Janik 1995; = Wells 'PW 2-5'),1993-08-04,Mariner & Janik 1995,796,48,643,6.9,231,1993-08-04,1993,background_or_other,"Background / non-thermal (NDEP, domestic wells, creeks)",16.583333333333332,0.8077889447236181,0.008668341708542714,0.29020100502512564
889,PW2-5 (Mariner & Janik 1995; = Wells 'PW 2-5'),1994-07-26,Mariner & Janik 1995,805,42,633,6.4,214,1994-07-26,1994,background_or_other,"Background / non-thermal (NDEP, domestic wells, creeks)",19.166666666666668,0.7863354037267081,0.007950310559006211,0.26583850931677017
890,PW3-1 (Mariner & Janik 1995; = Wells 'PW 3-1'),1993-01-28,Mariner & Janik 1995,789,41,625,6.3,227,1993-01-28,1993,background_or_other,"Background / non-thermal (NDEP, domestic wells, creeks)",19.24390243902439,0.7921419518377694,0.007984790874524715,0.2877059569074778
891,PW3-1 (Mariner & Janik 1995; = Wells 'PW 3-1'),1993-08-04,Mariner & Janik 1995,788,40,630,6.9,213,1993-08-04,1993,background_or_other,"Background / non-thermal (NDEP, domestic wells, creeks)",19.7,0.799492385786802,0.008756345177664975,0.2703045685279188
892,PW3-1 (Mariner & Janik 1995; = Wells 'PW 3-1'),1994-07-26,Mariner & Janik 1995,783,40,654,6,187,1994-07-26,1994,background_or_other,"Background / non-thermal (NDEP, domestic wells, creeks)",19.575,0.8352490421455939,0.007662835249042145,0.2388250319284802
893,PW3-2 (Mariner & Janik 1995; = Wells 'PW 3-2'),1993-01-28,Mariner & Janik 1995,775,41,635,6.4,213,1993-01-28,1993,background_or_other,"Background / non-thermal (NDEP, domestic wells, creeks)",18.902439024390244,0.8193548387096774,0.008258064516129033,0.27483870967741936
894,PW3-2 (Mariner & Janik 1995; = Wells 'PW 3-2'),1993-08-04,Mariner & Janik 1995,799,43,641,6.5,217,1993-08-04,1993,background_or_other,"Background / non-thermal (NDEP, domestic wells, creeks)",18.58139534883721,0.8022528160200251,0.008135168961201502,0.2715894868585732
895,PW3-3 (Mariner & Janik 1995; = Wells 'PW 3-3'),1993-01-28,Mariner & Janik 1995,801,42,628,6.4,218,1993-01-28,1993,background_or_other,"Background / non-thermal (NDEP, domestic wells, creeks)",19.071428571428573,0.784019975031211,0.007990012484394507,0.2721598002496879
896,PW3-3 (Mariner & Janik 1995; = Wells 'PW 3-3'),1993-08-05,Mariner & Janik 1995,779,39,646,6.6,218,1993-08-05,1993,background_or_other,"Background / non-thermal (NDEP, domestic wells, creeks)",19.974358974358974,0.8292682926829268,0.008472400513478818,0.2798459563543004
897,PW3-3 (Mariner & Janik 1995; = Wells 'PW 3-3'),1994-07-26,Mariner & Janik 1995,797,42,631,6.1,182,1994-07-26,1994,background_or_other,"Background / non-thermal (NDEP, domestic wells, creeks)",18.976190476190474,0.7917189460476788,0.007653701380175658,0.22835633626097868
898,PW3-4 (Mariner & Janik 1995; = Wells 'PW 3-4'),1993-01-28,Mariner & Janik 1995,779,42,620,6.2,218,1993-01-28,1993,background_or_other,"Background / non-thermal (NDEP, domestic wells, creeks)",18.547619047619047,0.7958921694480102,0.007958921694480103,0.2798459563543004
899,PW3-4 (Mariner & Janik 1995; = Wells 'PW 3-4'),1993-08-04,Mariner & Janik 1995,795,52,653,6.4,218,1993-08-04,1993,background_or_other,"Background / non-thermal (NDEP, domestic wells, creeks)",15.288461538461538,0.8213836477987422,0.008050314465408805,0.2742138364779874
900,PW3-4 (Mariner & Janik 1995; = Wells 'PW 3-4'),1994-07-26,Mariner & Janik 1995,783,39,637,6,180,1994-07-26,1994,background_or_other,"Background / non-thermal (NDEP, domestic wells, creeks)",20.076923076923077,0.8135376756066411,0.007662835249042145,0.22988505747126436
901,IW-3 (Mariner & Janik 1995; = Wells 'IW-3'),1991-11-07,Mariner & Janik 1995,809,40,638,5.6,244,1991-11-07,1991,background_or_other,"Background / non-thermal (NDEP, domestic wells, creeks)",20.225,0.788627935723115,0.0069221260815822,0.3016069221260816
902,IW-3 (Mariner & Janik 1995; = Wells 'IW-3'),1993-08-05,Mariner & Janik 1995,813,39,641,7.2,265,1993-08-05,1993,background_or_other,"Background / non-thermal (NDEP, domestic wells, creeks)",20.846153846153847,0.7884378843788438,0.008856088560885609,0.32595325953259535
903,IW-5 (Mariner & Janik 1995; = Wells '46-28'),1993-08-05,Mariner & Janik 1995,794,43,620,6.7,219,1993-08-05,1993,background_or_other,"Background / non-thermal (NDEP, domestic wells, creeks)",18.46511627906977,0.7808564231738035,0.008438287153652394,0.27581863979848864
904,Stuart,1991-11-08,Mariner & Janik 1995,68,3.9,126,0.7,86,1991-11-08,1991,background_or_other,"Background / non-thermal (NDEP, domestic wells, creeks)",17.435897435897438,1.8529411764705883,0.010294117647058823,1.2647058823529411
905,Stuart,1993-01-26,Mariner & Janik 1995,64,6.6,147,0.9,83,1993-01-26,1993,background_or_other,"Background / non-thermal (NDEP, domestic wells, creeks)",9.696969696969697,2.296875,0.0140625,1.296875
906,Stuart,1993-08-06,Mariner & Janik 1995,82,4.7,152,1.1,93,1993-08-06,1993,background_or_other,"Background / non-thermal (NDEP, domestic wells, creeks)",17.4468085106383,1.853658536585366,0.013414634146341465,1.1341463414634145
907,Stuart,1994-07-27,Mariner & Janik 1995,86,5.7,168,1.2,87,1994-07-27,1994,background_or_other,"Background / non-thermal (NDEP, domestic wells, creeks)",15.087719298245613,1.9534883720930232,0.013953488372093023,1.0116279069767442
908,Brown's School (Mariner & Janik 1995; = Wells 'Brown School Geothermal Well'),1991-11-08,Mariner & Janik 1995,554,20,150,0.9,86,1991-11-08,1991,background_or_other,"Background / non-thermal (NDEP, domestic wells, creeks)",27.7,0.27075812274368233,0.001624548736462094,0.1552346570397112
909,Brown's School (Mariner & Janik 1995; = Wells 'Brown School Geothermal Well'),1993-01-23,Mariner & Janik 1995,568,29,175,1.2,88,1993-01-23,1993,background_or_other,"Background / non-thermal (NDEP, domestic wells, creeks)",19.586206896551722,0.30809859154929575,0.002112676056338028,0.15492957746478872
910,Brown's School (Mariner & Janik 1995; = Wells 'Brown School Geothermal Well'),1993-08-06,Mariner & Janik 1995,639,31,186,1.5,89,1993-08-06,1993,background_or_other,"Background / non-thermal (NDEP, domestic wells, creeks)",20.612903225806452,0.29107981220657275,0.002347417840375587,0.13928012519561817
911,Brown's School (Mariner & Janik 1995; = Wells 'Brown School Geothermal Well'),1994-07-28,Mariner & Janik 1995,636,38,205,1.8,92,1994-07-28,1994,background_or_other,"Background / non-thermal (NDEP, domestic wells, creeks)",16.736842105263158,0.3223270440251572,0.0028301886792452833,0.14465408805031446
912,Curti Domestic Well,1991-11-08,Mariner & Janik 1995,656,36,443,4.4,143,1991-11-08,1991,background_or_other,"Background / non-thermal (NDEP, domestic wells, creeks)",18.22222222222222,0.6753048780487805,0.0067073170731707325,0.21798780487804878
913,Steinhardt Geothermal Well (narrative Cl trend),1991-11-08,Mariner & Janik 1995,171,8.6,231,2.1,91,1991-11-08,1991,background_or_other,"Background / non-thermal (NDEP, domestic wells, creeks)",19.88372093023256,1.3508771929824561,0.012280701754385965,0.5321637426900585
914,Peigh,1991-11-08,Mariner & Janik 1995,5.6,NA,8.3,NA,61,1991-11-08,1991,background_or_other,"Background / non-thermal (NDEP, domestic wells, creeks)",NA,1.4821428571428574,NA,10.892857142857144
915,Herz Domestic Well,1991-11-08,Mariner & Janik 1995,138,0.3,35,0.3,55,1991-11-08,1991,background_or_other,"Background / non-thermal (NDEP, domestic wells, creeks)",460,0.2536231884057971,0.002173913043478261,0.39855072463768115
916,Stmgid 4,1991-11-08,Mariner & Janik 1995,1,NA,12,NA,38,1991-11-08,1991,background_or_other,"Background / non-thermal (NDEP, domestic wells, creeks)",NA,12,NA,38
917,Galena Ck. Pk.,1993-08-07,Mariner & Janik 1995,0.5,0.05,5.5,0.02,48,1993-08-07,1993,background_or_other,"Background / non-thermal (NDEP, domestic wells, creeks)",10,11,0.04,96
918,Thomas Ck.S.,1993-08-07,Mariner & Janik 1995,1,NA,13,0.03,65,1993-08-07,1993,background_or_other,"Background / non-thermal (NDEP, domestic wells, creeks)",NA,13,0.03,65
919,Tick Spr.,1993-08-07,Mariner & Janik 1995,48,0.03,20,0.02,19,1993-08-07,1993,background_or_other,"Background / non-thermal (NDEP, domestic wells, creeks)",1600,0.4166666666666667,4.166666666666667e-4,0.3958333333333333
920,Jumbo Gr. S.,1993-08-07,Mariner & Janik 1995,7,0.11,36,0.03,25,1993-08-07,1993,background_or_other,"Background / non-thermal (NDEP, domestic wells, creeks)",63.63636363636363,5.142857142857143,0.004285714285714286,3.5714285714285716
921,Tahoe Mdw.,1993-08-08,Mariner & Janik 1995,52,NA,11.5,0.02,18,1993-08-08,1993,background_or_other,"Background / non-thermal (NDEP, domestic wells, creeks)",NA,0.22115384615384615,3.846153846153846e-4,0.34615384615384615
922,Third Ck. Spr.,1993-08-08,Mariner & Janik 1995,0.2,NA,2.1,0.01,33,1993-08-08,1993,background_or_other,"Background / non-thermal (NDEP, domestic wells, creeks)",NA,10.5,0.049999999999999996,165
923,Dry Creek,1977-06-18,Skalbeck 2001 Table B-1,2,0,NA,NA,NA,1977-06-18,1977,background_or_other,"Background / non-thermal (NDEP, domestic wells, creeks)",NA,NA,NA,NA
924,Stock Spring,1977-06-18,Skalbeck 2001 Table B-1,3,0,NA,NA,NA,1977-06-18,1977,background_or_other,"Background / non-thermal (NDEP, domestic wells, creeks)",NA,NA,NA,NA
925,Thomas Creek Spring,1977-06-08,Skalbeck 2001 Table B-1,2,0,NA,NA,NA,1977-06-08,1977,background_or_other,"Background / non-thermal (NDEP, domestic wells, creeks)",NA,NA,NA,NA
926,Slide Mount Spring,1977-06-11,Skalbeck 2001 Table B-1,12,4,NA,NA,NA,1977-06-11,1977,background_or_other,"Background / non-thermal (NDEP, domestic wells, creeks)",3,NA,NA,NA
927,Davies Creek Well,1977-06-11,Skalbeck 2001 Table B-1,0,0,NA,NA,NA,1977-06-11,1977,background_or_other,"Background / non-thermal (NDEP, domestic wells, creeks)",NA,NA,NA,NA
928,Pleasant Valley School,1977-06-12,Skalbeck 2001 Table B-1,2,0,NA,NA,NA,1977-06-12,1977,background_or_other,"Background / non-thermal (NDEP, domestic wells, creeks)",NA,NA,NA,NA
929,Jumbo Grade Spring,1977-06-09,Skalbeck 2001 Table B-1,8,0,NA,NA,NA,1977-06-09,1977,background_or_other,"Background / non-thermal (NDEP, domestic wells, creeks)",NA,NA,NA,NA
930,Scorpion Springs,1977-06-09,Skalbeck 2001 Table B-1,3,0,NA,NA,NA,1977-06-09,1977,background_or_other,"Background / non-thermal (NDEP, domestic wells, creeks)",NA,NA,NA,NA
931,Alum Spring,1977-06-09,Skalbeck 2001 Table B-1,9,0,NA,NA,NA,1977-06-09,1977,background_or_other,"Background / non-thermal (NDEP, domestic wells, creeks)",NA,NA,NA,NA
932,Galena Creek Park,1993-08-07,Skalbeck 2001 Table B-1,0.5,0.1,NA,NA,NA,1993-08-07,1993,background_or_other,"Background / non-thermal (NDEP, domestic wells, creeks)",5,NA,NA,NA
933,Tick Spring,1993-08-07,Skalbeck 2001 Table B-1,48,0,NA,NA,NA,1993-08-07,1993,background_or_other,"Background / non-thermal (NDEP, domestic wells, creeks)",NA,NA,NA,NA
934,Jumbo Grade Spring,1993-08-07,Skalbeck 2001 Table B-1,7,0.1,NA,NA,NA,1993-08-07,1993,background_or_other,"Background / non-thermal (NDEP, domestic wells, creeks)",70,NA,NA,NA
935,Guton Ranch Well,1977-06-12,Skalbeck 2001 Table B-1,471,14,NA,NA,NA,1977-06-12,1977,background_or_other,"Background / non-thermal (NDEP, domestic wells, creeks)",33.642857142857146,NA,NA,NA
936,Hidden Valley Well,1977-06-12,Skalbeck 2001 Table B-1,9,3,NA,NA,NA,1977-06-12,1977,background_or_other,"Background / non-thermal (NDEP, domestic wells, creeks)",3,NA,NA,NA
937,Stmgid 4,1991-11-08,Skalbeck 2001 Table B-1,20,NA,NA,NA,NA,1991-11-08,1991,background_or_other,"Background / non-thermal (NDEP, domestic wells, creeks)",NA,NA,NA,NA
938,PW-1 (Mariner & Janik 1995; = Wells 'PW-1'),1991-01-17,Skalbeck 2001 Table B-1,781,45,NA,NA,NA,1991-01-17,1991,background_or_other,"Background / non-thermal (NDEP, domestic wells, creeks)",17.355555555555554,NA,NA,NA
939,PW-1 (Mariner & Janik 1995; = Wells 'PW-1'),1993-01-29,Skalbeck 2001 Table B-1,811,43,NA,NA,NA,1993-01-29,1993,background_or_other,"Background / non-thermal (NDEP, domestic wells, creeks)",18.86046511627907,NA,NA,NA
940,PW-1 (Mariner & Janik 1995; = Wells 'PW-1'),1993-08-15,Skalbeck 2001 Table B-1,808,38,NA,NA,NA,1993-08-15,1993,background_or_other,"Background / non-thermal (NDEP, domestic wells, creeks)",21.263157894736842,NA,NA,NA
941,PW-1 (Mariner & Janik 1995; = Wells 'PW-1'),1994-07-27,Skalbeck 2001 Table B-1,802,42,NA,NA,NA,1994-07-27,1994,background_or_other,"Background / non-thermal (NDEP, domestic wells, creeks)",19.095238095238095,NA,NA,NA
942,PW-2 (Mariner & Janik 1995; = Wells 'PW-2'),1991-01-17,Skalbeck 2001 Table B-1,800,43,NA,NA,NA,1991-01-17,1991,background_or_other,"Background / non-thermal (NDEP, domestic wells, creeks)",18.6046511627907,NA,NA,NA
943,PW-2 (Mariner & Janik 1995; = Wells 'PW-2'),1993-01-29,Skalbeck 2001 Table B-1,823,41,NA,NA,NA,1993-01-29,1993,background_or_other,"Background / non-thermal (NDEP, domestic wells, creeks)",20.073170731707318,NA,NA,NA
944,PW-2 (Mariner & Janik 1995; = Wells 'PW-2'),1993-08-05,Skalbeck 2001 Table B-1,795,43,NA,NA,NA,1993-08-05,1993,background_or_other,"Background / non-thermal (NDEP, domestic wells, creeks)",18.488372093023255,NA,NA,NA
945,PW-2 (Mariner & Janik 1995; = Wells 'PW-2'),1994-07-24,Skalbeck 2001 Table B-1,811,41,NA,NA,NA,1994-07-24,1994,background_or_other,"Background / non-thermal (NDEP, domestic wells, creeks)",19.78048780487805,NA,NA,NA
946,PW-3 (Mariner & Janik 1995; = Wells 'PW-3'),1991-01-17,Skalbeck 2001 Table B-1,809,42,NA,NA,NA,1991-01-17,1991,background_or_other,"Background / non-thermal (NDEP, domestic wells, creeks)",19.261904761904763,NA,NA,NA
947,PW-3 (Mariner & Janik 1995; = Wells 'PW-3'),1993-08-15,Skalbeck 2001 Table B-1,814,47,NA,NA,NA,1993-08-15,1993,background_or_other,"Background / non-thermal (NDEP, domestic wells, creeks)",17.319148936170212,NA,NA,NA
948,PW2-1 (Mariner & Janik 1995; = Wells 'PW 2-1'),1993-01-28,Skalbeck 2001 Table B-1,772,40,NA,NA,NA,1993-01-28,1993,background_or_other,"Background / non-thermal (NDEP, domestic wells, creeks)",19.3,NA,NA,NA
949,PW2-1 (Mariner & Janik 1995; = Wells 'PW 2-1'),1993-08-04,Skalbeck 2001 Table B-1,801,45,NA,NA,NA,1993-08-04,1993,background_or_other,"Background / non-thermal (NDEP, domestic wells, creeks)",17.8,NA,NA,NA
950,PW2-2 (Mariner & Janik 1995; = Wells 'PW 2-2'),1993-01-28,Skalbeck 2001 Table B-1,770,42,NA,NA,NA,1993-01-28,1993,background_or_other,"Background / non-thermal (NDEP, domestic wells, creeks)",18.333333333333332,NA,NA,NA
951,PW2-2 (Mariner & Janik 1995; = Wells 'PW 2-2'),1993-08-04,Skalbeck 2001 Table B-1,799,44,NA,NA,NA,1993-08-04,1993,background_or_other,"Background / non-thermal (NDEP, domestic wells, creeks)",18.15909090909091,NA,NA,NA
952,PW2-2 (Mariner & Janik 1995; = Wells 'PW 2-2'),1994-07-26,Skalbeck 2001 Table B-1,797,40,NA,NA,NA,1994-07-26,1994,background_or_other,"Background / non-thermal (NDEP, domestic wells, creeks)",19.925,NA,NA,NA
953,PW2-3 (Mariner & Janik 1995; = Wells 'PW 2-3'),1993-01-29,Skalbeck 2001 Table B-1,801,37,NA,NA,NA,1993-01-29,1993,background_or_other,"Background / non-thermal (NDEP, domestic wells, creeks)",21.64864864864865,NA,NA,NA
954,PW2-3 (Mariner & Janik 1995; = Wells 'PW 2-3'),1994-07-26,Skalbeck 2001 Table B-1,797,40,NA,NA,NA,1994-07-26,1994,background_or_other,"Background / non-thermal (NDEP, domestic wells, creeks)",19.925,NA,NA,NA
955,PW2-4 (Mariner & Janik 1995; = Wells 'PW 2-4'),1993-01-28,Skalbeck 2001 Table B-1,782,41,NA,NA,NA,1993-01-28,1993,background_or_other,"Background / non-thermal (NDEP, domestic wells, creeks)",19.073170731707318,NA,NA,NA
956,PW2-4 (Mariner & Janik 1995; = Wells 'PW 2-4'),1993-01-29,Skalbeck 2001 Table B-1,801,37,NA,NA,NA,1993-01-29,1993,background_or_other,"Background / non-thermal (NDEP, domestic wells, creeks)",21.64864864864865,NA,NA,NA
957,PW2-5 (Mariner & Janik 1995; = Wells 'PW 2-5'),1993-01-29,Skalbeck 2001 Table B-1,795,41,NA,NA,NA,1993-01-29,1993,background_or_other,"Background / non-thermal (NDEP, domestic wells, creeks)",19.390243902439025,NA,NA,NA
958,PW2-5 (Mariner & Janik 1995; = Wells 'PW 2-5'),1993-08-04,Skalbeck 2001 Table B-1,796,48,NA,NA,NA,1993-08-04,1993,background_or_other,"Background / non-thermal (NDEP, domestic wells, creeks)",16.583333333333332,NA,NA,NA
959,PW2-5 (Mariner & Janik 1995; = Wells 'PW 2-5'),1994-07-26,Skalbeck 2001 Table B-1,805,42,NA,NA,NA,1994-07-26,1994,background_or_other,"Background / non-thermal (NDEP, domestic wells, creeks)",19.166666666666668,NA,NA,NA
960,PW3-1 (Mariner & Janik 1995; = Wells 'PW 3-1'),1993-01-28,Skalbeck 2001 Table B-1,789,41,NA,NA,NA,1993-01-28,1993,background_or_other,"Background / non-thermal (NDEP, domestic wells, creeks)",19.24390243902439,NA,NA,NA
961,PW3-1 (Mariner & Janik 1995; = Wells 'PW 3-1'),1993-08-04,Skalbeck 2001 Table B-1,788,40,NA,NA,NA,1993-08-04,1993,background_or_other,"Background / non-thermal (NDEP, domestic wells, creeks)",19.7,NA,NA,NA
962,PW3-1 (Mariner & Janik 1995; = Wells 'PW 3-1'),1994-07-26,Skalbeck 2001 Table B-1,783,40,NA,NA,NA,1994-07-26,1994,background_or_other,"Background / non-thermal (NDEP, domestic wells, creeks)",19.575,NA,NA,NA
963,PW3-2 (Mariner & Janik 1995; = Wells 'PW 3-2'),1993-01-28,Skalbeck 2001 Table B-1,775,41,NA,NA,NA,1993-01-28,1993,background_or_other,"Background / non-thermal (NDEP, domestic wells, creeks)",18.902439024390244,NA,NA,NA
964,PW3-2 (Mariner & Janik 1995; = Wells 'PW 3-2'),1993-08-04,Skalbeck 2001 Table B-1,799,43,NA,NA,NA,1993-08-04,1993,background_or_other,"Background / non-thermal (NDEP, domestic wells, creeks)",18.58139534883721,NA,NA,NA
965,PW3-3 (Mariner & Janik 1995; = Wells 'PW 3-3'),1993-01-28,Skalbeck 2001 Table B-1,801,42,NA,NA,NA,1993-01-28,1993,background_or_other,"Background / non-thermal (NDEP, domestic wells, creeks)",19.071428571428573,NA,NA,NA
966,PW3-3 (Mariner & Janik 1995; = Wells 'PW 3-3'),1993-08-15,Skalbeck 2001 Table B-1,779,39,NA,NA,NA,1993-08-15,1993,background_or_other,"Background / non-thermal (NDEP, domestic wells, creeks)",19.974358974358974,NA,NA,NA
967,PW3-3 (Mariner & Janik 1995; = Wells 'PW 3-3'),1994-07-26,Skalbeck 2001 Table B-1,797,42,NA,NA,NA,1994-07-26,1994,background_or_other,"Background / non-thermal (NDEP, domestic wells, creeks)",18.976190476190474,NA,NA,NA
968,PW3-4 (Mariner & Janik 1995; = Wells 'PW 3-4'),1993-01-28,Skalbeck 2001 Table B-1,779,42,NA,NA,NA,1993-01-28,1993,background_or_other,"Background / non-thermal (NDEP, domestic wells, creeks)",18.547619047619047,NA,NA,NA
969,PW3-4 (Mariner & Janik 1995; = Wells 'PW 3-4'),1993-08-04,Skalbeck 2001 Table B-1,795,52,NA,NA,NA,1993-08-04,1993,background_or_other,"Background / non-thermal (NDEP, domestic wells, creeks)",15.288461538461538,NA,NA,NA
970,PW3-4 (Mariner & Janik 1995; = Wells 'PW 3-4'),1994-07-26,Skalbeck 2001 Table B-1,783,39,NA,NA,NA,1994-07-26,1994,background_or_other,"Background / non-thermal (NDEP, domestic wells, creeks)",20.076923076923077,NA,NA,NA
971,21-5R,1993-08-04,Skalbeck 2001 Table B-1,797,41,NA,NA,NA,1993-08-04,1993,background_or_other,"Background / non-thermal (NDEP, domestic wells, creeks)",19.4390243902439,NA,NA,NA
972,21-5R,1993-01-28,Skalbeck 2001 Table B-1,782,41,NA,NA,NA,1993-01-28,1993,background_or_other,"Background / non-thermal (NDEP, domestic wells, creeks)",19.073170731707318,NA,NA,NA
973,13-5R,1993-08-05,Skalbeck 2001 Table B-1,787,43,NA,NA,NA,1993-08-05,1993,background_or_other,"Background / non-thermal (NDEP, domestic wells, creeks)",18.302325581395348,NA,NA,NA
974,13-5R,1991-11-05,Skalbeck 2001 Table B-1,792,43,NA,NA,NA,1991-11-05,1991,background_or_other,"Background / non-thermal (NDEP, domestic wells, creeks)",18.41860465116279,NA,NA,NA
975,23-5 (Mariner & Janik 1995; = Wells '23-5'),1994-07-26,Skalbeck 2001 Table B-1,783,41,NA,NA,NA,1994-07-26,1994,background_or_other,"Background / non-thermal (NDEP, domestic wells, creeks)",19.097560975609756,NA,NA,NA
976,23-5 (Mariner & Janik 1995; = Wells '23-5'),1991-11-05,Skalbeck 2001 Table B-1,760,37,NA,NA,NA,1991-11-05,1991,background_or_other,"Background / non-thermal (NDEP, domestic wells, creeks)",20.54054054054054,NA,NA,NA
977,83A-6 (Mariner & Janik 1995; = Wells '83A-6'),1993-01-27,Skalbeck 2001 Table B-1,742,39,NA,NA,NA,1993-01-27,1993,background_or_other,"Background / non-thermal (NDEP, domestic wells, creeks)",19.025641025641026,NA,NA,NA
978,83A-6 (Mariner & Janik 1995; = Wells '83A-6'),1993-08-03,Skalbeck 2001 Table B-1,755,41,NA,NA,NA,1993-08-03,1993,background_or_other,"Background / non-thermal (NDEP, domestic wells, creeks)",18.414634146341463,NA,NA,NA
979,IW-3 (Mariner & Janik 1995; = Wells 'IW-3'),1994-07-25,Skalbeck 2001 Table B-1,766,40,NA,NA,NA,1994-07-25,1994,background_or_other,"Background / non-thermal (NDEP, domestic wells, creeks)",19.15,NA,NA,NA
980,IW-5 (Mariner & Janik 1995; = Wells '46-28'),1993-08-07,Skalbeck 2001 Table B-1,765,39,NA,NA,NA,1993-08-07,1993,background_or_other,"Background / non-thermal (NDEP, domestic wells, creeks)",19.615384615384617,NA,NA,NA
981,Cox I-1 (Mariner & Janik 1995; = Wells 'Cox I-1'),1993-01-27,Skalbeck 2001 Table B-1,774,40,NA,NA,NA,1993-01-27,1993,background_or_other,"Background / non-thermal (NDEP, domestic wells, creeks)",19.35,NA,NA,NA
982,GS-5 (Mariner & Janik 1995; = Wells 'GS-5'),1993-08-02,Skalbeck 2001 Table B-1,783,41,NA,NA,NA,1993-08-02,1993,background_or_other,"Background / non-thermal (NDEP, domestic wells, creeks)",19.097560975609756,NA,NA,NA
983,GS-5 (Mariner & Janik 1995; = Wells 'GS-5'),1994-07-25,Skalbeck 2001 Table B-1,810,40,NA,NA,NA,1994-07-25,1994,background_or_other,"Background / non-thermal (NDEP, domestic wells, creeks)",20.25,NA,NA,NA
984,Brown's School (Mariner & Janik 1995; = Wells 'Brown School Geothermal Well'),1985-01-01,Skalbeck 2001 Table B-2 (Brown School),3,0,NA,NA,NA,1985-01-01,1985,background_or_other,"Background / non-thermal (NDEP, domestic wells, creeks)",NA,NA,NA,NA
985,Brown's School (Mariner & Janik 1995; = Wells 'Brown School Geothermal Well'),1985-02-01,Skalbeck 2001 Table B-2 (Brown School),7,0,NA,NA,NA,1985-02-01,1985,background_or_other,"Background / non-thermal (NDEP, domestic wells, creeks)",NA,NA,NA,NA
986,Brown's School (Mariner & Janik 1995; = Wells 'Brown School Geothermal Well'),1985-03-01,Skalbeck 2001 Table B-2 (Brown School),7,0.2,NA,NA,NA,1985-03-01,1985,background_or_other,"Background / non-thermal (NDEP, domestic wells, creeks)",35,NA,NA,NA
987,Brown's School (Mariner & Janik 1995; = Wells 'Brown School Geothermal Well'),1985-04-01,Skalbeck 2001 Table B-2 (Brown School),5,0.3,NA,NA,NA,1985-04-01,1985,background_or_other,"Background / non-thermal (NDEP, domestic wells, creeks)",16.666666666666668,NA,NA,NA
988,Brown's School (Mariner & Janik 1995; = Wells 'Brown School Geothermal Well'),1985-05-01,Skalbeck 2001 Table B-2 (Brown School),4,0.3,NA,NA,NA,1985-05-01,1985,background_or_other,"Background / non-thermal (NDEP, domestic wells, creeks)",13.333333333333334,NA,NA,NA
989,Brown's School (Mariner & Janik 1995; = Wells 'Brown School Geothermal Well'),1985-06-01,Skalbeck 2001 Table B-2 (Brown School),7,0.2,NA,NA,NA,1985-06-01,1985,background_or_other,"Background / non-thermal (NDEP, domestic wells, creeks)",35,NA,NA,NA
990,Brown's School (Mariner & Janik 1995; = Wells 'Brown School Geothermal Well'),1985-07-01,Skalbeck 2001 Table B-2 (Brown School),5,0.2,NA,NA,NA,1985-07-01,1985,background_or_other,"Background / non-thermal (NDEP, domestic wells, creeks)",25,NA,NA,NA
991,Brown's School (Mariner & Janik 1995; = Wells 'Brown School Geothermal Well'),1985-08-01,Skalbeck 2001 Table B-2 (Brown School),8,0.2,NA,NA,NA,1985-08-01,1985,background_or_other,"Background / non-thermal (NDEP, domestic wells, creeks)",40,NA,NA,NA
992,Brown's School (Mariner & Janik 1995; = Wells 'Brown School Geothermal Well'),1985-09-01,Skalbeck 2001 Table B-2 (Brown School),9,0.2,NA,NA,NA,1985-09-01,1985,background_or_other,"Background / non-thermal (NDEP, domestic wells, creeks)",45,NA,NA,NA
993,Brown's School (Mariner & Janik 1995; = Wells 'Brown School Geothermal Well'),1985-10-01,Skalbeck 2001 Table B-2 (Brown School),9,0.2,NA,NA,NA,1985-10-01,1985,background_or_other,"Background / non-thermal (NDEP, domestic wells, creeks)",45,NA,NA,NA
994,Brown's School (Mariner & Janik 1995; = Wells 'Brown School Geothermal Well'),1985-11-01,Skalbeck 2001 Table B-2 (Brown School),10,0.1,NA,NA,NA,1985-11-01,1985,background_or_other,"Background / non-thermal (NDEP, domestic wells, creeks)",100,NA,NA,NA
995,Brown's School (Mariner & Janik 1995; = Wells 'Brown School Geothermal Well'),1985-12-01,Skalbeck 2001 Table B-2 (Brown School),10,0.2,NA,NA,NA,1985-12-01,1985,background_or_other,"Background / non-thermal (NDEP, domestic wells, creeks)",50,NA,NA,NA
996,Brown's School (Mariner & Janik 1995; = Wells 'Brown School Geothermal Well'),1986-01-01,Skalbeck 2001 Table B-2 (Brown School),8,0.6,NA,NA,NA,1986-01-01,1986,background_or_other,"Background / non-thermal (NDEP, domestic wells, creeks)",13.333333333333334,NA,NA,NA
997,Brown's School (Mariner & Janik 1995; = Wells 'Brown School Geothermal Well'),1986-02-01,Skalbeck 2001 Table B-2 (Brown School),7,0.2,NA,NA,NA,1986-02-01,1986,background_or_other,"Background / non-thermal (NDEP, domestic wells, creeks)",35,NA,NA,NA
998,Brown's School (Mariner & Janik 1995; = Wells 'Brown School Geothermal Well'),1986-03-01,Skalbeck 2001 Table B-2 (Brown School),17,0.2,NA,NA,NA,1986-03-01,1986,background_or_other,"Background / non-thermal (NDEP, domestic wells, creeks)",85,NA,NA,NA
999,Brown's School (Mariner & Janik 1995; = Wells 'Brown School Geothermal Well'),1986-04-01,Skalbeck 2001 Table B-2 (Brown School),17,0.2,NA,NA,NA,1986-04-01,1986,background_or_other,"Background / non-thermal (NDEP, domestic wells, creeks)",85,NA,NA,NA
1000,Brown's School (Mariner & Janik 1995; = Wells 'Brown School Geothermal Well'),1986-05-01,Skalbeck 2001 Table B-2 (Brown School),10,0.2,NA,NA,NA,1986-05-01,1986,background_or_other,"Background / non-thermal (NDEP, domestic wells, creeks)",50,NA,NA,NA
1001,Brown's School (Mariner & Janik 1995; = Wells 'Brown School Geothermal Well'),1986-06-01,Skalbeck 2001 Table B-2 (Brown School),11,0.2,NA,NA,NA,1986-06-01,1986,background_or_other,"Background / non-thermal (NDEP, domestic wells, creeks)",55,NA,NA,NA
1002,Brown's School (Mariner & Janik 1995; = Wells 'Brown School Geothermal Well'),1986-07-01,Skalbeck 2001 Table B-2 (Brown School),10,0.2,NA,NA,NA,1986-07-01,1986,background_or_other,"Background / non-thermal (NDEP, domestic wells, creeks)",50,NA,NA,NA
1003,Brown's School (Mariner & Janik 1995; = Wells 'Brown School Geothermal Well'),1986-08-01,Skalbeck 2001 Table B-2 (Brown School),11,0.2,NA,NA,NA,1986-08-01,1986,background_or_other,"Background / non-thermal (NDEP, domestic wells, creeks)",55,NA,NA,NA
1004,Brown's School (Mariner & Janik 1995; = Wells 'Brown School Geothermal Well'),1986-09-01,Skalbeck 2001 Table B-2 (Brown School),14,0.2,NA,NA,NA,1986-09-01,1986,background_or_other,"Background / non-thermal (NDEP, domestic wells, creeks)",70,NA,NA,NA
1005,Brown's School (Mariner & Janik 1995; = Wells 'Brown School Geothermal Well'),1986-10-01,Skalbeck 2001 Table B-2 (Brown School),13,0.1,NA,NA,NA,1986-10-01,1986,background_or_other,"Background / non-thermal (NDEP, domestic wells, creeks)",130,NA,NA,NA
1006,Brown's School (Mariner & Janik 1995; = Wells 'Brown School Geothermal Well'),1986-11-01,Skalbeck 2001 Table B-2 (Brown School),13,0.1,NA,NA,NA,1986-11-01,1986,background_or_other,"Background / non-thermal (NDEP, domestic wells, creeks)",130,NA,NA,NA
1007,Brown's School (Mariner & Janik 1995; = Wells 'Brown School Geothermal Well'),1986-12-01,Skalbeck 2001 Table B-2 (Brown School),11,0.2,NA,NA,NA,1986-12-01,1986,background_or_other,"Background / non-thermal (NDEP, domestic wells, creeks)",55,NA,NA,NA
1008,Brown's School (Mariner & Janik 1995; = Wells 'Brown School Geothermal Well'),1987-01-01,Skalbeck 2001 Table B-2 (Brown School),6,0.2,NA,NA,NA,1987-01-01,1987,background_or_other,"Background / non-thermal (NDEP, domestic wells, creeks)",30,NA,NA,NA
1009,Brown's School (Mariner & Janik 1995; = Wells 'Brown School Geothermal Well'),1987-02-01,Skalbeck 2001 Table B-2 (Brown School),8,0.2,NA,NA,NA,1987-02-01,1987,background_or_other,"Background / non-thermal (NDEP, domestic wells, creeks)",40,NA,NA,NA
1010,Brown's School (Mariner & Janik 1995; = Wells 'Brown School Geothermal Well'),1987-03-01,Skalbeck 2001 Table B-2 (Brown School),7,0.2,NA,NA,NA,1987-03-01,1987,background_or_other,"Background / non-thermal (NDEP, domestic wells, creeks)",35,NA,NA,NA
1011,Brown's School (Mariner & Janik 1995; = Wells 'Brown School Geothermal Well'),1987-04-01,Skalbeck 2001 Table B-2 (Brown School),6,0.3,NA,NA,NA,1987-04-01,1987,background_or_other,"Background / non-thermal (NDEP, domestic wells, creeks)",20,NA,NA,NA
1012,Brown's School (Mariner & Janik 1995; = Wells 'Brown School Geothermal Well'),1987-05-01,Skalbeck 2001 Table B-2 (Brown School),5,0.2,NA,NA,NA,1987-05-01,1987,background_or_other,"Background / non-thermal (NDEP, domestic wells, creeks)",25,NA,NA,NA
1013,Brown's School (Mariner & Janik 1995; = Wells 'Brown School Geothermal Well'),1987-06-01,Skalbeck 2001 Table B-2 (Brown School),15,0.1,NA,NA,NA,1987-06-01,1987,background_or_other,"Background / non-thermal (NDEP, domestic wells, creeks)",150,NA,NA,NA
1014,Brown's School (Mariner & Janik 1995; = Wells 'Brown School Geothermal Well'),1987-07-01,Skalbeck 2001 Table B-2 (Brown School),7,0.2,NA,NA,NA,1987-07-01,1987,background_or_other,"Background / non-thermal (NDEP, domestic wells, creeks)",35,NA,NA,NA
1015,Brown's School (Mariner & Janik 1995; = Wells 'Brown School Geothermal Well'),1987-08-01,Skalbeck 2001 Table B-2 (Brown School),5,0.2,NA,NA,NA,1987-08-01,1987,background_or_other,"Background / non-thermal (NDEP, domestic wells, creeks)",25,NA,NA,NA
1016,Brown's School (Mariner & Janik 1995; = Wells 'Brown School Geothermal Well'),1987-09-01,Skalbeck 2001 Table B-2 (Brown School),5,0.3,NA,NA,NA,1987-09-01,1987,background_or_other,"Background / non-thermal (NDEP, domestic wells, creeks)",16.666666666666668,NA,NA,NA
1017,Brown's School (Mariner & Janik 1995; = Wells 'Brown School Geothermal Well'),1987-10-01,Skalbeck 2001 Table B-2 (Brown School),8,0.3,NA,NA,NA,1987-10-01,1987,background_or_other,"Background / non-thermal (NDEP, domestic wells, creeks)",26.666666666666668,NA,NA,NA
1018,Brown's School (Mariner & Janik 1995; = Wells 'Brown School Geothermal Well'),1987-11-01,Skalbeck 2001 Table B-2 (Brown School),5,0.3,NA,NA,NA,1987-11-01,1987,background_or_other,"Background / non-thermal (NDEP, domestic wells, creeks)",16.666666666666668,NA,NA,NA
1019,Brown's School (Mariner & Janik 1995; = Wells 'Brown School Geothermal Well'),1987-12-01,Skalbeck 2001 Table B-2 (Brown School),6,0.3,NA,NA,NA,1987-12-01,1987,background_or_other,"Background / non-thermal (NDEP, domestic wells, creeks)",20,NA,NA,NA
1020,Brown's School (Mariner & Janik 1995; = Wells 'Brown School Geothermal Well'),1988-01-01,Skalbeck 2001 Table B-2 (Brown School),7,0.3,NA,NA,NA,1988-01-01,1988,background_or_other,"Background / non-thermal (NDEP, domestic wells, creeks)",23.333333333333336,NA,NA,NA
1021,Brown's School (Mariner & Janik 1995; = Wells 'Brown School Geothermal Well'),1988-02-01,Skalbeck 2001 Table B-2 (Brown School),14,0.3,NA,NA,NA,1988-02-01,1988,background_or_other,"Background / non-thermal (NDEP, domestic wells, creeks)",46.66666666666667,NA,NA,NA
1022,Brown's School (Mariner & Janik 1995; = Wells 'Brown School Geothermal Well'),1988-03-01,Skalbeck 2001 Table B-2 (Brown School),13,0.3,NA,NA,NA,1988-03-01,1988,background_or_other,"Background / non-thermal (NDEP, domestic wells, creeks)",43.333333333333336,NA,NA,NA
1023,Brown's School (Mariner & Janik 1995; = Wells 'Brown School Geothermal Well'),1988-04-01,Skalbeck 2001 Table B-2 (Brown School),18,0.3,NA,NA,NA,1988-04-01,1988,background_or_other,"Background / non-thermal (NDEP, domestic wells, creeks)",60,NA,NA,NA
1024,Brown's School (Mariner & Janik 1995; = Wells 'Brown School Geothermal Well'),1988-05-01,Skalbeck 2001 Table B-2 (Brown School),27,0.3,NA,NA,NA,1988-05-01,1988,background_or_other,"Background / non-thermal (NDEP, domestic wells, creeks)",90,NA,NA,NA
1025,Brown's School (Mariner & Janik 1995; = Wells 'Brown School Geothermal Well'),1988-06-01,Skalbeck 2001 Table B-2 (Brown School),35,0.3,NA,NA,NA,1988-06-01,1988,background_or_other,"Background / non-thermal (NDEP, domestic wells, creeks)",116.66666666666667,NA,NA,NA
1026,Brown's School (Mariner & Janik 1995; = Wells 'Brown School Geothermal Well'),1988-07-01,Skalbeck 2001 Table B-2 (Brown School),39,0.3,NA,NA,NA,1988-07-01,1988,background_or_other,"Background / non-thermal (NDEP, domestic wells, creeks)",130,NA,NA,NA
1027,Brown's School (Mariner & Janik 1995; = Wells 'Brown School Geothermal Well'),1988-08-01,Skalbeck 2001 Table B-2 (Brown School),68,0.4,NA,NA,NA,1988-08-01,1988,background_or_other,"Background / non-thermal (NDEP, domestic wells, creeks)",170,NA,NA,NA
1028,Brown's School (Mariner & Janik 1995; = Wells 'Brown School Geothermal Well'),1988-09-01,Skalbeck 2001 Table B-2 (Brown School),69,0.4,NA,NA,NA,1988-09-01,1988,background_or_other,"Background / non-thermal (NDEP, domestic wells, creeks)",172.5,NA,NA,NA
1029,Brown's School (Mariner & Janik 1995; = Wells 'Brown School Geothermal Well'),1988-11-01,Skalbeck 2001 Table B-2 (Brown School),112,0.7,NA,NA,NA,1988-11-01,1988,background_or_other,"Background / non-thermal (NDEP, domestic wells, creeks)",160,NA,NA,NA
1030,Brown's School (Mariner & Janik 1995; = Wells 'Brown School Geothermal Well'),1989-01-01,Skalbeck 2001 Table B-2 (Brown School),150,0.5,NA,NA,NA,1989-01-01,1989,background_or_other,"Background / non-thermal (NDEP, domestic wells, creeks)",300,NA,NA,NA
1031,Brown's School (Mariner & Janik 1995; = Wells 'Brown School Geothermal Well'),1989-02-01,Skalbeck 2001 Table B-2 (Brown School),188,0.9,NA,NA,NA,1989-02-01,1989,background_or_other,"Background / non-thermal (NDEP, domestic wells, creeks)",208.88888888888889,NA,NA,NA
1032,Brown's School (Mariner & Janik 1995; = Wells 'Brown School Geothermal Well'),1989-03-01,Skalbeck 2001 Table B-2 (Brown School),203,1.3,NA,NA,NA,1989-03-01,1989,background_or_other,"Background / non-thermal (NDEP, domestic wells, creeks)",156.15384615384616,NA,NA,NA
1033,Brown's School (Mariner & Janik 1995; = Wells 'Brown School Geothermal Well'),1989-04-01,Skalbeck 2001 Table B-2 (Brown School),250,2.1,NA,NA,NA,1989-04-01,1989,background_or_other,"Background / non-thermal (NDEP, domestic wells, creeks)",119.04761904761904,NA,NA,NA
1034,Brown's School (Mariner & Janik 1995; = Wells 'Brown School Geothermal Well'),1989-05-01,Skalbeck 2001 Table B-2 (Brown School),253,2.7,NA,NA,NA,1989-05-01,1989,background_or_other,"Background / non-thermal (NDEP, domestic wells, creeks)",93.7037037037037,NA,NA,NA
1035,Brown's School (Mariner & Janik 1995; = Wells 'Brown School Geothermal Well'),1989-06-01,Skalbeck 2001 Table B-2 (Brown School),263,2.8,NA,NA,NA,1989-06-01,1989,background_or_other,"Background / non-thermal (NDEP, domestic wells, creeks)",93.92857142857143,NA,NA,NA
1036,Brown's School (Mariner & Janik 1995; = Wells 'Brown School Geothermal Well'),1989-07-01,Skalbeck 2001 Table B-2 (Brown School),350,4.4,NA,NA,NA,1989-07-01,1989,background_or_other,"Background / non-thermal (NDEP, domestic wells, creeks)",79.54545454545453,NA,NA,NA
1037,Brown's School (Mariner & Janik 1995; = Wells 'Brown School Geothermal Well'),1989-08-01,Skalbeck 2001 Table B-2 (Brown School),355,4.9,NA,NA,NA,1989-08-01,1989,background_or_other,"Background / non-thermal (NDEP, domestic wells, creeks)",72.44897959183673,NA,NA,NA
1038,Brown's School (Mariner & Janik 1995; = Wells 'Brown School Geothermal Well'),1989-10-01,Skalbeck 2001 Table B-2 (Brown School),333,5.4,NA,NA,NA,1989-10-01,1989,background_or_other,"Background / non-thermal (NDEP, domestic wells, creeks)",61.666666666666664,NA,NA,NA
1039,Brown's School (Mariner & Janik 1995; = Wells 'Brown School Geothermal Well'),1989-11-01,Skalbeck 2001 Table B-2 (Brown School),370,6.4,NA,NA,NA,1989-11-01,1989,background_or_other,"Background / non-thermal (NDEP, domestic wells, creeks)",57.8125,NA,NA,NA
1040,Brown's School (Mariner & Janik 1995; = Wells 'Brown School Geothermal Well'),1989-12-01,Skalbeck 2001 Table B-2 (Brown School),370,6.3,NA,NA,NA,1989-12-01,1989,background_or_other,"Background / non-thermal (NDEP, domestic wells, creeks)",58.730158730158735,NA,NA,NA
1041,Brown's School (Mariner & Janik 1995; = Wells 'Brown School Geothermal Well'),1990-01-01,Skalbeck 2001 Table B-2 (Brown School),395,7.2,NA,NA,NA,1990-01-01,1990,background_or_other,"Background / non-thermal (NDEP, domestic wells, creeks)",54.86111111111111,NA,NA,NA
1042,Brown's School (Mariner & Janik 1995; = Wells 'Brown School Geothermal Well'),1990-02-01,Skalbeck 2001 Table B-2 (Brown School),415,3.8,NA,NA,NA,1990-02-01,1990,background_or_other,"Background / non-thermal (NDEP, domestic wells, creeks)",109.21052631578948,NA,NA,NA
1043,Brown's School (Mariner & Janik 1995; = Wells 'Brown School Geothermal Well'),1990-03-01,Skalbeck 2001 Table B-2 (Brown School),430,8.7,NA,NA,NA,1990-03-01,1990,background_or_other,"Background / non-thermal (NDEP, domestic wells, creeks)",49.425287356321846,NA,NA,NA
1044,Brown's School (Mariner & Janik 1995; = Wells 'Brown School Geothermal Well'),1990-04-01,Skalbeck 2001 Table B-2 (Brown School),430,5,NA,NA,NA,1990-04-01,1990,background_or_other,"Background / non-thermal (NDEP, domestic wells, creeks)",86,NA,NA,NA
1045,Brown's School (Mariner & Janik 1995; = Wells 'Brown School Geothermal Well'),1990-05-01,Skalbeck 2001 Table B-2 (Brown School),440,9.7,NA,NA,NA,1990-05-01,1990,background_or_other,"Background / non-thermal (NDEP, domestic wells, creeks)",45.36082474226804,NA,NA,NA
1046,Brown's School (Mariner & Janik 1995; = Wells 'Brown School Geothermal Well'),1990-06-01,Skalbeck 2001 Table B-2 (Brown School),410,9.7,NA,NA,NA,1990-06-01,1990,background_or_other,"Background / non-thermal (NDEP, domestic wells, creeks)",42.26804123711341,NA,NA,NA
1047,Brown's School (Mariner & Janik 1995; = Wells 'Brown School Geothermal Well'),1990-07-01,Skalbeck 2001 Table B-2 (Brown School),420,9.2,NA,NA,NA,1990-07-01,1990,background_or_other,"Background / non-thermal (NDEP, domestic wells, creeks)",45.652173913043484,NA,NA,NA
1048,Brown's School (Mariner & Janik 1995; = Wells 'Brown School Geothermal Well'),1990-09-01,Skalbeck 2001 Table B-2 (Brown School),450,12,NA,NA,NA,1990-09-01,1990,background_or_other,"Background / non-thermal (NDEP, domestic wells, creeks)",37.5,NA,NA,NA
1049,Brown's School (Mariner & Janik 1995; = Wells 'Brown School Geothermal Well'),1990-12-01,Skalbeck 2001 Table B-2 (Brown School),480,13.2,NA,NA,NA,1990-12-01,1990,background_or_other,"Background / non-thermal (NDEP, domestic wells, creeks)",36.36363636363637,NA,NA,NA
1050,Brown's School (Mariner & Janik 1995; = Wells 'Brown School Geothermal Well'),1991-01-01,Skalbeck 2001 Table B-2 (Brown School),495,13.2,NA,NA,NA,1991-01-01,1991,background_or_other,"Background / non-thermal (NDEP, domestic wells, creeks)",37.5,NA,NA,NA
1051,Brown's School (Mariner & Janik 1995; = Wells 'Brown School Geothermal Well'),1991-02-01,Skalbeck 2001 Table B-2 (Brown School),505,15.4,NA,NA,NA,1991-02-01,1991,background_or_other,"Background / non-thermal (NDEP, domestic wells, creeks)",32.79220779220779,NA,NA,NA
1052,Brown's School (Mariner & Janik 1995; = Wells 'Brown School Geothermal Well'),1991-03-01,Skalbeck 2001 Table B-2 (Brown School),530,16.2,NA,NA,NA,1991-03-01,1991,background_or_other,"Background / non-thermal (NDEP, domestic wells, creeks)",32.71604938271605,NA,NA,NA
1053,Brown's School (Mariner & Janik 1995; = Wells 'Brown School Geothermal Well'),1991-04-01,Skalbeck 2001 Table B-2 (Brown School),510,17.7,NA,NA,NA,1991-04-01,1991,background_or_other,"Background / non-thermal (NDEP, domestic wells, creeks)",28.8135593220339,NA,NA,NA
1054,Brown's School (Mariner & Janik 1995; = Wells 'Brown School Geothermal Well'),1991-05-01,Skalbeck 2001 Table B-2 (Brown School),490,16.3,NA,NA,NA,1991-05-01,1991,background_or_other,"Background / non-thermal (NDEP, domestic wells, creeks)",30.061349693251532,NA,NA,NA
1055,Brown's School (Mariner & Janik 1995; = Wells 'Brown School Geothermal Well'),1991-06-01,Skalbeck 2001 Table B-2 (Brown School),505,17.2,NA,NA,NA,1991-06-01,1991,background_or_other,"Background / non-thermal (NDEP, domestic wells, creeks)",29.36046511627907,NA,NA,NA
1056,Brown's School (Mariner & Janik 1995; = Wells 'Brown School Geothermal Well'),1991-07-01,Skalbeck 2001 Table B-2 (Brown School),510,17.8,NA,NA,NA,1991-07-01,1991,background_or_other,"Background / non-thermal (NDEP, domestic wells, creeks)",28.651685393258425,NA,NA,NA
1057,Brown's School (Mariner & Janik 1995; = Wells 'Brown School Geothermal Well'),1991-08-01,Skalbeck 2001 Table B-2 (Brown School),530,19.7,NA,NA,NA,1991-08-01,1991,background_or_other,"Background / non-thermal (NDEP, domestic wells, creeks)",26.903553299492387,NA,NA,NA
1058,Brown's School (Mariner & Janik 1995; = Wells 'Brown School Geothermal Well'),1991-10-01,Skalbeck 2001 Table B-2 (Brown School),540,20.8,NA,NA,NA,1991-10-01,1991,background_or_other,"Background / non-thermal (NDEP, domestic wells, creeks)",25.96153846153846,NA,NA,NA
1059,Brown's School (Mariner & Janik 1995; = Wells 'Brown School Geothermal Well'),1991-11-01,Skalbeck 2001 Table B-2 (Brown School),550,21.5,NA,NA,NA,1991-11-01,1991,background_or_other,"Background / non-thermal (NDEP, domestic wells, creeks)",25.58139534883721,NA,NA,NA
1060,Brown's School (Mariner & Janik 1995; = Wells 'Brown School Geothermal Well'),1991-12-01,Skalbeck 2001 Table B-2 (Brown School),580,23.6,NA,NA,NA,1991-12-01,1991,background_or_other,"Background / non-thermal (NDEP, domestic wells, creeks)",24.576271186440678,NA,NA,NA
1061,Brown's School (Mariner & Janik 1995; = Wells 'Brown School Geothermal Well'),1992-01-01,Skalbeck 2001 Table B-2 (Brown School),570,23.6,NA,NA,NA,1992-01-01,1992,background_or_other,"Background / non-thermal (NDEP, domestic wells, creeks)",24.152542372881353,NA,NA,NA
1062,Brown's School (Mariner & Janik 1995; = Wells 'Brown School Geothermal Well'),1992-02-01,Skalbeck 2001 Table B-2 (Brown School),590,24.4,NA,NA,NA,1992-02-01,1992,background_or_other,"Background / non-thermal (NDEP, domestic wells, creeks)",24.180327868852462,NA,NA,NA
1063,Brown's School (Mariner & Janik 1995; = Wells 'Brown School Geothermal Well'),1992-03-01,Skalbeck 2001 Table B-2 (Brown School),590,23.7,NA,NA,NA,1992-03-01,1992,background_or_other,"Background / non-thermal (NDEP, domestic wells, creeks)",24.894514767932492,NA,NA,NA
1064,Brown's School (Mariner & Janik 1995; = Wells 'Brown School Geothermal Well'),1992-04-01,Skalbeck 2001 Table B-2 (Brown School),570,22.2,NA,NA,NA,1992-04-01,1992,background_or_other,"Background / non-thermal (NDEP, domestic wells, creeks)",25.675675675675677,NA,NA,NA
1065,Brown's School (Mariner & Janik 1995; = Wells 'Brown School Geothermal Well'),1992-05-01,Skalbeck 2001 Table B-2 (Brown School),580,24.5,NA,NA,NA,1992-05-01,1992,background_or_other,"Background / non-thermal (NDEP, domestic wells, creeks)",23.6734693877551,NA,NA,NA
1066,Brown's School (Mariner & Janik 1995; = Wells 'Brown School Geothermal Well'),1992-06-01,Skalbeck 2001 Table B-2 (Brown School),580,17.3,NA,NA,NA,1992-06-01,1992,background_or_other,"Background / non-thermal (NDEP, domestic wells, creeks)",33.52601156069364,NA,NA,NA
1067,Brown's School (Mariner & Janik 1995; = Wells 'Brown School Geothermal Well'),1992-07-01,Skalbeck 2001 Table B-2 (Brown School),600,28.9,NA,NA,NA,1992-07-01,1992,background_or_other,"Background / non-thermal (NDEP, domestic wells, creeks)",20.761245674740486,NA,NA,NA
1068,Brown's School (Mariner & Janik 1995; = Wells 'Brown School Geothermal Well'),1992-08-01,Skalbeck 2001 Table B-2 (Brown School),630,30.5,NA,NA,NA,1992-08-01,1992,background_or_other,"Background / non-thermal (NDEP, domestic wells, creeks)",20.65573770491803,NA,NA,NA
1069,Brown's School (Mariner & Janik 1995; = Wells 'Brown School Geothermal Well'),1992-09-01,Skalbeck 2001 Table B-2 (Brown School),640,31.1,NA,NA,NA,1992-09-01,1992,background_or_other,"Background / non-thermal (NDEP, domestic wells, creeks)",20.578778135048232,NA,NA,NA
1070,Brown's School (Mariner & Janik 1995; = Wells 'Brown School Geothermal Well'),1992-10-01,Skalbeck 2001 Table B-2 (Brown School),630,NA,NA,NA,NA,1992-10-01,1992,background_or_other,"Background / non-thermal (NDEP, domestic wells, creeks)",NA,NA,NA,NA
1071,Brown's School (Mariner & Janik 1995; = Wells 'Brown School Geothermal Well'),1992-11-01,Skalbeck 2001 Table B-2 (Brown School),620,NA,NA,NA,NA,1992-11-01,1992,background_or_other,"Background / non-thermal (NDEP, domestic wells, creeks)",NA,NA,NA,NA
1072,Brown's School (Mariner & Janik 1995; = Wells 'Brown School Geothermal Well'),1992-12-01,Skalbeck 2001 Table B-2 (Brown School),630,29.8,NA,NA,NA,1992-12-01,1992,background_or_other,"Background / non-thermal (NDEP, domestic wells, creeks)",21.140939597315437,NA,NA,NA
1073,Brown's School (Mariner & Janik 1995; = Wells 'Brown School Geothermal Well'),1993-03-01,Skalbeck 2001 Table B-2 (Brown School),663,31.2,NA,NA,NA,1993-03-01,1993,background_or_other,"Background / non-thermal (NDEP, domestic wells, creeks)",21.25,NA,NA,NA
1074,Brown's School (Mariner & Janik 1995; = Wells 'Brown School Geothermal Well'),1993-06-01,Skalbeck 2001 Table B-2 (Brown School),640,31.5,NA,NA,NA,1993-06-01,1993,background_or_other,"Background / non-thermal (NDEP, domestic wells, creeks)",20.317460317460316,NA,NA,NA
1075,Brown's School (Mariner & Janik 1995; = Wells 'Brown School Geothermal Well'),1993-09-01,Skalbeck 2001 Table B-2 (Brown School),670,34.7,NA,NA,NA,1993-09-01,1993,background_or_other,"Background / non-thermal (NDEP, domestic wells, creeks)",19.30835734870317,NA,NA,NA
1076,Brown's School (Mariner & Janik 1995; = Wells 'Brown School Geothermal Well'),1993-12-01,Skalbeck 2001 Table B-2 (Brown School),670,35.4,NA,NA,NA,1993-12-01,1993,background_or_other,"Background / non-thermal (NDEP, domestic wells, creeks)",18.926553672316384,NA,NA,NA
1077,Brown's School (Mariner & Janik 1995; = Wells 'Brown School Geothermal Well'),1994-03-01,Skalbeck 2001 Table B-2 (Brown School),680,38.1,NA,NA,NA,1994-03-01,1994,background_or_other,"Background / non-thermal (NDEP, domestic wells, creeks)",17.84776902887139,NA,NA,NA
1078,Brown's School (Mariner & Janik 1995; = Wells 'Brown School Geothermal Well'),1994-06-01,Skalbeck 2001 Table B-2 (Brown School),680,40.5,NA,NA,NA,1994-06-01,1994,background_or_other,"Background / non-thermal (NDEP, domestic wells, creeks)",16.790123456790123,NA,NA,NA
1079,Brown's School (Mariner & Janik 1995; = Wells 'Brown School Geothermal Well'),1994-09-01,Skalbeck 2001 Table B-2 (Brown School),680,38.3,NA,NA,NA,1994-09-01,1994,background_or_other,"Background / non-thermal (NDEP, domestic wells, creeks)",17.754569190600524,NA,NA,NA
1080,Brown's School (Mariner & Janik 1995; = Wells 'Brown School Geothermal Well'),1994-12-01,Skalbeck 2001 Table B-2 (Brown School),670,37.8,NA,NA,NA,1994-12-01,1994,background_or_other,"Background / non-thermal (NDEP, domestic wells, creeks)",17.724867724867725,NA,NA,NA
1081,Brown's School (Mariner & Janik 1995; = Wells 'Brown School Geothermal Well'),1995-03-01,Skalbeck 2001 Table B-2 (Brown School),672,38,NA,NA,NA,1995-03-01,1995,background_or_other,"Background / non-thermal (NDEP, domestic wells, creeks)",17.68421052631579,NA,NA,NA
1082,Brown's School (Mariner & Janik 1995; = Wells 'Brown School Geothermal Well'),1995-06-01,Skalbeck 2001 Table B-2 (Brown School),698,40,NA,NA,NA,1995-06-01,1995,background_or_other,"Background / non-thermal (NDEP, domestic wells, creeks)",17.45,NA,NA,NA
1083,Brown's School (Mariner & Janik 1995; = Wells 'Brown School Geothermal Well'),1995-09-01,Skalbeck 2001 Table B-2 (Brown School),693,39.2,NA,NA,NA,1995-09-01,1995,background_or_other,"Background / non-thermal (NDEP, domestic wells, creeks)",17.678571428571427,NA,NA,NA
1084,Brown's School (Mariner & Janik 1995; = Wells 'Brown School Geothermal Well'),1995-12-01,Skalbeck 2001 Table B-2 (Brown School),695,39,NA,NA,NA,1995-12-01,1995,background_or_other,"Background / non-thermal (NDEP, domestic wells, creeks)",17.82051282051282,NA,NA,NA
1085,Brown's School (Mariner & Janik 1995; = Wells 'Brown School Geothermal Well'),1996-03-01,Skalbeck 2001 Table B-2 (Brown School),715,37,NA,NA,NA,1996-03-01,1996,background_or_other,"Background / non-thermal (NDEP, domestic wells, creeks)",19.324324324324323,NA,NA,NA
1086,Brown's School (Mariner & Janik 1995; = Wells 'Brown School Geothermal Well'),1996-06-01,Skalbeck 2001 Table B-2 (Brown School),719,38,NA,NA,NA,1996-06-01,1996,background_or_other,"Background / non-thermal (NDEP, domestic wells, creeks)",18.92105263157895,NA,NA,NA
1087,Brown's School (Mariner & Janik 1995; = Wells 'Brown School Geothermal Well'),1996-09-01,Skalbeck 2001 Table B-2 (Brown School),743,39.8,NA,NA,NA,1996-09-01,1996,background_or_other,"Background / non-thermal (NDEP, domestic wells, creeks)",18.668341708542716,NA,NA,NA
1088,Brown's School (Mariner & Janik 1995; = Wells 'Brown School Geothermal Well'),1996-12-01,Skalbeck 2001 Table B-2 (Brown School),691,38,NA,NA,NA,1996-12-01,1996,background_or_other,"Background / non-thermal (NDEP, domestic wells, creeks)",18.18421052631579,NA,NA,NA
1089,Brown's School (Mariner & Janik 1995; = Wells 'Brown School Geothermal Well'),1997-03-01,Skalbeck 2001 Table B-2 (Brown School),690,39.5,NA,NA,NA,1997-03-01,1997,background_or_other,"Background / non-thermal (NDEP, domestic wells, creeks)",17.468354430379748,NA,NA,NA
1090,Brown's School (Mariner & Janik 1995; = Wells 'Brown School Geothermal Well'),1997-06-01,Skalbeck 2001 Table B-2 (Brown School),515,34.9,NA,NA,NA,1997-06-01,1997,background_or_other,"Background / non-thermal (NDEP, domestic wells, creeks)",14.756446991404012,NA,NA,NA
1091,Brown's School (Mariner & Janik 1995; = Wells 'Brown School Geothermal Well'),1997-09-01,Skalbeck 2001 Table B-2 (Brown School),335,26.8,NA,NA,NA,1997-09-01,1997,background_or_other,"Background / non-thermal (NDEP, domestic wells, creeks)",12.5,NA,NA,NA
1092,Brown's School (Mariner & Janik 1995; = Wells 'Brown School Geothermal Well'),1997-12-01,Skalbeck 2001 Table B-2 (Brown School),246,19.2,NA,NA,NA,1997-12-01,1997,background_or_other,"Background / non-thermal (NDEP, domestic wells, creeks)",12.8125,NA,NA,NA
1093,Brown's School (Mariner & Janik 1995; = Wells 'Brown School Geothermal Well'),1998-03-01,Skalbeck 2001 Table B-2 (Brown School),263,15.6,NA,NA,NA,1998-03-01,1998,background_or_other,"Background / non-thermal (NDEP, domestic wells, creeks)",16.858974358974358,NA,NA,NA
1094,Brown's School (Mariner & Janik 1995; = Wells 'Brown School Geothermal Well'),1998-06-01,Skalbeck 2001 Table B-2 (Brown School),324,17.6,NA,NA,NA,1998-06-01,1998,background_or_other,"Background / non-thermal (NDEP, domestic wells, creeks)",18.409090909090907,NA,NA,NA
1095,Brown's School (Mariner & Janik 1995; = Wells 'Brown School Geothermal Well'),1998-09-01,Skalbeck 2001 Table B-2 (Brown School),299,16.1,NA,NA,NA,1998-09-01,1998,background_or_other,"Background / non-thermal (NDEP, domestic wells, creeks)",18.57142857142857,NA,NA,NA
1096,Curti Barn Well (geothermal),1987-05-01,Skalbeck (2001) Table B-2 (Curti Barn Geothermal),680,38.2,NA,NA,NA,1987-05-01,1987,background_or_other,"Background / non-thermal (NDEP, domestic wells, creeks)",17.801047120418847,NA,NA,NA
1097,Curti Barn Well (geothermal),1987-06-01,Skalbeck (2001) Table B-2 (Curti Barn Geothermal),680,39.2,NA,NA,NA,1987-06-01,1987,background_or_other,"Background / non-thermal (NDEP, domestic wells, creeks)",17.346938775510203,NA,NA,NA
1098,Curti Barn Well (geothermal),1987-07-01,Skalbeck (2001) Table B-2 (Curti Barn Geothermal),700,38.6,NA,NA,NA,1987-07-01,1987,background_or_other,"Background / non-thermal (NDEP, domestic wells, creeks)",18.134715025906736,NA,NA,NA
1099,Curti Barn Well (geothermal),1987-08-01,Skalbeck (2001) Table B-2 (Curti Barn Geothermal),690,38.3,NA,NA,NA,1987-08-01,1987,background_or_other,"Background / non-thermal (NDEP, domestic wells, creeks)",18.01566579634465,NA,NA,NA
1100,Curti Barn Well (geothermal),1987-09-01,Skalbeck (2001) Table B-2 (Curti Barn Geothermal),670,38.1,NA,NA,NA,1987-09-01,1987,background_or_other,"Background / non-thermal (NDEP, domestic wells, creeks)",17.58530183727034,NA,NA,NA
1101,Curti Barn Well (geothermal),1987-10-01,Skalbeck (2001) Table B-2 (Curti Barn Geothermal),700,37.2,NA,NA,NA,1987-10-01,1987,background_or_other,"Background / non-thermal (NDEP, domestic wells, creeks)",18.817204301075268,NA,NA,NA
1102,Curti Barn Well (geothermal),1987-11-01,Skalbeck (2001) Table B-2 (Curti Barn Geothermal),710,36.5,NA,NA,NA,1987-11-01,1987,background_or_other,"Background / non-thermal (NDEP, domestic wells, creeks)",19.45205479452055,NA,NA,NA
1103,Curti Barn Well (geothermal),1987-12-01,Skalbeck (2001) Table B-2 (Curti Barn Geothermal),700,35.9,NA,NA,NA,1987-12-01,1987,background_or_other,"Background / non-thermal (NDEP, domestic wells, creeks)",19.498607242339833,NA,NA,NA
1104,Curti Barn Well (geothermal),1988-01-01,Skalbeck (2001) Table B-2 (Curti Barn Geothermal),700,36.8,NA,NA,NA,1988-01-01,1988,background_or_other,"Background / non-thermal (NDEP, domestic wells, creeks)",19.021739130434785,NA,NA,NA
1105,Curti Barn Well (geothermal),1988-02-01,Skalbeck (2001) Table B-2 (Curti Barn Geothermal),680,37.6,NA,NA,NA,1988-02-01,1988,background_or_other,"Background / non-thermal (NDEP, domestic wells, creeks)",18.085106382978722,NA,NA,NA
1106,Curti Barn Well (geothermal),1988-03-01,Skalbeck (2001) Table B-2 (Curti Barn Geothermal),680,38.1,NA,NA,NA,1988-03-01,1988,background_or_other,"Background / non-thermal (NDEP, domestic wells, creeks)",17.84776902887139,NA,NA,NA
1107,Curti Barn Well (geothermal),1988-04-01,Skalbeck (2001) Table B-2 (Curti Barn Geothermal),690,37.4,NA,NA,NA,1988-04-01,1988,background_or_other,"Background / non-thermal (NDEP, domestic wells, creeks)",18.449197860962567,NA,NA,NA
1108,Curti Barn Well (geothermal),1988-05-01,Skalbeck (2001) Table B-2 (Curti Barn Geothermal),700,36.8,NA,NA,NA,1988-05-01,1988,background_or_other,"Background / non-thermal (NDEP, domestic wells, creeks)",19.021739130434785,NA,NA,NA
1109,Curti Barn Well (geothermal),1988-06-01,Skalbeck (2001) Table B-2 (Curti Barn Geothermal),690,38.2,NA,NA,NA,1988-06-01,1988,background_or_other,"Background / non-thermal (NDEP, domestic wells, creeks)",18.06282722513089,NA,NA,NA
1110,Curti Barn Well (geothermal),1988-07-01,Skalbeck (2001) Table B-2 (Curti Barn Geothermal),700,37.4,NA,NA,NA,1988-07-01,1988,background_or_other,"Background / non-thermal (NDEP, domestic wells, creeks)",18.716577540106954,NA,NA,NA
1111,Curti Barn Well (geothermal),1988-08-01,Skalbeck (2001) Table B-2 (Curti Barn Geothermal),700,38.7,NA,NA,NA,1988-08-01,1988,background_or_other,"Background / non-thermal (NDEP, domestic wells, creeks)",18.08785529715762,NA,NA,NA
1112,Curti Barn Well (geothermal),1988-11-01,Skalbeck (2001) Table B-2 (Curti Barn Geothermal),710,36.1,NA,NA,NA,1988-11-01,1988,background_or_other,"Background / non-thermal (NDEP, domestic wells, creeks)",19.66759002770083,NA,NA,NA
1113,Curti Barn Well (geothermal),1989-01-01,Skalbeck (2001) Table B-2 (Curti Barn Geothermal),700,36.9,NA,NA,NA,1989-01-01,1989,background_or_other,"Background / non-thermal (NDEP, domestic wells, creeks)",18.97018970189702,NA,NA,NA
1114,Curti Barn Well (geothermal),1989-02-01,Skalbeck (2001) Table B-2 (Curti Barn Geothermal),700,36.4,NA,NA,NA,1989-02-01,1989,background_or_other,"Background / non-thermal (NDEP, domestic wells, creeks)",19.23076923076923,NA,NA,NA
1115,Curti Barn Well (geothermal),1989-03-01,Skalbeck (2001) Table B-2 (Curti Barn Geothermal),700,38.5,NA,NA,NA,1989-03-01,1989,background_or_other,"Background / non-thermal (NDEP, domestic wells, creeks)",18.181818181818183,NA,NA,NA
1116,Curti Barn Well (geothermal),1989-06-01,Skalbeck (2001) Table B-2 (Curti Barn Geothermal),700,36.8,NA,NA,NA,1989-06-01,1989,background_or_other,"Background / non-thermal (NDEP, domestic wells, creeks)",19.021739130434785,NA,NA,NA
1117,Curti Barn Well (geothermal),1990-01-01,Skalbeck (2001) Table B-2 (Curti Barn Geothermal),688,36.5,NA,NA,NA,1990-01-01,1990,background_or_other,"Background / non-thermal (NDEP, domestic wells, creeks)",18.84931506849315,NA,NA,NA
1118,Curti Barn Well (geothermal),1990-03-01,Skalbeck (2001) Table B-2 (Curti Barn Geothermal),670,36,NA,NA,NA,1990-03-01,1990,background_or_other,"Background / non-thermal (NDEP, domestic wells, creeks)",18.61111111111111,NA,NA,NA
1119,Curti Barn Well (geothermal),1990-06-01,Skalbeck (2001) Table B-2 (Curti Barn Geothermal),700,35,NA,NA,NA,1990-06-01,1990,background_or_other,"Background / non-thermal (NDEP, domestic wells, creeks)",20,NA,NA,NA
1120,Curti Barn Well (geothermal),1992-06-01,Skalbeck (2001) Table B-2 (Curti Barn Geothermal),700,37.8,NA,NA,NA,1992-06-01,1992,background_or_other,"Background / non-thermal (NDEP, domestic wells, creeks)",18.51851851851852,NA,NA,NA
1121,Curti Barn Well (geothermal),1993-09-01,Skalbeck (2001) Table B-2 (Curti Barn Geothermal),720,35.3,NA,NA,NA,1993-09-01,1993,background_or_other,"Background / non-thermal (NDEP, domestic wells, creeks)",20.39660056657224,NA,NA,NA
1122,Curti Barn Well (geothermal),1993-12-01,Skalbeck (2001) Table B-2 (Curti Barn Geothermal),720,34.6,NA,NA,NA,1993-12-01,1993,background_or_other,"Background / non-thermal (NDEP, domestic wells, creeks)",20.809248554913292,NA,NA,NA
1123,Curti Barn Well (geothermal),1994-06-01,Skalbeck (2001) Table B-2 (Curti Barn Geothermal),680,36,NA,NA,NA,1994-06-01,1994,background_or_other,"Background / non-thermal (NDEP, domestic wells, creeks)",18.88888888888889,NA,NA,NA
1124,Curti Barn Well (geothermal),1995-03-01,Skalbeck (2001) Table B-2 (Curti Barn Geothermal),671,35,NA,NA,NA,1995-03-01,1995,background_or_other,"Background / non-thermal (NDEP, domestic wells, creeks)",19.17142857142857,NA,NA,NA
1125,Curti Barn Well (geothermal),1996-03-01,Skalbeck (2001) Table B-2 (Curti Barn Geothermal),844,38,NA,NA,NA,1996-03-01,1996,background_or_other,"Background / non-thermal (NDEP, domestic wells, creeks)",22.210526315789473,NA,NA,NA
1126,Curti Barn Well (geothermal),1997-03-01,Skalbeck (2001) Table B-2 (Curti Barn Geothermal),713,35.9,NA,NA,NA,1997-03-01,1997,background_or_other,"Background / non-thermal (NDEP, domestic wells, creeks)",19.860724233983287,NA,NA,NA
1127,Curti Barn Well (geothermal),1997-09-01,Skalbeck (2001) Table B-2 (Curti Barn Geothermal),753,36.5,NA,NA,NA,1997-09-01,1997,background_or_other,"Background / non-thermal (NDEP, domestic wells, creeks)",20.63013698630137,NA,NA,NA
1128,Curti Barn Well (geothermal),1997-12-01,Skalbeck (2001) Table B-2 (Curti Barn Geothermal),749,37.6,NA,NA,NA,1997-12-01,1997,background_or_other,"Background / non-thermal (NDEP, domestic wells, creeks)",19.920212765957444,NA,NA,NA
1129,Curti Barn Well (geothermal),1998-03-01,Skalbeck (2001) Table B-2 (Curti Barn Geothermal),771,40,NA,NA,NA,1998-03-01,1998,background_or_other,"Background / non-thermal (NDEP, domestic wells, creeks)",19.275,NA,NA,NA
1130,Curti Barn Well (geothermal),1998-06-01,Skalbeck (2001) Table B-2 (Curti Barn Geothermal),764,39.2,NA,NA,NA,1998-06-01,1998,background_or_other,"Background / non-thermal (NDEP, domestic wells, creeks)",19.489795918367346,NA,NA,NA
1131,Curti Barn Well (geothermal),1998-09-01,Skalbeck (2001) Table B-2 (Curti Barn Geothermal),722,35.4,NA,NA,NA,1998-09-01,1998,background_or_other,"Background / non-thermal (NDEP, domestic wells, creeks)",20.395480225988702,NA,NA,NA
1132,Curti Domestic Well,1987-10-01,Skalbeck (2001) Table B-2 (Curti Domestic),46,1.7,NA,NA,NA,1987-10-01,1987,background_or_other,"Background / non-thermal (NDEP, domestic wells, creeks)",27.058823529411764,NA,NA,NA
1133,Curti Domestic Well,1987-11-01,Skalbeck (2001) Table B-2 (Curti Domestic),44,1.6,NA,NA,NA,1987-11-01,1987,background_or_other,"Background / non-thermal (NDEP, domestic wells, creeks)",27.5,NA,NA,NA
1134,Curti Domestic Well,1987-12-01,Skalbeck (2001) Table B-2 (Curti Domestic),43,1.7,NA,NA,NA,1987-12-01,1987,background_or_other,"Background / non-thermal (NDEP, domestic wells, creeks)",25.294117647058822,NA,NA,NA
1135,Curti Domestic Well,1988-01-01,Skalbeck (2001) Table B-2 (Curti Domestic),48,1.8,NA,NA,NA,1988-01-01,1988,background_or_other,"Background / non-thermal (NDEP, domestic wells, creeks)",26.666666666666664,NA,NA,NA
1136,Curti Domestic Well,1988-02-01,Skalbeck (2001) Table B-2 (Curti Domestic),54,1.9,NA,NA,NA,1988-02-01,1988,background_or_other,"Background / non-thermal (NDEP, domestic wells, creeks)",28.42105263157895,NA,NA,NA
1137,Curti Domestic Well,1988-03-01,Skalbeck (2001) Table B-2 (Curti Domestic),63,2.1,NA,NA,NA,1988-03-01,1988,background_or_other,"Background / non-thermal (NDEP, domestic wells, creeks)",30,NA,NA,NA
1138,Curti Domestic Well,1988-04-01,Skalbeck (2001) Table B-2 (Curti Domestic),74,2.2,NA,NA,NA,1988-04-01,1988,background_or_other,"Background / non-thermal (NDEP, domestic wells, creeks)",33.63636363636363,NA,NA,NA
1139,Curti Domestic Well,1988-05-01,Skalbeck (2001) Table B-2 (Curti Domestic),82,2.4,NA,NA,NA,1988-05-01,1988,background_or_other,"Background / non-thermal (NDEP, domestic wells, creeks)",34.16666666666667,NA,NA,NA
1140,Curti Domestic Well,1988-06-01,Skalbeck (2001) Table B-2 (Curti Domestic),91,2.6,NA,NA,NA,1988-06-01,1988,background_or_other,"Background / non-thermal (NDEP, domestic wells, creeks)",35,NA,NA,NA
1141,Curti Domestic Well,1988-07-01,Skalbeck (2001) Table B-2 (Curti Domestic),79,2.4,NA,NA,NA,1988-07-01,1988,background_or_other,"Background / non-thermal (NDEP, domestic wells, creeks)",32.91666666666667,NA,NA,NA
1142,Curti Domestic Well,1988-08-01,Skalbeck (2001) Table B-2 (Curti Domestic),61,1.9,NA,NA,NA,1988-08-01,1988,background_or_other,"Background / non-thermal (NDEP, domestic wells, creeks)",32.10526315789474,NA,NA,NA
1143,Curti Domestic Well,1988-10-01,Skalbeck (2001) Table B-2 (Curti Domestic),55,1.8,NA,NA,NA,1988-10-01,1988,background_or_other,"Background / non-thermal (NDEP, domestic wells, creeks)",30.555555555555554,NA,NA,NA
1144,Curti Domestic Well,1988-11-01,Skalbeck (2001) Table B-2 (Curti Domestic),57,2.2,NA,NA,NA,1988-11-01,1988,background_or_other,"Background / non-thermal (NDEP, domestic wells, creeks)",25.909090909090907,NA,NA,NA
1145,Curti Domestic Well,1988-12-01,Skalbeck (2001) Table B-2 (Curti Domestic),59,2.3,NA,NA,NA,1988-12-01,1988,background_or_other,"Background / non-thermal (NDEP, domestic wells, creeks)",25.65217391304348,NA,NA,NA
1146,Curti Domestic Well,1989-01-01,Skalbeck (2001) Table B-2 (Curti Domestic),63,2.5,NA,NA,NA,1989-01-01,1989,background_or_other,"Background / non-thermal (NDEP, domestic wells, creeks)",25.2,NA,NA,NA
1147,Curti Domestic Well,1989-02-01,Skalbeck (2001) Table B-2 (Curti Domestic),70,2.7,NA,NA,NA,1989-02-01,1989,background_or_other,"Background / non-thermal (NDEP, domestic wells, creeks)",25.925925925925924,NA,NA,NA
1148,Curti Domestic Well,1989-03-01,Skalbeck (2001) Table B-2 (Curti Domestic),80,2.9,NA,NA,NA,1989-03-01,1989,background_or_other,"Background / non-thermal (NDEP, domestic wells, creeks)",27.586206896551726,NA,NA,NA
1149,Curti Domestic Well,1989-06-01,Skalbeck (2001) Table B-2 (Curti Domestic),124,3.4,NA,NA,NA,1989-06-01,1989,background_or_other,"Background / non-thermal (NDEP, domestic wells, creeks)",36.470588235294116,NA,NA,NA
1150,Curti Domestic Well,1989-09-01,Skalbeck (2001) Table B-2 (Curti Domestic),67,2.5,NA,NA,NA,1989-09-01,1989,background_or_other,"Background / non-thermal (NDEP, domestic wells, creeks)",26.8,NA,NA,NA
1151,Curti Domestic Well,1991-09-01,Skalbeck (2001) Table B-2 (Curti Domestic),208,12.5,NA,NA,NA,1991-09-01,1991,background_or_other,"Background / non-thermal (NDEP, domestic wells, creeks)",16.64,NA,NA,NA
1152,Curti Domestic Well,1993-09-01,Skalbeck (2001) Table B-2 (Curti Domestic),198,10.6,NA,NA,NA,1993-09-01,1993,background_or_other,"Background / non-thermal (NDEP, domestic wells, creeks)",18.67924528301887,NA,NA,NA
1153,Curti Domestic Well,1994-06-01,Skalbeck (2001) Table B-2 (Curti Domestic),205,11.8,NA,NA,NA,1994-06-01,1994,background_or_other,"Background / non-thermal (NDEP, domestic wells, creeks)",17.3728813559322,NA,NA,NA
1154,Curti Domestic Well,1995-03-01,Skalbeck (2001) Table B-2 (Curti Domestic),235,12.6,NA,NA,NA,1995-03-01,1995,background_or_other,"Background / non-thermal (NDEP, domestic wells, creeks)",18.650793650793652,NA,NA,NA
1155,Curti Domestic Well,1995-09-01,Skalbeck (2001) Table B-2 (Curti Domestic),207,11.3,NA,NA,NA,1995-09-01,1995,background_or_other,"Background / non-thermal (NDEP, domestic wells, creeks)",18.318584070796458,NA,NA,NA
1156,Curti Domestic Well,1996-03-01,Skalbeck (2001) Table B-2 (Curti Domestic),213,11.2,NA,NA,NA,1996-03-01,1996,background_or_other,"Background / non-thermal (NDEP, domestic wells, creeks)",19.017857142857142,NA,NA,NA
1157,Curti Domestic Well,1997-03-01,Skalbeck (2001) Table B-2 (Curti Domestic),256,15.6,NA,NA,NA,1997-03-01,1997,background_or_other,"Background / non-thermal (NDEP, domestic wells, creeks)",16.410256410256412,NA,NA,NA
1158,Curti Domestic Well,1997-09-01,Skalbeck (2001) Table B-2 (Curti Domestic),279,15,NA,NA,NA,1997-09-01,1997,background_or_other,"Background / non-thermal (NDEP, domestic wells, creeks)",18.6,NA,NA,NA
1159,Curti Domestic Well,1997-12-01,Skalbeck (2001) Table B-2 (Curti Domestic),302,16,NA,NA,NA,1997-12-01,1997,background_or_other,"Background / non-thermal (NDEP, domestic wells, creeks)",18.875,NA,NA,NA
1160,Curti Domestic Well,1998-03-01,Skalbeck (2001) Table B-2 (Curti Domestic),293,15.6,NA,NA,NA,1998-03-01,1998,background_or_other,"Background / non-thermal (NDEP, domestic wells, creeks)",18.78205128205128,NA,NA,NA
1161,Curti Domestic Well,1998-06-01,Skalbeck (2001) Table B-2 (Curti Domestic),134,7.2,NA,NA,NA,1998-06-01,1998,background_or_other,"Background / non-thermal (NDEP, domestic wells, creeks)",18.61111111111111,NA,NA,NA
1162,Curti Domestic Well,1998-09-01,Skalbeck (2001) Table B-2 (Curti Domestic),294,14.1,NA,NA,NA,1998-09-01,1998,background_or_other,"Background / non-thermal (NDEP, domestic wells, creeks)",20.851063829787236,NA,NA,NA
1163,Herz Geothermal,1985-01-01,Skalbeck (2001) Table B-2 (Herz Geothermal),350,16.3,NA,NA,NA,1985-01-01,1985,background_or_other,"Background / non-thermal (NDEP, domestic wells, creeks)",21.47239263803681,NA,NA,NA
1164,Herz Geothermal,1985-02-01,Skalbeck (2001) Table B-2 (Herz Geothermal),340,16.6,NA,NA,NA,1985-02-01,1985,background_or_other,"Background / non-thermal (NDEP, domestic wells, creeks)",20.481927710843372,NA,NA,NA
1165,Herz Geothermal,1985-03-01,Skalbeck (2001) Table B-2 (Herz Geothermal),340,17.4,NA,NA,NA,1985-03-01,1985,background_or_other,"Background / non-thermal (NDEP, domestic wells, creeks)",19.540229885057474,NA,NA,NA
1166,Herz Geothermal,1985-04-01,Skalbeck (2001) Table B-2 (Herz Geothermal),350,17.2,NA,NA,NA,1985-04-01,1985,background_or_other,"Background / non-thermal (NDEP, domestic wells, creeks)",20.348837209302328,NA,NA,NA
1167,Herz Geothermal,1985-05-01,Skalbeck (2001) Table B-2 (Herz Geothermal),340,17.5,NA,NA,NA,1985-05-01,1985,background_or_other,"Background / non-thermal (NDEP, domestic wells, creeks)",19.428571428571427,NA,NA,NA
1168,Herz Geothermal,1985-06-01,Skalbeck (2001) Table B-2 (Herz Geothermal),350,17.5,NA,NA,NA,1985-06-01,1985,background_or_other,"Background / non-thermal (NDEP, domestic wells, creeks)",20,NA,NA,NA
1169,Herz Geothermal,1985-07-01,Skalbeck (2001) Table B-2 (Herz Geothermal),350,17.5,NA,NA,NA,1985-07-01,1985,background_or_other,"Background / non-thermal (NDEP, domestic wells, creeks)",20,NA,NA,NA
1170,Herz Geothermal,1985-08-01,Skalbeck (2001) Table B-2 (Herz Geothermal),355,18.2,NA,NA,NA,1985-08-01,1985,background_or_other,"Background / non-thermal (NDEP, domestic wells, creeks)",19.505494505494507,NA,NA,NA
1171,Herz Geothermal,1985-09-01,Skalbeck (2001) Table B-2 (Herz Geothermal),345,18.3,NA,NA,NA,1985-09-01,1985,background_or_other,"Background / non-thermal (NDEP, domestic wells, creeks)",18.852459016393443,NA,NA,NA
1172,Herz Geothermal,1985-10-01,Skalbeck (2001) Table B-2 (Herz Geothermal),345,17,NA,NA,NA,1985-10-01,1985,background_or_other,"Background / non-thermal (NDEP, domestic wells, creeks)",20.294117647058822,NA,NA,NA
1173,Herz Geothermal,1985-11-01,Skalbeck (2001) Table B-2 (Herz Geothermal),340,18.1,NA,NA,NA,1985-11-01,1985,background_or_other,"Background / non-thermal (NDEP, domestic wells, creeks)",18.78453038674033,NA,NA,NA
1174,Herz Geothermal,1985-12-01,Skalbeck (2001) Table B-2 (Herz Geothermal),350,16.9,NA,NA,NA,1985-12-01,1985,background_or_other,"Background / non-thermal (NDEP, domestic wells, creeks)",20.710059171597635,NA,NA,NA
1175,Herz Geothermal,1986-01-01,Skalbeck (2001) Table B-2 (Herz Geothermal),345,15.2,NA,NA,NA,1986-01-01,1986,background_or_other,"Background / non-thermal (NDEP, domestic wells, creeks)",22.697368421052634,NA,NA,NA
1176,Herz Geothermal,1986-02-01,Skalbeck (2001) Table B-2 (Herz Geothermal),345,17.1,NA,NA,NA,1986-02-01,1986,background_or_other,"Background / non-thermal (NDEP, domestic wells, creeks)",20.175438596491226,NA,NA,NA
1177,Herz Geothermal,1986-03-01,Skalbeck (2001) Table B-2 (Herz Geothermal),345,17.6,NA,NA,NA,1986-03-01,1986,background_or_other,"Background / non-thermal (NDEP, domestic wells, creeks)",19.602272727272727,NA,NA,NA
1178,Herz Geothermal,1986-04-01,Skalbeck (2001) Table B-2 (Herz Geothermal),345,17.6,NA,NA,NA,1986-04-01,1986,background_or_other,"Background / non-thermal (NDEP, domestic wells, creeks)",19.602272727272727,NA,NA,NA
1179,Herz Geothermal,1986-05-01,Skalbeck (2001) Table B-2 (Herz Geothermal),345,17.3,NA,NA,NA,1986-05-01,1986,background_or_other,"Background / non-thermal (NDEP, domestic wells, creeks)",19.942196531791907,NA,NA,NA
1180,Herz Geothermal,1986-06-01,Skalbeck (2001) Table B-2 (Herz Geothermal),355,17.4,NA,NA,NA,1986-06-01,1986,background_or_other,"Background / non-thermal (NDEP, domestic wells, creeks)",20.402298850574713,NA,NA,NA
1181,Herz Geothermal,1986-07-01,Skalbeck (2001) Table B-2 (Herz Geothermal),375,17.7,NA,NA,NA,1986-07-01,1986,background_or_other,"Background / non-thermal (NDEP, domestic wells, creeks)",21.186440677966104,NA,NA,NA
1182,Herz Geothermal,1986-08-01,Skalbeck (2001) Table B-2 (Herz Geothermal),350,17.4,NA,NA,NA,1986-08-01,1986,background_or_other,"Background / non-thermal (NDEP, domestic wells, creeks)",20.114942528735632,NA,NA,NA
1183,Herz Geothermal,1986-09-01,Skalbeck (2001) Table B-2 (Herz Geothermal),350,18.1,NA,NA,NA,1986-09-01,1986,background_or_other,"Background / non-thermal (NDEP, domestic wells, creeks)",19.337016574585633,NA,NA,NA
1184,Herz Geothermal,1986-10-01,Skalbeck (2001) Table B-2 (Herz Geothermal),345,17.7,NA,NA,NA,1986-10-01,1986,background_or_other,"Background / non-thermal (NDEP, domestic wells, creeks)",19.491525423728813,NA,NA,NA
1185,Herz Geothermal,1986-11-01,Skalbeck (2001) Table B-2 (Herz Geothermal),345,17.6,NA,NA,NA,1986-11-01,1986,background_or_other,"Background / non-thermal (NDEP, domestic wells, creeks)",19.602272727272727,NA,NA,NA
1186,Herz Geothermal,1986-12-01,Skalbeck (2001) Table B-2 (Herz Geothermal),340,18.5,NA,NA,NA,1986-12-01,1986,background_or_other,"Background / non-thermal (NDEP, domestic wells, creeks)",18.37837837837838,NA,NA,NA
1187,Herz Geothermal,1987-01-01,Skalbeck (2001) Table B-2 (Herz Geothermal),340,18.2,NA,NA,NA,1987-01-01,1987,background_or_other,"Background / non-thermal (NDEP, domestic wells, creeks)",18.681318681318682,NA,NA,NA
1188,Herz Geothermal,1987-03-01,Skalbeck (2001) Table B-2 (Herz Geothermal),340,18,NA,NA,NA,1987-03-01,1987,background_or_other,"Background / non-thermal (NDEP, domestic wells, creeks)",18.88888888888889,NA,NA,NA
1189,Herz Geothermal,1987-04-01,Skalbeck (2001) Table B-2 (Herz Geothermal),340,18,NA,NA,NA,1987-04-01,1987,background_or_other,"Background / non-thermal (NDEP, domestic wells, creeks)",18.88888888888889,NA,NA,NA
1190,Herz Geothermal,1987-10-01,Skalbeck (2001) Table B-2 (Herz Geothermal),345,17.4,NA,NA,NA,1987-10-01,1987,background_or_other,"Background / non-thermal (NDEP, domestic wells, creeks)",19.82758620689655,NA,NA,NA
1191,Herz Geothermal,1987-11-01,Skalbeck (2001) Table B-2 (Herz Geothermal),340,17.4,NA,NA,NA,1987-11-01,1987,background_or_other,"Background / non-thermal (NDEP, domestic wells, creeks)",19.540229885057474,NA,NA,NA
1192,Herz Geothermal,1987-12-01,Skalbeck (2001) Table B-2 (Herz Geothermal),340,17.5,NA,NA,NA,1987-12-01,1987,background_or_other,"Background / non-thermal (NDEP, domestic wells, creeks)",19.428571428571427,NA,NA,NA
1193,Herz Geothermal,1988-01-01,Skalbeck (2001) Table B-2 (Herz Geothermal),340,17.5,NA,NA,NA,1988-01-01,1988,background_or_other,"Background / non-thermal (NDEP, domestic wells, creeks)",19.428571428571427,NA,NA,NA
1194,Herz Geothermal,1988-02-01,Skalbeck (2001) Table B-2 (Herz Geothermal),340,17.6,NA,NA,NA,1988-02-01,1988,background_or_other,"Background / non-thermal (NDEP, domestic wells, creeks)",19.318181818181817,NA,NA,NA
1195,Herz Geothermal,1988-03-01,Skalbeck (2001) Table B-2 (Herz Geothermal),325,17.2,NA,NA,NA,1988-03-01,1988,background_or_other,"Background / non-thermal (NDEP, domestic wells, creeks)",18.895348837209305,NA,NA,NA
1196,Herz Geothermal,1988-04-01,Skalbeck (2001) Table B-2 (Herz Geothermal),355,17.1,NA,NA,NA,1988-04-01,1988,background_or_other,"Background / non-thermal (NDEP, domestic wells, creeks)",20.76023391812865,NA,NA,NA
1197,Herz Geothermal,1988-05-01,Skalbeck (2001) Table B-2 (Herz Geothermal),360,17.2,NA,NA,NA,1988-05-01,1988,background_or_other,"Background / non-thermal (NDEP, domestic wells, creeks)",20.930232558139537,NA,NA,NA
1198,Herz Geothermal,1988-06-01,Skalbeck (2001) Table B-2 (Herz Geothermal),340,17.4,NA,NA,NA,1988-06-01,1988,background_or_other,"Background / non-thermal (NDEP, domestic wells, creeks)",19.540229885057474,NA,NA,NA
1199,Herz Geothermal,1988-07-01,Skalbeck (2001) Table B-2 (Herz Geothermal),350,17.5,NA,NA,NA,1988-07-01,1988,background_or_other,"Background / non-thermal (NDEP, domestic wells, creeks)",20,NA,NA,NA
1200,Herz Geothermal,1988-08-01,Skalbeck (2001) Table B-2 (Herz Geothermal),345,17.6,NA,NA,NA,1988-08-01,1988,background_or_other,"Background / non-thermal (NDEP, domestic wells, creeks)",19.602272727272727,NA,NA,NA
1201,Herz Geothermal,1988-11-01,Skalbeck (2001) Table B-2 (Herz Geothermal),360,18.3,NA,NA,NA,1988-11-01,1988,background_or_other,"Background / non-thermal (NDEP, domestic wells, creeks)",19.672131147540984,NA,NA,NA
1202,Herz Geothermal,1989-01-01,Skalbeck (2001) Table B-2 (Herz Geothermal),355,16.6,NA,NA,NA,1989-01-01,1989,background_or_other,"Background / non-thermal (NDEP, domestic wells, creeks)",21.385542168674696,NA,NA,NA
1203,Herz Geothermal,1989-02-01,Skalbeck (2001) Table B-2 (Herz Geothermal),365,17.8,NA,NA,NA,1989-02-01,1989,background_or_other,"Background / non-thermal (NDEP, domestic wells, creeks)",20.50561797752809,NA,NA,NA
1204,Herz Geothermal,1989-03-01,Skalbeck (2001) Table B-2 (Herz Geothermal),370,17.9,NA,NA,NA,1989-03-01,1989,background_or_other,"Background / non-thermal (NDEP, domestic wells, creeks)",20.670391061452516,NA,NA,NA
1205,Herz Geothermal,1989-04-01,Skalbeck (2001) Table B-2 (Herz Geothermal),370,18.2,NA,NA,NA,1989-04-01,1989,background_or_other,"Background / non-thermal (NDEP, domestic wells, creeks)",20.329670329670332,NA,NA,NA
1206,Herz Geothermal,1989-05-01,Skalbeck (2001) Table B-2 (Herz Geothermal),375,18.2,NA,NA,NA,1989-05-01,1989,background_or_other,"Background / non-thermal (NDEP, domestic wells, creeks)",20.604395604395606,NA,NA,NA
1207,Herz Geothermal,1989-06-01,Skalbeck (2001) Table B-2 (Herz Geothermal),375,18.1,NA,NA,NA,1989-06-01,1989,background_or_other,"Background / non-thermal (NDEP, domestic wells, creeks)",20.718232044198892,NA,NA,NA
1208,Herz Geothermal,1989-08-01,Skalbeck (2001) Table B-2 (Herz Geothermal),375,18.6,NA,NA,NA,1989-08-01,1989,background_or_other,"Background / non-thermal (NDEP, domestic wells, creeks)",20.161290322580644,NA,NA,NA
1209,Herz Geothermal,1989-09-01,Skalbeck (2001) Table B-2 (Herz Geothermal),370,18.7,NA,NA,NA,1989-09-01,1989,background_or_other,"Background / non-thermal (NDEP, domestic wells, creeks)",19.78609625668449,NA,NA,NA
1210,Herz Geothermal,1989-10-01,Skalbeck (2001) Table B-2 (Herz Geothermal),380,19,NA,NA,NA,1989-10-01,1989,background_or_other,"Background / non-thermal (NDEP, domestic wells, creeks)",20,NA,NA,NA
1211,Herz Domestic Well,1985-01-01,Skalbeck (2001) Table B-2 (Herz Domestic),3,0,NA,NA,NA,1985-01-01,1985,background_or_other,"Background / non-thermal (NDEP, domestic wells, creeks)",NA,NA,NA,NA
1212,Herz Domestic Well,1985-02-01,Skalbeck (2001) Table B-2 (Herz Domestic),4,0,NA,NA,NA,1985-02-01,1985,background_or_other,"Background / non-thermal (NDEP, domestic wells, creeks)",NA,NA,NA,NA
1213,Herz Domestic Well,1985-03-01,Skalbeck (2001) Table B-2 (Herz Domestic),3,0.2,NA,NA,NA,1985-03-01,1985,background_or_other,"Background / non-thermal (NDEP, domestic wells, creeks)",15,NA,NA,NA
1214,Herz Domestic Well,1985-04-01,Skalbeck (2001) Table B-2 (Herz Domestic),3,0.3,NA,NA,NA,1985-04-01,1985,background_or_other,"Background / non-thermal (NDEP, domestic wells, creeks)",10,NA,NA,NA
1215,Herz Domestic Well,1985-05-01,Skalbeck (2001) Table B-2 (Herz Domestic),4,0.2,NA,NA,NA,1985-05-01,1985,background_or_other,"Background / non-thermal (NDEP, domestic wells, creeks)",20,NA,NA,NA
1216,Herz Domestic Well,1985-06-01,Skalbeck (2001) Table B-2 (Herz Domestic),4,0.3,NA,NA,NA,1985-06-01,1985,background_or_other,"Background / non-thermal (NDEP, domestic wells, creeks)",13.333333333333334,NA,NA,NA
1217,Herz Domestic Well,1985-07-01,Skalbeck (2001) Table B-2 (Herz Domestic),5,0.2,NA,NA,NA,1985-07-01,1985,background_or_other,"Background / non-thermal (NDEP, domestic wells, creeks)",25,NA,NA,NA
1218,Herz Domestic Well,1985-08-01,Skalbeck (2001) Table B-2 (Herz Domestic),3,0.2,NA,NA,NA,1985-08-01,1985,background_or_other,"Background / non-thermal (NDEP, domestic wells, creeks)",15,NA,NA,NA
1219,Herz Domestic Well,1985-09-01,Skalbeck (2001) Table B-2 (Herz Domestic),3,0.2,NA,NA,NA,1985-09-01,1985,background_or_other,"Background / non-thermal (NDEP, domestic wells, creeks)",15,NA,NA,NA
1220,Herz Domestic Well,1985-10-01,Skalbeck (2001) Table B-2 (Herz Domestic),4,0.2,NA,NA,NA,1985-10-01,1985,background_or_other,"Background / non-thermal (NDEP, domestic wells, creeks)",20,NA,NA,NA
1221,Herz Domestic Well,1985-11-01,Skalbeck (2001) Table B-2 (Herz Domestic),5,0.1,NA,NA,NA,1985-11-01,1985,background_or_other,"Background / non-thermal (NDEP, domestic wells, creeks)",50,NA,NA,NA
1222,Herz Domestic Well,1985-12-01,Skalbeck (2001) Table B-2 (Herz Domestic),4,0.1,NA,NA,NA,1985-12-01,1985,background_or_other,"Background / non-thermal (NDEP, domestic wells, creeks)",40,NA,NA,NA
1223,Herz Domestic Well,1986-01-01,Skalbeck (2001) Table B-2 (Herz Domestic),3,0.5,NA,NA,NA,1986-01-01,1986,background_or_other,"Background / non-thermal (NDEP, domestic wells, creeks)",6,NA,NA,NA
1224,Herz Domestic Well,1986-02-01,Skalbeck (2001) Table B-2 (Herz Domestic),3,0.1,NA,NA,NA,1986-02-01,1986,background_or_other,"Background / non-thermal (NDEP, domestic wells, creeks)",30,NA,NA,NA
1225,Herz Domestic Well,1986-03-01,Skalbeck (2001) Table B-2 (Herz Domestic),4,0.1,NA,NA,NA,1986-03-01,1986,background_or_other,"Background / non-thermal (NDEP, domestic wells, creeks)",40,NA,NA,NA
1226,Herz Domestic Well,1986-04-01,Skalbeck (2001) Table B-2 (Herz Domestic),3,0.1,NA,NA,NA,1986-04-01,1986,background_or_other,"Background / non-thermal (NDEP, domestic wells, creeks)",30,NA,NA,NA
1227,Herz Domestic Well,1986-05-01,Skalbeck (2001) Table B-2 (Herz Domestic),2,0.1,NA,NA,NA,1986-05-01,1986,background_or_other,"Background / non-thermal (NDEP, domestic wells, creeks)",20,NA,NA,NA
1228,Herz Domestic Well,1986-06-01,Skalbeck (2001) Table B-2 (Herz Domestic),4,0.1,NA,NA,NA,1986-06-01,1986,background_or_other,"Background / non-thermal (NDEP, domestic wells, creeks)",40,NA,NA,NA
1229,Herz Domestic Well,1986-07-01,Skalbeck (2001) Table B-2 (Herz Domestic),3,0.2,NA,NA,NA,1986-07-01,1986,background_or_other,"Background / non-thermal (NDEP, domestic wells, creeks)",15,NA,NA,NA
1230,Herz Domestic Well,1986-08-01,Skalbeck (2001) Table B-2 (Herz Domestic),2,0.2,NA,NA,NA,1986-08-01,1986,background_or_other,"Background / non-thermal (NDEP, domestic wells, creeks)",10,NA,NA,NA
1231,Herz Domestic Well,1986-09-01,Skalbeck (2001) Table B-2 (Herz Domestic),3,0.1,NA,NA,NA,1986-09-01,1986,background_or_other,"Background / non-thermal (NDEP, domestic wells, creeks)",30,NA,NA,NA
1232,Herz Domestic Well,1987-01-01,Skalbeck (2001) Table B-2 (Herz Domestic),3,0.1,NA,NA,NA,1987-01-01,1987,background_or_other,"Background / non-thermal (NDEP, domestic wells, creeks)",30,NA,NA,NA
1233,Herz Domestic Well,1987-03-01,Skalbeck (2001) Table B-2 (Herz Domestic),0,0.1,NA,NA,NA,1987-03-01,1987,background_or_other,"Background / non-thermal (NDEP, domestic wells, creeks)",0,NA,NA,NA
1234,Herz Domestic Well,1987-04-01,Skalbeck (2001) Table B-2 (Herz Domestic),4,0.1,NA,NA,NA,1987-04-01,1987,background_or_other,"Background / non-thermal (NDEP, domestic wells, creeks)",40,NA,NA,NA
1235,Herz Domestic Well,1987-10-01,Skalbeck (2001) Table B-2 (Herz Domestic),3,0.1,NA,NA,NA,1987-10-01,1987,background_or_other,"Background / non-thermal (NDEP, domestic wells, creeks)",30,NA,NA,NA
1236,Herz Domestic Well,1987-11-01,Skalbeck (2001) Table B-2 (Herz Domestic),3,0.1,NA,NA,NA,1987-11-01,1987,background_or_other,"Background / non-thermal (NDEP, domestic wells, creeks)",30,NA,NA,NA
1237,Herz Domestic Well,1988-01-01,Skalbeck (2001) Table B-2 (Herz Domestic),2,0.1,NA,NA,NA,1988-01-01,1988,background_or_other,"Background / non-thermal (NDEP, domestic wells, creeks)",20,NA,NA,NA
1238,Herz Domestic Well,1988-03-01,Skalbeck (2001) Table B-2 (Herz Domestic),2,0.1,NA,NA,NA,1988-03-01,1988,background_or_other,"Background / non-thermal (NDEP, domestic wells, creeks)",20,NA,NA,NA
1239,Herz Domestic Well,1988-04-01,Skalbeck (2001) Table B-2 (Herz Domestic),2,0.1,NA,NA,NA,1988-04-01,1988,background_or_other,"Background / non-thermal (NDEP, domestic wells, creeks)",20,NA,NA,NA
1240,Herz Domestic Well,1988-05-01,Skalbeck (2001) Table B-2 (Herz Domestic),2,0.1,NA,NA,NA,1988-05-01,1988,background_or_other,"Background / non-thermal (NDEP, domestic wells, creeks)",20,NA,NA,NA
1241,Herz Domestic Well,1988-06-01,Skalbeck (2001) Table B-2 (Herz Domestic),2,0.1,NA,NA,NA,1988-06-01,1988,background_or_other,"Background / non-thermal (NDEP, domestic wells, creeks)",20,NA,NA,NA
1242,Herz Domestic Well,1988-07-01,Skalbeck (2001) Table B-2 (Herz Domestic),3,0.1,NA,NA,NA,1988-07-01,1988,background_or_other,"Background / non-thermal (NDEP, domestic wells, creeks)",30,NA,NA,NA
1243,Herz Domestic Well,1988-08-01,Skalbeck (2001) Table B-2 (Herz Domestic),3,0.1,NA,NA,NA,1988-08-01,1988,background_or_other,"Background / non-thermal (NDEP, domestic wells, creeks)",30,NA,NA,NA
1244,Herz Domestic Well,1989-01-01,Skalbeck (2001) Table B-2 (Herz Domestic),5,0.1,NA,NA,NA,1989-01-01,1989,background_or_other,"Background / non-thermal (NDEP, domestic wells, creeks)",50,NA,NA,NA
1245,Herz Domestic Well,1989-03-01,Skalbeck (2001) Table B-2 (Herz Domestic),2,0,NA,NA,NA,1989-03-01,1989,background_or_other,"Background / non-thermal (NDEP, domestic wells, creeks)",NA,NA,NA,NA
1246,Herz Domestic Well,1989-05-01,Skalbeck (2001) Table B-2 (Herz Domestic),8,0.2,NA,NA,NA,1989-05-01,1989,background_or_other,"Background / non-thermal (NDEP, domestic wells, creeks)",40,NA,NA,NA
1247,Herz Domestic Well,1989-06-01,Skalbeck (2001) Table B-2 (Herz Domestic),9,0.1,NA,NA,NA,1989-06-01,1989,background_or_other,"Background / non-thermal (NDEP, domestic wells, creeks)",90,NA,NA,NA
1248,Herz Domestic Well,1989-08-01,Skalbeck (2001) Table B-2 (Herz Domestic),15,0.1,NA,NA,NA,1989-08-01,1989,background_or_other,"Background / non-thermal (NDEP, domestic wells, creeks)",150,NA,NA,NA
1249,Herz Domestic Well,1989-09-01,Skalbeck (2001) Table B-2 (Herz Domestic),12,0.2,NA,NA,NA,1989-09-01,1989,background_or_other,"Background / non-thermal (NDEP, domestic wells, creeks)",60,NA,NA,NA
1250,Herz Domestic Well,1989-10-01,Skalbeck (2001) Table B-2 (Herz Domestic),11,0.1,NA,NA,NA,1989-10-01,1989,background_or_other,"Background / non-thermal (NDEP, domestic wells, creeks)",110,NA,NA,NA
1251,Herz Domestic Well,1990-01-01,Skalbeck (2001) Table B-2 (Herz Domestic),12,0,NA,NA,NA,1990-01-01,1990,background_or_other,"Background / non-thermal (NDEP, domestic wells, creeks)",NA,NA,NA,NA
1252,Herz Domestic Well,1990-03-01,Skalbeck (2001) Table B-2 (Herz Domestic),12,0,NA,NA,NA,1990-03-01,1990,background_or_other,"Background / non-thermal (NDEP, domestic wells, creeks)",NA,NA,NA,NA
1253,Herz Domestic Well,1990-06-01,Skalbeck (2001) Table B-2 (Herz Domestic),16,0,NA,NA,NA,1990-06-01,1990,background_or_other,"Background / non-thermal (NDEP, domestic wells, creeks)",NA,NA,NA,NA
1254,Herz Domestic Well,1993-09-01,Skalbeck (2001) Table B-2 (Herz Domestic),257,4.4,NA,NA,NA,1993-09-01,1993,background_or_other,"Background / non-thermal (NDEP, domestic wells, creeks)",58.40909090909091,NA,NA,NA
1255,Herz Domestic Well,1994-06-01,Skalbeck (2001) Table B-2 (Herz Domestic),190,4,NA,NA,NA,1994-06-01,1994,background_or_other,"Background / non-thermal (NDEP, domestic wells, creeks)",47.5,NA,NA,NA
1256,Peigh,1985-01-01,Skalbeck (2001) Table B-2 (Peigh Domestic),3,NA,NA,NA,NA,1985-01-01,1985,background_or_other,"Background / non-thermal (NDEP, domestic wells, creeks)",NA,NA,NA,NA
1257,Peigh,1985-02-01,Skalbeck (2001) Table B-2 (Peigh Domestic),4,0,NA,NA,NA,1985-02-01,1985,background_or_other,"Background / non-thermal (NDEP, domestic wells, creeks)",NA,NA,NA,NA
1258,Peigh,1985-03-01,Skalbeck (2001) Table B-2 (Peigh Domestic),3,0.1,NA,NA,NA,1985-03-01,1985,background_or_other,"Background / non-thermal (NDEP, domestic wells, creeks)",30,NA,NA,NA
1259,Peigh,1985-04-01,Skalbeck (2001) Table B-2 (Peigh Domestic),3,0.2,NA,NA,NA,1985-04-01,1985,background_or_other,"Background / non-thermal (NDEP, domestic wells, creeks)",15,NA,NA,NA
1260,Peigh,1985-06-01,Skalbeck (2001) Table B-2 (Peigh Domestic),2,0.1,NA,NA,NA,1985-06-01,1985,background_or_other,"Background / non-thermal (NDEP, domestic wells, creeks)",20,NA,NA,NA
1261,Peigh,1985-07-01,Skalbeck (2001) Table B-2 (Peigh Domestic),2,0.1,NA,NA,NA,1985-07-01,1985,background_or_other,"Background / non-thermal (NDEP, domestic wells, creeks)",20,NA,NA,NA
1262,Peigh,1985-08-01,Skalbeck (2001) Table B-2 (Peigh Domestic),4,0.1,NA,NA,NA,1985-08-01,1985,background_or_other,"Background / non-thermal (NDEP, domestic wells, creeks)",40,NA,NA,NA
1263,Peigh,1985-09-01,Skalbeck (2001) Table B-2 (Peigh Domestic),2,0.1,NA,NA,NA,1985-09-01,1985,background_or_other,"Background / non-thermal (NDEP, domestic wells, creeks)",20,NA,NA,NA
1264,Peigh,1985-10-01,Skalbeck (2001) Table B-2 (Peigh Domestic),2,0.1,NA,NA,NA,1985-10-01,1985,background_or_other,"Background / non-thermal (NDEP, domestic wells, creeks)",20,NA,NA,NA
1265,Peigh,1985-11-01,Skalbeck (2001) Table B-2 (Peigh Domestic),3,0.1,NA,NA,NA,1985-11-01,1985,background_or_other,"Background / non-thermal (NDEP, domestic wells, creeks)",30,NA,NA,NA
1266,Peigh,1985-12-01,Skalbeck (2001) Table B-2 (Peigh Domestic),3,0.1,NA,NA,NA,1985-12-01,1985,background_or_other,"Background / non-thermal (NDEP, domestic wells, creeks)",30,NA,NA,NA
1267,Peigh,1986-01-01,Skalbeck (2001) Table B-2 (Peigh Domestic),3,0.2,NA,NA,NA,1986-01-01,1986,background_or_other,"Background / non-thermal (NDEP, domestic wells, creeks)",15,NA,NA,NA
1268,Peigh,1986-02-01,Skalbeck (2001) Table B-2 (Peigh Domestic),3,0.1,NA,NA,NA,1986-02-01,1986,background_or_other,"Background / non-thermal (NDEP, domestic wells, creeks)",30,NA,NA,NA
1269,Peigh,1986-03-01,Skalbeck (2001) Table B-2 (Peigh Domestic),3,0.1,NA,NA,NA,1986-03-01,1986,background_or_other,"Background / non-thermal (NDEP, domestic wells, creeks)",30,NA,NA,NA
1270,Peigh,1986-04-01,Skalbeck (2001) Table B-2 (Peigh Domestic),3,0.1,NA,NA,NA,1986-04-01,1986,background_or_other,"Background / non-thermal (NDEP, domestic wells, creeks)",30,NA,NA,NA
1271,Peigh,1986-05-01,Skalbeck (2001) Table B-2 (Peigh Domestic),4,0.1,NA,NA,NA,1986-05-01,1986,background_or_other,"Background / non-thermal (NDEP, domestic wells, creeks)",40,NA,NA,NA
1272,Peigh,1986-06-01,Skalbeck (2001) Table B-2 (Peigh Domestic),3,0.1,NA,NA,NA,1986-06-01,1986,background_or_other,"Background / non-thermal (NDEP, domestic wells, creeks)",30,NA,NA,NA
1273,Peigh,1986-07-01,Skalbeck (2001) Table B-2 (Peigh Domestic),3,0.1,NA,NA,NA,1986-07-01,1986,background_or_other,"Background / non-thermal (NDEP, domestic wells, creeks)",30,NA,NA,NA
1274,Peigh,1986-08-01,Skalbeck (2001) Table B-2 (Peigh Domestic),3,0.2,NA,NA,NA,1986-08-01,1986,background_or_other,"Background / non-thermal (NDEP, domestic wells, creeks)",15,NA,NA,NA
1275,Peigh,1986-09-01,Skalbeck (2001) Table B-2 (Peigh Domestic),3,0.1,NA,NA,NA,1986-09-01,1986,background_or_other,"Background / non-thermal (NDEP, domestic wells, creeks)",30,NA,NA,NA
1276,Peigh,1986-10-01,Skalbeck (2001) Table B-2 (Peigh Domestic),2,0.1,NA,NA,NA,1986-10-01,1986,background_or_other,"Background / non-thermal (NDEP, domestic wells, creeks)",20,NA,NA,NA
1277,Peigh,1986-11-01,Skalbeck (2001) Table B-2 (Peigh Domestic),2,0.1,NA,NA,NA,1986-11-01,1986,background_or_other,"Background / non-thermal (NDEP, domestic wells, creeks)",20,NA,NA,NA
1278,Peigh,1986-12-01,Skalbeck (2001) Table B-2 (Peigh Domestic),4,0,NA,NA,NA,1986-12-01,1986,background_or_other,"Background / non-thermal (NDEP, domestic wells, creeks)",NA,NA,NA,NA
1279,Peigh,1987-01-01,Skalbeck (2001) Table B-2 (Peigh Domestic),2,0,NA,NA,NA,1987-01-01,1987,background_or_other,"Background / non-thermal (NDEP, domestic wells, creeks)",NA,NA,NA,NA
1280,Peigh,1987-02-01,Skalbeck (2001) Table B-2 (Peigh Domestic),3,0,NA,NA,NA,1987-02-01,1987,background_or_other,"Background / non-thermal (NDEP, domestic wells, creeks)",NA,NA,NA,NA
1281,Peigh,1987-03-01,Skalbeck (2001) Table B-2 (Peigh Domestic),2,0.1,NA,NA,NA,1987-03-01,1987,background_or_other,"Background / non-thermal (NDEP, domestic wells, creeks)",20,NA,NA,NA
1282,Peigh,1987-04-01,Skalbeck (2001) Table B-2 (Peigh Domestic),3,0,NA,NA,NA,1987-04-01,1987,background_or_other,"Background / non-thermal (NDEP, domestic wells, creeks)",NA,NA,NA,NA
1283,Peigh,1987-05-01,Skalbeck (2001) Table B-2 (Peigh Domestic),4,0,NA,NA,NA,1987-05-01,1987,background_or_other,"Background / non-thermal (NDEP, domestic wells, creeks)",NA,NA,NA,NA
1284,Peigh,1987-06-01,Skalbeck (2001) Table B-2 (Peigh Domestic),3,0,NA,NA,NA,1987-06-01,1987,background_or_other,"Background / non-thermal (NDEP, domestic wells, creeks)",NA,NA,NA,NA
1285,Peigh,1987-07-01,Skalbeck (2001) Table B-2 (Peigh Domestic),2,0.1,NA,NA,NA,1987-07-01,1987,background_or_other,"Background / non-thermal (NDEP, domestic wells, creeks)",20,NA,NA,NA
1286,Peigh,1987-08-01,Skalbeck (2001) Table B-2 (Peigh Domestic),1,0,NA,NA,NA,1987-08-01,1987,background_or_other,"Background / non-thermal (NDEP, domestic wells, creeks)",NA,NA,NA,NA
1287,Peigh,1987-09-01,Skalbeck (2001) Table B-2 (Peigh Domestic),2,0.1,NA,NA,NA,1987-09-01,1987,background_or_other,"Background / non-thermal (NDEP, domestic wells, creeks)",20,NA,NA,NA
1288,Peigh,1987-10-01,Skalbeck (2001) Table B-2 (Peigh Domestic),2,0,NA,NA,NA,1987-10-01,1987,background_or_other,"Background / non-thermal (NDEP, domestic wells, creeks)",NA,NA,NA,NA
1289,Peigh,1987-11-01,Skalbeck (2001) Table B-2 (Peigh Domestic),3,0,NA,NA,NA,1987-11-01,1987,background_or_other,"Background / non-thermal (NDEP, domestic wells, creeks)",NA,NA,NA,NA
1290,Peigh,1987-12-01,Skalbeck (2001) Table B-2 (Peigh Domestic),3,0,NA,NA,NA,1987-12-01,1987,background_or_other,"Background / non-thermal (NDEP, domestic wells, creeks)",NA,NA,NA,NA
1291,Peigh,1988-01-01,Skalbeck (2001) Table B-2 (Peigh Domestic),2,0,NA,NA,NA,1988-01-01,1988,background_or_other,"Background / non-thermal (NDEP, domestic wells, creeks)",NA,NA,NA,NA
1292,Peigh,1988-02-01,Skalbeck (2001) Table B-2 (Peigh Domestic),3,0,NA,NA,NA,1988-02-01,1988,background_or_other,"Background / non-thermal (NDEP, domestic wells, creeks)",NA,NA,NA,NA
1293,Peigh,1988-03-01,Skalbeck (2001) Table B-2 (Peigh Domestic),2,0,NA,NA,NA,1988-03-01,1988,background_or_other,"Background / non-thermal (NDEP, domestic wells, creeks)",NA,NA,NA,NA
1294,Peigh,1988-04-01,Skalbeck (2001) Table B-2 (Peigh Domestic),2,0,NA,NA,NA,1988-04-01,1988,background_or_other,"Background / non-thermal (NDEP, domestic wells, creeks)",NA,NA,NA,NA
1295,Peigh,1988-05-01,Skalbeck (2001) Table B-2 (Peigh Domestic),2,0,NA,NA,NA,1988-05-01,1988,background_or_other,"Background / non-thermal (NDEP, domestic wells, creeks)",NA,NA,NA,NA
1296,Peigh,1988-06-01,Skalbeck (2001) Table B-2 (Peigh Domestic),1,0,NA,NA,NA,1988-06-01,1988,background_or_other,"Background / non-thermal (NDEP, domestic wells, creeks)",NA,NA,NA,NA
1297,Peigh,1988-07-01,Skalbeck (2001) Table B-2 (Peigh Domestic),3,0,NA,NA,NA,1988-07-01,1988,background_or_other,"Background / non-thermal (NDEP, domestic wells, creeks)",NA,NA,NA,NA
1298,Peigh,1988-08-01,Skalbeck (2001) Table B-2 (Peigh Domestic),2,0,NA,NA,NA,1988-08-01,1988,background_or_other,"Background / non-thermal (NDEP, domestic wells, creeks)",NA,NA,NA,NA
1299,Peigh,1989-01-01,Skalbeck (2001) Table B-2 (Peigh Domestic),6,0.1,NA,NA,NA,1989-01-01,1989,background_or_other,"Background / non-thermal (NDEP, domestic wells, creeks)",60,NA,NA,NA
1300,Peigh,1989-02-01,Skalbeck (2001) Table B-2 (Peigh Domestic),7,0,NA,NA,NA,1989-02-01,1989,background_or_other,"Background / non-thermal (NDEP, domestic wells, creeks)",NA,NA,NA,NA
1301,Peigh,1989-03-01,Skalbeck (2001) Table B-2 (Peigh Domestic),6,0,NA,NA,NA,1989-03-01,1989,background_or_other,"Background / non-thermal (NDEP, domestic wells, creeks)",NA,NA,NA,NA
1302,Peigh,1989-04-01,Skalbeck (2001) Table B-2 (Peigh Domestic),5,0,NA,NA,NA,1989-04-01,1989,background_or_other,"Background / non-thermal (NDEP, domestic wells, creeks)",NA,NA,NA,NA
1303,Peigh,1989-05-01,Skalbeck (2001) Table B-2 (Peigh Domestic),6,0,NA,NA,NA,1989-05-01,1989,background_or_other,"Background / non-thermal (NDEP, domestic wells, creeks)",NA,NA,NA,NA
1304,Peigh,1989-06-01,Skalbeck (2001) Table B-2 (Peigh Domestic),3,0,NA,NA,NA,1989-06-01,1989,background_or_other,"Background / non-thermal (NDEP, domestic wells, creeks)",NA,NA,NA,NA
1305,Peigh,1989-08-01,Skalbeck (2001) Table B-2 (Peigh Domestic),4,0,NA,NA,NA,1989-08-01,1989,background_or_other,"Background / non-thermal (NDEP, domestic wells, creeks)",NA,NA,NA,NA
1306,Peigh,1989-09-01,Skalbeck (2001) Table B-2 (Peigh Domestic),3,0.1,NA,NA,NA,1989-09-01,1989,background_or_other,"Background / non-thermal (NDEP, domestic wells, creeks)",30,NA,NA,NA
1307,Peigh,1989-10-01,Skalbeck (2001) Table B-2 (Peigh Domestic),3,0,NA,NA,NA,1989-10-01,1989,background_or_other,"Background / non-thermal (NDEP, domestic wells, creeks)",NA,NA,NA,NA
1308,Peigh,1989-11-01,Skalbeck (2001) Table B-2 (Peigh Domestic),3,0,NA,NA,NA,1989-11-01,1989,background_or_other,"Background / non-thermal (NDEP, domestic wells, creeks)",NA,NA,NA,NA
1309,Peigh,1989-12-01,Skalbeck (2001) Table B-2 (Peigh Domestic),3,0,NA,NA,NA,1989-12-01,1989,background_or_other,"Background / non-thermal (NDEP, domestic wells, creeks)",NA,NA,NA,NA
1310,Peigh,1990-01-01,Skalbeck (2001) Table B-2 (Peigh Domestic),3,0,NA,NA,NA,1990-01-01,1990,background_or_other,"Background / non-thermal (NDEP, domestic wells, creeks)",NA,NA,NA,NA
1311,Peigh,1990-02-01,Skalbeck (2001) Table B-2 (Peigh Domestic),4,0,NA,NA,NA,1990-02-01,1990,background_or_other,"Background / non-thermal (NDEP, domestic wells, creeks)",NA,NA,NA,NA
1312,Peigh,1990-03-01,Skalbeck (2001) Table B-2 (Peigh Domestic),3,0,NA,NA,NA,1990-03-01,1990,background_or_other,"Background / non-thermal (NDEP, domestic wells, creeks)",NA,NA,NA,NA
1313,Peigh,1990-04-01,Skalbeck (2001) Table B-2 (Peigh Domestic),5,0,NA,NA,NA,1990-04-01,1990,background_or_other,"Background / non-thermal (NDEP, domestic wells, creeks)",NA,NA,NA,NA
1314,Peigh,1990-05-01,Skalbeck (2001) Table B-2 (Peigh Domestic),3,0,NA,NA,NA,1990-05-01,1990,background_or_other,"Background / non-thermal (NDEP, domestic wells, creeks)",NA,NA,NA,NA
1315,Peigh,1990-06-01,Skalbeck (2001) Table B-2 (Peigh Domestic),2,0,NA,NA,NA,1990-06-01,1990,background_or_other,"Background / non-thermal (NDEP, domestic wells, creeks)",NA,NA,NA,NA
1316,Peigh,1990-07-01,Skalbeck (2001) Table B-2 (Peigh Domestic),3,0,NA,NA,NA,1990-07-01,1990,background_or_other,"Background / non-thermal (NDEP, domestic wells, creeks)",NA,NA,NA,NA
1317,Peigh,1990-08-01,Skalbeck (2001) Table B-2 (Peigh Domestic),2,0,NA,NA,NA,1990-08-01,1990,background_or_other,"Background / non-thermal (NDEP, domestic wells, creeks)",NA,NA,NA,NA
1318,Peigh,1990-09-01,Skalbeck (2001) Table B-2 (Peigh Domestic),3,0,NA,NA,NA,1990-09-01,1990,background_or_other,"Background / non-thermal (NDEP, domestic wells, creeks)",NA,NA,NA,NA
1319,Peigh,1990-12-01,Skalbeck (2001) Table B-2 (Peigh Domestic),5,0.2,NA,NA,NA,1990-12-01,1990,background_or_other,"Background / non-thermal (NDEP, domestic wells, creeks)",25,NA,NA,NA
1320,Peigh,1991-02-01,Skalbeck (2001) Table B-2 (Peigh Domestic),3,0,NA,NA,NA,1991-02-01,1991,background_or_other,"Background / non-thermal (NDEP, domestic wells, creeks)",NA,NA,NA,NA
1321,Peigh,1991-03-01,Skalbeck (2001) Table B-2 (Peigh Domestic),4,0.1,NA,NA,NA,1991-03-01,1991,background_or_other,"Background / non-thermal (NDEP, domestic wells, creeks)",40,NA,NA,NA
1322,Peigh,1991-04-01,Skalbeck (2001) Table B-2 (Peigh Domestic),5,0.1,NA,NA,NA,1991-04-01,1991,background_or_other,"Background / non-thermal (NDEP, domestic wells, creeks)",50,NA,NA,NA
1323,Peigh,1991-05-01,Skalbeck (2001) Table B-2 (Peigh Domestic),3,0.1,NA,NA,NA,1991-05-01,1991,background_or_other,"Background / non-thermal (NDEP, domestic wells, creeks)",30,NA,NA,NA
1324,Peigh,1991-06-01,Skalbeck (2001) Table B-2 (Peigh Domestic),4,0.1,NA,NA,NA,1991-06-01,1991,background_or_other,"Background / non-thermal (NDEP, domestic wells, creeks)",40,NA,NA,NA
1325,Peigh,1991-07-01,Skalbeck (2001) Table B-2 (Peigh Domestic),3,0,NA,NA,NA,1991-07-01,1991,background_or_other,"Background / non-thermal (NDEP, domestic wells, creeks)",NA,NA,NA,NA
1326,Peigh,1991-08-01,Skalbeck (2001) Table B-2 (Peigh Domestic),2,0.1,NA,NA,NA,1991-08-01,1991,background_or_other,"Background / non-thermal (NDEP, domestic wells, creeks)",20,NA,NA,NA
1327,Peigh,1991-10-01,Skalbeck (2001) Table B-2 (Peigh Domestic),4,0,NA,NA,NA,1991-10-01,1991,background_or_other,"Background / non-thermal (NDEP, domestic wells, creeks)",NA,NA,NA,NA
1328,Peigh,1991-11-01,Skalbeck (2001) Table B-2 (Peigh Domestic),3,0.1,NA,NA,NA,1991-11-01,1991,background_or_other,"Background / non-thermal (NDEP, domestic wells, creeks)",30,NA,NA,NA
1329,Peigh,1991-12-01,Skalbeck (2001) Table B-2 (Peigh Domestic),5,0,NA,NA,NA,1991-12-01,1991,background_or_other,"Background / non-thermal (NDEP, domestic wells, creeks)",NA,NA,NA,NA
1330,Peigh,1992-01-01,Skalbeck (2001) Table B-2 (Peigh Domestic),3,0.1,NA,NA,NA,1992-01-01,1992,background_or_other,"Background / non-thermal (NDEP, domestic wells, creeks)",30,NA,NA,NA
1331,Peigh,1992-02-01,Skalbeck (2001) Table B-2 (Peigh Domestic),3,0.1,NA,NA,NA,1992-02-01,1992,background_or_other,"Background / non-thermal (NDEP, domestic wells, creeks)",30,NA,NA,NA
1332,Peigh,1992-03-01,Skalbeck (2001) Table B-2 (Peigh Domestic),5,0,NA,NA,NA,1992-03-01,1992,background_or_other,"Background / non-thermal (NDEP, domestic wells, creeks)",NA,NA,NA,NA
1333,Peigh,1992-04-01,Skalbeck (2001) Table B-2 (Peigh Domestic),4,0,NA,NA,NA,1992-04-01,1992,background_or_other,"Background / non-thermal (NDEP, domestic wells, creeks)",NA,NA,NA,NA
1334,Peigh,1992-05-01,Skalbeck (2001) Table B-2 (Peigh Domestic),9,0.1,NA,NA,NA,1992-05-01,1992,background_or_other,"Background / non-thermal (NDEP, domestic wells, creeks)",90,NA,NA,NA
1335,Peigh,1992-06-01,Skalbeck (2001) Table B-2 (Peigh Domestic),4,0.1,NA,NA,NA,1992-06-01,1992,background_or_other,"Background / non-thermal (NDEP, domestic wells, creeks)",40,NA,NA,NA
1336,Peigh,1992-07-01,Skalbeck (2001) Table B-2 (Peigh Domestic),3,0,NA,NA,NA,1992-07-01,1992,background_or_other,"Background / non-thermal (NDEP, domestic wells, creeks)",NA,NA,NA,NA
1337,Peigh,1992-08-01,Skalbeck (2001) Table B-2 (Peigh Domestic),3,0.4,NA,NA,NA,1992-08-01,1992,background_or_other,"Background / non-thermal (NDEP, domestic wells, creeks)",7.5,NA,NA,NA
1338,Peigh,1992-09-01,Skalbeck (2001) Table B-2 (Peigh Domestic),3,0.1,NA,NA,NA,1992-09-01,1992,background_or_other,"Background / non-thermal (NDEP, domestic wells, creeks)",30,NA,NA,NA
1339,Peigh,1992-12-01,Skalbeck (2001) Table B-2 (Peigh Domestic),5,0.1,NA,NA,NA,1992-12-01,1992,background_or_other,"Background / non-thermal (NDEP, domestic wells, creeks)",50,NA,NA,NA
1340,Peigh,1993-03-01,Skalbeck (2001) Table B-2 (Peigh Domestic),5,0.2,NA,NA,NA,1993-03-01,1993,background_or_other,"Background / non-thermal (NDEP, domestic wells, creeks)",25,NA,NA,NA
1341,Peigh,1993-06-01,Skalbeck (2001) Table B-2 (Peigh Domestic),3,0.1,NA,NA,NA,1993-06-01,1993,background_or_other,"Background / non-thermal (NDEP, domestic wells, creeks)",30,NA,NA,NA
1342,Peigh,1993-09-01,Skalbeck (2001) Table B-2 (Peigh Domestic),5,0,NA,NA,NA,1993-09-01,1993,background_or_other,"Background / non-thermal (NDEP, domestic wells, creeks)",NA,NA,NA,NA
1343,Peigh,1993-12-01,Skalbeck (2001) Table B-2 (Peigh Domestic),4,0.1,NA,NA,NA,1993-12-01,1993,background_or_other,"Background / non-thermal (NDEP, domestic wells, creeks)",40,NA,NA,NA
1344,Peigh,1994-03-01,Skalbeck (2001) Table B-2 (Peigh Domestic),5,0.3,NA,NA,NA,1994-03-01,1994,background_or_other,"Background / non-thermal (NDEP, domestic wells, creeks)",16.666666666666668,NA,NA,NA
1345,Peigh,1994-06-01,Skalbeck (2001) Table B-2 (Peigh Domestic),4,0.1,NA,NA,NA,1994-06-01,1994,background_or_other,"Background / non-thermal (NDEP, domestic wells, creeks)",40,NA,NA,NA
1346,Peigh,1994-09-01,Skalbeck (2001) Table B-2 (Peigh Domestic),4,0.1,NA,NA,NA,1994-09-01,1994,background_or_other,"Background / non-thermal (NDEP, domestic wells, creeks)",40,NA,NA,NA
1347,Peigh,1994-12-01,Skalbeck (2001) Table B-2 (Peigh Domestic),4,0.1,NA,NA,NA,1994-12-01,1994,background_or_other,"Background / non-thermal (NDEP, domestic wells, creeks)",40,NA,NA,NA
1348,Peigh,1995-03-01,Skalbeck (2001) Table B-2 (Peigh Domestic),4,0.3,NA,NA,NA,1995-03-01,1995,background_or_other,"Background / non-thermal (NDEP, domestic wells, creeks)",13.333333333333334,NA,NA,NA
1349,Peigh,1995-06-01,Skalbeck (2001) Table B-2 (Peigh Domestic),4,0.2,NA,NA,NA,1995-06-01,1995,background_or_other,"Background / non-thermal (NDEP, domestic wells, creeks)",20,NA,NA,NA
1350,Peigh,1995-09-01,Skalbeck (2001) Table B-2 (Peigh Domestic),5,0.1,NA,NA,NA,1995-09-01,1995,background_or_other,"Background / non-thermal (NDEP, domestic wells, creeks)",50,NA,NA,NA
1351,Peigh,1996-03-01,Skalbeck (2001) Table B-2 (Peigh Domestic),5,0,NA,NA,NA,1996-03-01,1996,background_or_other,"Background / non-thermal (NDEP, domestic wells, creeks)",NA,NA,NA,NA
1352,Peigh,1996-12-01,Skalbeck (2001) Table B-2 (Peigh Domestic),3,0.1,NA,NA,NA,1996-12-01,1996,background_or_other,"Background / non-thermal (NDEP, domestic wells, creeks)",30,NA,NA,NA
1353,Peigh,1997-06-01,Skalbeck (2001) Table B-2 (Peigh Domestic),4,0.1,NA,NA,NA,1997-06-01,1997,background_or_other,"Background / non-thermal (NDEP, domestic wells, creeks)",40,NA,NA,NA
1354,Peigh,1997-09-01,Skalbeck (2001) Table B-2 (Peigh Domestic),15,0.3,NA,NA,NA,1997-09-01,1997,background_or_other,"Background / non-thermal (NDEP, domestic wells, creeks)",50,NA,NA,NA
1355,Peigh,1997-12-01,Skalbeck (2001) Table B-2 (Peigh Domestic),4,0.1,NA,NA,NA,1997-12-01,1997,background_or_other,"Background / non-thermal (NDEP, domestic wells, creeks)",40,NA,NA,NA
1356,Peigh,1998-06-01,Skalbeck (2001) Table B-2 (Peigh Domestic),3,0.1,NA,NA,NA,1998-06-01,1998,background_or_other,"Background / non-thermal (NDEP, domestic wells, creeks)",30,NA,NA,NA
1357,Peigh,1998-09-01,Skalbeck (2001) Table B-2 (Peigh Domestic),3,0.2,NA,NA,NA,1998-09-01,1998,background_or_other,"Background / non-thermal (NDEP, domestic wells, creeks)",15,NA,NA,NA
1358,Pine Tree Ranch-1,1985-02-01,Skalbeck (2001) Table B-2 (Pine Tree Ranch #1),4,0,NA,NA,NA,1985-02-01,1985,background_or_other,"Background / non-thermal (NDEP, domestic wells, creeks)",NA,NA,NA,NA
1359,Pine Tree Ranch-1,1985-03-01,Skalbeck (2001) Table B-2 (Pine Tree Ranch #1),3,0.1,NA,NA,NA,1985-03-01,1985,background_or_other,"Background / non-thermal (NDEP, domestic wells, creeks)",30,NA,NA,NA
1360,Pine Tree Ranch-1,1985-04-01,Skalbeck (2001) Table B-2 (Pine Tree Ranch #1),4,0.3,NA,NA,NA,1985-04-01,1985,background_or_other,"Background / non-thermal (NDEP, domestic wells, creeks)",13.333333333333334,NA,NA,NA
1361,Pine Tree Ranch-1,1985-06-01,Skalbeck (2001) Table B-2 (Pine Tree Ranch #1),23,1.1,NA,NA,NA,1985-06-01,1985,background_or_other,"Background / non-thermal (NDEP, domestic wells, creeks)",20.909090909090907,NA,NA,NA
1362,Pine Tree Ranch-1,1985-07-01,Skalbeck (2001) Table B-2 (Pine Tree Ranch #1),28,1.6,NA,NA,NA,1985-07-01,1985,background_or_other,"Background / non-thermal (NDEP, domestic wells, creeks)",17.5,NA,NA,NA
1363,Pine Tree Ranch-1,1985-08-01,Skalbeck (2001) Table B-2 (Pine Tree Ranch #1),15,0.4,NA,NA,NA,1985-08-01,1985,background_or_other,"Background / non-thermal (NDEP, domestic wells, creeks)",37.5,NA,NA,NA
1364,Pine Tree Ranch-1,1985-09-01,Skalbeck (2001) Table B-2 (Pine Tree Ranch #1),4,0.2,NA,NA,NA,1985-09-01,1985,background_or_other,"Background / non-thermal (NDEP, domestic wells, creeks)",20,NA,NA,NA
1365,Pine Tree Ranch-1,1985-10-01,Skalbeck (2001) Table B-2 (Pine Tree Ranch #1),3,0.1,NA,NA,NA,1985-10-01,1985,background_or_other,"Background / non-thermal (NDEP, domestic wells, creeks)",30,NA,NA,NA
1366,Pine Tree Ranch-1,1985-11-01,Skalbeck (2001) Table B-2 (Pine Tree Ranch #1),3,0.1,NA,NA,NA,1985-11-01,1985,background_or_other,"Background / non-thermal (NDEP, domestic wells, creeks)",30,NA,NA,NA
1367,Pine Tree Ranch-1,1985-12-01,Skalbeck (2001) Table B-2 (Pine Tree Ranch #1),3,0.1,NA,NA,NA,1985-12-01,1985,background_or_other,"Background / non-thermal (NDEP, domestic wells, creeks)",30,NA,NA,NA
1368,Pine Tree Ranch-1,1986-01-01,Skalbeck (2001) Table B-2 (Pine Tree Ranch #1),2,0.1,NA,NA,NA,1986-01-01,1986,background_or_other,"Background / non-thermal (NDEP, domestic wells, creeks)",20,NA,NA,NA
1369,Pine Tree Ranch-1,1986-02-01,Skalbeck (2001) Table B-2 (Pine Tree Ranch #1),4,0.1,NA,NA,NA,1986-02-01,1986,background_or_other,"Background / non-thermal (NDEP, domestic wells, creeks)",40,NA,NA,NA
1370,Pine Tree Ranch-1,1986-03-01,Skalbeck (2001) Table B-2 (Pine Tree Ranch #1),8,0.3,NA,NA,NA,1986-03-01,1986,background_or_other,"Background / non-thermal (NDEP, domestic wells, creeks)",26.666666666666668,NA,NA,NA
1371,Pine Tree Ranch-1,1986-04-01,Skalbeck (2001) Table B-2 (Pine Tree Ranch #1),13,0.5,NA,NA,NA,1986-04-01,1986,background_or_other,"Background / non-thermal (NDEP, domestic wells, creeks)",26,NA,NA,NA
1372,Pine Tree Ranch-1,1986-05-01,Skalbeck (2001) Table B-2 (Pine Tree Ranch #1),20,1,NA,NA,NA,1986-05-01,1986,background_or_other,"Background / non-thermal (NDEP, domestic wells, creeks)",20,NA,NA,NA
1373,Pine Tree Ranch-1,1986-06-01,Skalbeck (2001) Table B-2 (Pine Tree Ranch #1),26,1.5,NA,NA,NA,1986-06-01,1986,background_or_other,"Background / non-thermal (NDEP, domestic wells, creeks)",17.333333333333332,NA,NA,NA
1374,Pine Tree Ranch-1,1986-07-01,Skalbeck (2001) Table B-2 (Pine Tree Ranch #1),28,1.9,NA,NA,NA,1986-07-01,1986,background_or_other,"Background / non-thermal (NDEP, domestic wells, creeks)",14.73684210526316,NA,NA,NA
1375,Pine Tree Ranch-1,1986-08-01,Skalbeck (2001) Table B-2 (Pine Tree Ranch #1),30,2.2,NA,NA,NA,1986-08-01,1986,background_or_other,"Background / non-thermal (NDEP, domestic wells, creeks)",13.636363636363635,NA,NA,NA
1376,Pine Tree Ranch-1,1987-01-01,Skalbeck (2001) Table B-2 (Pine Tree Ranch #1),5,0.2,NA,NA,NA,1987-01-01,1987,background_or_other,"Background / non-thermal (NDEP, domestic wells, creeks)",25,NA,NA,NA
1377,Pine Tree Ranch-1,1987-02-01,Skalbeck (2001) Table B-2 (Pine Tree Ranch #1),19,1,NA,NA,NA,1987-02-01,1987,background_or_other,"Background / non-thermal (NDEP, domestic wells, creeks)",19,NA,NA,NA
1378,Pine Tree Ranch-1,1987-03-01,Skalbeck (2001) Table B-2 (Pine Tree Ranch #1),27,2.2,NA,NA,NA,1987-03-01,1987,background_or_other,"Background / non-thermal (NDEP, domestic wells, creeks)",12.272727272727272,NA,NA,NA
1379,Pine Tree Ranch-1,1987-04-01,Skalbeck (2001) Table B-2 (Pine Tree Ranch #1),32,2.8,NA,NA,NA,1987-04-01,1987,background_or_other,"Background / non-thermal (NDEP, domestic wells, creeks)",11.428571428571429,NA,NA,NA
1380,Pine Tree Ranch-1,1987-05-01,Skalbeck (2001) Table B-2 (Pine Tree Ranch #1),36,3.1,NA,NA,NA,1987-05-01,1987,background_or_other,"Background / non-thermal (NDEP, domestic wells, creeks)",11.612903225806452,NA,NA,NA
1381,Pine Tree Ranch-1,1987-07-01,Skalbeck (2001) Table B-2 (Pine Tree Ranch #1),42,3.2,NA,NA,NA,1987-07-01,1987,background_or_other,"Background / non-thermal (NDEP, domestic wells, creeks)",13.125,NA,NA,NA
1382,Pine Tree Ranch-1,1987-08-01,Skalbeck (2001) Table B-2 (Pine Tree Ranch #1),44,3.5,NA,NA,NA,1987-08-01,1987,background_or_other,"Background / non-thermal (NDEP, domestic wells, creeks)",12.571428571428571,NA,NA,NA
1383,Pine Tree Ranch-1,1987-09-01,Skalbeck (2001) Table B-2 (Pine Tree Ranch #1),48,3.3,NA,NA,NA,1987-09-01,1987,background_or_other,"Background / non-thermal (NDEP, domestic wells, creeks)",14.545454545454547,NA,NA,NA
1384,Pine Tree Ranch-1,1987-10-01,Skalbeck (2001) Table B-2 (Pine Tree Ranch #1),51,3.7,NA,NA,NA,1987-10-01,1987,background_or_other,"Background / non-thermal (NDEP, domestic wells, creeks)",13.783783783783782,NA,NA,NA
1385,Pine Tree Ranch-1,1987-11-01,Skalbeck (2001) Table B-2 (Pine Tree Ranch #1),52,3.6,NA,NA,NA,1987-11-01,1987,background_or_other,"Background / non-thermal (NDEP, domestic wells, creeks)",14.444444444444445,NA,NA,NA
1386,Pine Tree Ranch-1,1987-12-01,Skalbeck (2001) Table B-2 (Pine Tree Ranch #1),49,3.5,NA,NA,NA,1987-12-01,1987,background_or_other,"Background / non-thermal (NDEP, domestic wells, creeks)",14,NA,NA,NA
1387,Pine Tree Ranch-1,1988-01-01,Skalbeck (2001) Table B-2 (Pine Tree Ranch #1),57,3.9,NA,NA,NA,1988-01-01,1988,background_or_other,"Background / non-thermal (NDEP, domestic wells, creeks)",14.615384615384615,NA,NA,NA
1388,Pine Tree Ranch-1,1988-02-01,Skalbeck (2001) Table B-2 (Pine Tree Ranch #1),57,4,NA,NA,NA,1988-02-01,1988,background_or_other,"Background / non-thermal (NDEP, domestic wells, creeks)",14.25,NA,NA,NA
1389,Pine Tree Ranch-1,1988-03-01,Skalbeck (2001) Table B-2 (Pine Tree Ranch #1),59,4.1,NA,NA,NA,1988-03-01,1988,background_or_other,"Background / non-thermal (NDEP, domestic wells, creeks)",14.390243902439027,NA,NA,NA
1390,Pine Tree Ranch-1,1988-04-01,Skalbeck (2001) Table B-2 (Pine Tree Ranch #1),67,4.1,NA,NA,NA,1988-04-01,1988,background_or_other,"Background / non-thermal (NDEP, domestic wells, creeks)",16.34146341463415,NA,NA,NA
1391,Pine Tree Ranch-1,1988-05-01,Skalbeck (2001) Table B-2 (Pine Tree Ranch #1),68,4.2,NA,NA,NA,1988-05-01,1988,background_or_other,"Background / non-thermal (NDEP, domestic wells, creeks)",16.19047619047619,NA,NA,NA
1392,Pine Tree Ranch-1,1988-06-01,Skalbeck (2001) Table B-2 (Pine Tree Ranch #1),71,4.3,NA,NA,NA,1988-06-01,1988,background_or_other,"Background / non-thermal (NDEP, domestic wells, creeks)",16.511627906976745,NA,NA,NA
1393,Pine Tree Ranch-1,1988-07-01,Skalbeck (2001) Table B-2 (Pine Tree Ranch #1),75,4.4,NA,NA,NA,1988-07-01,1988,background_or_other,"Background / non-thermal (NDEP, domestic wells, creeks)",17.045454545454543,NA,NA,NA
1394,Pine Tree Ranch-1,1988-08-01,Skalbeck (2001) Table B-2 (Pine Tree Ranch #1),74,4.3,NA,NA,NA,1988-08-01,1988,background_or_other,"Background / non-thermal (NDEP, domestic wells, creeks)",17.209302325581397,NA,NA,NA
1395,Pine Tree Ranch-1,1989-01-01,Skalbeck (2001) Table B-2 (Pine Tree Ranch #1),37,2.7,NA,NA,NA,1989-01-01,1989,background_or_other,"Background / non-thermal (NDEP, domestic wells, creeks)",13.703703703703702,NA,NA,NA
1396,Pine Tree Ranch-1,1989-03-01,Skalbeck (2001) Table B-2 (Pine Tree Ranch #1),83,4.7,NA,NA,NA,1989-03-01,1989,background_or_other,"Background / non-thermal (NDEP, domestic wells, creeks)",17.659574468085104,NA,NA,NA
1397,Pine Tree Ranch-1,1989-06-01,Skalbeck (2001) Table B-2 (Pine Tree Ranch #1),89,4.8,NA,NA,NA,1989-06-01,1989,background_or_other,"Background / non-thermal (NDEP, domestic wells, creeks)",18.541666666666668,NA,NA,NA
1398,Pine Tree Ranch-1,1989-11-01,Skalbeck (2001) Table B-2 (Pine Tree Ranch #1),24,1.6,NA,NA,NA,1989-11-01,1989,background_or_other,"Background / non-thermal (NDEP, domestic wells, creeks)",15,NA,NA,NA
1399,Pine Tree Ranch-1,1989-12-01,Skalbeck (2001) Table B-2 (Pine Tree Ranch #1),12,1.5,NA,NA,NA,1989-12-01,1989,background_or_other,"Background / non-thermal (NDEP, domestic wells, creeks)",8,NA,NA,NA
1400,Pine Tree Ranch-1,1990-01-01,Skalbeck (2001) Table B-2 (Pine Tree Ranch #1),10,1.1,NA,NA,NA,1990-01-01,1990,background_or_other,"Background / non-thermal (NDEP, domestic wells, creeks)",9.09090909090909,NA,NA,NA
1401,Pine Tree Ranch-1,1990-02-01,Skalbeck (2001) Table B-2 (Pine Tree Ranch #1),11,1,NA,NA,NA,1990-02-01,1990,background_or_other,"Background / non-thermal (NDEP, domestic wells, creeks)",11,NA,NA,NA
1402,Pine Tree Ranch-1,1990-03-01,Skalbeck (2001) Table B-2 (Pine Tree Ranch #1),45,2,NA,NA,NA,1990-03-01,1990,background_or_other,"Background / non-thermal (NDEP, domestic wells, creeks)",22.5,NA,NA,NA
1403,Pine Tree Ranch-1,1990-04-01,Skalbeck (2001) Table B-2 (Pine Tree Ranch #1),79,3.8,NA,NA,NA,1990-04-01,1990,background_or_other,"Background / non-thermal (NDEP, domestic wells, creeks)",20.789473684210527,NA,NA,NA
1404,Pine Tree Ranch-1,1990-05-01,Skalbeck (2001) Table B-2 (Pine Tree Ranch #1),94,4.4,NA,NA,NA,1990-05-01,1990,background_or_other,"Background / non-thermal (NDEP, domestic wells, creeks)",21.363636363636363,NA,NA,NA
1405,Pine Tree Ranch-1,1990-06-01,Skalbeck (2001) Table B-2 (Pine Tree Ranch #1),94,4.7,NA,NA,NA,1990-06-01,1990,background_or_other,"Background / non-thermal (NDEP, domestic wells, creeks)",20,NA,NA,NA
1406,Flame,1985-01-01,Skalbeck (2001) Table B-2 (Flame),112,6.9,NA,NA,NA,1985-01-01,1985,background_or_other,"Background / non-thermal (NDEP, domestic wells, creeks)",16.231884057971012,NA,NA,NA
1407,Flame,1985-02-01,Skalbeck (2001) Table B-2 (Flame),165,10.6,NA,NA,NA,1985-02-01,1985,background_or_other,"Background / non-thermal (NDEP, domestic wells, creeks)",15.566037735849058,NA,NA,NA
1408,Flame,1985-03-01,Skalbeck (2001) Table B-2 (Flame),290,17.6,NA,NA,NA,1985-03-01,1985,background_or_other,"Background / non-thermal (NDEP, domestic wells, creeks)",16.477272727272727,NA,NA,NA
1409,Flame,1985-04-01,Skalbeck (2001) Table B-2 (Flame),325,18.4,NA,NA,NA,1985-04-01,1985,background_or_other,"Background / non-thermal (NDEP, domestic wells, creeks)",17.66304347826087,NA,NA,NA
1410,Flame,1985-05-01,Skalbeck (2001) Table B-2 (Flame),330,18.5,NA,NA,NA,1985-05-01,1985,background_or_other,"Background / non-thermal (NDEP, domestic wells, creeks)",17.83783783783784,NA,NA,NA
1411,Flame,1985-06-01,Skalbeck (2001) Table B-2 (Flame),345,19.8,NA,NA,NA,1985-06-01,1985,background_or_other,"Background / non-thermal (NDEP, domestic wells, creeks)",17.424242424242422,NA,NA,NA
1412,Flame,1985-07-01,Skalbeck (2001) Table B-2 (Flame),350,21,NA,NA,NA,1985-07-01,1985,background_or_other,"Background / non-thermal (NDEP, domestic wells, creeks)",16.666666666666668,NA,NA,NA
1413,Flame,1985-08-01,Skalbeck (2001) Table B-2 (Flame),355,19.4,NA,NA,NA,1985-08-01,1985,background_or_other,"Background / non-thermal (NDEP, domestic wells, creeks)",18.29896907216495,NA,NA,NA
1414,Flame,1985-09-01,Skalbeck (2001) Table B-2 (Flame),355,22.3,NA,NA,NA,1985-09-01,1985,background_or_other,"Background / non-thermal (NDEP, domestic wells, creeks)",15.919282511210762,NA,NA,NA
1415,Flame,1985-10-01,Skalbeck (2001) Table B-2 (Flame),365,21.7,NA,NA,NA,1985-10-01,1985,background_or_other,"Background / non-thermal (NDEP, domestic wells, creeks)",16.820276497695854,NA,NA,NA
1416,Flame,1985-11-01,Skalbeck (2001) Table B-2 (Flame),162,9.3,NA,NA,NA,1985-11-01,1985,background_or_other,"Background / non-thermal (NDEP, domestic wells, creeks)",17.419354838709676,NA,NA,NA
1417,Flame,1985-12-01,Skalbeck (2001) Table B-2 (Flame),208,12.8,NA,NA,NA,1985-12-01,1985,background_or_other,"Background / non-thermal (NDEP, domestic wells, creeks)",16.25,NA,NA,NA
1418,Flame,1986-01-01,Skalbeck (2001) Table B-2 (Flame),345,19.7,NA,NA,NA,1986-01-01,1986,background_or_other,"Background / non-thermal (NDEP, domestic wells, creeks)",17.51269035532995,NA,NA,NA
1419,Flame,1986-02-01,Skalbeck (2001) Table B-2 (Flame),330,20.4,NA,NA,NA,1986-02-01,1986,background_or_other,"Background / non-thermal (NDEP, domestic wells, creeks)",16.176470588235293,NA,NA,NA
1420,Flame,1986-03-01,Skalbeck (2001) Table B-2 (Flame),325,19.7,NA,NA,NA,1986-03-01,1986,background_or_other,"Background / non-thermal (NDEP, domestic wells, creeks)",16.497461928934012,NA,NA,NA
1421,Flame,1986-04-01,Skalbeck (2001) Table B-2 (Flame),330,20.2,NA,NA,NA,1986-04-01,1986,background_or_other,"Background / non-thermal (NDEP, domestic wells, creeks)",16.33663366336634,NA,NA,NA
1422,Flame,1986-05-01,Skalbeck (2001) Table B-2 (Flame),325,19.4,NA,NA,NA,1986-05-01,1986,background_or_other,"Background / non-thermal (NDEP, domestic wells, creeks)",16.75257731958763,NA,NA,NA
1423,Flame,1986-06-01,Skalbeck (2001) Table B-2 (Flame),330,19.9,NA,NA,NA,1986-06-01,1986,background_or_other,"Background / non-thermal (NDEP, domestic wells, creeks)",16.582914572864322,NA,NA,NA
1424,Flame,1986-07-01,Skalbeck (2001) Table B-2 (Flame),330,20,NA,NA,NA,1986-07-01,1986,background_or_other,"Background / non-thermal (NDEP, domestic wells, creeks)",16.5,NA,NA,NA
1425,Flame,1986-08-01,Skalbeck (2001) Table B-2 (Flame),333,20.1,NA,NA,NA,1986-08-01,1986,background_or_other,"Background / non-thermal (NDEP, domestic wells, creeks)",16.567164179104477,NA,NA,NA
1426,Flame,1986-09-01,Skalbeck (2001) Table B-2 (Flame),340,21,NA,NA,NA,1986-09-01,1986,background_or_other,"Background / non-thermal (NDEP, domestic wells, creeks)",16.19047619047619,NA,NA,NA
1427,Flame,1986-10-01,Skalbeck (2001) Table B-2 (Flame),355,21.2,NA,NA,NA,1986-10-01,1986,background_or_other,"Background / non-thermal (NDEP, domestic wells, creeks)",16.745283018867926,NA,NA,NA
1428,Flame,1986-11-01,Skalbeck (2001) Table B-2 (Flame),365,21.4,NA,NA,NA,1986-11-01,1986,background_or_other,"Background / non-thermal (NDEP, domestic wells, creeks)",17.05607476635514,NA,NA,NA
1429,Flame,1986-12-01,Skalbeck (2001) Table B-2 (Flame),360,21.8,NA,NA,NA,1986-12-01,1986,background_or_other,"Background / non-thermal (NDEP, domestic wells, creeks)",16.513761467889907,NA,NA,NA
1430,Flame,1987-01-01,Skalbeck (2001) Table B-2 (Flame),345,21.3,NA,NA,NA,1987-01-01,1987,background_or_other,"Background / non-thermal (NDEP, domestic wells, creeks)",16.197183098591548,NA,NA,NA
1431,Flame,1987-02-01,Skalbeck (2001) Table B-2 (Flame),355,21.7,NA,NA,NA,1987-02-01,1987,background_or_other,"Background / non-thermal (NDEP, domestic wells, creeks)",16.359447004608295,NA,NA,NA
1432,Flame,1987-03-01,Skalbeck (2001) Table B-2 (Flame),360,22,NA,NA,NA,1987-03-01,1987,background_or_other,"Background / non-thermal (NDEP, domestic wells, creeks)",16.363636363636363,NA,NA,NA
1433,Flame,1987-04-01,Skalbeck (2001) Table B-2 (Flame),370,21.6,NA,NA,NA,1987-04-01,1987,background_or_other,"Background / non-thermal (NDEP, domestic wells, creeks)",17.12962962962963,NA,NA,NA
1434,Flame,1987-05-01,Skalbeck (2001) Table B-2 (Flame),375,21.8,NA,NA,NA,1987-05-01,1987,background_or_other,"Background / non-thermal (NDEP, domestic wells, creeks)",17.201834862385322,NA,NA,NA
1435,Flame,1987-06-01,Skalbeck (2001) Table B-2 (Flame),390,22.4,NA,NA,NA,1987-06-01,1987,background_or_other,"Background / non-thermal (NDEP, domestic wells, creeks)",17.41071428571429,NA,NA,NA
1436,Flame,1987-07-01,Skalbeck (2001) Table B-2 (Flame),405,22.1,NA,NA,NA,1987-07-01,1987,background_or_other,"Background / non-thermal (NDEP, domestic wells, creeks)",18.32579185520362,NA,NA,NA
1437,Flame,1987-08-01,Skalbeck (2001) Table B-2 (Flame),425,22.3,NA,NA,NA,1987-08-01,1987,background_or_other,"Background / non-thermal (NDEP, domestic wells, creeks)",19.05829596412556,NA,NA,NA
1438,Flame,1987-09-01,Skalbeck (2001) Table B-2 (Flame),435,23.1,NA,NA,NA,1987-09-01,1987,background_or_other,"Background / non-thermal (NDEP, domestic wells, creeks)",18.83116883116883,NA,NA,NA
1439,Flame,1987-10-01,Skalbeck (2001) Table B-2 (Flame),435,23.6,NA,NA,NA,1987-10-01,1987,background_or_other,"Background / non-thermal (NDEP, domestic wells, creeks)",18.43220338983051,NA,NA,NA
1440,Flame,1987-11-01,Skalbeck (2001) Table B-2 (Flame),435,24.2,NA,NA,NA,1987-11-01,1987,background_or_other,"Background / non-thermal (NDEP, domestic wells, creeks)",17.975206611570247,NA,NA,NA
1441,Steinhardt Geothermal Well (narrative Cl trend),1990-07-01,Skalbeck (2001) Table B-2 (Steinhardt),300,13,NA,NA,NA,1990-07-01,1990,background_or_other,"Background / non-thermal (NDEP, domestic wells, creeks)",23.076923076923077,NA,NA,NA
1442,Steinhardt Geothermal Well (narrative Cl trend),1990-08-01,Skalbeck (2001) Table B-2 (Steinhardt),286,12.5,NA,NA,NA,1990-08-01,1990,background_or_other,"Background / non-thermal (NDEP, domestic wells, creeks)",22.88,NA,NA,NA
1443,Steinhardt Geothermal Well (narrative Cl trend),1990-09-01,Skalbeck (2001) Table B-2 (Steinhardt),293,11.6,NA,NA,NA,1990-09-01,1990,background_or_other,"Background / non-thermal (NDEP, domestic wells, creeks)",25.258620689655174,NA,NA,NA
1444,Steinhardt Geothermal Well (narrative Cl trend),1990-10-01,Skalbeck (2001) Table B-2 (Steinhardt),280,11.2,NA,NA,NA,1990-10-01,1990,background_or_other,"Background / non-thermal (NDEP, domestic wells, creeks)",25,NA,NA,NA
1445,Steinhardt Geothermal Well (narrative Cl trend),1990-11-01,Skalbeck (2001) Table B-2 (Steinhardt),260,10.7,NA,NA,NA,1990-11-01,1990,background_or_other,"Background / non-thermal (NDEP, domestic wells, creeks)",24.299065420560748,NA,NA,NA
1446,Steinhardt Geothermal Well (narrative Cl trend),1990-12-01,Skalbeck (2001) Table B-2 (Steinhardt),250,9.2,NA,NA,NA,1990-12-01,1990,background_or_other,"Background / non-thermal (NDEP, domestic wells, creeks)",27.17391304347826,NA,NA,NA
1447,Steinhardt Geothermal Well (narrative Cl trend),1991-01-01,Skalbeck (2001) Table B-2 (Steinhardt),233,8.7,NA,NA,NA,1991-01-01,1991,background_or_other,"Background / non-thermal (NDEP, domestic wells, creeks)",26.7816091954023,NA,NA,NA
1448,Steinhardt Geothermal Well (narrative Cl trend),1991-02-01,Skalbeck (2001) Table B-2 (Steinhardt),243,8.4,NA,NA,NA,1991-02-01,1991,background_or_other,"Background / non-thermal (NDEP, domestic wells, creeks)",28.928571428571427,NA,NA,NA
1449,Steinhardt Geothermal Well (narrative Cl trend),1991-03-01,Skalbeck (2001) Table B-2 (Steinhardt),207,7.3,NA,NA,NA,1991-03-01,1991,background_or_other,"Background / non-thermal (NDEP, domestic wells, creeks)",28.356164383561644,NA,NA,NA
1450,Steinhardt Geothermal Well (narrative Cl trend),1991-04-01,Skalbeck (2001) Table B-2 (Steinhardt),230,8.8,NA,NA,NA,1991-04-01,1991,background_or_other,"Background / non-thermal (NDEP, domestic wells, creeks)",26.136363636363633,NA,NA,NA
1451,Steinhardt Geothermal Well (narrative Cl trend),1991-05-01,Skalbeck (2001) Table B-2 (Steinhardt),201,7.4,NA,NA,NA,1991-05-01,1991,background_or_other,"Background / non-thermal (NDEP, domestic wells, creeks)",27.16216216216216,NA,NA,NA
1452,Steinhardt Geothermal Well (narrative Cl trend),1991-06-01,Skalbeck (2001) Table B-2 (Steinhardt),207,8,NA,NA,NA,1991-06-01,1991,background_or_other,"Background / non-thermal (NDEP, domestic wells, creeks)",25.875,NA,NA,NA
1453,Steinhardt Geothermal Well (narrative Cl trend),1991-07-01,Skalbeck (2001) Table B-2 (Steinhardt),197,7.7,NA,NA,NA,1991-07-01,1991,background_or_other,"Background / non-thermal (NDEP, domestic wells, creeks)",25.584415584415584,NA,NA,NA
1454,Steinhardt Geothermal Well (narrative Cl trend),1991-08-01,Skalbeck (2001) Table B-2 (Steinhardt),193,7.8,NA,NA,NA,1991-08-01,1991,background_or_other,"Background / non-thermal (NDEP, domestic wells, creeks)",24.743589743589745,NA,NA,NA
1455,Steinhardt Geothermal Well (narrative Cl trend),1991-09-01,Skalbeck (2001) Table B-2 (Steinhardt),188,8,NA,NA,NA,1991-09-01,1991,background_or_other,"Background / non-thermal (NDEP, domestic wells, creeks)",23.5,NA,NA,NA
1456,Steinhardt Geothermal Well (narrative Cl trend),1991-10-01,Skalbeck (2001) Table B-2 (Steinhardt),183,7.3,NA,NA,NA,1991-10-01,1991,background_or_other,"Background / non-thermal (NDEP, domestic wells, creeks)",25.068493150684933,NA,NA,NA
1457,Steinhardt Geothermal Well (narrative Cl trend),1991-11-01,Skalbeck (2001) Table B-2 (Steinhardt),173,6.4,NA,NA,NA,1991-11-01,1991,background_or_other,"Background / non-thermal (NDEP, domestic wells, creeks)",27.03125,NA,NA,NA
1458,GS-5,1980-01-01,Nehring (1980) Table 7,717,NA,NA,NA,NA,1980-01-01,1980,background_or_other,"Background / non-thermal (NDEP, domestic wells, creeks)",NA,NA,NA,NA
1459,GS-4,1980-01-01,Nehring (1980) Table 7,687,NA,NA,NA,NA,1980-01-01,1980,background_or_other,"Background / non-thermal (NDEP, domestic wells, creeks)",NA,NA,NA,NA
1460,GS-3,1980-01-01,Nehring (1980) Table 7,692,NA,NA,NA,NA,1980-01-01,1980,background_or_other,"Background / non-thermal (NDEP, domestic wells, creeks)",NA,NA,NA,NA
1461,GS-1,1980-01-01,Nehring (1980) Table 7,710,NA,NA,NA,NA,1980-01-01,1980,background_or_other,"Background / non-thermal (NDEP, domestic wells, creeks)",NA,NA,NA,NA
1462,GS-2,1980-01-01,Nehring (1980) Table 7,727,NA,NA,NA,NA,1980-01-01,1980,background_or_other,"Background / non-thermal (NDEP, domestic wells, creeks)",NA,NA,NA,NA
1463,Mt Rose 1,1980-01-01,Nehring (1980) Table 7,844,NA,NA,NA,NA,1980-01-01,1980,background_or_other,"Background / non-thermal (NDEP, domestic wells, creeks)",NA,NA,NA,NA
1464,Herz 1,1980-01-01,Nehring (1980) Table 7,416,NA,NA,NA,NA,1980-01-01,1980,background_or_other,"Background / non-thermal (NDEP, domestic wells, creeks)",NA,NA,NA,NA
1465,Herz 2,1980-01-01,Nehring (1980) Table 7,400,NA,NA,NA,NA,1980-01-01,1980,background_or_other,"Background / non-thermal (NDEP, domestic wells, creeks)",NA,NA,NA,NA
1466,E Reno,1980-01-01,Nehring (1980) Table 7,868,NA,NA,NA,NA,1980-01-01,1980,background_or_other,"Background / non-thermal (NDEP, domestic wells, creeks)",NA,NA,NA,NA
1467,W Reno,1980-01-01,Nehring (1980) Table 7,898,NA,NA,NA,NA,1980-01-01,1980,background_or_other,"Background / non-thermal (NDEP, domestic wells, creeks)",NA,NA,NA,NA
1468,Senges,1980-01-01,Nehring (1980) Table 7,826,NA,NA,NA,NA,1980-01-01,1980,background_or_other,"Background / non-thermal (NDEP, domestic wells, creeks)",NA,NA,NA,NA
1469,Rodeo,1980-01-01,Nehring (1980) Table 7,694,NA,NA,NA,NA,1980-01-01,1980,background_or_other,"Background / non-thermal (NDEP, domestic wells, creeks)",NA,NA,NA,NA
1470,SB-4,1980-01-01,Nehring (1980) Table 7,702,NA,NA,NA,NA,1980-01-01,1980,background_or_other,"Background / non-thermal (NDEP, domestic wells, creeks)",NA,NA,NA,NA
1471,No. 32,1980-01-01,Nehring (1980) Table 7,885,NA,NA,NA,NA,1980-01-01,1980,background_or_other,"Background / non-thermal (NDEP, domestic wells, creeks)",NA,NA,NA,NA
1472,SSW,1980-01-01,Nehring (1980) Table 7,870,NA,NA,NA,NA,1980-01-01,1980,background_or_other,"Background / non-thermal (NDEP, domestic wells, creeks)",NA,NA,NA,NA
1473,GS-8,1980-01-01,Nehring (1980) Table 7,860,NA,NA,NA,NA,1980-01-01,1980,background_or_other,"Background / non-thermal (NDEP, domestic wells, creeks)",NA,NA,NA,NA
1474,Herz Domestic Well,1993-12-01,Skalbeck (2001) Table B-2 (Herz Domestic),213,3.3,NA,NA,NA,1993-12-01,1993,background_or_other,"Background / non-thermal (NDEP, domestic wells, creeks)",64.54545454545455,NA,NA,NA
1475,Herz Domestic Well,1994-09-01,Skalbeck (2001) Table B-2 (Herz Domestic),170,3.5,NA,NA,NA,1994-09-01,1994,background_or_other,"Background / non-thermal (NDEP, domestic wells, creeks)",48.57142857142857,NA,NA,NA
1476,Herz Domestic Well,1994-12-01,Skalbeck (2001) Table B-2 (Herz Domestic),177,3.6,NA,NA,NA,1994-12-01,1994,background_or_other,"Background / non-thermal (NDEP, domestic wells, creeks)",49.166666666666664,NA,NA,NA
1477,Curti Domestic Well,1995-06-01,Skalbeck (2001) Table B-2 (Curti Domestic),260,13.2,NA,NA,NA,1995-06-01,1995,background_or_other,"Background / non-thermal (NDEP, domestic wells, creeks)",19.6969696969697,NA,NA,NA
1478,Curti Domestic Well,1995-12-01,Skalbeck (2001) Table B-2 (Curti Domestic),175,9.2,NA,NA,NA,1995-12-01,1995,background_or_other,"Background / non-thermal (NDEP, domestic wells, creeks)",19.021739130434785,NA,NA,NA
1479,Curti Domestic Well,1996-06-01,Skalbeck (2001) Table B-2 (Curti Domestic),164,8.5,NA,NA,NA,1996-06-01,1996,background_or_other,"Background / non-thermal (NDEP, domestic wells, creeks)",19.294117647058822,NA,NA,NA
1480,Curti Domestic Well,1996-09-01,Skalbeck (2001) Table B-2 (Curti Domestic),201,11.3,NA,NA,NA,1996-09-01,1996,background_or_other,"Background / non-thermal (NDEP, domestic wells, creeks)",17.787610619469024,NA,NA,NA
1481,Curti Domestic Well,1996-12-01,Skalbeck (2001) Table B-2 (Curti Domestic),247,13.6,NA,NA,NA,1996-12-01,1996,background_or_other,"Background / non-thermal (NDEP, domestic wells, creeks)",18.161764705882355,NA,NA,NA
1482,Herz Domestic Well,1989-11-01,Skalbeck (2001) Table B-2 (Herz Domestic),13,0,NA,NA,NA,1989-11-01,1989,background_or_other,"Background / non-thermal (NDEP, domestic wells, creeks)",NA,NA,NA,NA
1483,Herz Domestic Well,1989-12-01,Skalbeck (2001) Table B-2 (Herz Domestic),12,0.1,NA,NA,NA,1989-12-01,1989,background_or_other,"Background / non-thermal (NDEP, domestic wells, creeks)",120,NA,NA,NA
1484,Herz Domestic Well,1990-02-01,Skalbeck (2001) Table B-2 (Herz Domestic),12,0,NA,NA,NA,1990-02-01,1990,background_or_other,"Background / non-thermal (NDEP, domestic wells, creeks)",NA,NA,NA,NA
1485,Herz Domestic Well,1990-04-01,Skalbeck (2001) Table B-2 (Herz Domestic),13,0,NA,NA,NA,1990-04-01,1990,background_or_other,"Background / non-thermal (NDEP, domestic wells, creeks)",NA,NA,NA,NA
1486,Herz Domestic Well,1990-05-01,Skalbeck (2001) Table B-2 (Herz Domestic),16,0,NA,NA,NA,1990-05-01,1990,background_or_other,"Background / non-thermal (NDEP, domestic wells, creeks)",NA,NA,NA,NA
1487,Herz Domestic Well,1990-12-01,Skalbeck (2001) Table B-2 (Herz Domestic),33,0.5,NA,NA,NA,1990-12-01,1990,background_or_other,"Background / non-thermal (NDEP, domestic wells, creeks)",66,NA,NA,NA
1488,Herz Domestic Well,1991-02-01,Skalbeck (2001) Table B-2 (Herz Domestic),40,0.2,NA,NA,NA,1991-02-01,1991,background_or_other,"Background / non-thermal (NDEP, domestic wells, creeks)",200,NA,NA,NA
1489,Herz Domestic Well,1991-03-01,Skalbeck (2001) Table B-2 (Herz Domestic),41,0.5,NA,NA,NA,1991-03-01,1991,background_or_other,"Background / non-thermal (NDEP, domestic wells, creeks)",82,NA,NA,NA
1490,Herz Domestic Well,1991-04-01,Skalbeck (2001) Table B-2 (Herz Domestic),46,NA,NA,NA,NA,1991-04-01,1991,background_or_other,"Background / non-thermal (NDEP, domestic wells, creeks)",NA,NA,NA,NA
1491,Herz Domestic Well,1991-05-01,Skalbeck (2001) Table B-2 (Herz Domestic),59,NA,NA,NA,NA,1991-05-01,1991,background_or_other,"Background / non-thermal (NDEP, domestic wells, creeks)",NA,NA,NA,NA
1492,Herz Domestic Well,1991-06-01,Skalbeck (2001) Table B-2 (Herz Domestic),69,NA,NA,NA,NA,1991-06-01,1991,background_or_other,"Background / non-thermal (NDEP, domestic wells, creeks)",NA,NA,NA,NA
1493,Herz Domestic Well,1991-07-01,Skalbeck (2001) Table B-2 (Herz Domestic),67,0,NA,NA,NA,1991-07-01,1991,background_or_other,"Background / non-thermal (NDEP, domestic wells, creeks)",NA,NA,NA,NA
1494,Herz Domestic Well,1991-08-01,Skalbeck (2001) Table B-2 (Herz Domestic),80,0.5,NA,NA,NA,1991-08-01,1991,background_or_other,"Background / non-thermal (NDEP, domestic wells, creeks)",160,NA,NA,NA
1495,Herz Domestic Well,1991-09-01,Skalbeck (2001) Table B-2 (Herz Domestic),102,0.6,NA,NA,NA,1991-09-01,1991,background_or_other,"Background / non-thermal (NDEP, domestic wells, creeks)",170,NA,NA,NA
1496,Herz Domestic Well,1991-10-01,Skalbeck (2001) Table B-2 (Herz Domestic),140,0.9,NA,NA,NA,1991-10-01,1991,background_or_other,"Background / non-thermal (NDEP, domestic wells, creeks)",155.55555555555554,NA,NA,NA
1497,Herz Domestic Well,1991-11-01,Skalbeck (2001) Table B-2 (Herz Domestic),144,0.9,NA,NA,NA,1991-11-01,1991,background_or_other,"Background / non-thermal (NDEP, domestic wells, creeks)",160,NA,NA,NA
1498,Herz Domestic Well,1991-12-01,Skalbeck (2001) Table B-2 (Herz Domestic),160,0.9,NA,NA,NA,1991-12-01,1991,background_or_other,"Background / non-thermal (NDEP, domestic wells, creeks)",177.77777777777777,NA,NA,NA
1499,Herz Domestic Well,1992-01-01,Skalbeck (2001) Table B-2 (Herz Domestic),172,0.9,NA,NA,NA,1992-01-01,1992,background_or_other,"Background / non-thermal (NDEP, domestic wells, creeks)",191.11111111111111,NA,NA,NA
1500,Herz Domestic Well,1992-02-01,Skalbeck (2001) Table B-2 (Herz Domestic),184,0.9,NA,NA,NA,1992-02-01,1992,background_or_other,"Background / non-thermal (NDEP, domestic wells, creeks)",204.44444444444443,NA,NA,NA
1501,Herz Domestic Well,1992-03-01,Skalbeck (2001) Table B-2 (Herz Domestic),184,1,NA,NA,NA,1992-03-01,1992,background_or_other,"Background / non-thermal (NDEP, domestic wells, creeks)",184,NA,NA,NA
1502,Herz Domestic Well,1992-04-01,Skalbeck (2001) Table B-2 (Herz Domestic),156,0.9,NA,NA,NA,1992-04-01,1992,background_or_other,"Background / non-thermal (NDEP, domestic wells, creeks)",173.33333333333334,NA,NA,NA
1503,Herz Domestic Well,1992-05-01,Skalbeck (2001) Table B-2 (Herz Domestic),184,1.1,NA,NA,NA,1992-05-01,1992,background_or_other,"Background / non-thermal (NDEP, domestic wells, creeks)",167.27272727272725,NA,NA,NA
1504,Herz Domestic Well,1992-06-01,Skalbeck (2001) Table B-2 (Herz Domestic),172,NA,NA,NA,NA,1992-06-01,1992,background_or_other,"Background / non-thermal (NDEP, domestic wells, creeks)",NA,NA,NA,NA
1505,Herz Domestic Well,1992-07-01,Skalbeck (2001) Table B-2 (Herz Domestic),200,1.4,NA,NA,NA,1992-07-01,1992,background_or_other,"Background / non-thermal (NDEP, domestic wells, creeks)",142.85714285714286,NA,NA,NA
1506,Herz Domestic Well,1992-08-01,Skalbeck (2001) Table B-2 (Herz Domestic),156,1.4,NA,NA,NA,1992-08-01,1992,background_or_other,"Background / non-thermal (NDEP, domestic wells, creeks)",111.42857142857143,NA,NA,NA
1507,Herz Domestic Well,1992-09-01,Skalbeck (2001) Table B-2 (Herz Domestic),220,2,NA,NA,NA,1992-09-01,1992,background_or_other,"Background / non-thermal (NDEP, domestic wells, creeks)",110,NA,NA,NA
1508,Herz Domestic Well,1992-10-01,Skalbeck (2001) Table B-2 (Herz Domestic),210,NA,NA,NA,NA,1992-10-01,1992,background_or_other,"Background / non-thermal (NDEP, domestic wells, creeks)",NA,NA,NA,NA
1509,Herz Domestic Well,1992-11-01,Skalbeck (2001) Table B-2 (Herz Domestic),273,NA,NA,NA,NA,1992-11-01,1992,background_or_other,"Background / non-thermal (NDEP, domestic wells, creeks)",NA,NA,NA,NA
1510,Herz Domestic Well,1992-12-01,Skalbeck (2001) Table B-2 (Herz Domestic),297,3.1,NA,NA,NA,1992-12-01,1992,background_or_other,"Background / non-thermal (NDEP, domestic wells, creeks)",95.80645161290322,NA,NA,NA
1511,Curti Domestic Well,1990-01-01,Skalbeck (2001) Table B-2 (Curti Domestic),203,8.5,NA,NA,NA,1990-01-01,1990,background_or_other,"Background / non-thermal (NDEP, domestic wells, creeks)",23.88235294117647,NA,NA,NA
1512,Curti Domestic Well,1990-03-01,Skalbeck (2001) Table B-2 (Curti Domestic),230,9.8,NA,NA,NA,1990-03-01,1990,background_or_other,"Background / non-thermal (NDEP, domestic wells, creeks)",23.46938775510204,NA,NA,NA
1513,Curti Domestic Well,1990-06-01,Skalbeck (2001) Table B-2 (Curti Domestic),104,4.4,NA,NA,NA,1990-06-01,1990,background_or_other,"Background / non-thermal (NDEP, domestic wells, creeks)",23.636363636363633,NA,NA,NA
1514,Curti Domestic Well,1990-09-01,Skalbeck (2001) Table B-2 (Curti Domestic),71,3.1,NA,NA,NA,1990-09-01,1990,background_or_other,"Background / non-thermal (NDEP, domestic wells, creeks)",22.903225806451612,NA,NA,NA
1515,Curti Domestic Well,1990-12-01,Skalbeck (2001) Table B-2 (Curti Domestic),135,6.7,NA,NA,NA,1990-12-01,1990,background_or_other,"Background / non-thermal (NDEP, domestic wells, creeks)",20.149253731343283,NA,NA,NA
1516,Curti Domestic Well,1991-03-01,Skalbeck (2001) Table B-2 (Curti Domestic),255,14.4,NA,NA,NA,1991-03-01,1991,background_or_other,"Background / non-thermal (NDEP, domestic wells, creeks)",17.708333333333332,NA,NA,NA
1517,Curti Domestic Well,1991-06-01,Skalbeck (2001) Table B-2 (Curti Domestic),223,12.4,NA,NA,NA,1991-06-01,1991,background_or_other,"Background / non-thermal (NDEP, domestic wells, creeks)",17.983870967741936,NA,NA,NA
1518,SB2 Outlet,03/29/2024 11:15,NDEP PRR,850,30,650,6.6,140,2024-03-29,2024,background_or_other,"Background / non-thermal (NDEP, domestic wells, creeks)",28.333333333333332,0.7647058823529411,0.007764705882352941,0.16470588235294117
1519,SB3 Outlet,03/29/2024 11:00,NDEP PRR,840,30,660,6.6,140,2024-03-29,2024,background_or_other,"Background / non-thermal (NDEP, domestic wells, creeks)",28,0.7857142857142857,0.007857142857142856,0.16666666666666666
1520,Galena 1 Outlet,03/29/2024 10:35,NDEP PRR,860,30,660,6.7,140,2024-03-29,2024,background_or_other,"Background / non-thermal (NDEP, domestic wells, creeks)",28.666666666666668,0.7674418604651163,0.007790697674418605,0.16279069767441862
1521,Galena 3 Outlet,03/29/2024 11:40,NDEP PRR,790,31,660,6.6,160,2024-03-29,2024,background_or_other,"Background / non-thermal (NDEP, domestic wells, creeks)",25.483870967741936,0.8354430379746836,0.008354430379746834,0.20253164556962025
1522,SBHR Outlet,03/29/2024 11:59,NDEP PRR,850,32,640,5.9,190,2024-03-29,2024,background_or_other,"Background / non-thermal (NDEP, domestic wells, creeks)",26.5625,0.7529411764705882,0.006941176470588235,0.2235294117647059
1523,Galena 2 Outlet,03/29/2024 12:15,NDEP PRR,790,35,640,6.7,250,2024-03-29,2024,background_or_other,"Background / non-thermal (NDEP, domestic wells, creeks)",22.571428571428573,0.810126582278481,0.008481012658227849,0.31645569620253167
1524,SB2 Outlet,06/19/2024 1:45,NDEP PRR,750,29,700,6.8,130,2024-06-19,2024,background_or_other,"Background / non-thermal (NDEP, domestic wells, creeks)",25.862068965517242,0.9333333333333333,0.009066666666666666,0.17333333333333334
1525,SB3 Outlet,06/19/2024 1:38,NDEP PRR,750,30,710,6.9,130,2024-06-19,2024,background_or_other,"Background / non-thermal (NDEP, domestic wells, creeks)",25,0.9466666666666667,0.0092,0.17333333333333334
1526,Galena 1 Outlet,06/19/2024 1:27,NDEP PRR,750,30,720,7,130,2024-06-19,2024,background_or_other,"Background / non-thermal (NDEP, domestic wells, creeks)",25,0.96,0.009333333333333334,0.17333333333333334
1527,Galena 3 Outlet,06/19/2024 1:15,NDEP PRR,750,31,710,6.9,150,2024-06-19,2024,background_or_other,"Background / non-thermal (NDEP, domestic wells, creeks)",24.193548387096776,0.9466666666666667,0.0092,0.2
1528,SBHR Outlet,06/19/2024 1:00,NDEP PRR,740,31,670,6.1,200,2024-06-19,2024,background_or_other,"Background / non-thermal (NDEP, domestic wells, creeks)",23.870967741935484,0.9054054054054054,0.008243243243243242,0.2702702702702703
1529,Galena 2 Outlet,06/19/2024 0:48,NDEP PRR,760,34,650,6.9,240,2024-06-19,2024,background_or_other,"Background / non-thermal (NDEP, domestic wells, creeks)",22.352941176470587,0.8552631578947368,0.009078947368421053,0.3157894736842105
1530,Galena 2 Injection Composite (TFT),7/9/2025 11:15,NDEP PRR,794,36,600,7.3,237,2025-07-09,2025,background_or_other,"Background / non-thermal (NDEP, domestic wells, creeks)",22.055555555555557,0.7556675062972292,0.009193954659949622,0.29848866498740556
1531,Galena 2 Injection Composite (TFT),4/7/2026 17:50,NDEP PRR,682,33,600,7,247,2026-04-07,2026,background_or_other,"Background / non-thermal (NDEP, domestic wells, creeks)",20.666666666666668,0.8797653958944281,0.010263929618768328,0.3621700879765396
