station,valid,lon,lat,elevation,mslp
RNO,1/1/2025 0:55,-119.7711,39.4839,1345,1021.7
RNO,1/1/2025 1:55,-119.7711,39.4839,1345,1021.5
RNO,1/1/2025 2:55,-119.7711,39.4839,1345,1021.9
RNO,1/1/2025 3:55,-119.7711,39.4839,1345,1022.2
RNO,1/1/2025 4:55,-119.7711,39.4839,1345,1022.9
RNO,1/1/2025 5:55,-119.7711,39.4839,1345,1022.5
RNO,1/1/2025 6:55,-119.7711,39.4839,1345,1022.7
RNO,1/1/2025 7:55,-119.7711,39.4839,1345,1022.2
RNO,1/1/2025 8:55,-119.7711,39.4839,1345,1021.5
RNO,1/1/2025 9:55,-119.7711,39.4839,1345,1021.1
RNO,1/1/2025 10:55,-119.7711,39.4839,1345,1021
RNO,1/1/2025 11:55,-119.7711,39.4839,1345,1020.8
RNO,1/1/2025 12:55,-119.7711,39.4839,1345,1020.7
RNO,1/1/2025 13:55,-119.7711,39.4839,1345,1020.3
RNO,1/1/2025 14:55,-119.7711,39.4839,1345,1020.6
RNO,1/1/2025 15:55,-119.7711,39.4839,1345,1020.9
RNO,1/1/2025 16:55,-119.7711,39.4839,1345,1021.6
RNO,1/1/2025 17:55,-119.7711,39.4839,1345,1021.7
RNO,1/1/2025 18:55,-119.7711,39.4839,1345,1021
RNO,1/1/2025 19:55,-119.7711,39.4839,1345,1019.7
RNO,1/1/2025 20:55,-119.7711,39.4839,1345,1019.3
RNO,1/1/2025 21:55,-119.7711,39.4839,1345,1019.2
RNO,1/1/2025 22:55,-119.7711,39.4839,1345,1019.5
RNO,1/1/2025 23:55,-119.7711,39.4839,1345,1019.6
RNO,1/2/2025 0:55,-119.7711,39.4839,1345,1020.4
RNO,1/2/2025 1:55,-119.7711,39.4839,1345,1020.2
RNO,1/2/2025 2:55,-119.7711,39.4839,1345,1021.1
RNO,1/2/2025 3:55,-119.7711,39.4839,1345,1021.7
RNO,1/2/2025 4:55,-119.7711,39.4839,1345,1021.2
RNO,1/2/2025 5:55,-119.7711,39.4839,1345,1021.6
RNO,1/2/2025 6:55,-119.7711,39.4839,1345,1021.8
RNO,1/2/2025 7:55,-119.7711,39.4839,1345,1021.7
RNO,1/2/2025 8:55,-119.7711,39.4839,1345,1021.7
RNO,1/2/2025 9:55,-119.7711,39.4839,1345,1022.2
RNO,1/2/2025 10:55,-119.7711,39.4839,1345,1022.4
RNO,1/2/2025 11:55,-119.7711,39.4839,1345,1022.4
RNO,1/2/2025 12:55,-119.7711,39.4839,1345,1022.6
RNO,1/2/2025 13:55,-119.7711,39.4839,1345,1023.3
RNO,1/2/2025 14:55,-119.7711,39.4839,1345,1023.7
RNO,1/2/2025 15:55,-119.7711,39.4839,1345,1023.8
RNO,1/2/2025 16:55,-119.7711,39.4839,1345,1023.9
RNO,1/2/2025 17:55,-119.7711,39.4839,1345,1023.6
RNO,1/2/2025 18:55,-119.7711,39.4839,1345,1023.2
RNO,1/2/2025 19:55,-119.7711,39.4839,1345,1021.5
RNO,1/2/2025 20:55,-119.7711,39.4839,1345,1020.1
RNO,1/2/2025 21:55,-119.7711,39.4839,1345,1018.8
RNO,1/2/2025 22:55,-119.7711,39.4839,1345,1018.3
RNO,1/2/2025 23:55,-119.7711,39.4839,1345,1018.4
RNO,1/3/2025 0:55,-119.7711,39.4839,1345,1018.3
RNO,1/3/2025 1:55,-119.7711,39.4839,1345,1018.5
RNO,1/3/2025 2:55,-119.7711,39.4839,1345,1018.6
RNO,1/3/2025 3:55,-119.7711,39.4839,1345,1018.9
RNO,1/3/2025 4:55,-119.7711,39.4839,1345,1018.4
RNO,1/3/2025 5:55,-119.7711,39.4839,1345,1017.8
RNO,1/3/2025 6:55,-119.7711,39.4839,1345,1017.5
RNO,1/3/2025 7:55,-119.7711,39.4839,1345,1016.9
RNO,1/3/2025 8:55,-119.7711,39.4839,1345,1016.2
RNO,1/3/2025 9:55,-119.7711,39.4839,1345,1015.5
RNO,1/3/2025 10:55,-119.7711,39.4839,1345,1014.9
RNO,1/3/2025 11:55,-119.7711,39.4839,1345,1014.4
RNO,1/3/2025 12:55,-119.7711,39.4839,1345,1013.8
RNO,1/3/2025 13:55,-119.7711,39.4839,1345,1013
RNO,1/3/2025 14:55,-119.7711,39.4839,1345,1013.1
RNO,1/3/2025 15:55,-119.7711,39.4839,1345,1012.4
RNO,1/3/2025 16:55,-119.7711,39.4839,1345,1010
RNO,1/3/2025 17:55,-119.7711,39.4839,1345,1010.6
RNO,1/3/2025 18:55,-119.7711,39.4839,1345,1008.8
RNO,1/3/2025 19:55,-119.7711,39.4839,1345,1007.9
RNO,1/3/2025 20:55,-119.7711,39.4839,1345,1009.5
RNO,1/3/2025 21:55,-119.7711,39.4839,1345,1012.2
RNO,1/3/2025 22:41,-119.7711,39.4839,1345,M
RNO,1/3/2025 22:55,-119.7711,39.4839,1345,1013.8
RNO,1/3/2025 23:55,-119.7711,39.4839,1345,1014.4
RNO,1/4/2025 0:55,-119.7711,39.4839,1345,1014.9
RNO,1/4/2025 1:35,-119.7711,39.4839,1345,M
RNO,1/4/2025 1:55,-119.7711,39.4839,1345,1014.6
RNO,1/4/2025 2:55,-119.7711,39.4839,1345,1015.3
RNO,1/4/2025 3:55,-119.7711,39.4839,1345,1015.1
RNO,1/4/2025 4:55,-119.7711,39.4839,1345,1014.3
RNO,1/4/2025 5:55,-119.7711,39.4839,1345,1015.3
RNO,1/4/2025 6:55,-119.7711,39.4839,1345,1015.2
RNO,1/4/2025 7:55,-119.7711,39.4839,1345,1015.5
RNO,1/4/2025 8:55,-119.7711,39.4839,1345,1016.5
RNO,1/4/2025 9:55,-119.7711,39.4839,1345,1017.7
RNO,1/4/2025 10:55,-119.7711,39.4839,1345,1018.8
RNO,1/4/2025 11:55,-119.7711,39.4839,1345,1020.1
RNO,1/4/2025 12:55,-119.7711,39.4839,1345,1020.6
RNO,1/4/2025 13:55,-119.7711,39.4839,1345,1021
RNO,1/4/2025 14:55,-119.7711,39.4839,1345,1022.3
RNO,1/4/2025 15:55,-119.7711,39.4839,1345,1023.8
RNO,1/4/2025 16:55,-119.7711,39.4839,1345,1024.7
RNO,1/4/2025 17:55,-119.7711,39.4839,1345,1025.3
RNO,1/4/2025 18:55,-119.7711,39.4839,1345,1025.3
RNO,1/4/2025 19:55,-119.7711,39.4839,1345,1024.3
RNO,1/4/2025 20:55,-119.7711,39.4839,1345,1023
RNO,1/4/2025 21:55,-119.7711,39.4839,1345,1022.1
RNO,1/4/2025 22:55,-119.7711,39.4839,1345,1022.1
RNO,1/4/2025 23:55,-119.7711,39.4839,1345,1022.6
RNO,1/5/2025 0:55,-119.7711,39.4839,1345,1022.7
RNO,1/5/2025 1:55,-119.7711,39.4839,1345,1023.5
RNO,1/5/2025 2:55,-119.7711,39.4839,1345,1024.5
RNO,1/5/2025 3:55,-119.7711,39.4839,1345,1025.1
RNO,1/5/2025 4:55,-119.7711,39.4839,1345,1025.7
RNO,1/5/2025 5:55,-119.7711,39.4839,1345,1026.6
RNO,1/5/2025 6:55,-119.7711,39.4839,1345,1026
RNO,1/5/2025 7:55,-119.7711,39.4839,1345,1025.6
RNO,1/5/2025 8:55,-119.7711,39.4839,1345,1025.8
RNO,1/5/2025 9:55,-119.7711,39.4839,1345,1026.3
RNO,1/5/2025 10:55,-119.7711,39.4839,1345,1025.8
RNO,1/5/2025 11:55,-119.7711,39.4839,1345,1025.6
RNO,1/5/2025 12:55,-119.7711,39.4839,1345,1026
RNO,1/5/2025 13:55,-119.7711,39.4839,1345,1026.5
RNO,1/5/2025 14:55,-119.7711,39.4839,1345,1027.3
RNO,1/5/2025 15:55,-119.7711,39.4839,1345,1028
RNO,1/5/2025 16:55,-119.7711,39.4839,1345,1027.7
RNO,1/5/2025 17:55,-119.7711,39.4839,1345,1028.3
RNO,1/5/2025 18:55,-119.7711,39.4839,1345,1027.7
RNO,1/5/2025 19:55,-119.7711,39.4839,1345,1026.3
RNO,1/5/2025 20:55,-119.7711,39.4839,1345,1025.3
RNO,1/5/2025 21:55,-119.7711,39.4839,1345,1024.7
RNO,1/5/2025 22:55,-119.7711,39.4839,1345,1024.9
RNO,1/5/2025 23:55,-119.7711,39.4839,1345,1024.2
RNO,1/6/2025 0:55,-119.7711,39.4839,1345,1023.9
RNO,1/6/2025 1:55,-119.7711,39.4839,1345,1023.7
RNO,1/6/2025 2:55,-119.7711,39.4839,1345,1024.5
RNO,1/6/2025 3:55,-119.7711,39.4839,1345,1024.9
RNO,1/6/2025 4:55,-119.7711,39.4839,1345,1025
RNO,1/6/2025 5:55,-119.7711,39.4839,1345,1024.6
RNO,1/6/2025 6:55,-119.7711,39.4839,1345,1024.4
RNO,1/6/2025 7:55,-119.7711,39.4839,1345,1023.4
RNO,1/6/2025 8:55,-119.7711,39.4839,1345,1023.6
RNO,1/6/2025 9:55,-119.7711,39.4839,1345,1023.3
RNO,1/6/2025 10:55,-119.7711,39.4839,1345,1023
RNO,1/6/2025 11:55,-119.7711,39.4839,1345,1022.8
RNO,1/6/2025 12:55,-119.7711,39.4839,1345,1022.9
RNO,1/6/2025 13:55,-119.7711,39.4839,1345,1023.2
RNO,1/6/2025 14:55,-119.7711,39.4839,1345,1024
RNO,1/6/2025 15:55,-119.7711,39.4839,1345,1024.5
RNO,1/6/2025 16:55,-119.7711,39.4839,1345,1025.4
RNO,1/6/2025 17:55,-119.7711,39.4839,1345,1025.1
RNO,1/6/2025 18:55,-119.7711,39.4839,1345,1024.6
RNO,1/6/2025 19:55,-119.7711,39.4839,1345,1023
RNO,1/6/2025 20:55,-119.7711,39.4839,1345,1022.5
RNO,1/6/2025 21:55,-119.7711,39.4839,1345,1022.1
RNO,1/6/2025 22:55,-119.7711,39.4839,1345,1022.1
RNO,1/6/2025 23:55,-119.7711,39.4839,1345,1021.8
RNO,1/7/2025 0:55,-119.7711,39.4839,1345,1022.4
RNO,1/7/2025 1:32,-119.7711,39.4839,1345,M
RNO,1/7/2025 1:33,-119.7711,39.4839,1345,M
RNO,1/7/2025 1:55,-119.7711,39.4839,1345,1023.7
RNO,1/7/2025 2:31,-119.7711,39.4839,1345,M
RNO,1/7/2025 2:55,-119.7711,39.4839,1345,1024.5
RNO,1/7/2025 3:55,-119.7711,39.4839,1345,1025.5
RNO,1/7/2025 4:29,-119.7711,39.4839,1345,M
RNO,1/7/2025 4:55,-119.7711,39.4839,1345,1026.3
RNO,1/7/2025 5:25,-119.7711,39.4839,1345,M
RNO,1/7/2025 5:55,-119.7711,39.4839,1345,1027.2
RNO,1/7/2025 6:55,-119.7711,39.4839,1345,1027.2
RNO,1/7/2025 7:55,-119.7711,39.4839,1345,1027.3
RNO,1/7/2025 8:55,-119.7711,39.4839,1345,1027.6
RNO,1/7/2025 9:55,-119.7711,39.4839,1345,1028
RNO,1/7/2025 10:55,-119.7711,39.4839,1345,1027.9
RNO,1/7/2025 11:55,-119.7711,39.4839,1345,1028.3
RNO,1/7/2025 12:55,-119.7711,39.4839,1345,1029.4
RNO,1/7/2025 13:55,-119.7711,39.4839,1345,1030.4
RNO,1/7/2025 14:55,-119.7711,39.4839,1345,1030.9
RNO,1/7/2025 15:55,-119.7711,39.4839,1345,1031.4
RNO,1/7/2025 16:55,-119.7711,39.4839,1345,1031.7
RNO,1/7/2025 17:55,-119.7711,39.4839,1345,1031.5
RNO,1/7/2025 18:55,-119.7711,39.4839,1345,1031.6
RNO,1/7/2025 19:55,-119.7711,39.4839,1345,1030.9
RNO,1/7/2025 20:55,-119.7711,39.4839,1345,1029.5
RNO,1/7/2025 21:55,-119.7711,39.4839,1345,1029.2
RNO,1/7/2025 22:55,-119.7711,39.4839,1345,1029.8
RNO,1/7/2025 23:55,-119.7711,39.4839,1345,1030.7
RNO,1/8/2025 0:55,-119.7711,39.4839,1345,1031.5
RNO,1/8/2025 1:55,-119.7711,39.4839,1345,1032
RNO,1/8/2025 2:55,-119.7711,39.4839,1345,1032.4
RNO,1/8/2025 3:55,-119.7711,39.4839,1345,1034
RNO,1/8/2025 4:55,-119.7711,39.4839,1345,1034.1
RNO,1/8/2025 5:55,-119.7711,39.4839,1345,1034.1
RNO,1/8/2025 6:55,-119.7711,39.4839,1345,1034.5
RNO,1/8/2025 7:55,-119.7711,39.4839,1345,1034
RNO,1/8/2025 8:55,-119.7711,39.4839,1345,1033.9
RNO,1/8/2025 9:55,-119.7711,39.4839,1345,1033.7
RNO,1/8/2025 10:55,-119.7711,39.4839,1345,1033.5
RNO,1/8/2025 11:55,-119.7711,39.4839,1345,1034
RNO,1/8/2025 12:55,-119.7711,39.4839,1345,1033.6
RNO,1/8/2025 13:55,-119.7711,39.4839,1345,1033.9
RNO,1/8/2025 14:55,-119.7711,39.4839,1345,1034.2
RNO,1/8/2025 15:55,-119.7711,39.4839,1345,1034.4
RNO,1/8/2025 16:55,-119.7711,39.4839,1345,1034
RNO,1/8/2025 17:55,-119.7711,39.4839,1345,1034.2
RNO,1/8/2025 18:55,-119.7711,39.4839,1345,1034.1
RNO,1/8/2025 19:55,-119.7711,39.4839,1345,1032.7
RNO,1/8/2025 20:55,-119.7711,39.4839,1345,1031.8
RNO,1/8/2025 21:55,-119.7711,39.4839,1345,1031.2
RNO,1/8/2025 22:55,-119.7711,39.4839,1345,1029.6
RNO,1/8/2025 23:55,-119.7711,39.4839,1345,1029.8
RNO,1/9/2025 0:55,-119.7711,39.4839,1345,1029.8
RNO,1/9/2025 1:55,-119.7711,39.4839,1345,1030.2
RNO,1/9/2025 2:55,-119.7711,39.4839,1345,1030.7
RNO,1/9/2025 3:55,-119.7711,39.4839,1345,1030.5
RNO,1/9/2025 4:55,-119.7711,39.4839,1345,1031.1
RNO,1/9/2025 5:55,-119.7711,39.4839,1345,1031.5
RNO,1/9/2025 6:55,-119.7711,39.4839,1345,1031.9
RNO,1/9/2025 7:55,-119.7711,39.4839,1345,1031.8
RNO,1/9/2025 8:55,-119.7711,39.4839,1345,1031.8
RNO,1/9/2025 9:55,-119.7711,39.4839,1345,1032.2
RNO,1/9/2025 10:55,-119.7711,39.4839,1345,1032.4
RNO,1/9/2025 11:55,-119.7711,39.4839,1345,1032.4
RNO,1/9/2025 12:55,-119.7711,39.4839,1345,1032.6
RNO,1/9/2025 13:55,-119.7711,39.4839,1345,1032.8
RNO,1/9/2025 14:55,-119.7711,39.4839,1345,1034.1
RNO,1/9/2025 15:55,-119.7711,39.4839,1345,1034.8
RNO,1/9/2025 16:55,-119.7711,39.4839,1345,1035.4
RNO,1/9/2025 17:55,-119.7711,39.4839,1345,1034.6
RNO,1/9/2025 18:55,-119.7711,39.4839,1345,1034
RNO,1/9/2025 19:55,-119.7711,39.4839,1345,1031.8
RNO,1/9/2025 20:55,-119.7711,39.4839,1345,1030.5
RNO,1/9/2025 21:55,-119.7711,39.4839,1345,1030.2
RNO,1/9/2025 22:55,-119.7711,39.4839,1345,1031.1
RNO,1/9/2025 23:55,-119.7711,39.4839,1345,1031.7
RNO,1/10/2025 0:55,-119.7711,39.4839,1345,1032.6
RNO,1/10/2025 1:55,-119.7711,39.4839,1345,1032.5
RNO,1/10/2025 2:55,-119.7711,39.4839,1345,1033.9
RNO,1/10/2025 3:55,-119.7711,39.4839,1345,1034.6
RNO,1/10/2025 4:55,-119.7711,39.4839,1345,1035.6
RNO,1/10/2025 5:55,-119.7711,39.4839,1345,1034.9
RNO,1/10/2025 6:55,-119.7711,39.4839,1345,1034.2
RNO,1/10/2025 7:55,-119.7711,39.4839,1345,1033.4
RNO,1/10/2025 8:55,-119.7711,39.4839,1345,1032.7
RNO,1/10/2025 9:55,-119.7711,39.4839,1345,1032.6
RNO,1/10/2025 10:55,-119.7711,39.4839,1345,1032.7
RNO,1/10/2025 11:55,-119.7711,39.4839,1345,1032.7
RNO,1/10/2025 12:55,-119.7711,39.4839,1345,1031.8
RNO,1/10/2025 13:55,-119.7711,39.4839,1345,1032.2
RNO,1/10/2025 14:55,-119.7711,39.4839,1345,1032.1
RNO,1/10/2025 15:55,-119.7711,39.4839,1345,1032.3
RNO,1/10/2025 16:55,-119.7711,39.4839,1345,1031.5
RNO,1/10/2025 17:55,-119.7711,39.4839,1345,1030.9
RNO,1/10/2025 18:55,-119.7711,39.4839,1345,1029.1
RNO,1/10/2025 19:55,-119.7711,39.4839,1345,1027.2
RNO,1/10/2025 20:55,-119.7711,39.4839,1345,1025.5
RNO,1/10/2025 21:55,-119.7711,39.4839,1345,1023.8
RNO,1/10/2025 22:55,-119.7711,39.4839,1345,1023
RNO,1/10/2025 23:55,-119.7711,39.4839,1345,1023.4
RNO,1/11/2025 0:55,-119.7711,39.4839,1345,1023.2
RNO,1/11/2025 1:55,-119.7711,39.4839,1345,1023.2
RNO,1/11/2025 2:55,-119.7711,39.4839,1345,1023.1
RNO,1/11/2025 3:55,-119.7711,39.4839,1345,1022.9
RNO,1/11/2025 4:55,-119.7711,39.4839,1345,1023.3
RNO,1/11/2025 5:55,-119.7711,39.4839,1345,1025
RNO,1/11/2025 6:55,-119.7711,39.4839,1345,1025.9
RNO,1/11/2025 7:55,-119.7711,39.4839,1345,1026.1
RNO,1/11/2025 8:55,-119.7711,39.4839,1345,1026.2
RNO,1/11/2025 9:55,-119.7711,39.4839,1345,1027.4
RNO,1/11/2025 10:55,-119.7711,39.4839,1345,1028.3
RNO,1/11/2025 11:55,-119.7711,39.4839,1345,1028
RNO,1/11/2025 12:55,-119.7711,39.4839,1345,1028.8
RNO,1/11/2025 13:55,-119.7711,39.4839,1345,1029.2
RNO,1/11/2025 14:55,-119.7711,39.4839,1345,1028.9
RNO,1/11/2025 15:55,-119.7711,39.4839,1345,1029
RNO,1/11/2025 16:55,-119.7711,39.4839,1345,1028.6
RNO,1/11/2025 17:55,-119.7711,39.4839,1345,1029.5
RNO,1/11/2025 18:55,-119.7711,39.4839,1345,1028.7
RNO,1/11/2025 19:55,-119.7711,39.4839,1345,1027.2
RNO,1/11/2025 20:55,-119.7711,39.4839,1345,1025.9
RNO,1/11/2025 21:55,-119.7711,39.4839,1345,1025
RNO,1/11/2025 22:55,-119.7711,39.4839,1345,1025.3
RNO,1/11/2025 23:55,-119.7711,39.4839,1345,1025.5
RNO,1/12/2025 0:55,-119.7711,39.4839,1345,1026.6
RNO,1/12/2025 1:55,-119.7711,39.4839,1345,1027.4
RNO,1/12/2025 2:55,-119.7711,39.4839,1345,1027.5
RNO,1/12/2025 3:55,-119.7711,39.4839,1345,1027.9
RNO,1/12/2025 4:55,-119.7711,39.4839,1345,1028.4
RNO,1/12/2025 5:55,-119.7711,39.4839,1345,1028.2
RNO,1/12/2025 6:55,-119.7711,39.4839,1345,1028.1
RNO,1/12/2025 7:55,-119.7711,39.4839,1345,1027.9
RNO,1/12/2025 8:55,-119.7711,39.4839,1345,1027.9
RNO,1/12/2025 9:55,-119.7711,39.4839,1345,1027.3
RNO,1/12/2025 10:55,-119.7711,39.4839,1345,1027.4
RNO,1/12/2025 11:55,-119.7711,39.4839,1345,1026.2
RNO,1/12/2025 12:55,-119.7711,39.4839,1345,1026.8
RNO,1/12/2025 13:55,-119.7711,39.4839,1345,1027
RNO,1/12/2025 14:55,-119.7711,39.4839,1345,1027.9
RNO,1/12/2025 15:55,-119.7711,39.4839,1345,1029.1
RNO,1/12/2025 16:55,-119.7711,39.4839,1345,1029.1
RNO,1/12/2025 17:55,-119.7711,39.4839,1345,1029.2
RNO,1/12/2025 18:55,-119.7711,39.4839,1345,1028.7
RNO,1/12/2025 19:55,-119.7711,39.4839,1345,1027
RNO,1/12/2025 20:55,-119.7711,39.4839,1345,1025.5
RNO,1/12/2025 21:55,-119.7711,39.4839,1345,1025.2
RNO,1/12/2025 22:55,-119.7711,39.4839,1345,1024.7
RNO,1/12/2025 23:55,-119.7711,39.4839,1345,1025.4
RNO,1/13/2025 0:55,-119.7711,39.4839,1345,1025.7
RNO,1/13/2025 1:55,-119.7711,39.4839,1345,1025.9
RNO,1/13/2025 2:55,-119.7711,39.4839,1345,1026.7
RNO,1/13/2025 3:55,-119.7711,39.4839,1345,1026.2
RNO,1/13/2025 4:55,-119.7711,39.4839,1345,1026.1
RNO,1/13/2025 5:55,-119.7711,39.4839,1345,1026.9
RNO,1/13/2025 6:55,-119.7711,39.4839,1345,1028.4
RNO,1/13/2025 7:55,-119.7711,39.4839,1345,1028.7
RNO,1/13/2025 8:55,-119.7711,39.4839,1345,1028.6
RNO,1/13/2025 9:55,-119.7711,39.4839,1345,1029.2
RNO,1/13/2025 10:55,-119.7711,39.4839,1345,1029.3
RNO,1/13/2025 11:55,-119.7711,39.4839,1345,1028.9
RNO,1/13/2025 12:55,-119.7711,39.4839,1345,1030.1
RNO,1/13/2025 13:55,-119.7711,39.4839,1345,1031.2
RNO,1/13/2025 14:55,-119.7711,39.4839,1345,1032.8
RNO,1/13/2025 15:55,-119.7711,39.4839,1345,1033
RNO,1/13/2025 16:55,-119.7711,39.4839,1345,1033.8
RNO,1/13/2025 17:55,-119.7711,39.4839,1345,1033.9
RNO,1/13/2025 18:55,-119.7711,39.4839,1345,1033
RNO,1/13/2025 19:55,-119.7711,39.4839,1345,1031.6
RNO,1/13/2025 20:55,-119.7711,39.4839,1345,1029.9
RNO,1/13/2025 21:55,-119.7711,39.4839,1345,1030
RNO,1/13/2025 22:55,-119.7711,39.4839,1345,1030
RNO,1/13/2025 23:55,-119.7711,39.4839,1345,1030.8
RNO,1/14/2025 0:55,-119.7711,39.4839,1345,1032.1
RNO,1/14/2025 1:55,-119.7711,39.4839,1345,1032.4
RNO,1/14/2025 2:55,-119.7711,39.4839,1345,1033.8
RNO,1/14/2025 3:55,-119.7711,39.4839,1345,1034.6
RNO,1/14/2025 4:55,-119.7711,39.4839,1345,1034.9
RNO,1/14/2025 5:55,-119.7711,39.4839,1345,1034.8
RNO,1/14/2025 6:55,-119.7711,39.4839,1345,1035
RNO,1/14/2025 7:55,-119.7711,39.4839,1345,1035
RNO,1/14/2025 8:55,-119.7711,39.4839,1345,1034.6
RNO,1/14/2025 9:55,-119.7711,39.4839,1345,1035.3
RNO,1/14/2025 10:55,-119.7711,39.4839,1345,1034.7
RNO,1/14/2025 11:55,-119.7711,39.4839,1345,1034.6
RNO,1/14/2025 12:55,-119.7711,39.4839,1345,1034.9
RNO,1/14/2025 13:55,-119.7711,39.4839,1345,1036
RNO,1/14/2025 14:55,-119.7711,39.4839,1345,1036.6
RNO,1/14/2025 15:55,-119.7711,39.4839,1345,1037.3
RNO,1/14/2025 16:55,-119.7711,39.4839,1345,1037.7
RNO,1/14/2025 17:55,-119.7711,39.4839,1345,1037.2
RNO,1/14/2025 18:55,-119.7711,39.4839,1345,1036.2
RNO,1/14/2025 19:55,-119.7711,39.4839,1345,1034.7
RNO,1/14/2025 20:55,-119.7711,39.4839,1345,1033.2
RNO,1/14/2025 21:55,-119.7711,39.4839,1345,1032.4
RNO,1/14/2025 22:55,-119.7711,39.4839,1345,1031.3
RNO,1/14/2025 23:55,-119.7711,39.4839,1345,1031
RNO,1/15/2025 0:55,-119.7711,39.4839,1345,1031.8
RNO,1/15/2025 1:55,-119.7711,39.4839,1345,1032.7
RNO,1/15/2025 2:55,-119.7711,39.4839,1345,1033.4
RNO,1/15/2025 3:55,-119.7711,39.4839,1345,1034.2
RNO,1/15/2025 4:55,-119.7711,39.4839,1345,1034.7
RNO,1/15/2025 5:55,-119.7711,39.4839,1345,1035.2
RNO,1/15/2025 6:55,-119.7711,39.4839,1345,1034.6
RNO,1/15/2025 7:55,-119.7711,39.4839,1345,1033.5
RNO,1/15/2025 8:55,-119.7711,39.4839,1345,1033
RNO,1/15/2025 9:55,-119.7711,39.4839,1345,1032.9
RNO,1/15/2025 10:55,-119.7711,39.4839,1345,1032.7
RNO,1/15/2025 11:55,-119.7711,39.4839,1345,1032.5
RNO,1/15/2025 12:55,-119.7711,39.4839,1345,1032.3
RNO,1/15/2025 13:55,-119.7711,39.4839,1345,1033.3
RNO,1/15/2025 14:55,-119.7711,39.4839,1345,1034.2
RNO,1/15/2025 15:55,-119.7711,39.4839,1345,1034.6
RNO,1/15/2025 16:55,-119.7711,39.4839,1345,1034.4
RNO,1/15/2025 17:55,-119.7711,39.4839,1345,1034.3
RNO,1/15/2025 18:55,-119.7711,39.4839,1345,1033
RNO,1/15/2025 19:55,-119.7711,39.4839,1345,1031.4
RNO,1/15/2025 20:55,-119.7711,39.4839,1345,1029.9
RNO,1/15/2025 21:55,-119.7711,39.4839,1345,1028.4
RNO,1/15/2025 22:55,-119.7711,39.4839,1345,1027.6
RNO,1/15/2025 23:55,-119.7711,39.4839,1345,1027.6
RNO,1/16/2025 0:55,-119.7711,39.4839,1345,1028.3
RNO,1/16/2025 1:55,-119.7711,39.4839,1345,1028.8
RNO,1/16/2025 2:55,-119.7711,39.4839,1345,1029.1
RNO,1/16/2025 3:55,-119.7711,39.4839,1345,1029.7
RNO,1/16/2025 4:55,-119.7711,39.4839,1345,1029.7
RNO,1/16/2025 5:55,-119.7711,39.4839,1345,1029.6
RNO,1/16/2025 6:55,-119.7711,39.4839,1345,1028.8
RNO,1/16/2025 7:55,-119.7711,39.4839,1345,1027.8
RNO,1/16/2025 8:55,-119.7711,39.4839,1345,1027.3
RNO,1/16/2025 9:55,-119.7711,39.4839,1345,1026.7
RNO,1/16/2025 10:55,-119.7711,39.4839,1345,1026.3
RNO,1/16/2025 11:55,-119.7711,39.4839,1345,1026.3
RNO,1/16/2025 12:55,-119.7711,39.4839,1345,1026.6
RNO,1/16/2025 13:55,-119.7711,39.4839,1345,1026.9
RNO,1/16/2025 14:55,-119.7711,39.4839,1345,1026.7
RNO,1/16/2025 15:55,-119.7711,39.4839,1345,1027
RNO,1/16/2025 16:55,-119.7711,39.4839,1345,1026.7
RNO,1/16/2025 17:55,-119.7711,39.4839,1345,1026.6
RNO,1/16/2025 18:55,-119.7711,39.4839,1345,1025.3
RNO,1/16/2025 19:55,-119.7711,39.4839,1345,1023.3
RNO,1/16/2025 20:55,-119.7711,39.4839,1345,1021.8
RNO,1/16/2025 21:55,-119.7711,39.4839,1345,1020.7
RNO,1/16/2025 22:55,-119.7711,39.4839,1345,1020
RNO,1/16/2025 23:55,-119.7711,39.4839,1345,1019.4
RNO,1/17/2025 0:55,-119.7711,39.4839,1345,1019.7
RNO,1/17/2025 1:55,-119.7711,39.4839,1345,1020.3
RNO,1/17/2025 2:55,-119.7711,39.4839,1345,1020.6
RNO,1/17/2025 3:55,-119.7711,39.4839,1345,1020.8
RNO,1/17/2025 4:55,-119.7711,39.4839,1345,1021
RNO,1/17/2025 5:55,-119.7711,39.4839,1345,1021.4
RNO,1/17/2025 6:55,-119.7711,39.4839,1345,1021.4
RNO,1/17/2025 7:55,-119.7711,39.4839,1345,1021.2
RNO,1/17/2025 8:55,-119.7711,39.4839,1345,1020.8
RNO,1/17/2025 9:55,-119.7711,39.4839,1345,1020.4
RNO,1/17/2025 10:55,-119.7711,39.4839,1345,1020.5
RNO,1/17/2025 11:55,-119.7711,39.4839,1345,1020.3
RNO,1/17/2025 12:55,-119.7711,39.4839,1345,1020.5
RNO,1/17/2025 13:55,-119.7711,39.4839,1345,1021
RNO,1/17/2025 14:55,-119.7711,39.4839,1345,1021.3
RNO,1/17/2025 15:55,-119.7711,39.4839,1345,1021.9
RNO,1/17/2025 16:55,-119.7711,39.4839,1345,1022.5
RNO,1/17/2025 17:55,-119.7711,39.4839,1345,1022.5
RNO,1/17/2025 18:55,-119.7711,39.4839,1345,1021.8
RNO,1/17/2025 19:55,-119.7711,39.4839,1345,1020.6
RNO,1/17/2025 20:55,-119.7711,39.4839,1345,1019.3
RNO,1/17/2025 21:55,-119.7711,39.4839,1345,1018.6
RNO,1/17/2025 22:55,-119.7711,39.4839,1345,1018.2
RNO,1/17/2025 23:55,-119.7711,39.4839,1345,1018.9
RNO,1/18/2025 0:55,-119.7711,39.4839,1345,1020
RNO,1/18/2025 1:55,-119.7711,39.4839,1345,1021.3
RNO,1/18/2025 2:55,-119.7711,39.4839,1345,1022.4
RNO,1/18/2025 3:55,-119.7711,39.4839,1345,1023.1
RNO,1/18/2025 4:55,-119.7711,39.4839,1345,1023.6
RNO,1/18/2025 5:55,-119.7711,39.4839,1345,1024.3
RNO,1/18/2025 6:55,-119.7711,39.4839,1345,1024.8
RNO,1/18/2025 7:55,-119.7711,39.4839,1345,1025.3
RNO,1/18/2025 8:55,-119.7711,39.4839,1345,1025.7
RNO,1/18/2025 9:55,-119.7711,39.4839,1345,1025.5
RNO,1/18/2025 10:55,-119.7711,39.4839,1345,1025.8
RNO,1/18/2025 11:55,-119.7711,39.4839,1345,1026.2
RNO,1/18/2025 12:55,-119.7711,39.4839,1345,1027.3
RNO,1/18/2025 13:55,-119.7711,39.4839,1345,1028.3
RNO,1/18/2025 14:55,-119.7711,39.4839,1345,1028.7
RNO,1/18/2025 15:55,-119.7711,39.4839,1345,1029.3
RNO,1/18/2025 16:55,-119.7711,39.4839,1345,1029.7
RNO,1/18/2025 17:55,-119.7711,39.4839,1345,1029.8
RNO,1/18/2025 18:55,-119.7711,39.4839,1345,1029.7
RNO,1/18/2025 19:55,-119.7711,39.4839,1345,1028.2
RNO,1/18/2025 20:55,-119.7711,39.4839,1345,1027.4
RNO,1/18/2025 21:55,-119.7711,39.4839,1345,1026.4
RNO,1/18/2025 22:55,-119.7711,39.4839,1345,1025.7
RNO,1/18/2025 23:55,-119.7711,39.4839,1345,1025.5
RNO,1/19/2025 0:55,-119.7711,39.4839,1345,1026.5
RNO,1/19/2025 1:55,-119.7711,39.4839,1345,1027.6
RNO,1/19/2025 2:55,-119.7711,39.4839,1345,1028.2
RNO,1/19/2025 3:55,-119.7711,39.4839,1345,1028.2
RNO,1/19/2025 4:55,-119.7711,39.4839,1345,1028.2
RNO,1/19/2025 5:55,-119.7711,39.4839,1345,1028.2
RNO,1/19/2025 6:55,-119.7711,39.4839,1345,1028
RNO,1/19/2025 7:55,-119.7711,39.4839,1345,1027.2
RNO,1/19/2025 8:55,-119.7711,39.4839,1345,1026.7
RNO,1/19/2025 9:55,-119.7711,39.4839,1345,1026.5
RNO,1/19/2025 10:55,-119.7711,39.4839,1345,1025.9
RNO,1/19/2025 11:55,-119.7711,39.4839,1345,1025.3
RNO,1/19/2025 12:55,-119.7711,39.4839,1345,1025.7
RNO,1/19/2025 13:55,-119.7711,39.4839,1345,1026.2
RNO,1/19/2025 14:55,-119.7711,39.4839,1345,1026.8
RNO,1/19/2025 15:55,-119.7711,39.4839,1345,1026.8
RNO,1/19/2025 16:55,-119.7711,39.4839,1345,1026.9
RNO,1/19/2025 17:55,-119.7711,39.4839,1345,1026.8
RNO,1/19/2025 18:55,-119.7711,39.4839,1345,1026.1
RNO,1/19/2025 19:55,-119.7711,39.4839,1345,1024.3
RNO,1/19/2025 20:55,-119.7711,39.4839,1345,1023.2
RNO,1/19/2025 21:55,-119.7711,39.4839,1345,1021.6
RNO,1/19/2025 22:55,-119.7711,39.4839,1345,1020.9
RNO,1/19/2025 23:55,-119.7711,39.4839,1345,1021
RNO,1/20/2025 0:55,-119.7711,39.4839,1345,1021.8
RNO,1/20/2025 1:55,-119.7711,39.4839,1345,1022.5
RNO,1/20/2025 2:55,-119.7711,39.4839,1345,1023.5
RNO,1/20/2025 3:55,-119.7711,39.4839,1345,1023.5
RNO,1/20/2025 4:55,-119.7711,39.4839,1345,1024
RNO,1/20/2025 5:55,-119.7711,39.4839,1345,1025
RNO,1/20/2025 6:55,-119.7711,39.4839,1345,1025.4
RNO,1/20/2025 7:55,-119.7711,39.4839,1345,1025.5
RNO,1/20/2025 8:55,-119.7711,39.4839,1345,1025.8
RNO,1/20/2025 9:55,-119.7711,39.4839,1345,1026
RNO,1/20/2025 10:55,-119.7711,39.4839,1345,1027
RNO,1/20/2025 11:55,-119.7711,39.4839,1345,1028
RNO,1/20/2025 12:55,-119.7711,39.4839,1345,1029.6
RNO,1/20/2025 13:55,-119.7711,39.4839,1345,1030.7
RNO,1/20/2025 14:55,-119.7711,39.4839,1345,1031.6
RNO,1/20/2025 15:55,-119.7711,39.4839,1345,1032.3
RNO,1/20/2025 16:55,-119.7711,39.4839,1345,1033.6
RNO,1/20/2025 17:55,-119.7711,39.4839,1345,1034.5
RNO,1/20/2025 18:55,-119.7711,39.4839,1345,1034.5
RNO,1/20/2025 19:55,-119.7711,39.4839,1345,1034.5
RNO,1/20/2025 20:55,-119.7711,39.4839,1345,1033.7
RNO,1/20/2025 21:55,-119.7711,39.4839,1345,1033.6
RNO,1/20/2025 22:55,-119.7711,39.4839,1345,1033.6
RNO,1/20/2025 23:55,-119.7711,39.4839,1345,1033.8
RNO,1/21/2025 0:55,-119.7711,39.4839,1345,1034.4
RNO,1/21/2025 1:55,-119.7711,39.4839,1345,1034.9
RNO,1/21/2025 2:55,-119.7711,39.4839,1345,1035.8
RNO,1/21/2025 3:55,-119.7711,39.4839,1345,1035.9
RNO,1/21/2025 4:55,-119.7711,39.4839,1345,1035.6
RNO,1/21/2025 5:55,-119.7711,39.4839,1345,1036.5
RNO,1/21/2025 6:55,-119.7711,39.4839,1345,1037
RNO,1/21/2025 7:55,-119.7711,39.4839,1345,1037.3
RNO,1/21/2025 8:55,-119.7711,39.4839,1345,1036.6
RNO,1/21/2025 9:55,-119.7711,39.4839,1345,1037.2
RNO,1/21/2025 10:55,-119.7711,39.4839,1345,1036.8
RNO,1/21/2025 11:55,-119.7711,39.4839,1345,1036.9
RNO,1/21/2025 12:55,-119.7711,39.4839,1345,1037.1
RNO,1/21/2025 13:55,-119.7711,39.4839,1345,1036.9
RNO,1/21/2025 14:55,-119.7711,39.4839,1345,1037.8
RNO,1/21/2025 15:55,-119.7711,39.4839,1345,1038.7
RNO,1/21/2025 16:55,-119.7711,39.4839,1345,1038.3
RNO,1/21/2025 17:55,-119.7711,39.4839,1345,1037.9
RNO,1/21/2025 18:55,-119.7711,39.4839,1345,1037.1
RNO,1/21/2025 19:55,-119.7711,39.4839,1345,1035.4
RNO,1/21/2025 20:55,-119.7711,39.4839,1345,1033.2
RNO,1/21/2025 21:55,-119.7711,39.4839,1345,1032.4
RNO,1/21/2025 22:55,-119.7711,39.4839,1345,1031.4
RNO,1/21/2025 23:55,-119.7711,39.4839,1345,1031.6
RNO,1/22/2025 0:55,-119.7711,39.4839,1345,1032.1
RNO,1/22/2025 1:55,-119.7711,39.4839,1345,1033.5
RNO,1/22/2025 2:55,-119.7711,39.4839,1345,1034.6
RNO,1/22/2025 3:55,-119.7711,39.4839,1345,1035.4
RNO,1/22/2025 4:55,-119.7711,39.4839,1345,1035.2
RNO,1/22/2025 5:55,-119.7711,39.4839,1345,1036
RNO,1/22/2025 6:55,-119.7711,39.4839,1345,1035.7
RNO,1/22/2025 7:55,-119.7711,39.4839,1345,1036.1
RNO,1/22/2025 8:55,-119.7711,39.4839,1345,1035.1
RNO,1/22/2025 9:55,-119.7711,39.4839,1345,1034.8
RNO,1/22/2025 10:55,-119.7711,39.4839,1345,1034.9
RNO,1/22/2025 11:55,-119.7711,39.4839,1345,1034.8
RNO,1/22/2025 12:55,-119.7711,39.4839,1345,1035
RNO,1/22/2025 13:55,-119.7711,39.4839,1345,1036.1
RNO,1/22/2025 14:55,-119.7711,39.4839,1345,1037.4
RNO,1/22/2025 15:55,-119.7711,39.4839,1345,1038.2
RNO,1/22/2025 16:55,-119.7711,39.4839,1345,1038.2
RNO,1/22/2025 17:55,-119.7711,39.4839,1345,1038.4
RNO,1/22/2025 18:55,-119.7711,39.4839,1345,1037.9
RNO,1/22/2025 19:55,-119.7711,39.4839,1345,1036.6
RNO,1/22/2025 20:55,-119.7711,39.4839,1345,1035.2
RNO,1/22/2025 21:55,-119.7711,39.4839,1345,1033.9
RNO,1/22/2025 22:55,-119.7711,39.4839,1345,1033.1
RNO,1/22/2025 23:55,-119.7711,39.4839,1345,1033.4
RNO,1/23/2025 0:55,-119.7711,39.4839,1345,1034.1
RNO,1/23/2025 1:55,-119.7711,39.4839,1345,1034.7
RNO,1/23/2025 2:55,-119.7711,39.4839,1345,1035.5
RNO,1/23/2025 3:55,-119.7711,39.4839,1345,1036.3
RNO,1/23/2025 4:55,-119.7711,39.4839,1345,1037.2
RNO,1/23/2025 5:55,-119.7711,39.4839,1345,1037.8
RNO,1/23/2025 6:55,-119.7711,39.4839,1345,1037.5
RNO,1/23/2025 7:55,-119.7711,39.4839,1345,1036.9
RNO,1/23/2025 8:55,-119.7711,39.4839,1345,1036.8
RNO,1/23/2025 9:55,-119.7711,39.4839,1345,1036.9
RNO,1/23/2025 10:55,-119.7711,39.4839,1345,1036.7
RNO,1/23/2025 11:55,-119.7711,39.4839,1345,1036.9
RNO,1/23/2025 12:55,-119.7711,39.4839,1345,1037.4
RNO,1/23/2025 13:55,-119.7711,39.4839,1345,1037.2
RNO,1/23/2025 14:55,-119.7711,39.4839,1345,1037.5
RNO,1/23/2025 15:55,-119.7711,39.4839,1345,1038.6
RNO,1/23/2025 16:55,-119.7711,39.4839,1345,1038.7
RNO,1/23/2025 17:55,-119.7711,39.4839,1345,1038.5
RNO,1/23/2025 18:55,-119.7711,39.4839,1345,1037
RNO,1/23/2025 19:55,-119.7711,39.4839,1345,1034.9
RNO,1/23/2025 20:55,-119.7711,39.4839,1345,1033.1
RNO,1/23/2025 21:55,-119.7711,39.4839,1345,1031.5
RNO,1/23/2025 22:55,-119.7711,39.4839,1345,1030.4
RNO,1/23/2025 23:55,-119.7711,39.4839,1345,1029.2
RNO,1/24/2025 0:55,-119.7711,39.4839,1345,1029
RNO,1/24/2025 1:55,-119.7711,39.4839,1345,1029.6
RNO,1/24/2025 2:55,-119.7711,39.4839,1345,1029.2
RNO,1/24/2025 3:55,-119.7711,39.4839,1345,1029.5
RNO,1/24/2025 4:55,-119.7711,39.4839,1345,1028.9
RNO,1/24/2025 5:55,-119.7711,39.4839,1345,1028.4
RNO,1/24/2025 6:55,-119.7711,39.4839,1345,1027.6
RNO,1/24/2025 7:55,-119.7711,39.4839,1345,1026.8
RNO,1/24/2025 8:55,-119.7711,39.4839,1345,1026
RNO,1/24/2025 9:55,-119.7711,39.4839,1345,1025.2
RNO,1/24/2025 10:55,-119.7711,39.4839,1345,1024.7
RNO,1/24/2025 11:55,-119.7711,39.4839,1345,1023.7
RNO,1/24/2025 12:55,-119.7711,39.4839,1345,1023.5
RNO,1/24/2025 13:55,-119.7711,39.4839,1345,1023.6
RNO,1/24/2025 14:55,-119.7711,39.4839,1345,1022.9
RNO,1/24/2025 15:55,-119.7711,39.4839,1345,1022.4
RNO,1/24/2025 16:55,-119.7711,39.4839,1345,1022.5
RNO,1/24/2025 17:55,-119.7711,39.4839,1345,1022.2
RNO,1/24/2025 18:55,-119.7711,39.4839,1345,1021.4
RNO,1/24/2025 19:55,-119.7711,39.4839,1345,1019.3
RNO,1/24/2025 20:55,-119.7711,39.4839,1345,1017.1
RNO,1/24/2025 21:55,-119.7711,39.4839,1345,1015.1
RNO,1/24/2025 22:55,-119.7711,39.4839,1345,1013.7
RNO,1/24/2025 23:55,-119.7711,39.4839,1345,1012.9
RNO,1/25/2025 0:55,-119.7711,39.4839,1345,1012.4
RNO,1/25/2025 1:55,-119.7711,39.4839,1345,1011.9
RNO,1/25/2025 2:55,-119.7711,39.4839,1345,1012
RNO,1/25/2025 3:55,-119.7711,39.4839,1345,1012.3
RNO,1/25/2025 4:55,-119.7711,39.4839,1345,1011.9
RNO,1/25/2025 5:55,-119.7711,39.4839,1345,1011.5
RNO,1/25/2025 6:55,-119.7711,39.4839,1345,1012
RNO,1/25/2025 7:55,-119.7711,39.4839,1345,1011.9
RNO,1/25/2025 8:55,-119.7711,39.4839,1345,1011.5
RNO,1/25/2025 9:55,-119.7711,39.4839,1345,1011.3
RNO,1/25/2025 10:55,-119.7711,39.4839,1345,1011.3
RNO,1/25/2025 11:55,-119.7711,39.4839,1345,1010.8
RNO,1/25/2025 12:55,-119.7711,39.4839,1345,1010.9
RNO,1/25/2025 13:55,-119.7711,39.4839,1345,1011.1
RNO,1/25/2025 14:55,-119.7711,39.4839,1345,1011.9
RNO,1/25/2025 15:55,-119.7711,39.4839,1345,1012.6
RNO,1/25/2025 16:55,-119.7711,39.4839,1345,1012.9
RNO,1/25/2025 17:55,-119.7711,39.4839,1345,1013.5
RNO,1/25/2025 18:55,-119.7711,39.4839,1345,1013.6
RNO,1/25/2025 19:55,-119.7711,39.4839,1345,1012.8
RNO,1/25/2025 20:55,-119.7711,39.4839,1345,1012.2
RNO,1/25/2025 21:55,-119.7711,39.4839,1345,1012.2
RNO,1/25/2025 22:55,-119.7711,39.4839,1345,1012.3
RNO,1/25/2025 23:21,-119.7711,39.4839,1345,M
RNO,1/25/2025 23:55,-119.7711,39.4839,1345,1013.5
RNO,1/26/2025 0:15,-119.7711,39.4839,1345,M
RNO,1/26/2025 0:29,-119.7711,39.4839,1345,M
RNO,1/26/2025 0:49,-119.7711,39.4839,1345,M
RNO,1/26/2025 0:55,-119.7711,39.4839,1345,1014.3
RNO,1/26/2025 1:17,-119.7711,39.4839,1345,M
RNO,1/26/2025 1:25,-119.7711,39.4839,1345,M
RNO,1/26/2025 1:37,-119.7711,39.4839,1345,M
RNO,1/26/2025 1:55,-119.7711,39.4839,1345,1014.9
RNO,1/26/2025 2:13,-119.7711,39.4839,1345,M
RNO,1/26/2025 2:18,-119.7711,39.4839,1345,M
RNO,1/26/2025 2:27,-119.7711,39.4839,1345,M
RNO,1/26/2025 2:55,-119.7711,39.4839,1345,1015.5
RNO,1/26/2025 3:24,-119.7711,39.4839,1345,M
RNO,1/26/2025 3:33,-119.7711,39.4839,1345,M
RNO,1/26/2025 3:55,-119.7711,39.4839,1345,1015.6
RNO,1/26/2025 4:20,-119.7711,39.4839,1345,M
RNO,1/26/2025 4:48,-119.7711,39.4839,1345,M
RNO,1/26/2025 4:55,-119.7711,39.4839,1345,1016
RNO,1/26/2025 5:35,-119.7711,39.4839,1345,M
RNO,1/26/2025 5:43,-119.7711,39.4839,1345,M
RNO,1/26/2025 5:48,-119.7711,39.4839,1345,M
RNO,1/26/2025 5:55,-119.7711,39.4839,1345,1016.5
RNO,1/26/2025 6:16,-119.7711,39.4839,1345,M
RNO,1/26/2025 6:55,-119.7711,39.4839,1345,1016.9
RNO,1/26/2025 7:14,-119.7711,39.4839,1345,M
RNO,1/26/2025 7:29,-119.7711,39.4839,1345,M
RNO,1/26/2025 7:38,-119.7711,39.4839,1345,M
RNO,1/26/2025 7:55,-119.7711,39.4839,1345,1017.5
RNO,1/26/2025 8:19,-119.7711,39.4839,1345,M
RNO,1/26/2025 8:30,-119.7711,39.4839,1345,M
RNO,1/26/2025 8:38,-119.7711,39.4839,1345,M
RNO,1/26/2025 8:55,-119.7711,39.4839,1345,1017.9
RNO,1/26/2025 9:14,-119.7711,39.4839,1345,M
RNO,1/26/2025 9:41,-119.7711,39.4839,1345,M
RNO,1/26/2025 9:52,-119.7711,39.4839,1345,M
RNO,1/26/2025 9:55,-119.7711,39.4839,1345,1018.5
RNO,1/26/2025 10:55,-119.7711,39.4839,1345,1019.1
RNO,1/26/2025 11:35,-119.7711,39.4839,1345,M
RNO,1/26/2025 11:55,-119.7711,39.4839,1345,1020.2
RNO,1/26/2025 12:32,-119.7711,39.4839,1345,M
RNO,1/26/2025 12:55,-119.7711,39.4839,1345,1020.6
RNO,1/26/2025 13:49,-119.7711,39.4839,1345,M
RNO,1/26/2025 13:50,-119.7711,39.4839,1345,M
RNO,1/26/2025 13:55,-119.7711,39.4839,1345,1021.7
RNO,1/26/2025 14:55,-119.7711,39.4839,1345,1022.3
RNO,1/26/2025 15:55,-119.7711,39.4839,1345,1022.9
RNO,1/26/2025 16:14,-119.7711,39.4839,1345,M
RNO,1/26/2025 16:24,-119.7711,39.4839,1345,M
RNO,1/26/2025 16:55,-119.7711,39.4839,1345,1023.6
RNO,1/26/2025 17:00,-119.7711,39.4839,1345,M
RNO,1/26/2025 17:22,-119.7711,39.4839,1345,M
RNO,1/26/2025 17:55,-119.7711,39.4839,1345,1024.3
RNO,1/26/2025 18:55,-119.7711,39.4839,1345,1024.7
RNO,1/26/2025 19:55,-119.7711,39.4839,1345,1024.5
RNO,1/26/2025 20:39,-119.7711,39.4839,1345,M
RNO,1/26/2025 20:55,-119.7711,39.4839,1345,1024.8
RNO,1/26/2025 21:28,-119.7711,39.4839,1345,M
RNO,1/26/2025 21:55,-119.7711,39.4839,1345,1024.4
RNO,1/26/2025 22:17,-119.7711,39.4839,1345,M
RNO,1/26/2025 22:39,-119.7711,39.4839,1345,M
RNO,1/26/2025 22:55,-119.7711,39.4839,1345,1024.3
RNO,1/26/2025 23:55,-119.7711,39.4839,1345,1024.5
RNO,1/27/2025 0:55,-119.7711,39.4839,1345,1024.1
RNO,1/27/2025 1:55,-119.7711,39.4839,1345,1024.7
RNO,1/27/2025 2:55,-119.7711,39.4839,1345,1025.8
RNO,1/27/2025 3:55,-119.7711,39.4839,1345,1026.1
RNO,1/27/2025 4:55,-119.7711,39.4839,1345,1026.5
RNO,1/27/2025 5:55,-119.7711,39.4839,1345,1027.7
RNO,1/27/2025 6:55,-119.7711,39.4839,1345,1027.9
RNO,1/27/2025 7:55,-119.7711,39.4839,1345,1027.8
RNO,1/27/2025 8:55,-119.7711,39.4839,1345,1028.4
RNO,1/27/2025 9:55,-119.7711,39.4839,1345,1028.2
RNO,1/27/2025 10:55,-119.7711,39.4839,1345,1028.4
RNO,1/27/2025 11:55,-119.7711,39.4839,1345,1028
RNO,1/27/2025 12:55,-119.7711,39.4839,1345,1027.8
RNO,1/27/2025 13:55,-119.7711,39.4839,1345,1028.2
RNO,1/27/2025 14:55,-119.7711,39.4839,1345,1029.8
RNO,1/27/2025 15:55,-119.7711,39.4839,1345,1029.6
RNO,1/27/2025 16:55,-119.7711,39.4839,1345,1029.8
RNO,1/27/2025 17:55,-119.7711,39.4839,1345,1029.9
RNO,1/27/2025 18:55,-119.7711,39.4839,1345,1029.8
RNO,1/27/2025 19:55,-119.7711,39.4839,1345,1027.8
RNO,1/27/2025 20:55,-119.7711,39.4839,1345,1026.8
RNO,1/27/2025 21:55,-119.7711,39.4839,1345,1025.6
RNO,1/27/2025 22:55,-119.7711,39.4839,1345,1025.5
RNO,1/27/2025 23:55,-119.7711,39.4839,1345,1025.1
RNO,1/28/2025 0:55,-119.7711,39.4839,1345,1025
RNO,1/28/2025 1:55,-119.7711,39.4839,1345,1026.2
RNO,1/28/2025 2:55,-119.7711,39.4839,1345,1026.5
RNO,1/28/2025 3:55,-119.7711,39.4839,1345,1026
RNO,1/28/2025 4:55,-119.7711,39.4839,1345,1026.2
RNO,1/28/2025 5:55,-119.7711,39.4839,1345,1026.2
RNO,1/28/2025 6:55,-119.7711,39.4839,1345,1026.2
RNO,1/28/2025 7:55,-119.7711,39.4839,1345,1025.6
RNO,1/28/2025 8:55,-119.7711,39.4839,1345,1025.2
RNO,1/28/2025 9:55,-119.7711,39.4839,1345,1024.8
RNO,1/28/2025 10:55,-119.7711,39.4839,1345,1024.6
RNO,1/28/2025 11:55,-119.7711,39.4839,1345,1024.2
RNO,1/28/2025 12:55,-119.7711,39.4839,1345,1024.1
RNO,1/28/2025 13:55,-119.7711,39.4839,1345,1025.2
RNO,1/28/2025 14:55,-119.7711,39.4839,1345,1025.4
RNO,1/28/2025 15:55,-119.7711,39.4839,1345,1025.6
RNO,1/28/2025 16:55,-119.7711,39.4839,1345,1025.2
RNO,1/28/2025 17:55,-119.7711,39.4839,1345,1024.9
RNO,1/28/2025 18:55,-119.7711,39.4839,1345,1024.5
RNO,1/28/2025 19:55,-119.7711,39.4839,1345,1022.9
RNO,1/28/2025 20:55,-119.7711,39.4839,1345,1021.8
RNO,1/28/2025 21:55,-119.7711,39.4839,1345,1020.9
RNO,1/28/2025 22:55,-119.7711,39.4839,1345,1019.8
RNO,1/28/2025 23:55,-119.7711,39.4839,1345,1019.4
RNO,1/29/2025 0:55,-119.7711,39.4839,1345,1019.6
RNO,1/29/2025 1:55,-119.7711,39.4839,1345,1020.5
RNO,1/29/2025 2:55,-119.7711,39.4839,1345,1021.6
RNO,1/29/2025 3:55,-119.7711,39.4839,1345,1021.8
RNO,1/29/2025 4:55,-119.7711,39.4839,1345,1022
RNO,1/29/2025 5:55,-119.7711,39.4839,1345,1022
RNO,1/29/2025 6:55,-119.7711,39.4839,1345,1021.9
RNO,1/29/2025 7:55,-119.7711,39.4839,1345,1021.9
RNO,1/29/2025 8:55,-119.7711,39.4839,1345,1021.9
RNO,1/29/2025 9:55,-119.7711,39.4839,1345,1021.8
RNO,1/29/2025 10:55,-119.7711,39.4839,1345,1022
RNO,1/29/2025 11:55,-119.7711,39.4839,1345,1022
RNO,1/29/2025 12:55,-119.7711,39.4839,1345,1022.3
RNO,1/29/2025 13:55,-119.7711,39.4839,1345,1022.8
RNO,1/29/2025 14:55,-119.7711,39.4839,1345,1023.6
RNO,1/29/2025 15:55,-119.7711,39.4839,1345,1023.9
RNO,1/29/2025 16:55,-119.7711,39.4839,1345,1023.8
RNO,1/29/2025 17:55,-119.7711,39.4839,1345,1023.9
RNO,1/29/2025 18:55,-119.7711,39.4839,1345,1023.5
RNO,1/29/2025 19:55,-119.7711,39.4839,1345,1022.1
RNO,1/29/2025 20:55,-119.7711,39.4839,1345,1021.2
RNO,1/29/2025 21:55,-119.7711,39.4839,1345,1020.4
RNO,1/29/2025 22:55,-119.7711,39.4839,1345,1020.1
RNO,1/29/2025 23:55,-119.7711,39.4839,1345,1019.8
RNO,1/30/2025 0:55,-119.7711,39.4839,1345,1020.1
RNO,1/30/2025 1:55,-119.7711,39.4839,1345,1021.3
RNO,1/30/2025 2:55,-119.7711,39.4839,1345,1022.2
RNO,1/30/2025 3:55,-119.7711,39.4839,1345,1022.9
RNO,1/30/2025 4:55,-119.7711,39.4839,1345,1023.7
RNO,1/30/2025 5:55,-119.7711,39.4839,1345,1023.5
RNO,1/30/2025 6:55,-119.7711,39.4839,1345,1023.1
RNO,1/30/2025 7:55,-119.7711,39.4839,1345,1023.5
RNO,1/30/2025 8:55,-119.7711,39.4839,1345,1023.2
RNO,1/30/2025 9:55,-119.7711,39.4839,1345,1022.9
RNO,1/30/2025 10:55,-119.7711,39.4839,1345,1023.4
RNO,1/30/2025 11:55,-119.7711,39.4839,1345,1023.4
RNO,1/30/2025 12:55,-119.7711,39.4839,1345,1023.5
RNO,1/30/2025 13:55,-119.7711,39.4839,1345,1025.1
RNO,1/30/2025 14:55,-119.7711,39.4839,1345,1025.5
RNO,1/30/2025 15:55,-119.7711,39.4839,1345,1025.6
RNO,1/30/2025 16:55,-119.7711,39.4839,1345,1026.1
RNO,1/30/2025 17:55,-119.7711,39.4839,1345,1026
RNO,1/30/2025 18:55,-119.7711,39.4839,1345,1025.2
RNO,1/30/2025 19:55,-119.7711,39.4839,1345,1024.3
RNO,1/30/2025 20:55,-119.7711,39.4839,1345,1022.8
RNO,1/30/2025 21:55,-119.7711,39.4839,1345,1021.5
RNO,1/30/2025 22:55,-119.7711,39.4839,1345,1020.9
RNO,1/30/2025 23:55,-119.7711,39.4839,1345,1020.4
RNO,1/31/2025 0:55,-119.7711,39.4839,1345,1020.5
RNO,1/31/2025 1:55,-119.7711,39.4839,1345,1021.5
RNO,1/31/2025 2:55,-119.7711,39.4839,1345,1022.3
RNO,1/31/2025 3:55,-119.7711,39.4839,1345,1022.7
RNO,1/31/2025 4:55,-119.7711,39.4839,1345,1022.5
RNO,1/31/2025 5:55,-119.7711,39.4839,1345,1022.7
RNO,1/31/2025 6:55,-119.7711,39.4839,1345,1022.1
RNO,1/31/2025 7:55,-119.7711,39.4839,1345,1021.7
RNO,1/31/2025 8:55,-119.7711,39.4839,1345,1021.3
RNO,1/31/2025 9:55,-119.7711,39.4839,1345,1020.3
RNO,1/31/2025 10:55,-119.7711,39.4839,1345,1020
RNO,1/31/2025 11:55,-119.7711,39.4839,1345,1019.6
RNO,1/31/2025 12:55,-119.7711,39.4839,1345,1019.3
RNO,1/31/2025 13:55,-119.7711,39.4839,1345,1019.6
RNO,1/31/2025 14:55,-119.7711,39.4839,1345,1019.3
RNO,1/31/2025 15:55,-119.7711,39.4839,1345,1020.5
RNO,1/31/2025 16:55,-119.7711,39.4839,1345,1020.5
RNO,1/31/2025 17:55,-119.7711,39.4839,1345,1021.1
RNO,1/31/2025 18:55,-119.7711,39.4839,1345,1021.3
RNO,1/31/2025 19:55,-119.7711,39.4839,1345,1019.2
RNO,1/31/2025 20:55,-119.7711,39.4839,1345,1017.7
RNO,1/31/2025 21:55,-119.7711,39.4839,1345,1016.8
RNO,1/31/2025 22:55,-119.7711,39.4839,1345,1016.6
RNO,1/31/2025 23:55,-119.7711,39.4839,1345,1016.6
RNO,2/1/2025 0:55,-119.7711,39.4839,1345,1017.7
RNO,2/1/2025 1:55,-119.7711,39.4839,1345,1017.9
RNO,2/1/2025 2:55,-119.7711,39.4839,1345,1018.4
RNO,2/1/2025 3:55,-119.7711,39.4839,1345,1019
RNO,2/1/2025 4:55,-119.7711,39.4839,1345,1018.5
RNO,2/1/2025 5:55,-119.7711,39.4839,1345,1017.9
RNO,2/1/2025 6:55,-119.7711,39.4839,1345,1017.5
RNO,2/1/2025 7:55,-119.7711,39.4839,1345,1016.9
RNO,2/1/2025 8:55,-119.7711,39.4839,1345,1017
RNO,2/1/2025 9:55,-119.7711,39.4839,1345,1016.6
RNO,2/1/2025 10:55,-119.7711,39.4839,1345,1016.3
RNO,2/1/2025 11:55,-119.7711,39.4839,1345,1016
RNO,2/1/2025 12:55,-119.7711,39.4839,1345,1016.1
RNO,2/1/2025 13:55,-119.7711,39.4839,1345,1016.1
RNO,2/1/2025 14:55,-119.7711,39.4839,1345,1016.1
RNO,2/1/2025 15:55,-119.7711,39.4839,1345,1016.4
RNO,2/1/2025 16:55,-119.7711,39.4839,1345,1016.2
RNO,2/1/2025 17:55,-119.7711,39.4839,1345,1016.4
RNO,2/1/2025 18:55,-119.7711,39.4839,1345,1016.5
RNO,2/1/2025 19:55,-119.7711,39.4839,1345,1015.1
RNO,2/1/2025 20:55,-119.7711,39.4839,1345,1013.6
RNO,2/1/2025 21:55,-119.7711,39.4839,1345,1012.2
RNO,2/1/2025 22:55,-119.7711,39.4839,1345,1011.6
RNO,2/1/2025 23:55,-119.7711,39.4839,1345,1010.8
RNO,2/2/2025 0:55,-119.7711,39.4839,1345,1010.8
RNO,2/2/2025 1:55,-119.7711,39.4839,1345,1011.2
RNO,2/2/2025 2:55,-119.7711,39.4839,1345,1011.8
RNO,2/2/2025 3:55,-119.7711,39.4839,1345,1011.3
RNO,2/2/2025 4:55,-119.7711,39.4839,1345,1010.7
RNO,2/2/2025 5:55,-119.7711,39.4839,1345,1010.1
RNO,2/2/2025 6:55,-119.7711,39.4839,1345,1009.9
RNO,2/2/2025 7:55,-119.7711,39.4839,1345,1009.8
RNO,2/2/2025 8:55,-119.7711,39.4839,1345,1009.2
RNO,2/2/2025 9:55,-119.7711,39.4839,1345,1007.8
RNO,2/2/2025 10:55,-119.7711,39.4839,1345,1006.4
RNO,2/2/2025 11:55,-119.7711,39.4839,1345,1006.3
RNO,2/2/2025 12:55,-119.7711,39.4839,1345,1005.2
RNO,2/2/2025 13:25,-119.7711,39.4839,1345,M
RNO,2/2/2025 13:55,-119.7711,39.4839,1345,1003.5
RNO,2/2/2025 14:55,-119.7711,39.4839,1345,1005.1
RNO,2/2/2025 15:55,-119.7711,39.4839,1345,1005.5
RNO,2/2/2025 16:55,-119.7711,39.4839,1345,1006.5
RNO,2/2/2025 17:55,-119.7711,39.4839,1345,1006
RNO,2/2/2025 18:55,-119.7711,39.4839,1345,1006.1
RNO,2/2/2025 19:55,-119.7711,39.4839,1345,1006.8
RNO,2/2/2025 20:55,-119.7711,39.4839,1345,1007.2
RNO,2/2/2025 21:55,-119.7711,39.4839,1345,1007.8
RNO,2/2/2025 22:55,-119.7711,39.4839,1345,1008.5
RNO,2/2/2025 23:55,-119.7711,39.4839,1345,1008.9
RNO,2/3/2025 0:55,-119.7711,39.4839,1345,1008.6
RNO,2/3/2025 1:55,-119.7711,39.4839,1345,1008.8
RNO,2/3/2025 2:55,-119.7711,39.4839,1345,1007.9
RNO,2/3/2025 3:55,-119.7711,39.4839,1345,1008.4
RNO,2/3/2025 4:55,-119.7711,39.4839,1345,1008.1
RNO,2/3/2025 5:55,-119.7711,39.4839,1345,1008.6
RNO,2/3/2025 6:55,-119.7711,39.4839,1345,1008.8
RNO,2/3/2025 7:55,-119.7711,39.4839,1345,1007.9
RNO,2/3/2025 8:55,-119.7711,39.4839,1345,1007.5
RNO,2/3/2025 9:55,-119.7711,39.4839,1345,1007.9
RNO,2/3/2025 10:55,-119.7711,39.4839,1345,1007.4
RNO,2/3/2025 11:55,-119.7711,39.4839,1345,1007.1
RNO,2/3/2025 12:55,-119.7711,39.4839,1345,1007.5
RNO,2/3/2025 13:55,-119.7711,39.4839,1345,1007.1
RNO,2/3/2025 14:55,-119.7711,39.4839,1345,1005.4
RNO,2/3/2025 15:55,-119.7711,39.4839,1345,1005.9
RNO,2/3/2025 16:55,-119.7711,39.4839,1345,1004
RNO,2/3/2025 17:55,-119.7711,39.4839,1345,1002.8
RNO,2/3/2025 18:55,-119.7711,39.4839,1345,1002.7
RNO,2/3/2025 19:55,-119.7711,39.4839,1345,1002.5
RNO,2/3/2025 20:55,-119.7711,39.4839,1345,1001.9
RNO,2/3/2025 21:55,-119.7711,39.4839,1345,1001.6
RNO,2/3/2025 22:55,-119.7711,39.4839,1345,1001.6
RNO,2/3/2025 23:55,-119.7711,39.4839,1345,1001.6
RNO,2/4/2025 0:55,-119.7711,39.4839,1345,1001.2
RNO,2/4/2025 1:55,-119.7711,39.4839,1345,1002.3
RNO,2/4/2025 2:55,-119.7711,39.4839,1345,1002.9
RNO,2/4/2025 3:55,-119.7711,39.4839,1345,1003.6
RNO,2/4/2025 4:55,-119.7711,39.4839,1345,1003.4
RNO,2/4/2025 5:28,-119.7711,39.4839,1345,M
RNO,2/4/2025 5:47,-119.7711,39.4839,1345,M
RNO,2/4/2025 5:55,-119.7711,39.4839,1345,1004.3
RNO,2/4/2025 6:55,-119.7711,39.4839,1345,1005.1
RNO,2/4/2025 7:55,-119.7711,39.4839,1345,1005.7
RNO,2/4/2025 8:55,-119.7711,39.4839,1345,1004.4
RNO,2/4/2025 9:55,-119.7711,39.4839,1345,1004
RNO,2/4/2025 10:55,-119.7711,39.4839,1345,1003.8
RNO,2/4/2025 11:55,-119.7711,39.4839,1345,1002
RNO,2/4/2025 12:55,-119.7711,39.4839,1345,1003.2
RNO,2/4/2025 13:55,-119.7711,39.4839,1345,1003.3
RNO,2/4/2025 14:55,-119.7711,39.4839,1345,1003.6
RNO,2/4/2025 15:55,-119.7711,39.4839,1345,1004.1
RNO,2/4/2025 16:55,-119.7711,39.4839,1345,1004.1
RNO,2/4/2025 17:55,-119.7711,39.4839,1345,1003.6
RNO,2/4/2025 18:55,-119.7711,39.4839,1345,1002.1
RNO,2/4/2025 19:55,-119.7711,39.4839,1345,1000.7
RNO,2/4/2025 20:55,-119.7711,39.4839,1345,999.1
RNO,2/4/2025 21:55,-119.7711,39.4839,1345,998.8
RNO,2/4/2025 22:55,-119.7711,39.4839,1345,997.6
RNO,2/4/2025 23:55,-119.7711,39.4839,1345,997.4
RNO,2/5/2025 0:55,-119.7711,39.4839,1345,996.7
RNO,2/5/2025 1:55,-119.7711,39.4839,1345,996.6
RNO,2/5/2025 2:55,-119.7711,39.4839,1345,998.2
RNO,2/5/2025 3:55,-119.7711,39.4839,1345,998.6
RNO,2/5/2025 4:55,-119.7711,39.4839,1345,998.7
RNO,2/5/2025 5:55,-119.7711,39.4839,1345,1000.4
RNO,2/5/2025 6:55,-119.7711,39.4839,1345,1001.7
RNO,2/5/2025 7:55,-119.7711,39.4839,1345,1002.6
RNO,2/5/2025 8:55,-119.7711,39.4839,1345,1003.2
RNO,2/5/2025 9:55,-119.7711,39.4839,1345,1004.7
RNO,2/5/2025 10:55,-119.7711,39.4839,1345,1006.1
RNO,2/5/2025 11:55,-119.7711,39.4839,1345,1008.2
RNO,2/5/2025 12:55,-119.7711,39.4839,1345,1009.5
RNO,2/5/2025 13:55,-119.7711,39.4839,1345,1011
RNO,2/5/2025 14:55,-119.7711,39.4839,1345,1012.7
RNO,2/5/2025 15:55,-119.7711,39.4839,1345,1014.2
RNO,2/5/2025 16:55,-119.7711,39.4839,1345,1015.1
RNO,2/5/2025 17:55,-119.7711,39.4839,1345,1015.6
RNO,2/5/2025 18:55,-119.7711,39.4839,1345,1015.6
RNO,2/5/2025 19:55,-119.7711,39.4839,1345,1015
RNO,2/5/2025 20:55,-119.7711,39.4839,1345,1013.5
RNO,2/5/2025 21:55,-119.7711,39.4839,1345,1012.5
RNO,2/5/2025 22:55,-119.7711,39.4839,1345,1012.5
RNO,2/5/2025 23:55,-119.7711,39.4839,1345,1012.5
RNO,2/6/2025 0:55,-119.7711,39.4839,1345,1012.6
RNO,2/6/2025 1:55,-119.7711,39.4839,1345,1013.3
RNO,2/6/2025 2:55,-119.7711,39.4839,1345,1013.8
RNO,2/6/2025 3:55,-119.7711,39.4839,1345,1013.5
RNO,2/6/2025 4:55,-119.7711,39.4839,1345,1014.1
RNO,2/6/2025 5:55,-119.7711,39.4839,1345,1014
RNO,2/6/2025 6:55,-119.7711,39.4839,1345,1013.9
RNO,2/6/2025 7:55,-119.7711,39.4839,1345,1013.5
RNO,2/6/2025 8:55,-119.7711,39.4839,1345,1012.8
RNO,2/6/2025 9:55,-119.7711,39.4839,1345,1012.3
RNO,2/6/2025 10:55,-119.7711,39.4839,1345,1011.7
RNO,2/6/2025 11:55,-119.7711,39.4839,1345,1011.1
RNO,2/6/2025 12:55,-119.7711,39.4839,1345,1011.4
RNO,2/6/2025 13:55,-119.7711,39.4839,1345,1010.9
RNO,2/6/2025 14:55,-119.7711,39.4839,1345,1011.5
RNO,2/6/2025 15:55,-119.7711,39.4839,1345,1012
RNO,2/6/2025 16:55,-119.7711,39.4839,1345,1011.5
RNO,2/6/2025 17:17,-119.7711,39.4839,1345,M
RNO,2/6/2025 17:34,-119.7711,39.4839,1345,M
RNO,2/6/2025 17:55,-119.7711,39.4839,1345,1011.2
RNO,2/6/2025 18:38,-119.7711,39.4839,1345,M
RNO,2/6/2025 18:55,-119.7711,39.4839,1345,1010
RNO,2/6/2025 19:11,-119.7711,39.4839,1345,M
RNO,2/6/2025 19:24,-119.7711,39.4839,1345,M
RNO,2/6/2025 19:46,-119.7711,39.4839,1345,M
RNO,2/6/2025 19:55,-119.7711,39.4839,1345,1008.8
RNO,2/6/2025 19:57,-119.7711,39.4839,1345,M
RNO,2/6/2025 20:08,-119.7711,39.4839,1345,M
RNO,2/6/2025 20:55,-119.7711,39.4839,1345,1006.3
RNO,2/6/2025 21:55,-119.7711,39.4839,1345,1004.8
RNO,2/6/2025 22:55,-119.7711,39.4839,1345,1004.5
RNO,2/6/2025 23:55,-119.7711,39.4839,1345,1004
RNO,2/7/2025 0:55,-119.7711,39.4839,1345,1003.9
RNO,2/7/2025 1:55,-119.7711,39.4839,1345,1003.1
RNO,2/7/2025 2:55,-119.7711,39.4839,1345,1002.8
RNO,2/7/2025 3:55,-119.7711,39.4839,1345,1001.5
RNO,2/7/2025 4:55,-119.7711,39.4839,1345,1001.5
RNO,2/7/2025 5:55,-119.7711,39.4839,1345,1001.3
RNO,2/7/2025 6:55,-119.7711,39.4839,1345,1001.9
RNO,2/7/2025 7:55,-119.7711,39.4839,1345,1002.3
RNO,2/7/2025 8:55,-119.7711,39.4839,1345,1002.7
RNO,2/7/2025 9:55,-119.7711,39.4839,1345,1003.9
RNO,2/7/2025 10:50,-119.7711,39.4839,1345,M
RNO,2/7/2025 10:55,-119.7711,39.4839,1345,1006.5
RNO,2/7/2025 11:55,-119.7711,39.4839,1345,1006.9
RNO,2/7/2025 12:55,-119.7711,39.4839,1345,1009.6
RNO,2/7/2025 13:55,-119.7711,39.4839,1345,1011.1
RNO,2/7/2025 14:55,-119.7711,39.4839,1345,1012.4
RNO,2/7/2025 15:55,-119.7711,39.4839,1345,1014.3
RNO,2/7/2025 16:55,-119.7711,39.4839,1345,1014.9
RNO,2/7/2025 17:55,-119.7711,39.4839,1345,1014.9
RNO,2/7/2025 18:55,-119.7711,39.4839,1345,1015.6
RNO,2/7/2025 19:55,-119.7711,39.4839,1345,1015.4
RNO,2/7/2025 20:55,-119.7711,39.4839,1345,1015.6
RNO,2/7/2025 21:55,-119.7711,39.4839,1345,1016.3
RNO,2/7/2025 22:55,-119.7711,39.4839,1345,1016.8
RNO,2/7/2025 23:55,-119.7711,39.4839,1345,1017.4
RNO,2/8/2025 0:55,-119.7711,39.4839,1345,1018.1
RNO,2/8/2025 1:55,-119.7711,39.4839,1345,1019.4
RNO,2/8/2025 2:55,-119.7711,39.4839,1345,1020.4
RNO,2/8/2025 3:55,-119.7711,39.4839,1345,1020.9
RNO,2/8/2025 4:55,-119.7711,39.4839,1345,1021.5
RNO,2/8/2025 5:55,-119.7711,39.4839,1345,1021.8
RNO,2/8/2025 6:55,-119.7711,39.4839,1345,1022.1
RNO,2/8/2025 7:55,-119.7711,39.4839,1345,1022.4
RNO,2/8/2025 8:55,-119.7711,39.4839,1345,1022.5
RNO,2/8/2025 9:55,-119.7711,39.4839,1345,1022.8
RNO,2/8/2025 10:55,-119.7711,39.4839,1345,1023
RNO,2/8/2025 11:55,-119.7711,39.4839,1345,1022.7
RNO,2/8/2025 12:55,-119.7711,39.4839,1345,1023.1
RNO,2/8/2025 13:55,-119.7711,39.4839,1345,1023.8
RNO,2/8/2025 14:55,-119.7711,39.4839,1345,1024.7
RNO,2/8/2025 15:55,-119.7711,39.4839,1345,1025.2
RNO,2/8/2025 16:55,-119.7711,39.4839,1345,1025.4
RNO,2/8/2025 17:55,-119.7711,39.4839,1345,1025.6
RNO,2/8/2025 18:55,-119.7711,39.4839,1345,1025.8
RNO,2/8/2025 19:55,-119.7711,39.4839,1345,1025.1
RNO,2/8/2025 20:55,-119.7711,39.4839,1345,1024.4
RNO,2/8/2025 21:55,-119.7711,39.4839,1345,1024.4
RNO,2/8/2025 22:55,-119.7711,39.4839,1345,1024.6
RNO,2/8/2025 23:55,-119.7711,39.4839,1345,1025
RNO,2/9/2025 0:55,-119.7711,39.4839,1345,1025.1
RNO,2/9/2025 1:55,-119.7711,39.4839,1345,1025.8
RNO,2/9/2025 2:55,-119.7711,39.4839,1345,1026.5
RNO,2/9/2025 3:55,-119.7711,39.4839,1345,1027.1
RNO,2/9/2025 4:55,-119.7711,39.4839,1345,1027
RNO,2/9/2025 5:55,-119.7711,39.4839,1345,1027.2
RNO,2/9/2025 6:55,-119.7711,39.4839,1345,1026.8
RNO,2/9/2025 7:55,-119.7711,39.4839,1345,1027.2
RNO,2/9/2025 8:55,-119.7711,39.4839,1345,1026.7
RNO,2/9/2025 9:55,-119.7711,39.4839,1345,1026.6
RNO,2/9/2025 10:55,-119.7711,39.4839,1345,1026.8
RNO,2/9/2025 11:55,-119.7711,39.4839,1345,1026.3
RNO,2/9/2025 12:55,-119.7711,39.4839,1345,1026.7
RNO,2/9/2025 13:55,-119.7711,39.4839,1345,1026.8
RNO,2/9/2025 14:55,-119.7711,39.4839,1345,1027.4
RNO,2/9/2025 15:55,-119.7711,39.4839,1345,1027.7
RNO,2/9/2025 16:55,-119.7711,39.4839,1345,1027.3
RNO,2/9/2025 17:55,-119.7711,39.4839,1345,1026.6
RNO,2/9/2025 18:55,-119.7711,39.4839,1345,1026.3
RNO,2/9/2025 19:55,-119.7711,39.4839,1345,1024.5
RNO,2/9/2025 20:55,-119.7711,39.4839,1345,1023.3
RNO,2/9/2025 21:55,-119.7711,39.4839,1345,1022.2
RNO,2/9/2025 22:55,-119.7711,39.4839,1345,1021.7
RNO,2/9/2025 23:55,-119.7711,39.4839,1345,1021.8
RNO,2/10/2025 0:55,-119.7711,39.4839,1345,1022
RNO,2/10/2025 1:55,-119.7711,39.4839,1345,1022.5
RNO,2/10/2025 2:55,-119.7711,39.4839,1345,1023.1
RNO,2/10/2025 3:55,-119.7711,39.4839,1345,1023.1
RNO,2/10/2025 4:55,-119.7711,39.4839,1345,1022.9
RNO,2/10/2025 5:55,-119.7711,39.4839,1345,1022.5
RNO,2/10/2025 6:55,-119.7711,39.4839,1345,1022.8
RNO,2/10/2025 7:55,-119.7711,39.4839,1345,1022.3
RNO,2/10/2025 8:55,-119.7711,39.4839,1345,1022.4
RNO,2/10/2025 9:55,-119.7711,39.4839,1345,1022.4
RNO,2/10/2025 10:55,-119.7711,39.4839,1345,1022.7
RNO,2/10/2025 11:55,-119.7711,39.4839,1345,1022.4
RNO,2/10/2025 12:55,-119.7711,39.4839,1345,1022.3
RNO,2/10/2025 13:55,-119.7711,39.4839,1345,1022.4
RNO,2/10/2025 14:55,-119.7711,39.4839,1345,1022.2
RNO,2/10/2025 15:55,-119.7711,39.4839,1345,1022.4
RNO,2/10/2025 16:55,-119.7711,39.4839,1345,1022.7
RNO,2/10/2025 17:55,-119.7711,39.4839,1345,1022.5
RNO,2/10/2025 18:55,-119.7711,39.4839,1345,1021.9
RNO,2/10/2025 19:55,-119.7711,39.4839,1345,1020.4
RNO,2/10/2025 20:55,-119.7711,39.4839,1345,1019.4
RNO,2/10/2025 21:55,-119.7711,39.4839,1345,1018
RNO,2/10/2025 22:55,-119.7711,39.4839,1345,1017.2
RNO,2/10/2025 23:55,-119.7711,39.4839,1345,1017.1
RNO,2/11/2025 0:55,-119.7711,39.4839,1345,1016.7
RNO,2/11/2025 1:55,-119.7711,39.4839,1345,1017.2
RNO,2/11/2025 2:55,-119.7711,39.4839,1345,1017.7
RNO,2/11/2025 3:55,-119.7711,39.4839,1345,1018.1
RNO,2/11/2025 4:55,-119.7711,39.4839,1345,1017.8
RNO,2/11/2025 5:55,-119.7711,39.4839,1345,1017.1
RNO,2/11/2025 6:55,-119.7711,39.4839,1345,1017.2
RNO,2/11/2025 7:55,-119.7711,39.4839,1345,1015.8
RNO,2/11/2025 8:55,-119.7711,39.4839,1345,1015.7
RNO,2/11/2025 9:55,-119.7711,39.4839,1345,1015
RNO,2/11/2025 10:55,-119.7711,39.4839,1345,1014.7
RNO,2/11/2025 11:55,-119.7711,39.4839,1345,1014.4
RNO,2/11/2025 12:55,-119.7711,39.4839,1345,1014.5
RNO,2/11/2025 13:55,-119.7711,39.4839,1345,1014.3
RNO,2/11/2025 14:55,-119.7711,39.4839,1345,1014.6
RNO,2/11/2025 15:55,-119.7711,39.4839,1345,1014.8
RNO,2/11/2025 16:55,-119.7711,39.4839,1345,1014.6
RNO,2/11/2025 17:55,-119.7711,39.4839,1345,1014.5
RNO,2/11/2025 18:55,-119.7711,39.4839,1345,1014.6
RNO,2/11/2025 19:55,-119.7711,39.4839,1345,1014.7
RNO,2/11/2025 20:55,-119.7711,39.4839,1345,1013.7
RNO,2/11/2025 21:55,-119.7711,39.4839,1345,1012.9
RNO,2/11/2025 22:55,-119.7711,39.4839,1345,1012.9
RNO,2/11/2025 23:55,-119.7711,39.4839,1345,1013.2
RNO,2/12/2025 0:55,-119.7711,39.4839,1345,1013.4
RNO,2/12/2025 1:55,-119.7711,39.4839,1345,1013.6
RNO,2/12/2025 2:55,-119.7711,39.4839,1345,1013.8
RNO,2/12/2025 3:55,-119.7711,39.4839,1345,1013.2
RNO,2/12/2025 4:55,-119.7711,39.4839,1345,1013.2
RNO,2/12/2025 5:55,-119.7711,39.4839,1345,1013.1
RNO,2/12/2025 6:55,-119.7711,39.4839,1345,1013
RNO,2/12/2025 7:55,-119.7711,39.4839,1345,1013.1
RNO,2/12/2025 8:55,-119.7711,39.4839,1345,1013.3
RNO,2/12/2025 9:55,-119.7711,39.4839,1345,1013.7
RNO,2/12/2025 10:55,-119.7711,39.4839,1345,1013.3
RNO,2/12/2025 11:55,-119.7711,39.4839,1345,1013.2
RNO,2/12/2025 12:55,-119.7711,39.4839,1345,1013.8
RNO,2/12/2025 13:55,-119.7711,39.4839,1345,1013.7
RNO,2/12/2025 14:55,-119.7711,39.4839,1345,1014
RNO,2/12/2025 15:55,-119.7711,39.4839,1345,1014.5
RNO,2/12/2025 16:55,-119.7711,39.4839,1345,1014.6
RNO,2/12/2025 17:55,-119.7711,39.4839,1345,1014.2
RNO,2/12/2025 18:55,-119.7711,39.4839,1345,1013.4
RNO,2/12/2025 19:55,-119.7711,39.4839,1345,1012.7
RNO,2/12/2025 20:55,-119.7711,39.4839,1345,1012.1
RNO,2/12/2025 21:55,-119.7711,39.4839,1345,1011.2
RNO,2/12/2025 22:55,-119.7711,39.4839,1345,1010.4
RNO,2/12/2025 23:55,-119.7711,39.4839,1345,1010.1
RNO,2/13/2025 0:55,-119.7711,39.4839,1345,1009.7
RNO,2/13/2025 1:55,-119.7711,39.4839,1345,1010.4
RNO,2/13/2025 2:55,-119.7711,39.4839,1345,1010.1
RNO,2/13/2025 3:55,-119.7711,39.4839,1345,1008.5
RNO,2/13/2025 4:55,-119.7711,39.4839,1345,1008.7
RNO,2/13/2025 5:55,-119.7711,39.4839,1345,1008.4
RNO,2/13/2025 6:55,-119.7711,39.4839,1345,1007.3
RNO,2/13/2025 7:55,-119.7711,39.4839,1345,1006
RNO,2/13/2025 8:55,-119.7711,39.4839,1345,1004.3
RNO,2/13/2025 9:55,-119.7711,39.4839,1345,1003
RNO,2/13/2025 10:37,-119.7711,39.4839,1345,M
RNO,2/13/2025 10:43,-119.7711,39.4839,1345,M
RNO,2/13/2025 10:52,-119.7711,39.4839,1345,M
RNO,2/13/2025 10:55,-119.7711,39.4839,1345,1002.6
RNO,2/13/2025 11:37,-119.7711,39.4839,1345,M
RNO,2/13/2025 11:55,-119.7711,39.4839,1345,1000.7
RNO,2/13/2025 12:27,-119.7711,39.4839,1345,M
RNO,2/13/2025 12:31,-119.7711,39.4839,1345,M
RNO,2/13/2025 12:44,-119.7711,39.4839,1345,M
RNO,2/13/2025 12:51,-119.7711,39.4839,1345,M
RNO,2/13/2025 12:55,-119.7711,39.4839,1345,999.6
RNO,2/13/2025 13:04,-119.7711,39.4839,1345,M
RNO,2/13/2025 13:13,-119.7711,39.4839,1345,M
RNO,2/13/2025 13:29,-119.7711,39.4839,1345,M
RNO,2/13/2025 13:50,-119.7711,39.4839,1345,M
RNO,2/13/2025 13:55,-119.7711,39.4839,1345,998.6
RNO,2/13/2025 13:57,-119.7711,39.4839,1345,M
RNO,2/13/2025 14:45,-119.7711,39.4839,1345,M
RNO,2/13/2025 14:52,-119.7711,39.4839,1345,M
RNO,2/13/2025 14:55,-119.7711,39.4839,1345,997.8
RNO,2/13/2025 15:06,-119.7711,39.4839,1345,M
RNO,2/13/2025 15:20,-119.7711,39.4839,1345,M
RNO,2/13/2025 15:30,-119.7711,39.4839,1345,M
RNO,2/13/2025 15:55,-119.7711,39.4839,1345,998.2
RNO,2/13/2025 16:16,-119.7711,39.4839,1345,M
RNO,2/13/2025 16:55,-119.7711,39.4839,1345,998.3
RNO,2/13/2025 17:55,-119.7711,39.4839,1345,998.3
RNO,2/13/2025 18:32,-119.7711,39.4839,1345,M
RNO,2/13/2025 18:55,-119.7711,39.4839,1345,999.3
RNO,2/13/2025 19:45,-119.7711,39.4839,1345,M
RNO,2/13/2025 19:55,-119.7711,39.4839,1345,999.2
RNO,2/13/2025 20:01,-119.7711,39.4839,1345,M
RNO,2/13/2025 20:16,-119.7711,39.4839,1345,M
RNO,2/13/2025 20:36,-119.7711,39.4839,1345,M
RNO,2/13/2025 20:55,-119.7711,39.4839,1345,998.9
RNO,2/13/2025 21:46,-119.7711,39.4839,1345,M
RNO,2/13/2025 21:55,-119.7711,39.4839,1345,997.7
RNO,2/13/2025 22:55,-119.7711,39.4839,1345,999.2
RNO,2/13/2025 23:25,-119.7711,39.4839,1345,M
RNO,2/13/2025 23:35,-119.7711,39.4839,1345,M
RNO,2/13/2025 23:48,-119.7711,39.4839,1345,M
RNO,2/13/2025 23:55,-119.7711,39.4839,1345,999.7
RNO,2/14/2025 0:55,-119.7711,39.4839,1345,999.1
RNO,2/14/2025 1:55,-119.7711,39.4839,1345,997.5
RNO,2/14/2025 2:36,-119.7711,39.4839,1345,M
RNO,2/14/2025 2:55,-119.7711,39.4839,1345,998.7
RNO,2/14/2025 3:55,-119.7711,39.4839,1345,1000.4
RNO,2/14/2025 4:55,-119.7711,39.4839,1345,1001.5
RNO,2/14/2025 5:55,-119.7711,39.4839,1345,1001.7
RNO,2/14/2025 6:55,-119.7711,39.4839,1345,1002.3
RNO,2/14/2025 7:55,-119.7711,39.4839,1345,1003.6
RNO,2/14/2025 8:55,-119.7711,39.4839,1345,1003.2
RNO,2/14/2025 9:55,-119.7711,39.4839,1345,1003
RNO,2/14/2025 10:55,-119.7711,39.4839,1345,1002.8
RNO,2/14/2025 11:55,-119.7711,39.4839,1345,1004.6
RNO,2/14/2025 12:55,-119.7711,39.4839,1345,1005.6
RNO,2/14/2025 13:55,-119.7711,39.4839,1345,1006.7
RNO,2/14/2025 14:55,-119.7711,39.4839,1345,1007.7
RNO,2/14/2025 15:55,-119.7711,39.4839,1345,1008.6
RNO,2/14/2025 16:55,-119.7711,39.4839,1345,1010.4
RNO,2/14/2025 17:55,-119.7711,39.4839,1345,1011.5
RNO,2/14/2025 18:55,-119.7711,39.4839,1345,1012.6
RNO,2/14/2025 19:55,-119.7711,39.4839,1345,1013.6
RNO,2/14/2025 20:55,-119.7711,39.4839,1345,1014.6
RNO,2/14/2025 21:55,-119.7711,39.4839,1345,1015.5
RNO,2/14/2025 22:55,-119.7711,39.4839,1345,1016.3
RNO,2/14/2025 23:55,-119.7711,39.4839,1345,1017.2
RNO,2/15/2025 0:55,-119.7711,39.4839,1345,1018.5
RNO,2/15/2025 1:55,-119.7711,39.4839,1345,1020.2
RNO,2/15/2025 2:55,-119.7711,39.4839,1345,1021.3
RNO,2/15/2025 3:55,-119.7711,39.4839,1345,1022.2
RNO,2/15/2025 4:55,-119.7711,39.4839,1345,1022.9
RNO,2/15/2025 5:55,-119.7711,39.4839,1345,1023.8
RNO,2/15/2025 6:55,-119.7711,39.4839,1345,1024.8
RNO,2/15/2025 7:55,-119.7711,39.4839,1345,1025
RNO,2/15/2025 8:55,-119.7711,39.4839,1345,1026
RNO,2/15/2025 9:55,-119.7711,39.4839,1345,1026.4
RNO,2/15/2025 10:55,-119.7711,39.4839,1345,1026.9
RNO,2/15/2025 11:55,-119.7711,39.4839,1345,1026.9
RNO,2/15/2025 12:55,-119.7711,39.4839,1345,1027.9
RNO,2/15/2025 13:55,-119.7711,39.4839,1345,1027.5
RNO,2/15/2025 14:55,-119.7711,39.4839,1345,1027.9
RNO,2/15/2025 15:55,-119.7711,39.4839,1345,1029.1
RNO,2/15/2025 16:55,-119.7711,39.4839,1345,1028.5
RNO,2/15/2025 17:55,-119.7711,39.4839,1345,1029.2
RNO,2/15/2025 18:55,-119.7711,39.4839,1345,1028.7
RNO,2/15/2025 19:55,-119.7711,39.4839,1345,1027.8
RNO,2/15/2025 20:55,-119.7711,39.4839,1345,1027
RNO,2/15/2025 21:55,-119.7711,39.4839,1345,1025.6
RNO,2/15/2025 22:55,-119.7711,39.4839,1345,1025.5
RNO,2/15/2025 23:55,-119.7711,39.4839,1345,1025.3
RNO,2/16/2025 0:55,-119.7711,39.4839,1345,1025.2
RNO,2/16/2025 1:55,-119.7711,39.4839,1345,1026
RNO,2/16/2025 2:55,-119.7711,39.4839,1345,1025.9
RNO,2/16/2025 3:55,-119.7711,39.4839,1345,1025.8
RNO,2/16/2025 4:55,-119.7711,39.4839,1345,1024.7
RNO,2/16/2025 5:55,-119.7711,39.4839,1345,1024.8
RNO,2/16/2025 6:55,-119.7711,39.4839,1345,1024
RNO,2/16/2025 7:55,-119.7711,39.4839,1345,1023.5
RNO,2/16/2025 8:55,-119.7711,39.4839,1345,1022.6
RNO,2/16/2025 9:55,-119.7711,39.4839,1345,1021.9
RNO,2/16/2025 10:55,-119.7711,39.4839,1345,1021
RNO,2/16/2025 11:55,-119.7711,39.4839,1345,1020.9
RNO,2/16/2025 12:55,-119.7711,39.4839,1345,1021
RNO,2/16/2025 13:55,-119.7711,39.4839,1345,1020.9
RNO,2/16/2025 14:55,-119.7711,39.4839,1345,1020.9
RNO,2/16/2025 15:55,-119.7711,39.4839,1345,1021
RNO,2/16/2025 16:55,-119.7711,39.4839,1345,1020
RNO,2/16/2025 17:55,-119.7711,39.4839,1345,1018.6
RNO,2/16/2025 18:55,-119.7711,39.4839,1345,1017.1
RNO,2/16/2025 19:10,-119.7711,39.4839,1345,M
RNO,2/16/2025 19:55,-119.7711,39.4839,1345,1016.2
RNO,2/16/2025 20:55,-119.7711,39.4839,1345,1014.7
RNO,2/16/2025 21:55,-119.7711,39.4839,1345,1013.9
RNO,2/16/2025 22:55,-119.7711,39.4839,1345,1013
RNO,2/16/2025 23:55,-119.7711,39.4839,1345,1012
RNO,2/17/2025 0:55,-119.7711,39.4839,1345,1011.8
RNO,2/17/2025 1:55,-119.7711,39.4839,1345,1012.4
RNO,2/17/2025 2:55,-119.7711,39.4839,1345,1012.2
RNO,2/17/2025 3:55,-119.7711,39.4839,1345,1013.5
RNO,2/17/2025 4:55,-119.7711,39.4839,1345,1014
RNO,2/17/2025 5:55,-119.7711,39.4839,1345,1013.4
RNO,2/17/2025 6:55,-119.7711,39.4839,1345,1013.6
RNO,2/17/2025 7:55,-119.7711,39.4839,1345,1013.4
RNO,2/17/2025 8:55,-119.7711,39.4839,1345,1013.6
RNO,2/17/2025 9:55,-119.7711,39.4839,1345,1013.4
RNO,2/17/2025 10:55,-119.7711,39.4839,1345,1013.2
RNO,2/17/2025 11:55,-119.7711,39.4839,1345,1013.3
RNO,2/17/2025 12:55,-119.7711,39.4839,1345,1014.3
RNO,2/17/2025 13:55,-119.7711,39.4839,1345,1014.9
RNO,2/17/2025 14:55,-119.7711,39.4839,1345,1015.5
RNO,2/17/2025 15:55,-119.7711,39.4839,1345,1016.5
RNO,2/17/2025 16:55,-119.7711,39.4839,1345,1016.2
RNO,2/17/2025 17:55,-119.7711,39.4839,1345,1016.1
RNO,2/17/2025 18:55,-119.7711,39.4839,1345,1015.9
RNO,2/17/2025 19:55,-119.7711,39.4839,1345,1015.1
RNO,2/17/2025 20:55,-119.7711,39.4839,1345,1014.3
RNO,2/17/2025 21:55,-119.7711,39.4839,1345,1013.5
RNO,2/17/2025 22:55,-119.7711,39.4839,1345,1014.3
RNO,2/17/2025 23:55,-119.7711,39.4839,1345,1014.8
RNO,2/18/2025 0:55,-119.7711,39.4839,1345,1015.9
RNO,2/18/2025 1:55,-119.7711,39.4839,1345,1016.5
RNO,2/18/2025 2:55,-119.7711,39.4839,1345,1017.5
RNO,2/18/2025 3:55,-119.7711,39.4839,1345,1017.7
RNO,2/18/2025 4:55,-119.7711,39.4839,1345,1017.8
RNO,2/18/2025 5:55,-119.7711,39.4839,1345,1018.4
RNO,2/18/2025 6:55,-119.7711,39.4839,1345,1018.8
RNO,2/18/2025 7:55,-119.7711,39.4839,1345,1019.3
RNO,2/18/2025 8:55,-119.7711,39.4839,1345,1019.8
RNO,2/18/2025 9:55,-119.7711,39.4839,1345,1020
RNO,2/18/2025 10:55,-119.7711,39.4839,1345,1020.6
RNO,2/18/2025 11:55,-119.7711,39.4839,1345,1020.9
RNO,2/18/2025 12:55,-119.7711,39.4839,1345,1021.6
RNO,2/18/2025 13:55,-119.7711,39.4839,1345,1022.3
RNO,2/18/2025 14:55,-119.7711,39.4839,1345,1022.5
RNO,2/18/2025 15:55,-119.7711,39.4839,1345,1023.1
RNO,2/18/2025 16:55,-119.7711,39.4839,1345,1022.9
RNO,2/18/2025 17:55,-119.7711,39.4839,1345,1023
RNO,2/18/2025 18:55,-119.7711,39.4839,1345,1022.7
RNO,2/18/2025 19:55,-119.7711,39.4839,1345,1022.1
RNO,2/18/2025 20:55,-119.7711,39.4839,1345,1020.3
RNO,2/18/2025 21:55,-119.7711,39.4839,1345,1019.9
RNO,2/18/2025 22:55,-119.7711,39.4839,1345,1019.5
RNO,2/18/2025 23:55,-119.7711,39.4839,1345,1020
RNO,2/19/2025 0:55,-119.7711,39.4839,1345,1020.8
RNO,2/19/2025 1:55,-119.7711,39.4839,1345,1021.4
RNO,2/19/2025 2:55,-119.7711,39.4839,1345,1022
RNO,2/19/2025 3:55,-119.7711,39.4839,1345,1022.6
RNO,2/19/2025 4:55,-119.7711,39.4839,1345,1022.1
RNO,2/19/2025 5:55,-119.7711,39.4839,1345,1022.2
RNO,2/19/2025 6:55,-119.7711,39.4839,1345,1022.1
RNO,2/19/2025 7:55,-119.7711,39.4839,1345,1021.5
RNO,2/19/2025 8:55,-119.7711,39.4839,1345,1021.5
RNO,2/19/2025 9:55,-119.7711,39.4839,1345,1020.9
RNO,2/19/2025 10:55,-119.7711,39.4839,1345,1020.7
RNO,2/19/2025 11:55,-119.7711,39.4839,1345,1020
RNO,2/19/2025 12:55,-119.7711,39.4839,1345,1020
RNO,2/19/2025 13:55,-119.7711,39.4839,1345,1019.2
RNO,2/19/2025 14:55,-119.7711,39.4839,1345,1018.8
RNO,2/19/2025 15:55,-119.7711,39.4839,1345,1018.2
RNO,2/19/2025 16:55,-119.7711,39.4839,1345,1017.4
RNO,2/19/2025 17:55,-119.7711,39.4839,1345,1014.9
RNO,2/19/2025 18:55,-119.7711,39.4839,1345,1014.1
RNO,2/19/2025 19:55,-119.7711,39.4839,1345,1014.7
RNO,2/19/2025 20:55,-119.7711,39.4839,1345,1015.6
RNO,2/19/2025 21:55,-119.7711,39.4839,1345,1016.2
RNO,2/19/2025 22:55,-119.7711,39.4839,1345,1016.3
RNO,2/19/2025 23:55,-119.7711,39.4839,1345,1016.8
RNO,2/20/2025 0:55,-119.7711,39.4839,1345,1018.7
RNO,2/20/2025 1:55,-119.7711,39.4839,1345,1019.7
RNO,2/20/2025 2:55,-119.7711,39.4839,1345,1020.7
RNO,2/20/2025 3:55,-119.7711,39.4839,1345,1021.4
RNO,2/20/2025 4:55,-119.7711,39.4839,1345,1021.9
RNO,2/20/2025 5:55,-119.7711,39.4839,1345,1021.4
RNO,2/20/2025 6:55,-119.7711,39.4839,1345,1021.4
RNO,2/20/2025 7:55,-119.7711,39.4839,1345,1022.2
RNO,2/20/2025 8:55,-119.7711,39.4839,1345,1023.1
RNO,2/20/2025 9:55,-119.7711,39.4839,1345,1023.9
RNO,2/20/2025 10:55,-119.7711,39.4839,1345,1024
RNO,2/20/2025 11:55,-119.7711,39.4839,1345,1024.4
RNO,2/20/2025 12:55,-119.7711,39.4839,1345,1025.2
RNO,2/20/2025 13:55,-119.7711,39.4839,1345,1025.7
RNO,2/20/2025 14:55,-119.7711,39.4839,1345,1026.3
RNO,2/20/2025 15:55,-119.7711,39.4839,1345,1026.3
RNO,2/20/2025 16:55,-119.7711,39.4839,1345,1026.1
RNO,2/20/2025 17:55,-119.7711,39.4839,1345,1025.3
RNO,2/20/2025 18:55,-119.7711,39.4839,1345,1025.1
RNO,2/20/2025 19:55,-119.7711,39.4839,1345,1024.3
RNO,2/20/2025 20:55,-119.7711,39.4839,1345,1023.1
RNO,2/20/2025 21:55,-119.7711,39.4839,1345,1022.4
RNO,2/20/2025 22:55,-119.7711,39.4839,1345,1022.1
RNO,2/20/2025 23:55,-119.7711,39.4839,1345,1022.1
RNO,2/21/2025 0:55,-119.7711,39.4839,1345,1022.2
RNO,2/21/2025 1:55,-119.7711,39.4839,1345,1022.9
RNO,2/21/2025 2:55,-119.7711,39.4839,1345,1024.2
RNO,2/21/2025 3:55,-119.7711,39.4839,1345,1024.9
RNO,2/21/2025 4:55,-119.7711,39.4839,1345,1025
RNO,2/21/2025 5:55,-119.7711,39.4839,1345,1025.6
RNO,2/21/2025 6:55,-119.7711,39.4839,1345,1025.1
RNO,2/21/2025 7:55,-119.7711,39.4839,1345,1024.6
RNO,2/21/2025 8:55,-119.7711,39.4839,1345,1024.3
RNO,2/21/2025 9:55,-119.7711,39.4839,1345,1024.6
RNO,2/21/2025 10:55,-119.7711,39.4839,1345,1024.8
RNO,2/21/2025 11:55,-119.7711,39.4839,1345,1024.9
RNO,2/21/2025 12:55,-119.7711,39.4839,1345,1025.5
RNO,2/21/2025 13:55,-119.7711,39.4839,1345,1025.7
RNO,2/21/2025 14:55,-119.7711,39.4839,1345,1025.6
RNO,2/21/2025 15:55,-119.7711,39.4839,1345,1025.9
RNO,2/21/2025 16:55,-119.7711,39.4839,1345,1025.9
RNO,2/21/2025 17:55,-119.7711,39.4839,1345,1025.8
RNO,2/21/2025 18:55,-119.7711,39.4839,1345,1025.5
RNO,2/21/2025 19:55,-119.7711,39.4839,1345,1024.7
RNO,2/21/2025 20:55,-119.7711,39.4839,1345,1023.9
RNO,2/21/2025 21:55,-119.7711,39.4839,1345,1023
RNO,2/21/2025 22:55,-119.7711,39.4839,1345,1022.5
RNO,2/21/2025 23:55,-119.7711,39.4839,1345,1022.4
RNO,2/22/2025 0:55,-119.7711,39.4839,1345,1022.5
RNO,2/22/2025 1:55,-119.7711,39.4839,1345,1023.3
RNO,2/22/2025 2:55,-119.7711,39.4839,1345,1024.1
RNO,2/22/2025 3:55,-119.7711,39.4839,1345,1024.4
RNO,2/22/2025 4:55,-119.7711,39.4839,1345,1024.4
RNO,2/22/2025 5:55,-119.7711,39.4839,1345,1024.8
RNO,2/22/2025 6:55,-119.7711,39.4839,1345,1024.6
RNO,2/22/2025 7:55,-119.7711,39.4839,1345,1025.2
RNO,2/22/2025 8:55,-119.7711,39.4839,1345,1025.4
RNO,2/22/2025 9:55,-119.7711,39.4839,1345,1025.5
RNO,2/22/2025 10:55,-119.7711,39.4839,1345,1024.2
RNO,2/22/2025 11:55,-119.7711,39.4839,1345,1024.3
RNO,2/22/2025 12:55,-119.7711,39.4839,1345,1025.1
RNO,2/22/2025 13:55,-119.7711,39.4839,1345,1025.9
RNO,2/22/2025 14:55,-119.7711,39.4839,1345,1026.7
RNO,2/22/2025 15:55,-119.7711,39.4839,1345,1027.3
RNO,2/22/2025 16:55,-119.7711,39.4839,1345,1027.5
RNO,2/22/2025 17:55,-119.7711,39.4839,1345,1027.8
RNO,2/22/2025 18:55,-119.7711,39.4839,1345,1027.4
RNO,2/22/2025 19:55,-119.7711,39.4839,1345,1026
RNO,2/22/2025 20:55,-119.7711,39.4839,1345,1024.1
RNO,2/22/2025 21:55,-119.7711,39.4839,1345,1022.9
RNO,2/22/2025 22:55,-119.7711,39.4839,1345,1021.9
RNO,2/22/2025 23:55,-119.7711,39.4839,1345,1021.6
RNO,2/23/2025 0:55,-119.7711,39.4839,1345,1022.4
RNO,2/23/2025 1:55,-119.7711,39.4839,1345,1023.3
RNO,2/23/2025 2:55,-119.7711,39.4839,1345,1024.3
RNO,2/23/2025 3:55,-119.7711,39.4839,1345,1024.9
RNO,2/23/2025 4:55,-119.7711,39.4839,1345,1024.9
RNO,2/23/2025 5:55,-119.7711,39.4839,1345,1025.2
RNO,2/23/2025 6:55,-119.7711,39.4839,1345,1024.5
RNO,2/23/2025 7:55,-119.7711,39.4839,1345,1023.7
RNO,2/23/2025 8:55,-119.7711,39.4839,1345,1023.4
RNO,2/23/2025 9:55,-119.7711,39.4839,1345,1023.2
RNO,2/23/2025 10:55,-119.7711,39.4839,1345,1022.4
RNO,2/23/2025 11:55,-119.7711,39.4839,1345,1021.9
RNO,2/23/2025 12:55,-119.7711,39.4839,1345,1021.9
RNO,2/23/2025 13:55,-119.7711,39.4839,1345,1022.2
RNO,2/23/2025 14:55,-119.7711,39.4839,1345,1022.9
RNO,2/23/2025 15:55,-119.7711,39.4839,1345,1023.9
RNO,2/23/2025 16:55,-119.7711,39.4839,1345,1025.1
RNO,2/23/2025 17:55,-119.7711,39.4839,1345,1025.5
RNO,2/23/2025 18:55,-119.7711,39.4839,1345,1025.4
RNO,2/23/2025 19:55,-119.7711,39.4839,1345,1023.9
RNO,2/23/2025 20:55,-119.7711,39.4839,1345,1023.2
RNO,2/23/2025 21:55,-119.7711,39.4839,1345,1022.7
RNO,2/23/2025 22:55,-119.7711,39.4839,1345,1021.7
RNO,2/23/2025 23:55,-119.7711,39.4839,1345,1021.6
RNO,2/24/2025 0:55,-119.7711,39.4839,1345,1020.3
RNO,2/24/2025 1:55,-119.7711,39.4839,1345,1021.1
RNO,2/24/2025 2:55,-119.7711,39.4839,1345,1021.9
RNO,2/24/2025 3:55,-119.7711,39.4839,1345,1022.1
RNO,2/24/2025 4:55,-119.7711,39.4839,1345,1022.7
RNO,2/24/2025 5:55,-119.7711,39.4839,1345,1022.6
RNO,2/24/2025 6:55,-119.7711,39.4839,1345,1022.6
RNO,2/24/2025 7:55,-119.7711,39.4839,1345,1022.2
RNO,2/24/2025 8:55,-119.7711,39.4839,1345,1021.5
RNO,2/24/2025 9:55,-119.7711,39.4839,1345,1021.2
RNO,2/24/2025 10:55,-119.7711,39.4839,1345,1021.2
RNO,2/24/2025 11:55,-119.7711,39.4839,1345,1020.6
RNO,2/24/2025 12:55,-119.7711,39.4839,1345,1020.7
RNO,2/24/2025 13:55,-119.7711,39.4839,1345,1021.1
RNO,2/24/2025 14:55,-119.7711,39.4839,1345,1020.7
RNO,2/24/2025 15:55,-119.7711,39.4839,1345,1021.1
RNO,2/24/2025 16:55,-119.7711,39.4839,1345,1019.6
RNO,2/24/2025 17:55,-119.7711,39.4839,1345,1017.9
RNO,2/24/2025 18:55,-119.7711,39.4839,1345,1017.4
RNO,2/24/2025 19:55,-119.7711,39.4839,1345,1018.1
RNO,2/24/2025 20:55,-119.7711,39.4839,1345,1017.4
RNO,2/24/2025 21:55,-119.7711,39.4839,1345,1016.6
RNO,2/24/2025 22:55,-119.7711,39.4839,1345,1016.9
RNO,2/24/2025 23:55,-119.7711,39.4839,1345,1016.1
RNO,2/25/2025 0:55,-119.7711,39.4839,1345,1016.2
RNO,2/25/2025 1:55,-119.7711,39.4839,1345,1017.5
RNO,2/25/2025 2:55,-119.7711,39.4839,1345,1018.5
RNO,2/25/2025 3:55,-119.7711,39.4839,1345,1019.1
RNO,2/25/2025 4:55,-119.7711,39.4839,1345,1018.5
RNO,2/25/2025 5:55,-119.7711,39.4839,1345,1017.6
RNO,2/25/2025 6:55,-119.7711,39.4839,1345,1017.5
RNO,2/25/2025 7:55,-119.7711,39.4839,1345,1017.9
RNO,2/25/2025 8:55,-119.7711,39.4839,1345,1018
RNO,2/25/2025 9:55,-119.7711,39.4839,1345,1017.9
RNO,2/25/2025 10:55,-119.7711,39.4839,1345,1018.3
RNO,2/25/2025 11:55,-119.7711,39.4839,1345,1018.3
RNO,2/25/2025 12:55,-119.7711,39.4839,1345,1018
RNO,2/25/2025 13:55,-119.7711,39.4839,1345,1019.6
RNO,2/25/2025 14:55,-119.7711,39.4839,1345,1020.1
RNO,2/25/2025 15:55,-119.7711,39.4839,1345,1021.4
RNO,2/25/2025 16:55,-119.7711,39.4839,1345,1021.6
RNO,2/25/2025 17:55,-119.7711,39.4839,1345,1021
RNO,2/25/2025 18:55,-119.7711,39.4839,1345,1020.2
RNO,2/25/2025 19:55,-119.7711,39.4839,1345,1019
RNO,2/25/2025 20:55,-119.7711,39.4839,1345,1018
RNO,2/25/2025 21:55,-119.7711,39.4839,1345,1017.4
RNO,2/25/2025 22:55,-119.7711,39.4839,1345,1017.6
RNO,2/25/2025 23:55,-119.7711,39.4839,1345,1017.8
RNO,2/26/2025 0:55,-119.7711,39.4839,1345,1017.8
RNO,2/26/2025 1:55,-119.7711,39.4839,1345,1018.9
RNO,2/26/2025 2:55,-119.7711,39.4839,1345,1019.5
RNO,2/26/2025 3:55,-119.7711,39.4839,1345,1020.2
RNO,2/26/2025 4:55,-119.7711,39.4839,1345,1020.8
RNO,2/26/2025 5:55,-119.7711,39.4839,1345,1021.8
RNO,2/26/2025 6:55,-119.7711,39.4839,1345,1022.1
RNO,2/26/2025 7:55,-119.7711,39.4839,1345,1022.5
RNO,2/26/2025 8:55,-119.7711,39.4839,1345,1022.8
RNO,2/26/2025 9:55,-119.7711,39.4839,1345,1022.2
RNO,2/26/2025 10:55,-119.7711,39.4839,1345,1022.3
RNO,2/26/2025 11:55,-119.7711,39.4839,1345,1022.5
RNO,2/26/2025 12:55,-119.7711,39.4839,1345,1022.9
RNO,2/26/2025 13:55,-119.7711,39.4839,1345,1023.6
RNO,2/26/2025 14:55,-119.7711,39.4839,1345,1024.5
RNO,2/26/2025 15:55,-119.7711,39.4839,1345,1025.2
RNO,2/26/2025 16:55,-119.7711,39.4839,1345,1025.6
RNO,2/26/2025 17:55,-119.7711,39.4839,1345,1025.9
RNO,2/26/2025 18:55,-119.7711,39.4839,1345,1025.1
RNO,2/26/2025 19:55,-119.7711,39.4839,1345,1024.2
RNO,2/26/2025 20:55,-119.7711,39.4839,1345,1022.7
RNO,2/26/2025 21:55,-119.7711,39.4839,1345,1021.8
RNO,2/26/2025 22:55,-119.7711,39.4839,1345,1021.6
RNO,2/26/2025 23:55,-119.7711,39.4839,1345,1021.7
RNO,2/27/2025 0:55,-119.7711,39.4839,1345,1021.9
RNO,2/27/2025 1:55,-119.7711,39.4839,1345,1022.8
RNO,2/27/2025 2:55,-119.7711,39.4839,1345,1024
RNO,2/27/2025 3:55,-119.7711,39.4839,1345,1024.3
RNO,2/27/2025 4:55,-119.7711,39.4839,1345,1024.3
RNO,2/27/2025 5:55,-119.7711,39.4839,1345,1024.1
RNO,2/27/2025 6:55,-119.7711,39.4839,1345,1023.9
RNO,2/27/2025 7:55,-119.7711,39.4839,1345,1023.8
RNO,2/27/2025 8:55,-119.7711,39.4839,1345,1023.7
RNO,2/27/2025 9:55,-119.7711,39.4839,1345,1024.1
RNO,2/27/2025 10:55,-119.7711,39.4839,1345,1024.1
RNO,2/27/2025 11:55,-119.7711,39.4839,1345,1024.4
RNO,2/27/2025 12:55,-119.7711,39.4839,1345,1025
RNO,2/27/2025 13:55,-119.7711,39.4839,1345,1026.1
RNO,2/27/2025 14:55,-119.7711,39.4839,1345,1026.8
RNO,2/27/2025 15:55,-119.7711,39.4839,1345,1027.3
RNO,2/27/2025 16:55,-119.7711,39.4839,1345,1027.3
RNO,2/27/2025 17:55,-119.7711,39.4839,1345,1027
RNO,2/27/2025 18:55,-119.7711,39.4839,1345,1026.3
RNO,2/27/2025 19:55,-119.7711,39.4839,1345,1024.8
RNO,2/27/2025 20:55,-119.7711,39.4839,1345,1023.6
RNO,2/27/2025 21:55,-119.7711,39.4839,1345,1022.4
RNO,2/27/2025 22:55,-119.7711,39.4839,1345,1021.8
RNO,2/27/2025 23:55,-119.7711,39.4839,1345,1021.2
RNO,2/28/2025 0:55,-119.7711,39.4839,1345,1020.7
RNO,2/28/2025 1:55,-119.7711,39.4839,1345,1021.3
RNO,2/28/2025 2:55,-119.7711,39.4839,1345,1022.2
RNO,2/28/2025 3:55,-119.7711,39.4839,1345,1022.4
RNO,2/28/2025 4:55,-119.7711,39.4839,1345,1022.5
RNO,2/28/2025 5:55,-119.7711,39.4839,1345,1022.5
RNO,2/28/2025 6:55,-119.7711,39.4839,1345,1021.8
RNO,2/28/2025 7:55,-119.7711,39.4839,1345,1021.5
RNO,2/28/2025 8:55,-119.7711,39.4839,1345,1021.8
RNO,2/28/2025 9:55,-119.7711,39.4839,1345,1021.2
RNO,2/28/2025 10:55,-119.7711,39.4839,1345,1020.6
RNO,2/28/2025 11:55,-119.7711,39.4839,1345,1020.7
RNO,2/28/2025 12:55,-119.7711,39.4839,1345,1020.8
RNO,2/28/2025 13:55,-119.7711,39.4839,1345,1021
RNO,2/28/2025 14:55,-119.7711,39.4839,1345,1021.5
RNO,2/28/2025 15:55,-119.7711,39.4839,1345,1022.3
RNO,2/28/2025 16:55,-119.7711,39.4839,1345,1022.3
RNO,2/28/2025 17:55,-119.7711,39.4839,1345,1022.1
RNO,2/28/2025 18:55,-119.7711,39.4839,1345,1021
RNO,2/28/2025 19:55,-119.7711,39.4839,1345,1019.6
RNO,2/28/2025 20:55,-119.7711,39.4839,1345,1018.4
RNO,2/28/2025 21:55,-119.7711,39.4839,1345,1017.6
RNO,2/28/2025 22:55,-119.7711,39.4839,1345,1017
RNO,2/28/2025 23:55,-119.7711,39.4839,1345,1017
RNO,3/1/2025 0:55,-119.7711,39.4839,1345,1016.5
RNO,3/1/2025 1:55,-119.7711,39.4839,1345,1016.6
RNO,3/1/2025 2:55,-119.7711,39.4839,1345,1017.2
RNO,3/1/2025 3:55,-119.7711,39.4839,1345,1017.1
RNO,3/1/2025 4:55,-119.7711,39.4839,1345,1017.5
RNO,3/1/2025 5:55,-119.7711,39.4839,1345,1017.5
RNO,3/1/2025 6:55,-119.7711,39.4839,1345,1017.2
RNO,3/1/2025 7:55,-119.7711,39.4839,1345,1016.9
RNO,3/1/2025 8:55,-119.7711,39.4839,1345,1017.1
RNO,3/1/2025 9:55,-119.7711,39.4839,1345,1016.8
RNO,3/1/2025 10:55,-119.7711,39.4839,1345,1016.4
RNO,3/1/2025 11:55,-119.7711,39.4839,1345,1016.4
RNO,3/1/2025 12:55,-119.7711,39.4839,1345,1016.5
RNO,3/1/2025 13:55,-119.7711,39.4839,1345,1016.7
RNO,3/1/2025 14:55,-119.7711,39.4839,1345,1017
RNO,3/1/2025 15:55,-119.7711,39.4839,1345,1016.6
RNO,3/1/2025 16:55,-119.7711,39.4839,1345,1016.4
RNO,3/1/2025 17:55,-119.7711,39.4839,1345,1015
RNO,3/1/2025 18:55,-119.7711,39.4839,1345,1013.5
RNO,3/1/2025 19:55,-119.7711,39.4839,1345,1011.8
RNO,3/1/2025 20:55,-119.7711,39.4839,1345,1010
RNO,3/1/2025 21:55,-119.7711,39.4839,1345,1008.9
RNO,3/1/2025 22:55,-119.7711,39.4839,1345,1007.7
RNO,3/1/2025 23:55,-119.7711,39.4839,1345,1007.2
RNO,3/2/2025 0:55,-119.7711,39.4839,1345,1008
RNO,3/2/2025 1:55,-119.7711,39.4839,1345,1009.2
RNO,3/2/2025 2:55,-119.7711,39.4839,1345,1010.1
RNO,3/2/2025 3:55,-119.7711,39.4839,1345,1009.9
RNO,3/2/2025 4:55,-119.7711,39.4839,1345,1009.3
RNO,3/2/2025 5:55,-119.7711,39.4839,1345,1009.1
RNO,3/2/2025 6:55,-119.7711,39.4839,1345,1008
RNO,3/2/2025 7:55,-119.7711,39.4839,1345,1007.4
RNO,3/2/2025 8:55,-119.7711,39.4839,1345,1006.5
RNO,3/2/2025 9:55,-119.7711,39.4839,1345,1006.5
RNO,3/2/2025 10:55,-119.7711,39.4839,1345,1006.7
RNO,3/2/2025 11:55,-119.7711,39.4839,1345,1007
RNO,3/2/2025 12:55,-119.7711,39.4839,1345,1007.5
RNO,3/2/2025 13:55,-119.7711,39.4839,1345,1008
RNO,3/2/2025 14:46,-119.7711,39.4839,1345,M
RNO,3/2/2025 14:55,-119.7711,39.4839,1345,1009.3
RNO,3/2/2025 15:25,-119.7711,39.4839,1345,M
RNO,3/2/2025 15:40,-119.7711,39.4839,1345,M
RNO,3/2/2025 15:55,-119.7711,39.4839,1345,1009.2
RNO,3/2/2025 16:55,-119.7711,39.4839,1345,1009.5
RNO,3/2/2025 17:55,-119.7711,39.4839,1345,1009.8
RNO,3/2/2025 18:55,-119.7711,39.4839,1345,1009.8
RNO,3/2/2025 19:55,-119.7711,39.4839,1345,1009.1
RNO,3/2/2025 20:55,-119.7711,39.4839,1345,1008.2
RNO,3/2/2025 21:04,-119.7711,39.4839,1345,M
RNO,3/2/2025 21:55,-119.7711,39.4839,1345,1008.1
RNO,3/2/2025 22:55,-119.7711,39.4839,1345,1008.6
RNO,3/2/2025 23:55,-119.7711,39.4839,1345,1008.3
RNO,3/3/2025 0:55,-119.7711,39.4839,1345,1008.9
RNO,3/3/2025 1:55,-119.7711,39.4839,1345,1010.5
RNO,3/3/2025 2:55,-119.7711,39.4839,1345,1011
RNO,3/3/2025 3:55,-119.7711,39.4839,1345,1011.2
RNO,3/3/2025 4:55,-119.7711,39.4839,1345,1011.9
RNO,3/3/2025 5:55,-119.7711,39.4839,1345,1012.2
RNO,3/3/2025 6:55,-119.7711,39.4839,1345,1012
RNO,3/3/2025 7:55,-119.7711,39.4839,1345,1011.9
RNO,3/3/2025 8:55,-119.7711,39.4839,1345,1011.8
RNO,3/3/2025 9:55,-119.7711,39.4839,1345,1012.1
RNO,3/3/2025 10:55,-119.7711,39.4839,1345,1011.5
RNO,3/3/2025 11:55,-119.7711,39.4839,1345,1011.8
RNO,3/3/2025 12:55,-119.7711,39.4839,1345,1012.6
RNO,3/3/2025 13:55,-119.7711,39.4839,1345,1013.4
RNO,3/3/2025 14:55,-119.7711,39.4839,1345,1014.8
RNO,3/3/2025 15:55,-119.7711,39.4839,1345,1015.3
RNO,3/3/2025 16:55,-119.7711,39.4839,1345,1015.8
RNO,3/3/2025 17:55,-119.7711,39.4839,1345,1016
RNO,3/3/2025 18:55,-119.7711,39.4839,1345,1015.9
RNO,3/3/2025 19:55,-119.7711,39.4839,1345,1015.3
RNO,3/3/2025 20:55,-119.7711,39.4839,1345,1015.2
RNO,3/3/2025 21:55,-119.7711,39.4839,1345,1015
RNO,3/3/2025 22:55,-119.7711,39.4839,1345,1014.9
RNO,3/3/2025 23:55,-119.7711,39.4839,1345,1014.9
RNO,3/4/2025 0:55,-119.7711,39.4839,1345,1015.2
RNO,3/4/2025 1:55,-119.7711,39.4839,1345,1016
RNO,3/4/2025 2:55,-119.7711,39.4839,1345,1017.2
RNO,3/4/2025 3:55,-119.7711,39.4839,1345,1018.1
RNO,3/4/2025 4:55,-119.7711,39.4839,1345,1019.1
RNO,3/4/2025 5:55,-119.7711,39.4839,1345,1019
RNO,3/4/2025 6:55,-119.7711,39.4839,1345,1019.8
RNO,3/4/2025 7:55,-119.7711,39.4839,1345,1019.4
RNO,3/4/2025 8:55,-119.7711,39.4839,1345,1019.9
RNO,3/4/2025 9:55,-119.7711,39.4839,1345,1019.8
RNO,3/4/2025 10:55,-119.7711,39.4839,1345,1019.7
RNO,3/4/2025 11:55,-119.7711,39.4839,1345,1019.4
RNO,3/4/2025 12:55,-119.7711,39.4839,1345,1019.6
RNO,3/4/2025 13:55,-119.7711,39.4839,1345,1020.1
RNO,3/4/2025 14:55,-119.7711,39.4839,1345,1020.9
RNO,3/4/2025 15:55,-119.7711,39.4839,1345,1021.3
RNO,3/4/2025 16:55,-119.7711,39.4839,1345,1021.5
RNO,3/4/2025 17:55,-119.7711,39.4839,1345,1021.2
RNO,3/4/2025 18:55,-119.7711,39.4839,1345,1021.3
RNO,3/4/2025 19:55,-119.7711,39.4839,1345,1020.6
RNO,3/4/2025 20:55,-119.7711,39.4839,1345,1020
RNO,3/4/2025 21:55,-119.7711,39.4839,1345,1019.3
RNO,3/4/2025 22:55,-119.7711,39.4839,1345,1018.8
RNO,3/4/2025 23:55,-119.7711,39.4839,1345,1018.8
RNO,3/5/2025 0:55,-119.7711,39.4839,1345,1018.2
RNO,3/5/2025 1:55,-119.7711,39.4839,1345,1018.6
RNO,3/5/2025 2:55,-119.7711,39.4839,1345,1018.7
RNO,3/5/2025 3:55,-119.7711,39.4839,1345,1019
RNO,3/5/2025 4:55,-119.7711,39.4839,1345,1018.4
RNO,3/5/2025 5:55,-119.7711,39.4839,1345,1018
RNO,3/5/2025 6:55,-119.7711,39.4839,1345,1017.7
RNO,3/5/2025 7:55,-119.7711,39.4839,1345,1016.9
RNO,3/5/2025 8:55,-119.7711,39.4839,1345,1016.4
RNO,3/5/2025 9:55,-119.7711,39.4839,1345,1015.9
RNO,3/5/2025 10:55,-119.7711,39.4839,1345,1015.3
RNO,3/5/2025 11:55,-119.7711,39.4839,1345,1014.6
RNO,3/5/2025 12:55,-119.7711,39.4839,1345,1014.1
RNO,3/5/2025 13:55,-119.7711,39.4839,1345,1013.7
RNO,3/5/2025 14:55,-119.7711,39.4839,1345,1013.5
RNO,3/5/2025 15:55,-119.7711,39.4839,1345,1013.3
RNO,3/5/2025 16:55,-119.7711,39.4839,1345,1013
RNO,3/5/2025 17:55,-119.7711,39.4839,1345,1012.2
RNO,3/5/2025 18:55,-119.7711,39.4839,1345,1011.3
RNO,3/5/2025 19:55,-119.7711,39.4839,1345,1010.2
RNO,3/5/2025 20:55,-119.7711,39.4839,1345,1009.4
RNO,3/5/2025 21:55,-119.7711,39.4839,1345,1008.4
RNO,3/5/2025 22:49,-119.7711,39.4839,1345,M
RNO,3/5/2025 22:55,-119.7711,39.4839,1345,1007.6
RNO,3/5/2025 23:01,-119.7711,39.4839,1345,M
RNO,3/5/2025 23:41,-119.7711,39.4839,1345,M
RNO,3/5/2025 23:55,-119.7711,39.4839,1345,1007.4
RNO,3/5/2025 23:57,-119.7711,39.4839,1345,M
RNO,3/6/2025 0:55,-119.7711,39.4839,1345,1006.9
RNO,3/6/2025 1:55,-119.7711,39.4839,1345,1006.6
RNO,3/6/2025 2:55,-119.7711,39.4839,1345,1006
RNO,3/6/2025 3:55,-119.7711,39.4839,1345,1005.7
RNO,3/6/2025 4:55,-119.7711,39.4839,1345,1005.4
RNO,3/6/2025 5:55,-119.7711,39.4839,1345,1005
RNO,3/6/2025 6:47,-119.7711,39.4839,1345,M
RNO,3/6/2025 6:55,-119.7711,39.4839,1345,1004.8
RNO,3/6/2025 7:55,-119.7711,39.4839,1345,1004.4
RNO,3/6/2025 8:55,-119.7711,39.4839,1345,1004.5
RNO,3/6/2025 9:55,-119.7711,39.4839,1345,1004
RNO,3/6/2025 10:55,-119.7711,39.4839,1345,1003.3
RNO,3/6/2025 11:55,-119.7711,39.4839,1345,1003.3
RNO,3/6/2025 12:55,-119.7711,39.4839,1345,1003.4
RNO,3/6/2025 13:55,-119.7711,39.4839,1345,1003.6
RNO,3/6/2025 14:55,-119.7711,39.4839,1345,1004
RNO,3/6/2025 15:55,-119.7711,39.4839,1345,1004.5
RNO,3/6/2025 16:55,-119.7711,39.4839,1345,1004.4
RNO,3/6/2025 17:55,-119.7711,39.4839,1345,1004.7
RNO,3/6/2025 18:55,-119.7711,39.4839,1345,1005.2
RNO,3/6/2025 19:55,-119.7711,39.4839,1345,1006
RNO,3/6/2025 20:25,-119.7711,39.4839,1345,M
RNO,3/6/2025 20:38,-119.7711,39.4839,1345,M
RNO,3/6/2025 20:55,-119.7711,39.4839,1345,1006.1
RNO,3/6/2025 21:55,-119.7711,39.4839,1345,1006.8
RNO,3/6/2025 22:09,-119.7711,39.4839,1345,M
RNO,3/6/2025 22:22,-119.7711,39.4839,1345,M
RNO,3/6/2025 22:32,-119.7711,39.4839,1345,M
RNO,3/6/2025 22:45,-119.7711,39.4839,1345,M
RNO,3/6/2025 22:52,-119.7711,39.4839,1345,M
RNO,3/6/2025 22:55,-119.7711,39.4839,1345,1008.1
RNO,3/6/2025 23:04,-119.7711,39.4839,1345,M
RNO,3/6/2025 23:21,-119.7711,39.4839,1345,M
RNO,3/6/2025 23:32,-119.7711,39.4839,1345,M
RNO,3/6/2025 23:55,-119.7711,39.4839,1345,1008.8
RNO,3/7/2025 0:55,-119.7711,39.4839,1345,1009.1
RNO,3/7/2025 1:55,-119.7711,39.4839,1345,1010.1
RNO,3/7/2025 2:55,-119.7711,39.4839,1345,1011.4
RNO,3/7/2025 3:55,-119.7711,39.4839,1345,1012.8
RNO,3/7/2025 4:55,-119.7711,39.4839,1345,1013.5
RNO,3/7/2025 5:55,-119.7711,39.4839,1345,1014.5
RNO,3/7/2025 6:55,-119.7711,39.4839,1345,1015
RNO,3/7/2025 7:55,-119.7711,39.4839,1345,1015.6
RNO,3/7/2025 8:55,-119.7711,39.4839,1345,1016
RNO,3/7/2025 9:55,-119.7711,39.4839,1345,1016.3
RNO,3/7/2025 10:55,-119.7711,39.4839,1345,1016.4
RNO,3/7/2025 11:55,-119.7711,39.4839,1345,1016.7
RNO,3/7/2025 12:55,-119.7711,39.4839,1345,1017.3
RNO,3/7/2025 13:55,-119.7711,39.4839,1345,1018.2
RNO,3/7/2025 14:55,-119.7711,39.4839,1345,1019.1
RNO,3/7/2025 15:55,-119.7711,39.4839,1345,1019.8
RNO,3/7/2025 16:55,-119.7711,39.4839,1345,1020.3
RNO,3/7/2025 17:55,-119.7711,39.4839,1345,1020.7
RNO,3/7/2025 18:55,-119.7711,39.4839,1345,1021.2
RNO,3/7/2025 19:55,-119.7711,39.4839,1345,1021.3
RNO,3/7/2025 20:55,-119.7711,39.4839,1345,1021.6
RNO,3/7/2025 21:55,-119.7711,39.4839,1345,1021.4
RNO,3/7/2025 22:55,-119.7711,39.4839,1345,1021.8
RNO,3/7/2025 23:55,-119.7711,39.4839,1345,1022.4
RNO,3/8/2025 0:55,-119.7711,39.4839,1345,1022.7
RNO,3/8/2025 1:55,-119.7711,39.4839,1345,1023.6
RNO,3/8/2025 2:55,-119.7711,39.4839,1345,1024.5
RNO,3/8/2025 3:55,-119.7711,39.4839,1345,1025.3
RNO,3/8/2025 4:55,-119.7711,39.4839,1345,1025.8
RNO,3/8/2025 5:55,-119.7711,39.4839,1345,1026.1
RNO,3/8/2025 6:55,-119.7711,39.4839,1345,1026.1
RNO,3/8/2025 7:55,-119.7711,39.4839,1345,1026.2
RNO,3/8/2025 8:55,-119.7711,39.4839,1345,1026.6
RNO,3/8/2025 9:55,-119.7711,39.4839,1345,1026.8
RNO,3/8/2025 10:55,-119.7711,39.4839,1345,1026.6
RNO,3/8/2025 11:55,-119.7711,39.4839,1345,1026.8
RNO,3/8/2025 12:55,-119.7711,39.4839,1345,1027.1
RNO,3/8/2025 13:55,-119.7711,39.4839,1345,1027.6
RNO,3/8/2025 14:55,-119.7711,39.4839,1345,1028.5
RNO,3/8/2025 15:55,-119.7711,39.4839,1345,1029.4
RNO,3/8/2025 16:55,-119.7711,39.4839,1345,1029.2
RNO,3/8/2025 17:55,-119.7711,39.4839,1345,1028.6
RNO,3/8/2025 18:55,-119.7711,39.4839,1345,1028.1
RNO,3/8/2025 19:55,-119.7711,39.4839,1345,1027
RNO,3/8/2025 20:55,-119.7711,39.4839,1345,1025.5
RNO,3/8/2025 21:55,-119.7711,39.4839,1345,1024.4
RNO,3/8/2025 22:55,-119.7711,39.4839,1345,1023.7
RNO,3/8/2025 23:55,-119.7711,39.4839,1345,1023.7
RNO,3/9/2025 0:55,-119.7711,39.4839,1345,1023.5
RNO,3/9/2025 1:55,-119.7711,39.4839,1345,1023.7
RNO,3/9/2025 2:55,-119.7711,39.4839,1345,1024.4
RNO,3/9/2025 3:55,-119.7711,39.4839,1345,1024.7
RNO,3/9/2025 4:55,-119.7711,39.4839,1345,1024.6
RNO,3/9/2025 5:55,-119.7711,39.4839,1345,1024.6
RNO,3/9/2025 6:55,-119.7711,39.4839,1345,1024.1
RNO,3/9/2025 7:55,-119.7711,39.4839,1345,1023.6
RNO,3/9/2025 8:55,-119.7711,39.4839,1345,1023.1
RNO,3/9/2025 9:55,-119.7711,39.4839,1345,1023
RNO,3/9/2025 10:55,-119.7711,39.4839,1345,1022.3
RNO,3/9/2025 11:55,-119.7711,39.4839,1345,1022.4
RNO,3/9/2025 12:55,-119.7711,39.4839,1345,1022.5
RNO,3/9/2025 13:55,-119.7711,39.4839,1345,1022.9
RNO,3/9/2025 14:55,-119.7711,39.4839,1345,1023.4
RNO,3/9/2025 15:55,-119.7711,39.4839,1345,1023.3
RNO,3/9/2025 16:55,-119.7711,39.4839,1345,1023
RNO,3/9/2025 17:55,-119.7711,39.4839,1345,1022.3
RNO,3/9/2025 18:55,-119.7711,39.4839,1345,1021.3
RNO,3/9/2025 19:55,-119.7711,39.4839,1345,1019.6
RNO,3/9/2025 20:55,-119.7711,39.4839,1345,1017.9
RNO,3/9/2025 21:55,-119.7711,39.4839,1345,1016.9
RNO,3/9/2025 22:55,-119.7711,39.4839,1345,1015.8
RNO,3/9/2025 23:55,-119.7711,39.4839,1345,1015.8
RNO,3/10/2025 0:55,-119.7711,39.4839,1345,1015.7
RNO,3/10/2025 1:55,-119.7711,39.4839,1345,1016.2
RNO,3/10/2025 2:55,-119.7711,39.4839,1345,1017.4
RNO,3/10/2025 3:55,-119.7711,39.4839,1345,1017.2
RNO,3/10/2025 5:55,-119.7711,39.4839,1345,1017.2
RNO,3/10/2025 6:55,-119.7711,39.4839,1345,1016.6
RNO,3/10/2025 7:55,-119.7711,39.4839,1345,1015.8
RNO,3/10/2025 8:55,-119.7711,39.4839,1345,1015.4
RNO,3/10/2025 9:55,-119.7711,39.4839,1345,1015.1
RNO,3/10/2025 10:55,-119.7711,39.4839,1345,1014.5
RNO,3/10/2025 11:55,-119.7711,39.4839,1345,1014.3
RNO,3/10/2025 12:55,-119.7711,39.4839,1345,1014.6
RNO,3/10/2025 13:55,-119.7711,39.4839,1345,1015.3
RNO,3/10/2025 14:55,-119.7711,39.4839,1345,1016.1
RNO,3/10/2025 15:55,-119.7711,39.4839,1345,1016.1
RNO,3/10/2025 16:55,-119.7711,39.4839,1345,1016
RNO,3/10/2025 17:55,-119.7711,39.4839,1345,1015.5
RNO,3/10/2025 18:55,-119.7711,39.4839,1345,1014.2
RNO,3/10/2025 19:55,-119.7711,39.4839,1345,1013.4
RNO,3/10/2025 20:55,-119.7711,39.4839,1345,1012.3
RNO,3/10/2025 21:55,-119.7711,39.4839,1345,1011.4
RNO,3/10/2025 22:55,-119.7711,39.4839,1345,1010.1
RNO,3/10/2025 23:55,-119.7711,39.4839,1345,1009.3
RNO,3/11/2025 0:55,-119.7711,39.4839,1345,1009
RNO,3/11/2025 1:55,-119.7711,39.4839,1345,1009.1
RNO,3/11/2025 2:55,-119.7711,39.4839,1345,1009.3
RNO,3/11/2025 3:55,-119.7711,39.4839,1345,1009.7
RNO,3/11/2025 4:55,-119.7711,39.4839,1345,1009.7
RNO,3/11/2025 5:55,-119.7711,39.4839,1345,1009.6
RNO,3/11/2025 6:55,-119.7711,39.4839,1345,1009.4
RNO,3/11/2025 7:55,-119.7711,39.4839,1345,1009.6
RNO,3/11/2025 8:55,-119.7711,39.4839,1345,1009.4
RNO,3/11/2025 9:55,-119.7711,39.4839,1345,1009.1
RNO,3/11/2025 10:55,-119.7711,39.4839,1345,1008.8
RNO,3/11/2025 11:55,-119.7711,39.4839,1345,1008.4
RNO,3/11/2025 12:55,-119.7711,39.4839,1345,1008.3
RNO,3/11/2025 13:55,-119.7711,39.4839,1345,1008.4
RNO,3/11/2025 14:55,-119.7711,39.4839,1345,1009.1
RNO,3/11/2025 15:55,-119.7711,39.4839,1345,1008.8
RNO,3/11/2025 16:55,-119.7711,39.4839,1345,1008.4
RNO,3/11/2025 17:55,-119.7711,39.4839,1345,1007.5
RNO,3/11/2025 18:55,-119.7711,39.4839,1345,1006.4
RNO,3/11/2025 19:55,-119.7711,39.4839,1345,1005.4
RNO,3/11/2025 20:55,-119.7711,39.4839,1345,1004.3
RNO,3/11/2025 21:55,-119.7711,39.4839,1345,1002.9
RNO,3/11/2025 22:55,-119.7711,39.4839,1345,1002.6
RNO,3/11/2025 23:55,-119.7711,39.4839,1345,1002.6
RNO,3/12/2025 0:55,-119.7711,39.4839,1345,1003.2
RNO,3/12/2025 1:55,-119.7711,39.4839,1345,1004.2
RNO,3/12/2025 2:55,-119.7711,39.4839,1345,1005.1
RNO,3/12/2025 3:55,-119.7711,39.4839,1345,1005.3
RNO,3/12/2025 4:55,-119.7711,39.4839,1345,1005.5
RNO,3/12/2025 5:55,-119.7711,39.4839,1345,1005.4
RNO,3/12/2025 6:55,-119.7711,39.4839,1345,1005.1
RNO,3/12/2025 7:55,-119.7711,39.4839,1345,1004.4
RNO,3/12/2025 8:55,-119.7711,39.4839,1345,1004.5
RNO,3/12/2025 9:55,-119.7711,39.4839,1345,1003.4
RNO,3/12/2025 10:55,-119.7711,39.4839,1345,1003.5
RNO,3/12/2025 11:55,-119.7711,39.4839,1345,1003.3
RNO,3/12/2025 12:55,-119.7711,39.4839,1345,1003.1
RNO,3/12/2025 13:55,-119.7711,39.4839,1345,1003.3
RNO,3/12/2025 14:55,-119.7711,39.4839,1345,1003.3
RNO,3/12/2025 15:55,-119.7711,39.4839,1345,1003
RNO,3/12/2025 16:55,-119.7711,39.4839,1345,1002.7
RNO,3/12/2025 17:55,-119.7711,39.4839,1345,1002
RNO,3/12/2025 18:55,-119.7711,39.4839,1345,1000.8
RNO,3/12/2025 19:55,-119.7711,39.4839,1345,999.8
RNO,3/12/2025 20:55,-119.7711,39.4839,1345,999.3
RNO,3/12/2025 21:55,-119.7711,39.4839,1345,998.2
RNO,3/12/2025 22:55,-119.7711,39.4839,1345,997.6
RNO,3/12/2025 23:55,-119.7711,39.4839,1345,997
RNO,3/13/2025 0:55,-119.7711,39.4839,1345,997.9
RNO,3/13/2025 1:55,-119.7711,39.4839,1345,998.9
RNO,3/13/2025 2:06,-119.7711,39.4839,1345,M
RNO,3/13/2025 2:27,-119.7711,39.4839,1345,M
RNO,3/13/2025 2:34,-119.7711,39.4839,1345,M
RNO,3/13/2025 2:55,-119.7711,39.4839,1345,1000.8
RNO,3/13/2025 3:55,-119.7711,39.4839,1345,1001.2
RNO,3/13/2025 4:55,-119.7711,39.4839,1345,1001.8
RNO,3/13/2025 5:43,-119.7711,39.4839,1345,M
RNO,3/13/2025 5:55,-119.7711,39.4839,1345,1002.9
RNO,3/13/2025 5:57,-119.7711,39.4839,1345,M
RNO,3/13/2025 6:03,-119.7711,39.4839,1345,M
RNO,3/13/2025 6:10,-119.7711,39.4839,1345,M
RNO,3/13/2025 6:24,-119.7711,39.4839,1345,M
RNO,3/13/2025 6:36,-119.7711,39.4839,1345,M
RNO,3/13/2025 6:43,-119.7711,39.4839,1345,M
RNO,3/13/2025 6:55,-119.7711,39.4839,1345,1002.8
RNO,3/13/2025 7:00,-119.7711,39.4839,1345,M
RNO,3/13/2025 7:15,-119.7711,39.4839,1345,M
RNO,3/13/2025 7:31,-119.7711,39.4839,1345,M
RNO,3/13/2025 7:55,-119.7711,39.4839,1345,1002.8
RNO,3/13/2025 8:55,-119.7711,39.4839,1345,1002.3
RNO,3/13/2025 9:28,-119.7711,39.4839,1345,M
RNO,3/13/2025 9:55,-119.7711,39.4839,1345,1002.1
RNO,3/13/2025 10:55,-119.7711,39.4839,1345,1002
RNO,3/13/2025 11:55,-119.7711,39.4839,1345,1002.3
RNO,3/13/2025 12:55,-119.7711,39.4839,1345,1002.9
RNO,3/13/2025 13:19,-119.7711,39.4839,1345,M
RNO,3/13/2025 13:55,-119.7711,39.4839,1345,1003
RNO,3/13/2025 14:55,-119.7711,39.4839,1345,1003.4
RNO,3/13/2025 15:55,-119.7711,39.4839,1345,1003.3
RNO,3/13/2025 16:55,-119.7711,39.4839,1345,1003.5
RNO,3/13/2025 17:55,-119.7711,39.4839,1345,1003.3
RNO,3/13/2025 18:55,-119.7711,39.4839,1345,1003
RNO,3/13/2025 19:55,-119.7711,39.4839,1345,1002.9
RNO,3/13/2025 20:55,-119.7711,39.4839,1345,1001.9
RNO,3/13/2025 21:55,-119.7711,39.4839,1345,1002.7
RNO,3/13/2025 22:55,-119.7711,39.4839,1345,1003
RNO,3/13/2025 23:55,-119.7711,39.4839,1345,1003.6
RNO,3/14/2025 0:55,-119.7711,39.4839,1345,1003.9
RNO,3/14/2025 1:55,-119.7711,39.4839,1345,1005
RNO,3/14/2025 2:55,-119.7711,39.4839,1345,1005.8
RNO,3/14/2025 3:55,-119.7711,39.4839,1345,1006.3
RNO,3/14/2025 4:55,-119.7711,39.4839,1345,1007.1
RNO,3/14/2025 5:55,-119.7711,39.4839,1345,1006.5
RNO,3/14/2025 6:55,-119.7711,39.4839,1345,1006.5
RNO,3/14/2025 7:55,-119.7711,39.4839,1345,1006.1
RNO,3/14/2025 8:55,-119.7711,39.4839,1345,1006.4
RNO,3/14/2025 9:55,-119.7711,39.4839,1345,1005.9
RNO,3/14/2025 10:55,-119.7711,39.4839,1345,1005.3
RNO,3/14/2025 11:55,-119.7711,39.4839,1345,1004.4
RNO,3/14/2025 12:55,-119.7711,39.4839,1345,1004.4
RNO,3/14/2025 13:55,-119.7711,39.4839,1345,1004.9
RNO,3/14/2025 14:55,-119.7711,39.4839,1345,1004.7
RNO,3/14/2025 15:55,-119.7711,39.4839,1345,1004
RNO,3/14/2025 16:55,-119.7711,39.4839,1345,1003.3
RNO,3/14/2025 17:55,-119.7711,39.4839,1345,1002.1
RNO,3/14/2025 18:55,-119.7711,39.4839,1345,1002.2
RNO,3/14/2025 19:22,-119.7711,39.4839,1345,M
RNO,3/14/2025 19:31,-119.7711,39.4839,1345,M
RNO,3/14/2025 19:55,-119.7711,39.4839,1345,1002.8
RNO,3/14/2025 20:55,-119.7711,39.4839,1345,1001.8
RNO,3/14/2025 21:55,-119.7711,39.4839,1345,1001.6
RNO,3/14/2025 22:55,-119.7711,39.4839,1345,1002.1
RNO,3/14/2025 23:55,-119.7711,39.4839,1345,1003.1
RNO,3/15/2025 0:55,-119.7711,39.4839,1345,1004.1
RNO,3/15/2025 1:55,-119.7711,39.4839,1345,1005.9
RNO,3/15/2025 2:55,-119.7711,39.4839,1345,1007.7
RNO,3/15/2025 3:55,-119.7711,39.4839,1345,1008
RNO,3/15/2025 4:55,-119.7711,39.4839,1345,1008.5
RNO,3/15/2025 5:55,-119.7711,39.4839,1345,1008.8
RNO,3/15/2025 6:55,-119.7711,39.4839,1345,1009.3
RNO,3/15/2025 7:55,-119.7711,39.4839,1345,1009.3
RNO,3/15/2025 8:55,-119.7711,39.4839,1345,1009.5
RNO,3/15/2025 9:55,-119.7711,39.4839,1345,1009.4
RNO,3/15/2025 10:55,-119.7711,39.4839,1345,1009.6
RNO,3/15/2025 11:55,-119.7711,39.4839,1345,1010
RNO,3/15/2025 12:55,-119.7711,39.4839,1345,1010.6
RNO,3/15/2025 13:55,-119.7711,39.4839,1345,1011.7
RNO,3/15/2025 14:55,-119.7711,39.4839,1345,1013.3
RNO,3/15/2025 15:55,-119.7711,39.4839,1345,1013.6
RNO,3/15/2025 16:55,-119.7711,39.4839,1345,1014
RNO,3/15/2025 17:55,-119.7711,39.4839,1345,1013.8
RNO,3/15/2025 18:55,-119.7711,39.4839,1345,1014.2
RNO,3/15/2025 19:55,-119.7711,39.4839,1345,1013.3
RNO,3/15/2025 20:55,-119.7711,39.4839,1345,1013.3
RNO,3/15/2025 21:55,-119.7711,39.4839,1345,1013.4
RNO,3/15/2025 22:55,-119.7711,39.4839,1345,1013.5
RNO,3/15/2025 23:26,-119.7711,39.4839,1345,M
RNO,3/15/2025 23:55,-119.7711,39.4839,1345,1013.3
RNO,3/16/2025 0:55,-119.7711,39.4839,1345,1014.3
RNO,3/16/2025 1:55,-119.7711,39.4839,1345,1014.6
RNO,3/16/2025 2:55,-119.7711,39.4839,1345,1015.8
RNO,3/16/2025 3:55,-119.7711,39.4839,1345,1016.2
RNO,3/16/2025 4:55,-119.7711,39.4839,1345,1016.5
RNO,3/16/2025 5:55,-119.7711,39.4839,1345,1016.2
RNO,3/16/2025 6:55,-119.7711,39.4839,1345,1015.9
RNO,3/16/2025 7:55,-119.7711,39.4839,1345,1015.8
RNO,3/16/2025 8:55,-119.7711,39.4839,1345,1015.1
RNO,3/16/2025 9:55,-119.7711,39.4839,1345,1015.1
RNO,3/16/2025 10:55,-119.7711,39.4839,1345,1013.6
RNO,3/16/2025 11:55,-119.7711,39.4839,1345,1012.5
RNO,3/16/2025 12:55,-119.7711,39.4839,1345,1012.4
RNO,3/16/2025 13:55,-119.7711,39.4839,1345,1012.2
RNO,3/16/2025 14:55,-119.7711,39.4839,1345,1012.6
RNO,3/16/2025 15:55,-119.7711,39.4839,1345,1012.3
RNO,3/16/2025 16:55,-119.7711,39.4839,1345,1012
RNO,3/16/2025 17:55,-119.7711,39.4839,1345,1010.5
RNO,3/16/2025 18:55,-119.7711,39.4839,1345,1010
RNO,3/16/2025 19:55,-119.7711,39.4839,1345,1010.2
RNO,3/16/2025 20:55,-119.7711,39.4839,1345,1010.3
RNO,3/16/2025 21:55,-119.7711,39.4839,1345,1009.9
RNO,3/16/2025 22:55,-119.7711,39.4839,1345,1008.7
RNO,3/16/2025 23:55,-119.7711,39.4839,1345,1007.7
RNO,3/17/2025 0:55,-119.7711,39.4839,1345,1007.2
RNO,3/17/2025 1:55,-119.7711,39.4839,1345,1008.4
RNO,3/17/2025 2:55,-119.7711,39.4839,1345,1008.5
RNO,3/17/2025 3:55,-119.7711,39.4839,1345,1009.1
RNO,3/17/2025 4:55,-119.7711,39.4839,1345,1007.4
RNO,3/17/2025 5:55,-119.7711,39.4839,1345,1007.3
RNO,3/17/2025 6:55,-119.7711,39.4839,1345,1007.9
RNO,3/17/2025 7:55,-119.7711,39.4839,1345,1009.8
RNO,3/17/2025 8:55,-119.7711,39.4839,1345,1010.2
RNO,3/17/2025 9:55,-119.7711,39.4839,1345,1009.8
RNO,3/17/2025 10:55,-119.7711,39.4839,1345,1009.3
RNO,3/17/2025 11:55,-119.7711,39.4839,1345,1008.3
RNO,3/17/2025 12:44,-119.7711,39.4839,1345,M
RNO,3/17/2025 12:55,-119.7711,39.4839,1345,1009.2
RNO,3/17/2025 13:21,-119.7711,39.4839,1345,M
RNO,3/17/2025 13:55,-119.7711,39.4839,1345,1009.3
RNO,3/17/2025 14:17,-119.7711,39.4839,1345,M
RNO,3/17/2025 14:55,-119.7711,39.4839,1345,1009.9
RNO,3/17/2025 15:55,-119.7711,39.4839,1345,1010
RNO,3/17/2025 16:55,-119.7711,39.4839,1345,1010.1
RNO,3/17/2025 17:55,-119.7711,39.4839,1345,1009.8
RNO,3/17/2025 18:55,-119.7711,39.4839,1345,1010.9
RNO,3/17/2025 19:55,-119.7711,39.4839,1345,1011.1
RNO,3/17/2025 20:55,-119.7711,39.4839,1345,1010.3
RNO,3/17/2025 21:17,-119.7711,39.4839,1345,M
RNO,3/17/2025 21:45,-119.7711,39.4839,1345,M
RNO,3/17/2025 21:55,-119.7711,39.4839,1345,1010.1
RNO,3/17/2025 22:55,-119.7711,39.4839,1345,1010.4
RNO,3/17/2025 23:55,-119.7711,39.4839,1345,1010.7
RNO,3/18/2025 0:55,-119.7711,39.4839,1345,1011.2
RNO,3/18/2025 1:34,-119.7711,39.4839,1345,M
RNO,3/18/2025 1:55,-119.7711,39.4839,1345,1012.4
RNO,3/18/2025 2:55,-119.7711,39.4839,1345,1013.2
RNO,3/18/2025 3:55,-119.7711,39.4839,1345,1014.2
RNO,3/18/2025 4:55,-119.7711,39.4839,1345,1015.5
RNO,3/18/2025 5:55,-119.7711,39.4839,1345,1016
RNO,3/18/2025 6:55,-119.7711,39.4839,1345,1016.5
RNO,3/18/2025 7:55,-119.7711,39.4839,1345,1017.8
RNO,3/18/2025 8:55,-119.7711,39.4839,1345,1018.5
RNO,3/18/2025 9:55,-119.7711,39.4839,1345,1020
RNO,3/18/2025 10:55,-119.7711,39.4839,1345,1020.7
RNO,3/18/2025 11:55,-119.7711,39.4839,1345,1021.8
RNO,3/18/2025 12:55,-119.7711,39.4839,1345,1023
RNO,3/18/2025 13:55,-119.7711,39.4839,1345,1024.4
RNO,3/18/2025 14:55,-119.7711,39.4839,1345,1025.4
RNO,3/18/2025 15:55,-119.7711,39.4839,1345,1026.2
RNO,3/18/2025 16:55,-119.7711,39.4839,1345,1026.5
RNO,3/18/2025 17:55,-119.7711,39.4839,1345,1027
RNO,3/18/2025 18:55,-119.7711,39.4839,1345,1026.6
RNO,3/18/2025 19:55,-119.7711,39.4839,1345,1026.3
RNO,3/18/2025 20:55,-119.7711,39.4839,1345,1025.5
RNO,3/18/2025 21:55,-119.7711,39.4839,1345,1025.3
RNO,3/18/2025 22:55,-119.7711,39.4839,1345,1025.5
RNO,3/18/2025 23:55,-119.7711,39.4839,1345,1025.5
RNO,3/19/2025 0:55,-119.7711,39.4839,1345,1025.9
RNO,3/19/2025 1:55,-119.7711,39.4839,1345,1026.5
RNO,3/19/2025 2:55,-119.7711,39.4839,1345,1027.6
RNO,3/19/2025 3:55,-119.7711,39.4839,1345,1028.7
RNO,3/19/2025 4:55,-119.7711,39.4839,1345,1029.1
RNO,3/19/2025 5:55,-119.7711,39.4839,1345,1028.9
RNO,3/19/2025 6:55,-119.7711,39.4839,1345,1029.6
RNO,3/19/2025 7:55,-119.7711,39.4839,1345,1029.3
RNO,3/19/2025 8:55,-119.7711,39.4839,1345,1029.3
RNO,3/19/2025 9:55,-119.7711,39.4839,1345,1028.9
RNO,3/19/2025 10:55,-119.7711,39.4839,1345,1028.6
RNO,3/19/2025 11:55,-119.7711,39.4839,1345,1028.2
RNO,3/19/2025 12:55,-119.7711,39.4839,1345,1028.2
RNO,3/19/2025 13:55,-119.7711,39.4839,1345,1028.3
RNO,3/19/2025 14:55,-119.7711,39.4839,1345,1028.5
RNO,3/19/2025 15:55,-119.7711,39.4839,1345,1027.9
RNO,3/19/2025 16:55,-119.7711,39.4839,1345,1027.4
RNO,3/19/2025 17:55,-119.7711,39.4839,1345,1026.4
RNO,3/19/2025 18:55,-119.7711,39.4839,1345,1025.2
RNO,3/19/2025 19:55,-119.7711,39.4839,1345,1024
RNO,3/19/2025 20:55,-119.7711,39.4839,1345,1022.7
RNO,3/19/2025 21:55,-119.7711,39.4839,1345,1021.9
RNO,3/19/2025 22:53,-119.7711,39.4839,1345,M
RNO,3/19/2025 22:55,-119.7711,39.4839,1345,1019.6
RNO,3/19/2025 23:55,-119.7711,39.4839,1345,1019.4
RNO,3/20/2025 0:55,-119.7711,39.4839,1345,1018.4
RNO,3/20/2025 1:55,-119.7711,39.4839,1345,1018.2
RNO,3/20/2025 2:55,-119.7711,39.4839,1345,1018.3
RNO,3/20/2025 3:55,-119.7711,39.4839,1345,1018.5
RNO,3/20/2025 4:55,-119.7711,39.4839,1345,1017.8
RNO,3/20/2025 5:55,-119.7711,39.4839,1345,1016.9
RNO,3/20/2025 6:55,-119.7711,39.4839,1345,1017.3
RNO,3/20/2025 7:11,-119.7711,39.4839,1345,M
RNO,3/20/2025 7:55,-119.7711,39.4839,1345,1018.5
RNO,3/20/2025 8:55,-119.7711,39.4839,1345,1019.4
RNO,3/20/2025 9:55,-119.7711,39.4839,1345,1019.4
RNO,3/20/2025 10:55,-119.7711,39.4839,1345,1019
RNO,3/20/2025 11:55,-119.7711,39.4839,1345,1019.7
RNO,3/20/2025 12:55,-119.7711,39.4839,1345,1020.6
RNO,3/20/2025 13:55,-119.7711,39.4839,1345,1021.3
RNO,3/20/2025 14:55,-119.7711,39.4839,1345,1022.1
RNO,3/20/2025 15:55,-119.7711,39.4839,1345,1022.6
RNO,3/20/2025 16:55,-119.7711,39.4839,1345,1023.3
RNO,3/20/2025 17:55,-119.7711,39.4839,1345,1022.6
RNO,3/20/2025 18:55,-119.7711,39.4839,1345,1022
RNO,3/20/2025 19:55,-119.7711,39.4839,1345,1021.1
RNO,3/20/2025 20:55,-119.7711,39.4839,1345,1020.1
RNO,3/20/2025 21:55,-119.7711,39.4839,1345,1018.6
RNO,3/20/2025 22:55,-119.7711,39.4839,1345,1018.1
RNO,3/20/2025 23:55,-119.7711,39.4839,1345,1017.5
RNO,3/21/2025 0:55,-119.7711,39.4839,1345,1017.8
RNO,3/21/2025 1:55,-119.7711,39.4839,1345,1018.1
RNO,3/21/2025 2:55,-119.7711,39.4839,1345,1018.6
RNO,3/21/2025 3:55,-119.7711,39.4839,1345,1019.1
RNO,3/21/2025 4:55,-119.7711,39.4839,1345,1019.6
RNO,3/21/2025 5:55,-119.7711,39.4839,1345,1019.8
RNO,3/21/2025 6:55,-119.7711,39.4839,1345,1020
RNO,3/21/2025 7:55,-119.7711,39.4839,1345,1019.9
RNO,3/21/2025 8:55,-119.7711,39.4839,1345,1019.9
RNO,3/21/2025 9:55,-119.7711,39.4839,1345,1019.6
RNO,3/21/2025 10:55,-119.7711,39.4839,1345,1019.1
RNO,3/21/2025 11:55,-119.7711,39.4839,1345,1018.8
RNO,3/21/2025 12:55,-119.7711,39.4839,1345,1018.5
RNO,3/21/2025 13:55,-119.7711,39.4839,1345,1019.2
RNO,3/21/2025 14:55,-119.7711,39.4839,1345,1019.3
RNO,3/21/2025 15:55,-119.7711,39.4839,1345,1019
RNO,3/21/2025 16:55,-119.7711,39.4839,1345,1019.5
RNO,3/21/2025 17:55,-119.7711,39.4839,1345,1018.9
RNO,3/21/2025 18:55,-119.7711,39.4839,1345,1017.8
RNO,3/21/2025 19:55,-119.7711,39.4839,1345,1016.5
RNO,3/21/2025 20:55,-119.7711,39.4839,1345,1015.7
RNO,3/21/2025 21:55,-119.7711,39.4839,1345,1014.9
RNO,3/21/2025 22:55,-119.7711,39.4839,1345,1015.2
RNO,3/21/2025 23:55,-119.7711,39.4839,1345,1014.6
RNO,3/22/2025 0:55,-119.7711,39.4839,1345,1015.6
RNO,3/22/2025 1:55,-119.7711,39.4839,1345,1016.7
RNO,3/22/2025 2:55,-119.7711,39.4839,1345,1016.5
RNO,3/22/2025 3:55,-119.7711,39.4839,1345,1016.9
RNO,3/22/2025 4:55,-119.7711,39.4839,1345,1017.8
RNO,3/22/2025 5:55,-119.7711,39.4839,1345,1018.2
RNO,3/22/2025 6:55,-119.7711,39.4839,1345,1018.3
RNO,3/22/2025 7:55,-119.7711,39.4839,1345,1018.1
RNO,3/22/2025 8:55,-119.7711,39.4839,1345,1018
RNO,3/22/2025 9:55,-119.7711,39.4839,1345,1017.1
RNO,3/22/2025 10:55,-119.7711,39.4839,1345,1017.3
RNO,3/22/2025 11:55,-119.7711,39.4839,1345,1017.3
RNO,3/22/2025 12:55,-119.7711,39.4839,1345,1017.7
RNO,3/22/2025 13:55,-119.7711,39.4839,1345,1018.6
RNO,3/22/2025 14:55,-119.7711,39.4839,1345,1019.5
RNO,3/22/2025 15:55,-119.7711,39.4839,1345,1019.6
RNO,3/22/2025 16:55,-119.7711,39.4839,1345,1019.3
RNO,3/22/2025 17:55,-119.7711,39.4839,1345,1018.9
RNO,3/22/2025 18:55,-119.7711,39.4839,1345,1018.1
RNO,3/22/2025 19:55,-119.7711,39.4839,1345,1017.6
RNO,3/22/2025 20:55,-119.7711,39.4839,1345,1016.6
RNO,3/22/2025 21:55,-119.7711,39.4839,1345,1016
RNO,3/22/2025 22:55,-119.7711,39.4839,1345,1016.2
RNO,3/22/2025 23:55,-119.7711,39.4839,1345,1016.6
RNO,3/23/2025 0:55,-119.7711,39.4839,1345,1016.8
RNO,3/23/2025 1:55,-119.7711,39.4839,1345,1017.5
RNO,3/23/2025 2:55,-119.7711,39.4839,1345,1018
RNO,3/23/2025 3:55,-119.7711,39.4839,1345,1018.7
RNO,3/23/2025 4:55,-119.7711,39.4839,1345,1019.1
RNO,3/23/2025 5:55,-119.7711,39.4839,1345,1019.3
RNO,3/23/2025 6:55,-119.7711,39.4839,1345,1020.2
RNO,3/23/2025 7:55,-119.7711,39.4839,1345,1020
RNO,3/23/2025 8:55,-119.7711,39.4839,1345,1020.4
RNO,3/23/2025 9:55,-119.7711,39.4839,1345,1020.4
RNO,3/23/2025 10:55,-119.7711,39.4839,1345,1020.5
RNO,3/23/2025 11:55,-119.7711,39.4839,1345,1021
RNO,3/23/2025 12:55,-119.7711,39.4839,1345,1021.1
RNO,3/23/2025 13:55,-119.7711,39.4839,1345,1021.8
RNO,3/23/2025 14:55,-119.7711,39.4839,1345,1022.5
RNO,3/23/2025 15:55,-119.7711,39.4839,1345,1023
RNO,3/23/2025 16:55,-119.7711,39.4839,1345,1022.8
RNO,3/23/2025 17:55,-119.7711,39.4839,1345,1022.4
RNO,3/23/2025 18:55,-119.7711,39.4839,1345,1021.5
RNO,3/23/2025 19:55,-119.7711,39.4839,1345,1020.8
RNO,3/23/2025 20:55,-119.7711,39.4839,1345,1020
RNO,3/23/2025 21:55,-119.7711,39.4839,1345,1019.9
RNO,3/23/2025 22:55,-119.7711,39.4839,1345,1019.5
RNO,3/23/2025 23:55,-119.7711,39.4839,1345,1019.6
RNO,3/24/2025 0:55,-119.7711,39.4839,1345,1019.5
RNO,3/24/2025 1:55,-119.7711,39.4839,1345,1020.3
RNO,3/24/2025 2:55,-119.7711,39.4839,1345,1021.5
RNO,3/24/2025 3:55,-119.7711,39.4839,1345,1022.5
RNO,3/24/2025 4:55,-119.7711,39.4839,1345,1022.8
RNO,3/24/2025 5:55,-119.7711,39.4839,1345,1023.1
RNO,3/24/2025 6:55,-119.7711,39.4839,1345,1023.4
RNO,3/24/2025 7:55,-119.7711,39.4839,1345,1023.1
RNO,3/24/2025 8:55,-119.7711,39.4839,1345,1023.2
RNO,3/24/2025 9:55,-119.7711,39.4839,1345,1023.3
RNO,3/24/2025 10:55,-119.7711,39.4839,1345,1023.2
RNO,3/24/2025 11:55,-119.7711,39.4839,1345,1023.5
RNO,3/24/2025 12:55,-119.7711,39.4839,1345,1023.6
RNO,3/24/2025 13:55,-119.7711,39.4839,1345,1024.2
RNO,3/24/2025 14:55,-119.7711,39.4839,1345,1025.3
RNO,3/24/2025 15:55,-119.7711,39.4839,1345,1025.3
RNO,3/24/2025 16:55,-119.7711,39.4839,1345,1024.9
RNO,3/24/2025 17:55,-119.7711,39.4839,1345,1024.3
RNO,3/24/2025 18:55,-119.7711,39.4839,1345,1023.4
RNO,3/24/2025 19:55,-119.7711,39.4839,1345,1022.6
RNO,3/24/2025 20:55,-119.7711,39.4839,1345,1021.6
RNO,3/24/2025 21:55,-119.7711,39.4839,1345,1020.7
RNO,3/24/2025 22:55,-119.7711,39.4839,1345,1020.1
RNO,3/24/2025 23:55,-119.7711,39.4839,1345,1020
RNO,3/25/2025 0:55,-119.7711,39.4839,1345,1019.5
RNO,3/25/2025 1:55,-119.7711,39.4839,1345,1019.9
RNO,3/25/2025 2:55,-119.7711,39.4839,1345,1020.8
RNO,3/25/2025 3:55,-119.7711,39.4839,1345,1021.4
RNO,3/25/2025 4:55,-119.7711,39.4839,1345,1021.6
RNO,3/25/2025 5:55,-119.7711,39.4839,1345,1021.5
RNO,3/25/2025 6:55,-119.7711,39.4839,1345,1021.3
RNO,3/25/2025 7:55,-119.7711,39.4839,1345,1021
RNO,3/25/2025 8:55,-119.7711,39.4839,1345,1020.9
RNO,3/25/2025 9:55,-119.7711,39.4839,1345,1020.5
RNO,3/25/2025 10:55,-119.7711,39.4839,1345,1020.4
RNO,3/25/2025 11:55,-119.7711,39.4839,1345,1020.1
RNO,3/25/2025 12:55,-119.7711,39.4839,1345,1020.5
RNO,3/25/2025 13:55,-119.7711,39.4839,1345,1020.3
RNO,3/25/2025 14:55,-119.7711,39.4839,1345,1020.7
RNO,3/25/2025 15:55,-119.7711,39.4839,1345,1020.2
RNO,3/25/2025 16:55,-119.7711,39.4839,1345,1020
RNO,3/25/2025 17:55,-119.7711,39.4839,1345,1019.2
RNO,3/25/2025 18:55,-119.7711,39.4839,1345,1017.9
RNO,3/25/2025 19:55,-119.7711,39.4839,1345,1016.7
RNO,3/25/2025 20:55,-119.7711,39.4839,1345,1015.4
RNO,3/25/2025 21:55,-119.7711,39.4839,1345,1014.2
RNO,3/25/2025 22:55,-119.7711,39.4839,1345,1013.8
RNO,3/25/2025 23:55,-119.7711,39.4839,1345,1013.2
RNO,3/26/2025 0:55,-119.7711,39.4839,1345,1013.3
RNO,3/26/2025 1:55,-119.7711,39.4839,1345,1013.6
RNO,3/26/2025 2:55,-119.7711,39.4839,1345,1014.3
RNO,3/26/2025 3:55,-119.7711,39.4839,1345,1015
RNO,3/26/2025 4:55,-119.7711,39.4839,1345,1014.8
RNO,3/26/2025 5:55,-119.7711,39.4839,1345,1014.5
RNO,3/26/2025 6:55,-119.7711,39.4839,1345,1014.5
RNO,3/26/2025 7:55,-119.7711,39.4839,1345,1014.1
RNO,3/26/2025 8:55,-119.7711,39.4839,1345,1014.4
RNO,3/26/2025 9:55,-119.7711,39.4839,1345,1013.8
RNO,3/26/2025 10:55,-119.7711,39.4839,1345,1013.6
RNO,3/26/2025 11:55,-119.7711,39.4839,1345,1013.8
RNO,3/26/2025 12:55,-119.7711,39.4839,1345,1013.5
RNO,3/26/2025 13:55,-119.7711,39.4839,1345,1013.6
RNO,3/26/2025 14:55,-119.7711,39.4839,1345,1014
RNO,3/26/2025 15:55,-119.7711,39.4839,1345,1013.5
RNO,3/26/2025 16:55,-119.7711,39.4839,1345,1012.7
RNO,3/26/2025 17:55,-119.7711,39.4839,1345,1011.8
RNO,3/26/2025 18:55,-119.7711,39.4839,1345,1010.4
RNO,3/26/2025 19:55,-119.7711,39.4839,1345,1009.1
RNO,3/26/2025 20:55,-119.7711,39.4839,1345,1008.3
RNO,3/26/2025 21:55,-119.7711,39.4839,1345,1008.2
RNO,3/26/2025 22:55,-119.7711,39.4839,1345,1008.6
RNO,3/26/2025 23:55,-119.7711,39.4839,1345,1008.9
RNO,3/27/2025 0:55,-119.7711,39.4839,1345,1009
RNO,3/27/2025 1:55,-119.7711,39.4839,1345,1009.8
RNO,3/27/2025 2:55,-119.7711,39.4839,1345,1010.5
RNO,3/27/2025 3:55,-119.7711,39.4839,1345,1010.4
RNO,3/27/2025 4:55,-119.7711,39.4839,1345,1010
RNO,3/27/2025 5:55,-119.7711,39.4839,1345,1008.9
RNO,3/27/2025 6:55,-119.7711,39.4839,1345,1008.4
RNO,3/27/2025 7:55,-119.7711,39.4839,1345,1008.1
RNO,3/27/2025 8:55,-119.7711,39.4839,1345,1008
RNO,3/27/2025 9:55,-119.7711,39.4839,1345,1007.5
RNO,3/27/2025 10:55,-119.7711,39.4839,1345,1007.8
RNO,3/27/2025 11:55,-119.7711,39.4839,1345,1008.6
RNO,3/27/2025 12:55,-119.7711,39.4839,1345,1007.9
RNO,3/27/2025 13:55,-119.7711,39.4839,1345,1008.3
RNO,3/27/2025 14:55,-119.7711,39.4839,1345,1008
RNO,3/27/2025 15:55,-119.7711,39.4839,1345,1007.2
RNO,3/27/2025 16:55,-119.7711,39.4839,1345,1007.1
RNO,3/27/2025 17:55,-119.7711,39.4839,1345,1006.9
RNO,3/27/2025 18:55,-119.7711,39.4839,1345,1007.1
RNO,3/27/2025 19:55,-119.7711,39.4839,1345,1007.2
RNO,3/27/2025 20:55,-119.7711,39.4839,1345,1008.4
RNO,3/27/2025 21:29,-119.7711,39.4839,1345,M
RNO,3/27/2025 21:55,-119.7711,39.4839,1345,1008.3
RNO,3/27/2025 22:55,-119.7711,39.4839,1345,1008.1
RNO,3/27/2025 23:55,-119.7711,39.4839,1345,1008.3
RNO,3/28/2025 0:55,-119.7711,39.4839,1345,1008.9
RNO,3/28/2025 1:55,-119.7711,39.4839,1345,1008.4
RNO,3/28/2025 2:55,-119.7711,39.4839,1345,1009.1
RNO,3/28/2025 3:55,-119.7711,39.4839,1345,1009.6
RNO,3/28/2025 4:55,-119.7711,39.4839,1345,1008.7
RNO,3/28/2025 5:55,-119.7711,39.4839,1345,1009.4
RNO,3/28/2025 6:55,-119.7711,39.4839,1345,1009.7
RNO,3/28/2025 7:55,-119.7711,39.4839,1345,1010.4
RNO,3/28/2025 8:55,-119.7711,39.4839,1345,1010.5
RNO,3/28/2025 9:55,-119.7711,39.4839,1345,1010.2
RNO,3/28/2025 10:55,-119.7711,39.4839,1345,1010.3
RNO,3/28/2025 11:55,-119.7711,39.4839,1345,1010.8
RNO,3/28/2025 12:55,-119.7711,39.4839,1345,1011.3
RNO,3/28/2025 13:55,-119.7711,39.4839,1345,1012
RNO,3/28/2025 14:55,-119.7711,39.4839,1345,1012.9
RNO,3/28/2025 15:55,-119.7711,39.4839,1345,1012.9
RNO,3/28/2025 16:55,-119.7711,39.4839,1345,1012.8
RNO,3/28/2025 17:55,-119.7711,39.4839,1345,1012.6
RNO,3/28/2025 18:55,-119.7711,39.4839,1345,1011.6
RNO,3/28/2025 19:01,-119.7711,39.4839,1345,M
RNO,3/28/2025 19:55,-119.7711,39.4839,1345,1010.9
RNO,3/28/2025 20:55,-119.7711,39.4839,1345,1010
RNO,3/28/2025 21:55,-119.7711,39.4839,1345,1009.9
RNO,3/28/2025 22:30,-119.7711,39.4839,1345,M
RNO,3/28/2025 22:55,-119.7711,39.4839,1345,1009.9
RNO,3/28/2025 23:55,-119.7711,39.4839,1345,1010
RNO,3/29/2025 0:55,-119.7711,39.4839,1345,1010.4
RNO,3/29/2025 1:55,-119.7711,39.4839,1345,1010.7
RNO,3/29/2025 2:55,-119.7711,39.4839,1345,1011.4
RNO,3/29/2025 3:55,-119.7711,39.4839,1345,1011.9
RNO,3/29/2025 4:55,-119.7711,39.4839,1345,1011.9
RNO,3/29/2025 5:55,-119.7711,39.4839,1345,1011.8
RNO,3/29/2025 6:55,-119.7711,39.4839,1345,1012.2
RNO,3/29/2025 7:55,-119.7711,39.4839,1345,1012.3
RNO,3/29/2025 8:55,-119.7711,39.4839,1345,1012.6
RNO,3/29/2025 9:55,-119.7711,39.4839,1345,1012.9
RNO,3/29/2025 10:55,-119.7711,39.4839,1345,1013.2
RNO,3/29/2025 11:55,-119.7711,39.4839,1345,1013.9
RNO,3/29/2025 12:55,-119.7711,39.4839,1345,1014.7
RNO,3/29/2025 13:55,-119.7711,39.4839,1345,1015.1
RNO,3/29/2025 14:55,-119.7711,39.4839,1345,1015.7
RNO,3/29/2025 15:55,-119.7711,39.4839,1345,1015.4
RNO,3/29/2025 16:55,-119.7711,39.4839,1345,1015.7
RNO,3/29/2025 17:55,-119.7711,39.4839,1345,1015.5
RNO,3/29/2025 18:55,-119.7711,39.4839,1345,1015
RNO,3/29/2025 19:55,-119.7711,39.4839,1345,1014
RNO,3/29/2025 20:55,-119.7711,39.4839,1345,1012.8
RNO,3/29/2025 21:55,-119.7711,39.4839,1345,1011.4
RNO,3/29/2025 22:55,-119.7711,39.4839,1345,1010.5
RNO,3/29/2025 23:55,-119.7711,39.4839,1345,1010.6
RNO,3/30/2025 0:55,-119.7711,39.4839,1345,1010.6
RNO,3/30/2025 1:55,-119.7711,39.4839,1345,1010.7
RNO,3/30/2025 2:55,-119.7711,39.4839,1345,1011.2
RNO,3/30/2025 3:55,-119.7711,39.4839,1345,1011.3
RNO,3/30/2025 4:55,-119.7711,39.4839,1345,1011.2
RNO,3/30/2025 5:55,-119.7711,39.4839,1345,1011.1
RNO,3/30/2025 6:55,-119.7711,39.4839,1345,1010.6
RNO,3/30/2025 7:55,-119.7711,39.4839,1345,1009.8
RNO,3/30/2025 8:55,-119.7711,39.4839,1345,1008.6
RNO,3/30/2025 9:55,-119.7711,39.4839,1345,1008.3
RNO,3/30/2025 10:55,-119.7711,39.4839,1345,1007.7
RNO,3/30/2025 11:55,-119.7711,39.4839,1345,1007.6
RNO,3/30/2025 12:55,-119.7711,39.4839,1345,1007
RNO,3/30/2025 13:55,-119.7711,39.4839,1345,1007.1
RNO,3/30/2025 14:55,-119.7711,39.4839,1345,1007.3
RNO,3/30/2025 15:55,-119.7711,39.4839,1345,1008
RNO,3/30/2025 16:55,-119.7711,39.4839,1345,1008
RNO,3/30/2025 17:55,-119.7711,39.4839,1345,1007.1
RNO,3/30/2025 18:55,-119.7711,39.4839,1345,1005.6
RNO,3/30/2025 19:55,-119.7711,39.4839,1345,1005.6
RNO,3/30/2025 20:55,-119.7711,39.4839,1345,1005.9
RNO,3/30/2025 21:55,-119.7711,39.4839,1345,1005.8
RNO,3/30/2025 22:55,-119.7711,39.4839,1345,1006.5
RNO,3/30/2025 23:55,-119.7711,39.4839,1345,1006.7
RNO,3/31/2025 0:55,-119.7711,39.4839,1345,1007.5
RNO,3/31/2025 1:55,-119.7711,39.4839,1345,1009.1
RNO,3/31/2025 2:55,-119.7711,39.4839,1345,1009.2
RNO,3/31/2025 3:55,-119.7711,39.4839,1345,1010.2
RNO,3/31/2025 4:55,-119.7711,39.4839,1345,1010.5
RNO,3/31/2025 5:55,-119.7711,39.4839,1345,1010.3
RNO,3/31/2025 6:55,-119.7711,39.4839,1345,1009.1
RNO,3/31/2025 7:55,-119.7711,39.4839,1345,1008.1
RNO,3/31/2025 8:55,-119.7711,39.4839,1345,1007.5
RNO,3/31/2025 9:55,-119.7711,39.4839,1345,1006.8
RNO,3/31/2025 10:55,-119.7711,39.4839,1345,1006.3
RNO,3/31/2025 11:55,-119.7711,39.4839,1345,1005.9
RNO,3/31/2025 12:55,-119.7711,39.4839,1345,1006.6
RNO,3/31/2025 13:55,-119.7711,39.4839,1345,1007.6
RNO,3/31/2025 14:13,-119.7711,39.4839,1345,M
RNO,3/31/2025 14:34,-119.7711,39.4839,1345,M
RNO,3/31/2025 14:55,-119.7711,39.4839,1345,1008.6
RNO,3/31/2025 15:17,-119.7711,39.4839,1345,M
RNO,3/31/2025 15:55,-119.7711,39.4839,1345,1007.5
RNO,3/31/2025 16:55,-119.7711,39.4839,1345,1007.9
RNO,3/31/2025 17:55,-119.7711,39.4839,1345,1008.7
RNO,3/31/2025 18:55,-119.7711,39.4839,1345,1009
RNO,3/31/2025 19:14,-119.7711,39.4839,1345,M
RNO,3/31/2025 19:18,-119.7711,39.4839,1345,M
RNO,3/31/2025 19:29,-119.7711,39.4839,1345,M
RNO,3/31/2025 19:36,-119.7711,39.4839,1345,M
RNO,3/31/2025 19:49,-119.7711,39.4839,1345,M
RNO,3/31/2025 19:55,-119.7711,39.4839,1345,1010
RNO,3/31/2025 20:03,-119.7711,39.4839,1345,M
RNO,3/31/2025 20:31,-119.7711,39.4839,1345,M
RNO,3/31/2025 20:55,-119.7711,39.4839,1345,1008.9
RNO,3/31/2025 21:55,-119.7711,39.4839,1345,1007.3
RNO,3/31/2025 22:51,-119.7711,39.4839,1345,M
RNO,3/31/2025 22:55,-119.7711,39.4839,1345,1009
RNO,3/31/2025 23:03,-119.7711,39.4839,1345,M
RNO,3/31/2025 23:20,-119.7711,39.4839,1345,M
RNO,3/31/2025 23:22,-119.7711,39.4839,1345,M
RNO,3/31/2025 23:45,-119.7711,39.4839,1345,M
RNO,3/31/2025 23:46,-119.7711,39.4839,1345,M
RNO,3/31/2025 23:55,-119.7711,39.4839,1345,1009.2
RNO,4/1/2025 0:01,-119.7711,39.4839,1345,M
RNO,4/1/2025 0:44,-119.7711,39.4839,1345,M
RNO,4/1/2025 0:50,-119.7711,39.4839,1345,M
RNO,4/1/2025 0:55,-119.7711,39.4839,1345,1009
RNO,4/1/2025 1:22,-119.7711,39.4839,1345,M
RNO,4/1/2025 1:55,-119.7711,39.4839,1345,1009.2
RNO,4/1/2025 2:08,-119.7711,39.4839,1345,M
RNO,4/1/2025 2:22,-119.7711,39.4839,1345,M
RNO,4/1/2025 2:55,-119.7711,39.4839,1345,1009.5
RNO,4/1/2025 3:55,-119.7711,39.4839,1345,1010.1
RNO,4/1/2025 4:00,-119.7711,39.4839,1345,M
RNO,4/1/2025 4:25,-119.7711,39.4839,1345,M
RNO,4/1/2025 4:55,-119.7711,39.4839,1345,1010.2
RNO,4/1/2025 5:21,-119.7711,39.4839,1345,M
RNO,4/1/2025 5:55,-119.7711,39.4839,1345,1010.3
RNO,4/1/2025 6:55,-119.7711,39.4839,1345,1010.2
RNO,4/1/2025 7:55,-119.7711,39.4839,1345,1011
RNO,4/1/2025 8:55,-119.7711,39.4839,1345,1010.4
RNO,4/1/2025 9:55,-119.7711,39.4839,1345,1009.6
RNO,4/1/2025 10:55,-119.7711,39.4839,1345,1010.1
RNO,4/1/2025 11:55,-119.7711,39.4839,1345,1009.8
RNO,4/1/2025 12:55,-119.7711,39.4839,1345,1009.5
RNO,4/1/2025 13:55,-119.7711,39.4839,1345,1009.2
RNO,4/1/2025 14:55,-119.7711,39.4839,1345,1009.3
RNO,4/1/2025 15:55,-119.7711,39.4839,1345,1008.6
RNO,4/1/2025 16:55,-119.7711,39.4839,1345,1008.4
RNO,4/1/2025 17:55,-119.7711,39.4839,1345,1007.8
RNO,4/1/2025 18:55,-119.7711,39.4839,1345,1007.7
RNO,4/1/2025 19:55,-119.7711,39.4839,1345,1007.3
RNO,4/1/2025 20:55,-119.7711,39.4839,1345,1005.9
RNO,4/1/2025 21:55,-119.7711,39.4839,1345,1006.4
RNO,4/1/2025 22:55,-119.7711,39.4839,1345,1007.1
RNO,4/1/2025 23:55,-119.7711,39.4839,1345,1005.5
RNO,4/2/2025 0:55,-119.7711,39.4839,1345,1005.8
RNO,4/2/2025 1:55,-119.7711,39.4839,1345,1006.9
RNO,4/2/2025 2:55,-119.7711,39.4839,1345,1007.2
RNO,4/2/2025 3:55,-119.7711,39.4839,1345,1007.4
RNO,4/2/2025 4:55,-119.7711,39.4839,1345,1008
RNO,4/2/2025 5:55,-119.7711,39.4839,1345,1007.8
RNO,4/2/2025 6:55,-119.7711,39.4839,1345,1008.1
RNO,4/2/2025 7:55,-119.7711,39.4839,1345,1008.5
RNO,4/2/2025 8:55,-119.7711,39.4839,1345,1008.3
RNO,4/2/2025 9:55,-119.7711,39.4839,1345,1008.6
RNO,4/2/2025 10:55,-119.7711,39.4839,1345,1008.7
RNO,4/2/2025 11:55,-119.7711,39.4839,1345,1008.4
RNO,4/2/2025 12:55,-119.7711,39.4839,1345,1008.9
RNO,4/2/2025 13:55,-119.7711,39.4839,1345,1009.7
RNO,4/2/2025 14:55,-119.7711,39.4839,1345,1010.2
RNO,4/2/2025 15:55,-119.7711,39.4839,1345,1010.5
RNO,4/2/2025 16:55,-119.7711,39.4839,1345,1010.3
RNO,4/2/2025 17:55,-119.7711,39.4839,1345,1010.1
RNO,4/2/2025 18:55,-119.7711,39.4839,1345,1010.3
RNO,4/2/2025 19:55,-119.7711,39.4839,1345,1009.8
RNO,4/2/2025 20:55,-119.7711,39.4839,1345,1009.4
RNO,4/2/2025 21:55,-119.7711,39.4839,1345,1009
RNO,4/2/2025 22:55,-119.7711,39.4839,1345,1008.6
RNO,4/2/2025 23:55,-119.7711,39.4839,1345,1008.4
RNO,4/3/2025 0:55,-119.7711,39.4839,1345,1008.4
RNO,4/3/2025 1:55,-119.7711,39.4839,1345,1008.8
RNO,4/3/2025 2:55,-119.7711,39.4839,1345,1008.8
RNO,4/3/2025 3:55,-119.7711,39.4839,1345,1009.4
RNO,4/3/2025 4:55,-119.7711,39.4839,1345,1010
RNO,4/3/2025 5:55,-119.7711,39.4839,1345,1010.7
RNO,4/3/2025 6:55,-119.7711,39.4839,1345,1011.5
RNO,4/3/2025 7:55,-119.7711,39.4839,1345,1011.7
RNO,4/3/2025 8:55,-119.7711,39.4839,1345,1011.9
RNO,4/3/2025 9:55,-119.7711,39.4839,1345,1012
RNO,4/3/2025 10:55,-119.7711,39.4839,1345,1012.2
RNO,4/3/2025 11:55,-119.7711,39.4839,1345,1012.2
RNO,4/3/2025 12:55,-119.7711,39.4839,1345,1012.6
RNO,4/3/2025 13:55,-119.7711,39.4839,1345,1013.5
RNO,4/3/2025 14:55,-119.7711,39.4839,1345,1014.1
RNO,4/3/2025 15:55,-119.7711,39.4839,1345,1014.4
RNO,4/3/2025 16:55,-119.7711,39.4839,1345,1014.3
RNO,4/3/2025 17:55,-119.7711,39.4839,1345,1014.1
RNO,4/3/2025 18:55,-119.7711,39.4839,1345,1013.7
RNO,4/3/2025 19:55,-119.7711,39.4839,1345,1013.3
RNO,4/3/2025 20:55,-119.7711,39.4839,1345,1013.7
RNO,4/3/2025 21:55,-119.7711,39.4839,1345,1013.3
RNO,4/3/2025 22:55,-119.7711,39.4839,1345,1013.2
RNO,4/3/2025 23:55,-119.7711,39.4839,1345,1013.5
RNO,4/4/2025 0:55,-119.7711,39.4839,1345,1013.9
RNO,4/4/2025 1:55,-119.7711,39.4839,1345,1014.4
RNO,4/4/2025 2:55,-119.7711,39.4839,1345,1015.1
RNO,4/4/2025 3:55,-119.7711,39.4839,1345,1016.5
RNO,4/4/2025 4:55,-119.7711,39.4839,1345,1017.2
RNO,4/4/2025 5:55,-119.7711,39.4839,1345,1017.6
RNO,4/4/2025 6:55,-119.7711,39.4839,1345,1018.1
RNO,4/4/2025 7:55,-119.7711,39.4839,1345,1018.7
RNO,4/4/2025 8:55,-119.7711,39.4839,1345,1019.5
RNO,4/4/2025 9:55,-119.7711,39.4839,1345,1020
RNO,4/4/2025 10:55,-119.7711,39.4839,1345,1020.6
RNO,4/4/2025 11:55,-119.7711,39.4839,1345,1021.1
RNO,4/4/2025 12:55,-119.7711,39.4839,1345,1021.8
RNO,4/4/2025 13:55,-119.7711,39.4839,1345,1022.8
RNO,4/4/2025 14:55,-119.7711,39.4839,1345,1023.5
RNO,4/4/2025 15:55,-119.7711,39.4839,1345,1024
RNO,4/4/2025 16:55,-119.7711,39.4839,1345,1023.7
RNO,4/4/2025 17:55,-119.7711,39.4839,1345,1023.9
RNO,4/4/2025 18:55,-119.7711,39.4839,1345,1023.9
RNO,4/4/2025 19:55,-119.7711,39.4839,1345,1023.6
RNO,4/4/2025 20:55,-119.7711,39.4839,1345,1023.5
RNO,4/4/2025 21:55,-119.7711,39.4839,1345,1022.9
RNO,4/4/2025 22:55,-119.7711,39.4839,1345,1022.7
RNO,4/4/2025 23:55,-119.7711,39.4839,1345,1022.7
RNO,4/5/2025 0:55,-119.7711,39.4839,1345,1023.2
RNO,4/5/2025 1:55,-119.7711,39.4839,1345,1023.7
RNO,4/5/2025 2:55,-119.7711,39.4839,1345,1024
RNO,4/5/2025 3:55,-119.7711,39.4839,1345,1025.3
RNO,4/5/2025 4:55,-119.7711,39.4839,1345,1026.2
RNO,4/5/2025 5:55,-119.7711,39.4839,1345,1026.6
RNO,4/5/2025 6:55,-119.7711,39.4839,1345,1027.5
RNO,4/5/2025 7:55,-119.7711,39.4839,1345,1027.2
RNO,4/5/2025 8:55,-119.7711,39.4839,1345,1027.4
RNO,4/5/2025 9:55,-119.7711,39.4839,1345,1027.5
RNO,4/5/2025 10:55,-119.7711,39.4839,1345,1028
RNO,4/5/2025 11:55,-119.7711,39.4839,1345,1028.1
RNO,4/5/2025 12:55,-119.7711,39.4839,1345,1028.4
RNO,4/5/2025 13:55,-119.7711,39.4839,1345,1029
RNO,4/5/2025 14:55,-119.7711,39.4839,1345,1029.3
RNO,4/5/2025 15:55,-119.7711,39.4839,1345,1029.4
RNO,4/5/2025 16:55,-119.7711,39.4839,1345,1029
RNO,4/5/2025 17:55,-119.7711,39.4839,1345,1028.5
RNO,4/5/2025 18:55,-119.7711,39.4839,1345,1028.2
RNO,4/5/2025 19:55,-119.7711,39.4839,1345,1027
RNO,4/5/2025 20:55,-119.7711,39.4839,1345,1026.4
RNO,4/5/2025 21:55,-119.7711,39.4839,1345,1025.5
RNO,4/5/2025 22:55,-119.7711,39.4839,1345,1024.8
RNO,4/5/2025 23:55,-119.7711,39.4839,1345,1024.7
RNO,4/6/2025 0:55,-119.7711,39.4839,1345,1024.9
RNO,4/6/2025 1:55,-119.7711,39.4839,1345,1024.8
RNO,4/6/2025 2:55,-119.7711,39.4839,1345,1025
RNO,4/6/2025 3:55,-119.7711,39.4839,1345,1025.7
RNO,4/6/2025 4:55,-119.7711,39.4839,1345,1025.7
RNO,4/6/2025 5:55,-119.7711,39.4839,1345,1025.6
RNO,4/6/2025 6:55,-119.7711,39.4839,1345,1025.4
RNO,4/6/2025 7:55,-119.7711,39.4839,1345,1025.5
RNO,4/6/2025 8:55,-119.7711,39.4839,1345,1025
RNO,4/6/2025 9:55,-119.7711,39.4839,1345,1024.7
RNO,4/6/2025 10:55,-119.7711,39.4839,1345,1024.5
RNO,4/6/2025 11:55,-119.7711,39.4839,1345,1024.6
RNO,4/6/2025 12:55,-119.7711,39.4839,1345,1025
RNO,4/6/2025 13:55,-119.7711,39.4839,1345,1025
RNO,4/6/2025 14:55,-119.7711,39.4839,1345,1025.1
RNO,4/6/2025 15:55,-119.7711,39.4839,1345,1024.7
RNO,4/6/2025 16:55,-119.7711,39.4839,1345,1024.5
RNO,4/6/2025 17:55,-119.7711,39.4839,1345,1023.9
RNO,4/6/2025 18:55,-119.7711,39.4839,1345,1022.4
RNO,4/6/2025 19:55,-119.7711,39.4839,1345,1021.3
RNO,4/6/2025 20:55,-119.7711,39.4839,1345,1019.9
RNO,4/6/2025 21:55,-119.7711,39.4839,1345,1018.9
RNO,4/6/2025 22:55,-119.7711,39.4839,1345,1018.4
RNO,4/6/2025 23:55,-119.7711,39.4839,1345,1018.2
RNO,4/7/2025 0:55,-119.7711,39.4839,1345,1017.9
RNO,4/7/2025 1:55,-119.7711,39.4839,1345,1018.3
RNO,4/7/2025 2:55,-119.7711,39.4839,1345,1018.4
RNO,4/7/2025 3:55,-119.7711,39.4839,1345,1018.6
RNO,4/7/2025 4:55,-119.7711,39.4839,1345,1018.5
RNO,4/7/2025 5:55,-119.7711,39.4839,1345,1017.9
RNO,4/7/2025 6:55,-119.7711,39.4839,1345,1016.9
RNO,4/7/2025 7:55,-119.7711,39.4839,1345,1015.8
RNO,4/7/2025 8:55,-119.7711,39.4839,1345,1015.6
RNO,4/7/2025 9:55,-119.7711,39.4839,1345,1015.1
RNO,4/7/2025 10:55,-119.7711,39.4839,1345,1015.5
RNO,4/7/2025 11:55,-119.7711,39.4839,1345,1015.5
RNO,4/7/2025 12:55,-119.7711,39.4839,1345,1015.2
RNO,4/7/2025 13:55,-119.7711,39.4839,1345,1014.7
RNO,4/7/2025 14:55,-119.7711,39.4839,1345,1014.2
RNO,4/7/2025 15:55,-119.7711,39.4839,1345,1015.2
RNO,4/7/2025 16:55,-119.7711,39.4839,1345,1014.8
RNO,4/7/2025 17:55,-119.7711,39.4839,1345,1014.5
RNO,4/7/2025 18:55,-119.7711,39.4839,1345,1014.7
RNO,4/7/2025 19:55,-119.7711,39.4839,1345,1014.5
RNO,4/7/2025 20:55,-119.7711,39.4839,1345,1014.3
RNO,4/7/2025 21:55,-119.7711,39.4839,1345,1014.5
RNO,4/7/2025 22:55,-119.7711,39.4839,1345,1014.3
RNO,4/7/2025 23:55,-119.7711,39.4839,1345,1014.5
RNO,4/8/2025 0:55,-119.7711,39.4839,1345,1014.2
RNO,4/8/2025 1:55,-119.7711,39.4839,1345,1014.4
RNO,4/8/2025 2:55,-119.7711,39.4839,1345,1014.9
RNO,4/8/2025 3:55,-119.7711,39.4839,1345,1016
RNO,4/8/2025 4:55,-119.7711,39.4839,1345,1016.3
RNO,4/8/2025 5:55,-119.7711,39.4839,1345,1016
RNO,4/8/2025 6:55,-119.7711,39.4839,1345,1016.5
RNO,4/8/2025 7:55,-119.7711,39.4839,1345,1017
RNO,4/8/2025 8:55,-119.7711,39.4839,1345,1016.8
RNO,4/8/2025 9:55,-119.7711,39.4839,1345,1017.4
RNO,4/8/2025 10:55,-119.7711,39.4839,1345,1017
RNO,4/8/2025 11:55,-119.7711,39.4839,1345,1017.4
RNO,4/8/2025 12:55,-119.7711,39.4839,1345,1017.3
RNO,4/8/2025 13:55,-119.7711,39.4839,1345,1018.8
RNO,4/8/2025 14:55,-119.7711,39.4839,1345,1019.4
RNO,4/8/2025 15:55,-119.7711,39.4839,1345,1018.9
RNO,4/8/2025 16:55,-119.7711,39.4839,1345,1019
RNO,4/8/2025 17:55,-119.7711,39.4839,1345,1018.4
RNO,4/8/2025 18:55,-119.7711,39.4839,1345,1018.3
RNO,4/8/2025 19:55,-119.7711,39.4839,1345,1017.6
RNO,4/8/2025 20:55,-119.7711,39.4839,1345,1017
RNO,4/8/2025 21:55,-119.7711,39.4839,1345,1016.1
RNO,4/8/2025 22:55,-119.7711,39.4839,1345,1016
RNO,4/8/2025 23:55,-119.7711,39.4839,1345,1016.2
RNO,4/9/2025 0:55,-119.7711,39.4839,1345,1016.3
RNO,4/9/2025 1:55,-119.7711,39.4839,1345,1017.4
RNO,4/9/2025 2:55,-119.7711,39.4839,1345,1017.5
RNO,4/9/2025 3:55,-119.7711,39.4839,1345,1018.4
RNO,4/9/2025 4:55,-119.7711,39.4839,1345,1019.1
RNO,4/9/2025 5:55,-119.7711,39.4839,1345,1019.3
RNO,4/9/2025 6:55,-119.7711,39.4839,1345,1019
RNO,4/9/2025 7:55,-119.7711,39.4839,1345,1019.5
RNO,4/9/2025 8:55,-119.7711,39.4839,1345,1019.7
RNO,4/9/2025 9:55,-119.7711,39.4839,1345,1019.4
RNO,4/9/2025 10:55,-119.7711,39.4839,1345,1020.1
RNO,4/9/2025 11:55,-119.7711,39.4839,1345,1020.7
RNO,4/9/2025 12:55,-119.7711,39.4839,1345,1021.2
RNO,4/9/2025 13:55,-119.7711,39.4839,1345,1022
RNO,4/9/2025 14:55,-119.7711,39.4839,1345,1022.7
RNO,4/9/2025 15:55,-119.7711,39.4839,1345,1023
RNO,4/9/2025 16:55,-119.7711,39.4839,1345,1022.8
RNO,4/9/2025 17:55,-119.7711,39.4839,1345,1022.5
RNO,4/9/2025 18:55,-119.7711,39.4839,1345,1021.6
RNO,4/9/2025 19:55,-119.7711,39.4839,1345,1020.8
RNO,4/9/2025 20:55,-119.7711,39.4839,1345,1020
RNO,4/9/2025 21:55,-119.7711,39.4839,1345,1019.6
RNO,4/9/2025 22:55,-119.7711,39.4839,1345,1019
RNO,4/9/2025 23:55,-119.7711,39.4839,1345,1018.9
RNO,4/10/2025 0:55,-119.7711,39.4839,1345,1018.7
RNO,4/10/2025 1:55,-119.7711,39.4839,1345,1019.1
RNO,4/10/2025 2:55,-119.7711,39.4839,1345,1019.4
RNO,4/10/2025 3:55,-119.7711,39.4839,1345,1020.5
RNO,4/10/2025 4:55,-119.7711,39.4839,1345,1021
RNO,4/10/2025 5:55,-119.7711,39.4839,1345,1020.9
RNO,4/10/2025 6:55,-119.7711,39.4839,1345,1020.7
RNO,4/10/2025 7:55,-119.7711,39.4839,1345,1020.9
RNO,4/10/2025 8:55,-119.7711,39.4839,1345,1020.9
RNO,4/10/2025 9:55,-119.7711,39.4839,1345,1021.1
RNO,4/10/2025 10:55,-119.7711,39.4839,1345,1021.1
RNO,4/10/2025 11:55,-119.7711,39.4839,1345,1021.3
RNO,4/10/2025 12:55,-119.7711,39.4839,1345,1021.2
RNO,4/10/2025 13:55,-119.7711,39.4839,1345,1022.2
RNO,4/10/2025 14:55,-119.7711,39.4839,1345,1022.9
RNO,4/10/2025 15:55,-119.7711,39.4839,1345,1022.8
RNO,4/10/2025 16:55,-119.7711,39.4839,1345,1022.3
RNO,4/10/2025 17:55,-119.7711,39.4839,1345,1022.1
RNO,4/10/2025 18:55,-119.7711,39.4839,1345,1021.4
RNO,4/10/2025 19:55,-119.7711,39.4839,1345,1021.2
RNO,4/10/2025 20:55,-119.7711,39.4839,1345,1020.6
RNO,4/10/2025 21:55,-119.7711,39.4839,1345,1020.1
RNO,4/10/2025 22:55,-119.7711,39.4839,1345,1019.9
RNO,4/10/2025 23:55,-119.7711,39.4839,1345,1019.7
RNO,4/11/2025 0:55,-119.7711,39.4839,1345,1019.7
RNO,4/11/2025 1:55,-119.7711,39.4839,1345,1019.6
RNO,4/11/2025 2:55,-119.7711,39.4839,1345,1019.5
RNO,4/11/2025 3:55,-119.7711,39.4839,1345,1020
RNO,4/11/2025 4:55,-119.7711,39.4839,1345,1020.3
RNO,4/11/2025 5:55,-119.7711,39.4839,1345,1020.2
RNO,4/11/2025 6:55,-119.7711,39.4839,1345,1020.1
RNO,4/11/2025 7:55,-119.7711,39.4839,1345,1020
RNO,4/11/2025 8:55,-119.7711,39.4839,1345,1019.8
RNO,4/11/2025 9:55,-119.7711,39.4839,1345,1019.2
RNO,4/11/2025 10:55,-119.7711,39.4839,1345,1019.5
RNO,4/11/2025 11:55,-119.7711,39.4839,1345,1019.3
RNO,4/11/2025 12:55,-119.7711,39.4839,1345,1018.9
RNO,4/11/2025 13:55,-119.7711,39.4839,1345,1019.8
RNO,4/11/2025 14:55,-119.7711,39.4839,1345,1020.2
RNO,4/11/2025 15:55,-119.7711,39.4839,1345,1019.4
RNO,4/11/2025 16:55,-119.7711,39.4839,1345,1019
RNO,4/11/2025 17:55,-119.7711,39.4839,1345,1018.2
RNO,4/11/2025 18:55,-119.7711,39.4839,1345,1016.7
RNO,4/11/2025 19:55,-119.7711,39.4839,1345,1015.5
RNO,4/11/2025 20:55,-119.7711,39.4839,1345,1014.4
RNO,4/11/2025 21:55,-119.7711,39.4839,1345,1013.7
RNO,4/11/2025 22:55,-119.7711,39.4839,1345,1013.5
RNO,4/11/2025 23:55,-119.7711,39.4839,1345,1013
RNO,4/12/2025 0:55,-119.7711,39.4839,1345,1012.3
RNO,4/12/2025 1:55,-119.7711,39.4839,1345,1012.5
RNO,4/12/2025 2:55,-119.7711,39.4839,1345,1013.1
RNO,4/12/2025 3:55,-119.7711,39.4839,1345,1013.2
RNO,4/12/2025 4:55,-119.7711,39.4839,1345,1013.4
RNO,4/12/2025 5:55,-119.7711,39.4839,1345,1012.9
RNO,4/12/2025 6:55,-119.7711,39.4839,1345,1012.7
RNO,4/12/2025 7:55,-119.7711,39.4839,1345,1012.9
RNO,4/12/2025 8:55,-119.7711,39.4839,1345,1012.3
RNO,4/12/2025 9:55,-119.7711,39.4839,1345,1012.1
RNO,4/12/2025 10:55,-119.7711,39.4839,1345,1012.3
RNO,4/12/2025 11:55,-119.7711,39.4839,1345,1012.3
RNO,4/12/2025 12:55,-119.7711,39.4839,1345,1013.2
RNO,4/12/2025 13:55,-119.7711,39.4839,1345,1014.1
RNO,4/12/2025 14:55,-119.7711,39.4839,1345,1014.5
RNO,4/12/2025 15:55,-119.7711,39.4839,1345,1014.3
RNO,4/12/2025 16:55,-119.7711,39.4839,1345,1014
RNO,4/12/2025 17:55,-119.7711,39.4839,1345,1013.6
RNO,4/12/2025 18:55,-119.7711,39.4839,1345,1013.1
RNO,4/12/2025 19:55,-119.7711,39.4839,1345,1012.8
RNO,4/12/2025 20:55,-119.7711,39.4839,1345,1012.1
RNO,4/12/2025 21:55,-119.7711,39.4839,1345,1011.7
RNO,4/12/2025 22:55,-119.7711,39.4839,1345,1011.2
RNO,4/12/2025 23:55,-119.7711,39.4839,1345,1011.2
RNO,4/13/2025 0:55,-119.7711,39.4839,1345,1011.4
RNO,4/13/2025 1:55,-119.7711,39.4839,1345,1012
RNO,4/13/2025 2:55,-119.7711,39.4839,1345,1012.8
RNO,4/13/2025 3:55,-119.7711,39.4839,1345,1013.5
RNO,4/13/2025 4:55,-119.7711,39.4839,1345,1014.5
RNO,4/13/2025 5:55,-119.7711,39.4839,1345,1015.2
RNO,4/13/2025 6:55,-119.7711,39.4839,1345,1015.9
RNO,4/13/2025 7:55,-119.7711,39.4839,1345,1016.6
RNO,4/13/2025 8:55,-119.7711,39.4839,1345,1016.9
RNO,4/13/2025 9:55,-119.7711,39.4839,1345,1017
RNO,4/13/2025 10:55,-119.7711,39.4839,1345,1017.2
RNO,4/13/2025 11:55,-119.7711,39.4839,1345,1017.3
RNO,4/13/2025 12:55,-119.7711,39.4839,1345,1018.6
RNO,4/13/2025 13:55,-119.7711,39.4839,1345,1019.5
RNO,4/13/2025 14:55,-119.7711,39.4839,1345,1019.9
RNO,4/13/2025 15:55,-119.7711,39.4839,1345,1020
RNO,4/13/2025 16:55,-119.7711,39.4839,1345,1019.9
RNO,4/13/2025 17:55,-119.7711,39.4839,1345,1020.2
RNO,4/13/2025 18:55,-119.7711,39.4839,1345,1019.8
RNO,4/13/2025 19:55,-119.7711,39.4839,1345,1019.5
RNO,4/13/2025 20:55,-119.7711,39.4839,1345,1019
RNO,4/13/2025 21:55,-119.7711,39.4839,1345,1018.3
RNO,4/13/2025 22:55,-119.7711,39.4839,1345,1017.5
RNO,4/13/2025 23:55,-119.7711,39.4839,1345,1016.9
RNO,4/14/2025 0:55,-119.7711,39.4839,1345,1017.3
RNO,4/14/2025 1:55,-119.7711,39.4839,1345,1017.7
RNO,4/14/2025 2:55,-119.7711,39.4839,1345,1018.2
RNO,4/14/2025 3:55,-119.7711,39.4839,1345,1018.8
RNO,4/14/2025 4:55,-119.7711,39.4839,1345,1019.4
RNO,4/14/2025 5:55,-119.7711,39.4839,1345,1019.3
RNO,4/14/2025 6:55,-119.7711,39.4839,1345,1019.4
RNO,4/14/2025 7:55,-119.7711,39.4839,1345,1020
RNO,4/14/2025 8:55,-119.7711,39.4839,1345,1019.9
RNO,4/14/2025 9:55,-119.7711,39.4839,1345,1019.7
RNO,4/14/2025 10:55,-119.7711,39.4839,1345,1019.8
RNO,4/14/2025 11:55,-119.7711,39.4839,1345,1019.6
RNO,4/14/2025 12:55,-119.7711,39.4839,1345,1019.9
RNO,4/14/2025 13:55,-119.7711,39.4839,1345,1019.9
RNO,4/14/2025 14:55,-119.7711,39.4839,1345,1020.2
RNO,4/14/2025 15:55,-119.7711,39.4839,1345,1020
RNO,4/14/2025 16:55,-119.7711,39.4839,1345,1019.5
RNO,4/14/2025 17:55,-119.7711,39.4839,1345,1018.6
RNO,4/14/2025 18:55,-119.7711,39.4839,1345,1017.9
RNO,4/14/2025 19:55,-119.7711,39.4839,1345,1016.8
RNO,4/14/2025 20:55,-119.7711,39.4839,1345,1016.1
RNO,4/14/2025 21:55,-119.7711,39.4839,1345,1015
RNO,4/14/2025 22:55,-119.7711,39.4839,1345,1014.2
RNO,4/14/2025 23:55,-119.7711,39.4839,1345,1013.4
RNO,4/15/2025 0:55,-119.7711,39.4839,1345,1013.3
RNO,4/15/2025 1:55,-119.7711,39.4839,1345,1013.5
RNO,4/15/2025 2:55,-119.7711,39.4839,1345,1014.1
RNO,4/15/2025 3:55,-119.7711,39.4839,1345,1015
RNO,4/15/2025 4:55,-119.7711,39.4839,1345,1015.5
RNO,4/15/2025 5:55,-119.7711,39.4839,1345,1015.4
RNO,4/15/2025 6:55,-119.7711,39.4839,1345,1015.3
RNO,4/15/2025 7:55,-119.7711,39.4839,1345,1015.1
RNO,4/15/2025 8:55,-119.7711,39.4839,1345,1015
RNO,4/15/2025 9:55,-119.7711,39.4839,1345,1014.8
RNO,4/15/2025 10:55,-119.7711,39.4839,1345,1014.8
RNO,4/15/2025 11:55,-119.7711,39.4839,1345,1014.7
RNO,4/15/2025 12:55,-119.7711,39.4839,1345,1014.8
RNO,4/15/2025 13:55,-119.7711,39.4839,1345,1015.6
RNO,4/15/2025 14:55,-119.7711,39.4839,1345,1015.8
RNO,4/15/2025 15:55,-119.7711,39.4839,1345,1015.7
RNO,4/15/2025 16:55,-119.7711,39.4839,1345,1015.2
RNO,4/15/2025 17:55,-119.7711,39.4839,1345,1014.6
RNO,4/15/2025 18:55,-119.7711,39.4839,1345,1013.8
RNO,4/15/2025 19:55,-119.7711,39.4839,1345,1012.4
RNO,4/15/2025 20:55,-119.7711,39.4839,1345,1011.4
RNO,4/15/2025 21:55,-119.7711,39.4839,1345,1010.6
RNO,4/15/2025 22:55,-119.7711,39.4839,1345,1009.7
RNO,4/15/2025 23:55,-119.7711,39.4839,1345,1010.1
RNO,4/16/2025 0:55,-119.7711,39.4839,1345,1011
RNO,4/16/2025 1:55,-119.7711,39.4839,1345,1011.5
RNO,4/16/2025 2:55,-119.7711,39.4839,1345,1011.4
RNO,4/16/2025 3:55,-119.7711,39.4839,1345,1011.6
RNO,4/16/2025 4:55,-119.7711,39.4839,1345,1011.8
RNO,4/16/2025 5:55,-119.7711,39.4839,1345,1011.6
RNO,4/16/2025 6:55,-119.7711,39.4839,1345,1011.2
RNO,4/16/2025 7:55,-119.7711,39.4839,1345,1011
RNO,4/16/2025 8:55,-119.7711,39.4839,1345,1010.2
RNO,4/16/2025 9:55,-119.7711,39.4839,1345,1009.9
RNO,4/16/2025 10:55,-119.7711,39.4839,1345,1009.7
RNO,4/16/2025 11:55,-119.7711,39.4839,1345,1009.5
RNO,4/16/2025 12:55,-119.7711,39.4839,1345,1010.1
RNO,4/16/2025 13:55,-119.7711,39.4839,1345,1010.4
RNO,4/16/2025 14:55,-119.7711,39.4839,1345,1010.3
RNO,4/16/2025 15:55,-119.7711,39.4839,1345,1010.4
RNO,4/16/2025 16:55,-119.7711,39.4839,1345,1010.2
RNO,4/16/2025 17:55,-119.7711,39.4839,1345,1009.7
RNO,4/16/2025 18:55,-119.7711,39.4839,1345,1008.4
RNO,4/16/2025 19:55,-119.7711,39.4839,1345,1007.4
RNO,4/16/2025 20:55,-119.7711,39.4839,1345,1006.3
RNO,4/16/2025 21:55,-119.7711,39.4839,1345,1005.8
RNO,4/16/2025 22:55,-119.7711,39.4839,1345,1005
RNO,4/16/2025 23:55,-119.7711,39.4839,1345,1004.8
RNO,4/17/2025 0:55,-119.7711,39.4839,1345,1005.5
RNO,4/17/2025 1:07,-119.7711,39.4839,1345,M
RNO,4/17/2025 1:55,-119.7711,39.4839,1345,1007.5
RNO,4/17/2025 2:22,-119.7711,39.4839,1345,M
RNO,4/17/2025 2:55,-119.7711,39.4839,1345,1007
RNO,4/17/2025 3:55,-119.7711,39.4839,1345,1006.9
RNO,4/17/2025 4:55,-119.7711,39.4839,1345,1007.4
RNO,4/17/2025 5:55,-119.7711,39.4839,1345,1006.8
RNO,4/17/2025 6:55,-119.7711,39.4839,1345,1006.5
RNO,4/17/2025 7:55,-119.7711,39.4839,1345,1006.8
RNO,4/17/2025 8:55,-119.7711,39.4839,1345,1006.4
RNO,4/17/2025 9:55,-119.7711,39.4839,1345,1006.8
RNO,4/17/2025 10:55,-119.7711,39.4839,1345,1007.3
RNO,4/17/2025 11:55,-119.7711,39.4839,1345,1008.3
RNO,4/17/2025 12:55,-119.7711,39.4839,1345,1009
RNO,4/17/2025 13:55,-119.7711,39.4839,1345,1010.6
RNO,4/17/2025 14:55,-119.7711,39.4839,1345,1011.2
RNO,4/17/2025 15:55,-119.7711,39.4839,1345,1011.2
RNO,4/17/2025 16:55,-119.7711,39.4839,1345,1011.4
RNO,4/17/2025 17:55,-119.7711,39.4839,1345,1011.5
RNO,4/17/2025 18:55,-119.7711,39.4839,1345,1011.8
RNO,4/17/2025 19:55,-119.7711,39.4839,1345,1011.3
RNO,4/17/2025 20:55,-119.7711,39.4839,1345,1010.6
RNO,4/17/2025 21:55,-119.7711,39.4839,1345,1010.5
RNO,4/17/2025 22:55,-119.7711,39.4839,1345,1009.8
RNO,4/17/2025 23:55,-119.7711,39.4839,1345,1009.3
RNO,4/18/2025 0:55,-119.7711,39.4839,1345,1009.4
RNO,4/18/2025 1:55,-119.7711,39.4839,1345,1009.8
RNO,4/18/2025 2:55,-119.7711,39.4839,1345,1010.4
RNO,4/18/2025 3:55,-119.7711,39.4839,1345,1011.2
RNO,4/18/2025 4:55,-119.7711,39.4839,1345,1011.7
RNO,4/18/2025 5:55,-119.7711,39.4839,1345,1012
RNO,4/18/2025 6:55,-119.7711,39.4839,1345,1012.1
RNO,4/18/2025 7:55,-119.7711,39.4839,1345,1012.1
RNO,4/18/2025 8:55,-119.7711,39.4839,1345,1012.3
RNO,4/18/2025 9:55,-119.7711,39.4839,1345,1012.8
RNO,4/18/2025 10:55,-119.7711,39.4839,1345,1013
RNO,4/18/2025 11:55,-119.7711,39.4839,1345,1013.3
RNO,4/18/2025 12:55,-119.7711,39.4839,1345,1014.3
RNO,4/18/2025 13:55,-119.7711,39.4839,1345,1015.4
RNO,4/18/2025 14:55,-119.7711,39.4839,1345,1016.1
RNO,4/18/2025 15:55,-119.7711,39.4839,1345,1016.6
RNO,4/18/2025 16:55,-119.7711,39.4839,1345,1016.8
RNO,4/18/2025 17:55,-119.7711,39.4839,1345,1017.2
RNO,4/18/2025 18:55,-119.7711,39.4839,1345,1017.4
RNO,4/18/2025 19:55,-119.7711,39.4839,1345,1017
RNO,4/18/2025 20:55,-119.7711,39.4839,1345,1016.6
RNO,4/18/2025 21:55,-119.7711,39.4839,1345,1016.6
RNO,4/18/2025 22:55,-119.7711,39.4839,1345,1016.3
RNO,4/18/2025 23:55,-119.7711,39.4839,1345,1016.4
RNO,4/19/2025 0:55,-119.7711,39.4839,1345,1017.3
RNO,4/19/2025 1:55,-119.7711,39.4839,1345,1017.4
RNO,4/19/2025 2:55,-119.7711,39.4839,1345,1017.4
RNO,4/19/2025 3:55,-119.7711,39.4839,1345,1018.2
RNO,4/19/2025 4:55,-119.7711,39.4839,1345,1018.6
RNO,4/19/2025 5:55,-119.7711,39.4839,1345,1019
RNO,4/19/2025 6:55,-119.7711,39.4839,1345,1019.1
RNO,4/19/2025 7:55,-119.7711,39.4839,1345,1019.3
RNO,4/19/2025 8:55,-119.7711,39.4839,1345,1019
RNO,4/19/2025 9:55,-119.7711,39.4839,1345,1019.2
RNO,4/19/2025 10:55,-119.7711,39.4839,1345,1019.4
RNO,4/19/2025 11:55,-119.7711,39.4839,1345,1019.4
RNO,4/19/2025 12:55,-119.7711,39.4839,1345,1019.6
RNO,4/19/2025 13:55,-119.7711,39.4839,1345,1020.4
RNO,4/19/2025 14:55,-119.7711,39.4839,1345,1020.9
RNO,4/19/2025 15:55,-119.7711,39.4839,1345,1020.5
RNO,4/19/2025 16:55,-119.7711,39.4839,1345,1020.2
RNO,4/19/2025 17:55,-119.7711,39.4839,1345,1019.4
RNO,4/19/2025 18:55,-119.7711,39.4839,1345,1018
RNO,4/19/2025 19:55,-119.7711,39.4839,1345,1017.2
RNO,4/19/2025 20:55,-119.7711,39.4839,1345,1016.5
RNO,4/19/2025 21:55,-119.7711,39.4839,1345,1015.7
RNO,4/19/2025 22:55,-119.7711,39.4839,1345,1014.9
RNO,4/19/2025 23:55,-119.7711,39.4839,1345,1014.7
RNO,4/20/2025 0:55,-119.7711,39.4839,1345,1015.1
RNO,4/20/2025 1:55,-119.7711,39.4839,1345,1015.5
RNO,4/20/2025 2:55,-119.7711,39.4839,1345,1016.2
RNO,4/20/2025 3:55,-119.7711,39.4839,1345,1016.7
RNO,4/20/2025 4:55,-119.7711,39.4839,1345,1017.4
RNO,4/20/2025 5:55,-119.7711,39.4839,1345,1017.7
RNO,4/20/2025 6:55,-119.7711,39.4839,1345,1017.7
RNO,4/20/2025 7:55,-119.7711,39.4839,1345,1017.8
RNO,4/20/2025 8:55,-119.7711,39.4839,1345,1017.6
RNO,4/20/2025 9:55,-119.7711,39.4839,1345,1017.5
RNO,4/20/2025 10:55,-119.7711,39.4839,1345,1017
RNO,4/20/2025 11:55,-119.7711,39.4839,1345,1017.4
RNO,4/20/2025 12:55,-119.7711,39.4839,1345,1018.1
RNO,4/20/2025 13:55,-119.7711,39.4839,1345,1018.9
RNO,4/20/2025 14:55,-119.7711,39.4839,1345,1018.9
RNO,4/20/2025 15:55,-119.7711,39.4839,1345,1018.5
RNO,4/20/2025 16:55,-119.7711,39.4839,1345,1017.8
RNO,4/20/2025 17:55,-119.7711,39.4839,1345,1017
RNO,4/20/2025 18:55,-119.7711,39.4839,1345,1015.9
RNO,4/20/2025 19:55,-119.7711,39.4839,1345,1014.5
RNO,4/20/2025 20:55,-119.7711,39.4839,1345,1013.5
RNO,4/20/2025 21:55,-119.7711,39.4839,1345,1012.8
RNO,4/20/2025 22:55,-119.7711,39.4839,1345,1012.4
RNO,4/20/2025 23:55,-119.7711,39.4839,1345,1013.1
RNO,4/21/2025 0:55,-119.7711,39.4839,1345,1013.5
RNO,4/21/2025 1:55,-119.7711,39.4839,1345,1013.7
RNO,4/21/2025 2:55,-119.7711,39.4839,1345,1014.4
RNO,4/21/2025 3:55,-119.7711,39.4839,1345,1015.4
RNO,4/21/2025 4:55,-119.7711,39.4839,1345,1015
RNO,4/21/2025 5:55,-119.7711,39.4839,1345,1015.3
RNO,4/21/2025 6:55,-119.7711,39.4839,1345,1015.1
RNO,4/21/2025 7:55,-119.7711,39.4839,1345,1015.3
RNO,4/21/2025 8:55,-119.7711,39.4839,1345,1015.5
RNO,4/21/2025 9:55,-119.7711,39.4839,1345,1015.5
RNO,4/21/2025 10:55,-119.7711,39.4839,1345,1015.5
RNO,4/21/2025 11:55,-119.7711,39.4839,1345,1016.1
RNO,4/21/2025 12:55,-119.7711,39.4839,1345,1016.3
RNO,4/21/2025 13:55,-119.7711,39.4839,1345,1017
RNO,4/21/2025 14:55,-119.7711,39.4839,1345,1017.3
RNO,4/21/2025 15:55,-119.7711,39.4839,1345,1017.1
RNO,4/21/2025 16:55,-119.7711,39.4839,1345,1016.5
RNO,4/21/2025 17:55,-119.7711,39.4839,1345,1016.3
RNO,4/21/2025 18:55,-119.7711,39.4839,1345,1015.3
RNO,4/21/2025 19:55,-119.7711,39.4839,1345,1014.5
RNO,4/21/2025 20:55,-119.7711,39.4839,1345,1013.3
RNO,4/21/2025 21:55,-119.7711,39.4839,1345,1012.5
RNO,4/21/2025 22:55,-119.7711,39.4839,1345,1011.6
RNO,4/21/2025 23:55,-119.7711,39.4839,1345,1011.5
RNO,4/22/2025 0:55,-119.7711,39.4839,1345,1011.2
RNO,4/22/2025 1:55,-119.7711,39.4839,1345,1011.4
RNO,4/22/2025 2:55,-119.7711,39.4839,1345,1011.8
RNO,4/22/2025 3:55,-119.7711,39.4839,1345,1012.9
RNO,4/22/2025 4:55,-119.7711,39.4839,1345,1013.2
RNO,4/22/2025 5:55,-119.7711,39.4839,1345,1013.7
RNO,4/22/2025 6:55,-119.7711,39.4839,1345,1013.5
RNO,4/22/2025 7:55,-119.7711,39.4839,1345,1013.8
RNO,4/22/2025 8:55,-119.7711,39.4839,1345,1013.3
RNO,4/22/2025 9:55,-119.7711,39.4839,1345,1013
RNO,4/22/2025 10:55,-119.7711,39.4839,1345,1012.6
RNO,4/22/2025 11:55,-119.7711,39.4839,1345,1012.8
RNO,4/22/2025 12:55,-119.7711,39.4839,1345,1012.8
RNO,4/22/2025 13:55,-119.7711,39.4839,1345,1013.1
RNO,4/22/2025 14:55,-119.7711,39.4839,1345,1013.2
RNO,4/22/2025 15:55,-119.7711,39.4839,1345,1012.8
RNO,4/22/2025 16:55,-119.7711,39.4839,1345,1011.9
RNO,4/22/2025 17:55,-119.7711,39.4839,1345,1011.2
RNO,4/22/2025 18:55,-119.7711,39.4839,1345,1010.1
RNO,4/22/2025 19:55,-119.7711,39.4839,1345,1009
RNO,4/22/2025 20:55,-119.7711,39.4839,1345,1008.4
RNO,4/22/2025 21:55,-119.7711,39.4839,1345,1007.7
RNO,4/22/2025 22:55,-119.7711,39.4839,1345,1007.6
RNO,4/22/2025 23:55,-119.7711,39.4839,1345,1007.5
RNO,4/23/2025 0:55,-119.7711,39.4839,1345,1007.9
RNO,4/23/2025 1:55,-119.7711,39.4839,1345,1008.1
RNO,4/23/2025 2:55,-119.7711,39.4839,1345,1008.8
RNO,4/23/2025 3:55,-119.7711,39.4839,1345,1009.4
RNO,4/23/2025 4:55,-119.7711,39.4839,1345,1009.7
RNO,4/23/2025 5:55,-119.7711,39.4839,1345,1009.4
RNO,4/23/2025 6:55,-119.7711,39.4839,1345,1009.1
RNO,4/23/2025 7:55,-119.7711,39.4839,1345,1008.9
RNO,4/23/2025 8:55,-119.7711,39.4839,1345,1008.7
RNO,4/23/2025 9:55,-119.7711,39.4839,1345,1008.5
RNO,4/23/2025 10:55,-119.7711,39.4839,1345,1008.7
RNO,4/23/2025 11:55,-119.7711,39.4839,1345,1008.9
RNO,4/23/2025 12:55,-119.7711,39.4839,1345,1009
RNO,4/23/2025 13:55,-119.7711,39.4839,1345,1009.4
RNO,4/23/2025 14:55,-119.7711,39.4839,1345,1009.8
RNO,4/23/2025 15:55,-119.7711,39.4839,1345,1009.3
RNO,4/23/2025 16:55,-119.7711,39.4839,1345,1009.1
RNO,4/23/2025 17:55,-119.7711,39.4839,1345,1008.8
RNO,4/23/2025 18:55,-119.7711,39.4839,1345,1008.1
RNO,4/23/2025 19:55,-119.7711,39.4839,1345,1007.5
RNO,4/23/2025 20:55,-119.7711,39.4839,1345,1006.9
RNO,4/23/2025 21:55,-119.7711,39.4839,1345,1007.2
RNO,4/23/2025 22:55,-119.7711,39.4839,1345,1007.3
RNO,4/23/2025 23:55,-119.7711,39.4839,1345,1007.9
RNO,4/24/2025 0:55,-119.7711,39.4839,1345,1008.4
RNO,4/24/2025 1:55,-119.7711,39.4839,1345,1009.3
RNO,4/24/2025 2:55,-119.7711,39.4839,1345,1009.7
RNO,4/24/2025 3:55,-119.7711,39.4839,1345,1010.9
RNO,4/24/2025 4:55,-119.7711,39.4839,1345,1011.2
RNO,4/24/2025 5:55,-119.7711,39.4839,1345,1011.6
RNO,4/24/2025 6:55,-119.7711,39.4839,1345,1011.9
RNO,4/24/2025 7:55,-119.7711,39.4839,1345,1012.3
RNO,4/24/2025 8:55,-119.7711,39.4839,1345,1012.4
RNO,4/24/2025 9:55,-119.7711,39.4839,1345,1012.3
RNO,4/24/2025 10:55,-119.7711,39.4839,1345,1012.5
RNO,4/24/2025 11:55,-119.7711,39.4839,1345,1012.4
RNO,4/24/2025 12:55,-119.7711,39.4839,1345,1012.4
RNO,4/24/2025 13:55,-119.7711,39.4839,1345,1013.1
RNO,4/24/2025 14:55,-119.7711,39.4839,1345,1013.2
RNO,4/24/2025 15:55,-119.7711,39.4839,1345,1013.4
RNO,4/24/2025 16:55,-119.7711,39.4839,1345,1012.6
RNO,4/24/2025 17:55,-119.7711,39.4839,1345,1012
RNO,4/24/2025 18:55,-119.7711,39.4839,1345,1011
RNO,4/24/2025 19:55,-119.7711,39.4839,1345,1010.3
RNO,4/24/2025 20:55,-119.7711,39.4839,1345,1009.7
RNO,4/24/2025 21:55,-119.7711,39.4839,1345,1008.7
RNO,4/24/2025 22:55,-119.7711,39.4839,1345,1007.4
RNO,4/24/2025 23:55,-119.7711,39.4839,1345,1007
RNO,4/25/2025 0:55,-119.7711,39.4839,1345,1006.8
RNO,4/25/2025 1:55,-119.7711,39.4839,1345,1006.6
RNO,4/25/2025 2:55,-119.7711,39.4839,1345,1006.8
RNO,4/25/2025 3:55,-119.7711,39.4839,1345,1007.4
RNO,4/25/2025 4:55,-119.7711,39.4839,1345,1007.2
RNO,4/25/2025 5:55,-119.7711,39.4839,1345,1006.8
RNO,4/25/2025 6:55,-119.7711,39.4839,1345,1006.1
RNO,4/25/2025 7:55,-119.7711,39.4839,1345,1006
RNO,4/25/2025 8:55,-119.7711,39.4839,1345,1004.7
RNO,4/25/2025 9:55,-119.7711,39.4839,1345,1004.1
RNO,4/25/2025 10:55,-119.7711,39.4839,1345,1004.6
RNO,4/25/2025 11:55,-119.7711,39.4839,1345,1004.4
RNO,4/25/2025 12:55,-119.7711,39.4839,1345,1004.7
RNO,4/25/2025 13:55,-119.7711,39.4839,1345,1005
RNO,4/25/2025 14:55,-119.7711,39.4839,1345,1005.9
RNO,4/25/2025 15:55,-119.7711,39.4839,1345,1006.1
RNO,4/25/2025 16:55,-119.7711,39.4839,1345,1006.1
RNO,4/25/2025 17:55,-119.7711,39.4839,1345,1006.4
RNO,4/25/2025 18:55,-119.7711,39.4839,1345,1006.9
RNO,4/25/2025 19:55,-119.7711,39.4839,1345,1007.9
RNO,4/25/2025 20:55,-119.7711,39.4839,1345,1008
RNO,4/25/2025 21:55,-119.7711,39.4839,1345,1007.1
RNO,4/25/2025 22:55,-119.7711,39.4839,1345,1006
RNO,4/25/2025 23:55,-119.7711,39.4839,1345,1005.4
RNO,4/26/2025 0:55,-119.7711,39.4839,1345,1005.4
RNO,4/26/2025 1:55,-119.7711,39.4839,1345,1005.5
RNO,4/26/2025 2:55,-119.7711,39.4839,1345,1006.4
RNO,4/26/2025 3:55,-119.7711,39.4839,1345,1007.6
RNO,4/26/2025 4:55,-119.7711,39.4839,1345,1008.1
RNO,4/26/2025 5:55,-119.7711,39.4839,1345,1008.2
RNO,4/26/2025 6:55,-119.7711,39.4839,1345,1008.4
RNO,4/26/2025 7:55,-119.7711,39.4839,1345,1008.6
RNO,4/26/2025 8:55,-119.7711,39.4839,1345,1008.5
RNO,4/26/2025 9:55,-119.7711,39.4839,1345,1007.7
RNO,4/26/2025 10:43,-119.7711,39.4839,1345,M
RNO,4/26/2025 10:55,-119.7711,39.4839,1345,1007.9
RNO,4/26/2025 11:55,-119.7711,39.4839,1345,1007.3
RNO,4/26/2025 12:25,-119.7711,39.4839,1345,M
RNO,4/26/2025 12:55,-119.7711,39.4839,1345,1007.6
RNO,4/26/2025 13:27,-119.7711,39.4839,1345,M
RNO,4/26/2025 13:55,-119.7711,39.4839,1345,1007.7
RNO,4/26/2025 14:47,-119.7711,39.4839,1345,M
RNO,4/26/2025 14:55,-119.7711,39.4839,1345,1008.5
RNO,4/26/2025 14:58,-119.7711,39.4839,1345,M
RNO,4/26/2025 15:07,-119.7711,39.4839,1345,M
RNO,4/26/2025 15:55,-119.7711,39.4839,1345,1008.7
RNO,4/26/2025 16:17,-119.7711,39.4839,1345,M
RNO,4/26/2025 16:55,-119.7711,39.4839,1345,1008.8
RNO,4/26/2025 17:09,-119.7711,39.4839,1345,M
RNO,4/26/2025 17:39,-119.7711,39.4839,1345,M
RNO,4/26/2025 17:55,-119.7711,39.4839,1345,1008.7
RNO,4/26/2025 18:55,-119.7711,39.4839,1345,1008.5
RNO,4/26/2025 19:25,-119.7711,39.4839,1345,M
RNO,4/26/2025 19:55,-119.7711,39.4839,1345,1008.2
RNO,4/26/2025 20:35,-119.7711,39.4839,1345,M
RNO,4/26/2025 20:55,-119.7711,39.4839,1345,1008
RNO,4/26/2025 21:05,-119.7711,39.4839,1345,M
RNO,4/26/2025 21:55,-119.7711,39.4839,1345,1007.4
RNO,4/26/2025 22:24,-119.7711,39.4839,1345,M
RNO,4/26/2025 22:55,-119.7711,39.4839,1345,1006.4
RNO,4/26/2025 23:55,-119.7711,39.4839,1345,1006.2
RNO,4/27/2025 0:55,-119.7711,39.4839,1345,1006
RNO,4/27/2025 1:42,-119.7711,39.4839,1345,M
RNO,4/27/2025 1:55,-119.7711,39.4839,1345,1006.5
RNO,4/27/2025 2:55,-119.7711,39.4839,1345,1007.4
RNO,4/27/2025 3:55,-119.7711,39.4839,1345,1007.7
RNO,4/27/2025 4:55,-119.7711,39.4839,1345,1008.8
RNO,4/27/2025 5:55,-119.7711,39.4839,1345,1008.6
RNO,4/27/2025 6:55,-119.7711,39.4839,1345,1008.9
RNO,4/27/2025 7:55,-119.7711,39.4839,1345,1008.6
RNO,4/27/2025 8:55,-119.7711,39.4839,1345,1008.6
RNO,4/27/2025 9:07,-119.7711,39.4839,1345,M
RNO,4/27/2025 9:55,-119.7711,39.4839,1345,1008.3
RNO,4/27/2025 10:21,-119.7711,39.4839,1345,M
RNO,4/27/2025 10:55,-119.7711,39.4839,1345,1008.7
RNO,4/27/2025 11:19,-119.7711,39.4839,1345,M
RNO,4/27/2025 11:55,-119.7711,39.4839,1345,1008.9
RNO,4/27/2025 12:55,-119.7711,39.4839,1345,1009
RNO,4/27/2025 13:55,-119.7711,39.4839,1345,1009.5
RNO,4/27/2025 14:55,-119.7711,39.4839,1345,1010.6
RNO,4/27/2025 15:55,-119.7711,39.4839,1345,1011.1
RNO,4/27/2025 16:55,-119.7711,39.4839,1345,1011.8
RNO,4/27/2025 17:55,-119.7711,39.4839,1345,1012.1
RNO,4/27/2025 18:55,-119.7711,39.4839,1345,1011.9
RNO,4/27/2025 19:37,-119.7711,39.4839,1345,M
RNO,4/27/2025 19:55,-119.7711,39.4839,1345,1011.3
RNO,4/27/2025 20:55,-119.7711,39.4839,1345,1012.1
RNO,4/27/2025 21:55,-119.7711,39.4839,1345,1012.9
RNO,4/27/2025 22:55,-119.7711,39.4839,1345,1012.8
RNO,4/27/2025 23:55,-119.7711,39.4839,1345,1013.5
RNO,4/28/2025 0:55,-119.7711,39.4839,1345,1013.6
RNO,4/28/2025 1:55,-119.7711,39.4839,1345,1014.1
RNO,4/28/2025 2:55,-119.7711,39.4839,1345,1015.2
RNO,4/28/2025 3:55,-119.7711,39.4839,1345,1016
RNO,4/28/2025 4:55,-119.7711,39.4839,1345,1017
RNO,4/28/2025 5:55,-119.7711,39.4839,1345,1017.2
RNO,4/28/2025 6:55,-119.7711,39.4839,1345,1017.1
RNO,4/28/2025 7:55,-119.7711,39.4839,1345,1017.4
RNO,4/28/2025 8:55,-119.7711,39.4839,1345,1017.4
RNO,4/28/2025 9:55,-119.7711,39.4839,1345,1018.1
RNO,4/28/2025 10:55,-119.7711,39.4839,1345,1018.5
RNO,4/28/2025 11:55,-119.7711,39.4839,1345,1019.2
RNO,4/28/2025 12:55,-119.7711,39.4839,1345,1019.6
RNO,4/28/2025 13:55,-119.7711,39.4839,1345,1020.6
RNO,4/28/2025 14:55,-119.7711,39.4839,1345,1020.6
RNO,4/28/2025 15:55,-119.7711,39.4839,1345,1020.9
RNO,4/28/2025 16:55,-119.7711,39.4839,1345,1020.9
RNO,4/28/2025 17:55,-119.7711,39.4839,1345,1020.4
RNO,4/28/2025 18:55,-119.7711,39.4839,1345,1020
RNO,4/28/2025 19:55,-119.7711,39.4839,1345,1019.7
RNO,4/28/2025 20:55,-119.7711,39.4839,1345,1019.5
RNO,4/28/2025 21:55,-119.7711,39.4839,1345,1018.9
RNO,4/28/2025 22:55,-119.7711,39.4839,1345,1018.6
RNO,4/28/2025 23:55,-119.7711,39.4839,1345,1018.6
RNO,4/29/2025 0:55,-119.7711,39.4839,1345,1018.8
RNO,4/29/2025 1:55,-119.7711,39.4839,1345,1019.2
RNO,4/29/2025 2:55,-119.7711,39.4839,1345,1019.3
RNO,4/29/2025 3:55,-119.7711,39.4839,1345,1019.9
RNO,4/29/2025 4:55,-119.7711,39.4839,1345,1020.2
RNO,4/29/2025 5:55,-119.7711,39.4839,1345,1020.4
RNO,4/29/2025 6:55,-119.7711,39.4839,1345,1020.8
RNO,4/29/2025 7:55,-119.7711,39.4839,1345,1021
RNO,4/29/2025 8:55,-119.7711,39.4839,1345,1020.9
RNO,4/29/2025 9:55,-119.7711,39.4839,1345,1020.6
RNO,4/29/2025 10:55,-119.7711,39.4839,1345,1020.5
RNO,4/29/2025 11:55,-119.7711,39.4839,1345,1020.4
RNO,4/29/2025 12:55,-119.7711,39.4839,1345,1020.6
RNO,4/29/2025 13:55,-119.7711,39.4839,1345,1020.9
RNO,4/29/2025 14:55,-119.7711,39.4839,1345,1020.6
RNO,4/29/2025 15:55,-119.7711,39.4839,1345,1020
RNO,4/29/2025 16:55,-119.7711,39.4839,1345,1019.4
RNO,4/29/2025 17:55,-119.7711,39.4839,1345,1018.9
RNO,4/29/2025 18:55,-119.7711,39.4839,1345,1018.3
RNO,4/29/2025 19:55,-119.7711,39.4839,1345,1017.5
RNO,4/29/2025 20:55,-119.7711,39.4839,1345,1016.8
RNO,4/29/2025 21:55,-119.7711,39.4839,1345,1015.7
RNO,4/29/2025 22:55,-119.7711,39.4839,1345,1014.4
RNO,4/29/2025 23:55,-119.7711,39.4839,1345,1014
RNO,4/30/2025 0:55,-119.7711,39.4839,1345,1014.1
RNO,4/30/2025 1:55,-119.7711,39.4839,1345,1013.8
RNO,4/30/2025 2:32,-119.7711,39.4839,1345,M
RNO,4/30/2025 2:55,-119.7711,39.4839,1345,1014.8
RNO,4/30/2025 3:55,-119.7711,39.4839,1345,1017.3
RNO,4/30/2025 4:42,-119.7711,39.4839,1345,M
RNO,4/30/2025 4:55,-119.7711,39.4839,1345,1017.6
RNO,4/30/2025 5:55,-119.7711,39.4839,1345,1016.7
RNO,4/30/2025 6:55,-119.7711,39.4839,1345,1016.2
RNO,4/30/2025 7:55,-119.7711,39.4839,1345,1016
RNO,4/30/2025 8:55,-119.7711,39.4839,1345,1015.8
RNO,4/30/2025 9:55,-119.7711,39.4839,1345,1015.1
RNO,4/30/2025 10:55,-119.7711,39.4839,1345,1015.1
RNO,4/30/2025 11:55,-119.7711,39.4839,1345,1015
RNO,4/30/2025 12:55,-119.7711,39.4839,1345,1015
RNO,4/30/2025 13:55,-119.7711,39.4839,1345,1015.9
RNO,4/30/2025 14:55,-119.7711,39.4839,1345,1016.5
RNO,4/30/2025 15:55,-119.7711,39.4839,1345,1016.5
RNO,4/30/2025 16:55,-119.7711,39.4839,1345,1016.3
RNO,4/30/2025 17:55,-119.7711,39.4839,1345,1015.6
RNO,4/30/2025 18:55,-119.7711,39.4839,1345,1014.8
RNO,4/30/2025 19:55,-119.7711,39.4839,1345,1013.7
RNO,4/30/2025 20:55,-119.7711,39.4839,1345,1012.7
RNO,4/30/2025 21:55,-119.7711,39.4839,1345,1012.3
RNO,4/30/2025 22:55,-119.7711,39.4839,1345,1011.7
RNO,4/30/2025 23:55,-119.7711,39.4839,1345,1011.6
RNO,5/1/2025 0:55,-119.7711,39.4839,1345,1011.9
RNO,5/1/2025 1:55,-119.7711,39.4839,1345,1012.1
RNO,5/1/2025 2:55,-119.7711,39.4839,1345,1012.6
RNO,5/1/2025 3:55,-119.7711,39.4839,1345,1013.1
RNO,5/1/2025 4:55,-119.7711,39.4839,1345,1013.8
RNO,5/1/2025 5:55,-119.7711,39.4839,1345,1013.8
RNO,5/1/2025 6:55,-119.7711,39.4839,1345,1014
RNO,5/1/2025 9:55,-119.7711,39.4839,1345,1014.9
RNO,5/1/2025 10:55,-119.7711,39.4839,1345,1015.5
RNO,5/1/2025 11:55,-119.7711,39.4839,1345,1015.6
RNO,5/1/2025 12:55,-119.7711,39.4839,1345,1015.8
RNO,5/1/2025 13:55,-119.7711,39.4839,1345,1016.3
RNO,5/1/2025 14:55,-119.7711,39.4839,1345,1016.4
RNO,5/1/2025 15:55,-119.7711,39.4839,1345,1016.1
RNO,5/1/2025 16:55,-119.7711,39.4839,1345,1015.8
RNO,5/1/2025 17:55,-119.7711,39.4839,1345,1015.1
RNO,5/1/2025 18:55,-119.7711,39.4839,1345,1014.8
RNO,5/1/2025 19:55,-119.7711,39.4839,1345,1014.2
RNO,5/1/2025 20:55,-119.7711,39.4839,1345,1013.9
RNO,5/1/2025 21:55,-119.7711,39.4839,1345,1013.3
RNO,5/1/2025 22:55,-119.7711,39.4839,1345,1012.6
RNO,5/1/2025 23:55,-119.7711,39.4839,1345,1012.1
RNO,5/2/2025 0:55,-119.7711,39.4839,1345,1012
RNO,5/2/2025 1:55,-119.7711,39.4839,1345,1011.8
RNO,5/2/2025 2:55,-119.7711,39.4839,1345,1012.1
RNO,5/2/2025 3:55,-119.7711,39.4839,1345,1012.6
RNO,5/2/2025 4:55,-119.7711,39.4839,1345,1013
RNO,5/2/2025 5:55,-119.7711,39.4839,1345,1013.1
RNO,5/2/2025 6:55,-119.7711,39.4839,1345,1013.4
RNO,5/2/2025 7:55,-119.7711,39.4839,1345,1013.4
RNO,5/2/2025 8:55,-119.7711,39.4839,1345,1013.3
RNO,5/2/2025 9:55,-119.7711,39.4839,1345,1013.6
RNO,5/2/2025 10:55,-119.7711,39.4839,1345,1013.7
RNO,5/2/2025 11:55,-119.7711,39.4839,1345,1013.6
RNO,5/2/2025 12:55,-119.7711,39.4839,1345,1013.7
RNO,5/2/2025 13:55,-119.7711,39.4839,1345,1014.1
RNO,5/2/2025 14:55,-119.7711,39.4839,1345,1013.8
RNO,5/2/2025 15:55,-119.7711,39.4839,1345,1013.7
RNO,5/2/2025 16:55,-119.7711,39.4839,1345,1013.1
RNO,5/2/2025 17:55,-119.7711,39.4839,1345,1012.6
RNO,5/2/2025 18:55,-119.7711,39.4839,1345,1011.7
RNO,5/2/2025 19:55,-119.7711,39.4839,1345,1010.6
RNO,5/2/2025 20:55,-119.7711,39.4839,1345,1010.4
RNO,5/2/2025 21:55,-119.7711,39.4839,1345,1010.2
RNO,5/2/2025 22:55,-119.7711,39.4839,1345,1009.8
RNO,5/2/2025 23:55,-119.7711,39.4839,1345,1009.1
RNO,5/3/2025 0:55,-119.7711,39.4839,1345,1009
RNO,5/3/2025 1:43,-119.7711,39.4839,1345,M
RNO,5/3/2025 1:55,-119.7711,39.4839,1345,1011.3
RNO,5/3/2025 2:55,-119.7711,39.4839,1345,1010.4
RNO,5/3/2025 3:55,-119.7711,39.4839,1345,1010.1
RNO,5/3/2025 4:55,-119.7711,39.4839,1345,1010.5
RNO,5/3/2025 5:55,-119.7711,39.4839,1345,1009.8
RNO,5/3/2025 6:55,-119.7711,39.4839,1345,1010
RNO,5/3/2025 7:55,-119.7711,39.4839,1345,1009.4
RNO,5/3/2025 8:55,-119.7711,39.4839,1345,1009.4
RNO,5/3/2025 9:55,-119.7711,39.4839,1345,1009.4
RNO,5/3/2025 10:55,-119.7711,39.4839,1345,1009.8
RNO,5/3/2025 11:55,-119.7711,39.4839,1345,1009.3
RNO,5/3/2025 12:55,-119.7711,39.4839,1345,1009.5
RNO,5/3/2025 13:55,-119.7711,39.4839,1345,1010.3
RNO,5/3/2025 14:55,-119.7711,39.4839,1345,1010.5
RNO,5/3/2025 15:55,-119.7711,39.4839,1345,1010.3
RNO,5/3/2025 16:55,-119.7711,39.4839,1345,1009.8
RNO,5/3/2025 17:55,-119.7711,39.4839,1345,1009.4
RNO,5/3/2025 18:55,-119.7711,39.4839,1345,1009
RNO,5/3/2025 19:55,-119.7711,39.4839,1345,1007.7
RNO,5/3/2025 20:55,-119.7711,39.4839,1345,1006.8
RNO,5/3/2025 21:55,-119.7711,39.4839,1345,1006.8
RNO,5/3/2025 22:55,-119.7711,39.4839,1345,1007.4
RNO,5/3/2025 23:55,-119.7711,39.4839,1345,1007.8
RNO,5/4/2025 0:55,-119.7711,39.4839,1345,1008.5
RNO,5/4/2025 1:55,-119.7711,39.4839,1345,1008.7
RNO,5/4/2025 2:55,-119.7711,39.4839,1345,1008.9
RNO,5/4/2025 3:55,-119.7711,39.4839,1345,1009.2
RNO,5/4/2025 4:55,-119.7711,39.4839,1345,1009
RNO,5/4/2025 5:55,-119.7711,39.4839,1345,1009.4
RNO,5/4/2025 6:55,-119.7711,39.4839,1345,1009.2
RNO,5/4/2025 7:55,-119.7711,39.4839,1345,1008.7
RNO,5/4/2025 8:55,-119.7711,39.4839,1345,1007.8
RNO,5/4/2025 9:55,-119.7711,39.4839,1345,1007.6
RNO,5/4/2025 10:55,-119.7711,39.4839,1345,1007.5
RNO,5/4/2025 11:55,-119.7711,39.4839,1345,1007.5
RNO,5/4/2025 12:55,-119.7711,39.4839,1345,1007.6
RNO,5/4/2025 13:50,-119.7711,39.4839,1345,M
RNO,5/4/2025 13:55,-119.7711,39.4839,1345,1008.5
RNO,5/4/2025 14:08,-119.7711,39.4839,1345,M
RNO,5/4/2025 14:12,-119.7711,39.4839,1345,M
RNO,5/4/2025 14:55,-119.7711,39.4839,1345,1008.9
RNO,5/4/2025 15:55,-119.7711,39.4839,1345,1009.5
RNO,5/4/2025 16:55,-119.7711,39.4839,1345,1009.5
RNO,5/4/2025 17:55,-119.7711,39.4839,1345,1010
RNO,5/4/2025 18:55,-119.7711,39.4839,1345,1010.3
RNO,5/4/2025 19:34,-119.7711,39.4839,1345,M
RNO,5/4/2025 19:55,-119.7711,39.4839,1345,1010.2
RNO,5/4/2025 20:55,-119.7711,39.4839,1345,1009.9
RNO,5/4/2025 21:55,-119.7711,39.4839,1345,1009.9
RNO,5/4/2025 22:55,-119.7711,39.4839,1345,1009.7
RNO,5/4/2025 23:55,-119.7711,39.4839,1345,1009.8
RNO,5/5/2025 0:55,-119.7711,39.4839,1345,1009.8
RNO,5/5/2025 1:55,-119.7711,39.4839,1345,1009.9
RNO,5/5/2025 2:55,-119.7711,39.4839,1345,1010.4
RNO,5/5/2025 3:55,-119.7711,39.4839,1345,1011.4
RNO,5/5/2025 4:55,-119.7711,39.4839,1345,1012.3
RNO,5/5/2025 5:55,-119.7711,39.4839,1345,1012.5
RNO,5/5/2025 6:55,-119.7711,39.4839,1345,1012.6
RNO,5/5/2025 7:55,-119.7711,39.4839,1345,1012.9
RNO,5/5/2025 8:55,-119.7711,39.4839,1345,1013
RNO,5/5/2025 9:55,-119.7711,39.4839,1345,1013.4
RNO,5/5/2025 10:55,-119.7711,39.4839,1345,1013.6
RNO,5/5/2025 11:55,-119.7711,39.4839,1345,1014.1
RNO,5/5/2025 12:55,-119.7711,39.4839,1345,1014.9
RNO,5/5/2025 13:55,-119.7711,39.4839,1345,1015.8
RNO,5/5/2025 14:55,-119.7711,39.4839,1345,1015.9
RNO,5/5/2025 15:55,-119.7711,39.4839,1345,1015.5
RNO,5/5/2025 16:55,-119.7711,39.4839,1345,1015.4
RNO,5/5/2025 17:55,-119.7711,39.4839,1345,1015.3
RNO,5/5/2025 18:55,-119.7711,39.4839,1345,1014.4
RNO,5/5/2025 19:55,-119.7711,39.4839,1345,1013.8
RNO,5/5/2025 20:55,-119.7711,39.4839,1345,1013.2
RNO,5/5/2025 21:55,-119.7711,39.4839,1345,1012.6
RNO,5/5/2025 22:55,-119.7711,39.4839,1345,1012.1
RNO,5/5/2025 23:55,-119.7711,39.4839,1345,1011.8
RNO,5/6/2025 0:55,-119.7711,39.4839,1345,1011.9
RNO,5/6/2025 1:55,-119.7711,39.4839,1345,1011.8
RNO,5/6/2025 2:55,-119.7711,39.4839,1345,1012.4
RNO,5/6/2025 3:55,-119.7711,39.4839,1345,1012.8
RNO,5/6/2025 4:55,-119.7711,39.4839,1345,1013.7
RNO,5/6/2025 5:55,-119.7711,39.4839,1345,1014.1
RNO,5/6/2025 6:55,-119.7711,39.4839,1345,1014.2
RNO,5/6/2025 7:55,-119.7711,39.4839,1345,1014.4
RNO,5/6/2025 8:55,-119.7711,39.4839,1345,1014.2
RNO,5/6/2025 9:55,-119.7711,39.4839,1345,1014.1
RNO,5/6/2025 10:55,-119.7711,39.4839,1345,1014.2
RNO,5/6/2025 11:55,-119.7711,39.4839,1345,1014.4
RNO,5/6/2025 12:55,-119.7711,39.4839,1345,1014.6
RNO,5/6/2025 13:55,-119.7711,39.4839,1345,1015.3
RNO,5/6/2025 14:55,-119.7711,39.4839,1345,1015.5
RNO,5/6/2025 15:55,-119.7711,39.4839,1345,1015.5
RNO,5/6/2025 16:55,-119.7711,39.4839,1345,1015.6
RNO,5/6/2025 17:55,-119.7711,39.4839,1345,1015.8
RNO,5/6/2025 18:55,-119.7711,39.4839,1345,1015.6
RNO,5/6/2025 19:55,-119.7711,39.4839,1345,1014.9
RNO,5/6/2025 20:55,-119.7711,39.4839,1345,1014.5
RNO,5/6/2025 21:55,-119.7711,39.4839,1345,1014
RNO,5/6/2025 22:55,-119.7711,39.4839,1345,1013.6
RNO,5/6/2025 23:55,-119.7711,39.4839,1345,1013.5
RNO,5/7/2025 0:55,-119.7711,39.4839,1345,1013.8
RNO,5/7/2025 1:55,-119.7711,39.4839,1345,1013.9
RNO,5/7/2025 2:55,-119.7711,39.4839,1345,1014
RNO,5/7/2025 3:55,-119.7711,39.4839,1345,1014.5
RNO,5/7/2025 4:55,-119.7711,39.4839,1345,1015.2
RNO,5/7/2025 5:55,-119.7711,39.4839,1345,1015.6
RNO,5/7/2025 6:55,-119.7711,39.4839,1345,1016.1
RNO,5/7/2025 7:55,-119.7711,39.4839,1345,1016
RNO,5/7/2025 8:55,-119.7711,39.4839,1345,1016.1
RNO,5/7/2025 9:55,-119.7711,39.4839,1345,1016
RNO,5/7/2025 10:55,-119.7711,39.4839,1345,1016.3
RNO,5/7/2025 11:55,-119.7711,39.4839,1345,1016.5
RNO,5/7/2025 12:55,-119.7711,39.4839,1345,1016.9
RNO,5/7/2025 13:55,-119.7711,39.4839,1345,1016.9
RNO,5/7/2025 14:55,-119.7711,39.4839,1345,1016.8
RNO,5/7/2025 15:55,-119.7711,39.4839,1345,1016.8
RNO,5/7/2025 16:55,-119.7711,39.4839,1345,1016.5
RNO,5/7/2025 17:55,-119.7711,39.4839,1345,1016.1
RNO,5/7/2025 18:55,-119.7711,39.4839,1345,1015.5
RNO,5/7/2025 19:55,-119.7711,39.4839,1345,1014.7
RNO,5/7/2025 20:55,-119.7711,39.4839,1345,1014.3
RNO,5/7/2025 21:55,-119.7711,39.4839,1345,1013.9
RNO,5/7/2025 22:55,-119.7711,39.4839,1345,1013.4
RNO,5/7/2025 23:55,-119.7711,39.4839,1345,1013.4
RNO,5/8/2025 0:55,-119.7711,39.4839,1345,1013.9
RNO,5/8/2025 1:55,-119.7711,39.4839,1345,1014.2
RNO,5/8/2025 2:55,-119.7711,39.4839,1345,1014.7
RNO,5/8/2025 3:55,-119.7711,39.4839,1345,1015.5
RNO,5/8/2025 4:55,-119.7711,39.4839,1345,1016.1
RNO,5/8/2025 5:55,-119.7711,39.4839,1345,1016.3
RNO,5/8/2025 6:55,-119.7711,39.4839,1345,1016.4
RNO,5/8/2025 7:55,-119.7711,39.4839,1345,1017.3
RNO,5/8/2025 8:55,-119.7711,39.4839,1345,1017.4
RNO,5/8/2025 9:55,-119.7711,39.4839,1345,1017.7
RNO,5/8/2025 10:55,-119.7711,39.4839,1345,1018
RNO,5/8/2025 11:55,-119.7711,39.4839,1345,1018.3
RNO,5/8/2025 12:55,-119.7711,39.4839,1345,1019
RNO,5/8/2025 13:55,-119.7711,39.4839,1345,1019.8
RNO,5/8/2025 14:55,-119.7711,39.4839,1345,1020.4
RNO,5/8/2025 15:55,-119.7711,39.4839,1345,1020.6
RNO,5/8/2025 16:55,-119.7711,39.4839,1345,1020.1
RNO,5/8/2025 17:55,-119.7711,39.4839,1345,1019.7
RNO,5/8/2025 18:55,-119.7711,39.4839,1345,1019
RNO,5/8/2025 19:55,-119.7711,39.4839,1345,1018.4
RNO,5/8/2025 20:55,-119.7711,39.4839,1345,1018
RNO,5/8/2025 21:55,-119.7711,39.4839,1345,1017.3
RNO,5/8/2025 22:55,-119.7711,39.4839,1345,1016.7
RNO,5/8/2025 23:55,-119.7711,39.4839,1345,1016.2
RNO,5/9/2025 0:55,-119.7711,39.4839,1345,1016.3
RNO,5/9/2025 1:55,-119.7711,39.4839,1345,1016.7
RNO,5/9/2025 2:55,-119.7711,39.4839,1345,1017.2
RNO,5/9/2025 3:55,-119.7711,39.4839,1345,1018.4
RNO,5/9/2025 4:55,-119.7711,39.4839,1345,1019.2
RNO,5/9/2025 5:55,-119.7711,39.4839,1345,1019.4
RNO,5/9/2025 6:55,-119.7711,39.4839,1345,1019.6
RNO,5/9/2025 7:55,-119.7711,39.4839,1345,1019.5
RNO,5/9/2025 8:55,-119.7711,39.4839,1345,1019.6
RNO,5/9/2025 9:55,-119.7711,39.4839,1345,1019.6
RNO,5/9/2025 10:55,-119.7711,39.4839,1345,1019.7
RNO,5/9/2025 11:55,-119.7711,39.4839,1345,1020.1
RNO,5/9/2025 12:55,-119.7711,39.4839,1345,1020.4
RNO,5/9/2025 13:55,-119.7711,39.4839,1345,1020.7
RNO,5/9/2025 14:55,-119.7711,39.4839,1345,1020.8
RNO,5/9/2025 15:55,-119.7711,39.4839,1345,1020.6
RNO,5/9/2025 16:55,-119.7711,39.4839,1345,1020
RNO,5/9/2025 17:55,-119.7711,39.4839,1345,1019
RNO,5/9/2025 18:55,-119.7711,39.4839,1345,1017.9
RNO,5/9/2025 19:55,-119.7711,39.4839,1345,1017.1
RNO,5/9/2025 20:55,-119.7711,39.4839,1345,1016.3
RNO,5/9/2025 21:55,-119.7711,39.4839,1345,1015.8
RNO,5/9/2025 22:55,-119.7711,39.4839,1345,1015.2
RNO,5/9/2025 23:55,-119.7711,39.4839,1345,1014.9
RNO,5/10/2025 0:55,-119.7711,39.4839,1345,1014.7
RNO,5/10/2025 1:55,-119.7711,39.4839,1345,1014.5
RNO,5/10/2025 2:55,-119.7711,39.4839,1345,1015
RNO,5/10/2025 3:55,-119.7711,39.4839,1345,1015.7
RNO,5/10/2025 4:55,-119.7711,39.4839,1345,1016.1
RNO,5/10/2025 5:55,-119.7711,39.4839,1345,1016.2
RNO,5/10/2025 6:55,-119.7711,39.4839,1345,1015.9
RNO,5/10/2025 7:55,-119.7711,39.4839,1345,1016
RNO,5/10/2025 8:55,-119.7711,39.4839,1345,1015.7
RNO,5/10/2025 9:55,-119.7711,39.4839,1345,1015.5
RNO,5/10/2025 10:55,-119.7711,39.4839,1345,1015.7
RNO,5/10/2025 11:55,-119.7711,39.4839,1345,1015.8
RNO,5/10/2025 12:55,-119.7711,39.4839,1345,1016.1
RNO,5/10/2025 13:55,-119.7711,39.4839,1345,1016.3
RNO,5/10/2025 14:55,-119.7711,39.4839,1345,1016.4
RNO,5/10/2025 15:55,-119.7711,39.4839,1345,1015.7
RNO,5/10/2025 16:55,-119.7711,39.4839,1345,1014.9
RNO,5/10/2025 17:55,-119.7711,39.4839,1345,1013.7
RNO,5/10/2025 18:55,-119.7711,39.4839,1345,1013.4
RNO,5/10/2025 19:55,-119.7711,39.4839,1345,1012.7
RNO,5/10/2025 20:55,-119.7711,39.4839,1345,1011.9
RNO,5/10/2025 21:55,-119.7711,39.4839,1345,1011.5
RNO,5/10/2025 22:55,-119.7711,39.4839,1345,1010.6
RNO,5/10/2025 23:55,-119.7711,39.4839,1345,1010.7
RNO,5/11/2025 0:55,-119.7711,39.4839,1345,1010.7
RNO,5/11/2025 1:55,-119.7711,39.4839,1345,1010.5
RNO,5/11/2025 2:55,-119.7711,39.4839,1345,1010.9
RNO,5/11/2025 3:55,-119.7711,39.4839,1345,1011
RNO,5/11/2025 4:55,-119.7711,39.4839,1345,1011
RNO,5/11/2025 5:55,-119.7711,39.4839,1345,1010.4
RNO,5/11/2025 6:55,-119.7711,39.4839,1345,1010
RNO,5/11/2025 7:55,-119.7711,39.4839,1345,1009.1
RNO,5/11/2025 8:55,-119.7711,39.4839,1345,1008.5
RNO,5/11/2025 9:55,-119.7711,39.4839,1345,1008.5
RNO,5/11/2025 10:55,-119.7711,39.4839,1345,1008.6
RNO,5/11/2025 11:55,-119.7711,39.4839,1345,1008.4
RNO,5/11/2025 12:55,-119.7711,39.4839,1345,1008.4
RNO,5/11/2025 13:55,-119.7711,39.4839,1345,1008.3
RNO,5/11/2025 14:55,-119.7711,39.4839,1345,1008.4
RNO,5/11/2025 15:55,-119.7711,39.4839,1345,1007.6
RNO,5/11/2025 16:55,-119.7711,39.4839,1345,1007.3
RNO,5/11/2025 17:55,-119.7711,39.4839,1345,1007.1
RNO,5/11/2025 18:55,-119.7711,39.4839,1345,1007
RNO,5/11/2025 19:55,-119.7711,39.4839,1345,1006.4
RNO,5/11/2025 20:55,-119.7711,39.4839,1345,1006.7
RNO,5/11/2025 21:55,-119.7711,39.4839,1345,1006.4
RNO,5/11/2025 22:55,-119.7711,39.4839,1345,1005.9
RNO,5/11/2025 23:55,-119.7711,39.4839,1345,1006.2
RNO,5/12/2025 0:55,-119.7711,39.4839,1345,1006.2
RNO,5/12/2025 1:55,-119.7711,39.4839,1345,1006.2
RNO,5/12/2025 2:55,-119.7711,39.4839,1345,1004.8
RNO,5/12/2025 3:55,-119.7711,39.4839,1345,1004.3
RNO,5/12/2025 4:55,-119.7711,39.4839,1345,1003.9
RNO,5/12/2025 5:55,-119.7711,39.4839,1345,1003.4
RNO,5/12/2025 6:55,-119.7711,39.4839,1345,1002.7
RNO,5/12/2025 7:55,-119.7711,39.4839,1345,1003.1
RNO,5/12/2025 8:55,-119.7711,39.4839,1345,1003
RNO,5/12/2025 9:55,-119.7711,39.4839,1345,1002.6
RNO,5/12/2025 10:55,-119.7711,39.4839,1345,1002.5
RNO,5/12/2025 11:55,-119.7711,39.4839,1345,1000.9
RNO,5/12/2025 12:55,-119.7711,39.4839,1345,1000
RNO,5/12/2025 13:55,-119.7711,39.4839,1345,1000.5
RNO,5/12/2025 14:55,-119.7711,39.4839,1345,1000.7
RNO,5/12/2025 15:55,-119.7711,39.4839,1345,1001.3
RNO,5/12/2025 16:29,-119.7711,39.4839,1345,M
RNO,5/12/2025 16:55,-119.7711,39.4839,1345,1002.3
RNO,5/12/2025 17:33,-119.7711,39.4839,1345,M
RNO,5/12/2025 17:55,-119.7711,39.4839,1345,1004.8
RNO,5/12/2025 18:55,-119.7711,39.4839,1345,1004.9
RNO,5/12/2025 19:55,-119.7711,39.4839,1345,1004.4
RNO,5/12/2025 20:42,-119.7711,39.4839,1345,M
RNO,5/12/2025 20:55,-119.7711,39.4839,1345,1005.2
RNO,5/12/2025 21:55,-119.7711,39.4839,1345,1005.2
RNO,5/12/2025 22:55,-119.7711,39.4839,1345,1005
RNO,5/12/2025 23:55,-119.7711,39.4839,1345,1005.6
RNO,5/13/2025 0:55,-119.7711,39.4839,1345,1005.7
RNO,5/13/2025 1:55,-119.7711,39.4839,1345,1006.2
RNO,5/13/2025 2:55,-119.7711,39.4839,1345,1007.4
RNO,5/13/2025 3:55,-119.7711,39.4839,1345,1008.3
RNO,5/13/2025 4:55,-119.7711,39.4839,1345,1009
RNO,5/13/2025 5:55,-119.7711,39.4839,1345,1010
RNO,5/13/2025 6:55,-119.7711,39.4839,1345,1010
RNO,5/13/2025 7:55,-119.7711,39.4839,1345,1010.3
RNO,5/13/2025 8:55,-119.7711,39.4839,1345,1010.4
RNO,5/13/2025 9:55,-119.7711,39.4839,1345,1010.5
RNO,5/13/2025 10:55,-119.7711,39.4839,1345,1010.5
RNO,5/13/2025 11:55,-119.7711,39.4839,1345,1011
RNO,5/13/2025 12:46,-119.7711,39.4839,1345,M
RNO,5/13/2025 12:55,-119.7711,39.4839,1345,1011.6
RNO,5/13/2025 13:55,-119.7711,39.4839,1345,1012.5
RNO,5/13/2025 14:55,-119.7711,39.4839,1345,1013.7
RNO,5/13/2025 15:26,-119.7711,39.4839,1345,M
RNO,5/13/2025 15:49,-119.7711,39.4839,1345,M
RNO,5/13/2025 15:55,-119.7711,39.4839,1345,1014.7
RNO,5/13/2025 16:43,-119.7711,39.4839,1345,M
RNO,5/13/2025 16:55,-119.7711,39.4839,1345,1015.3
RNO,5/13/2025 17:55,-119.7711,39.4839,1345,1014.9
RNO,5/13/2025 18:55,-119.7711,39.4839,1345,1014.6
RNO,5/13/2025 19:55,-119.7711,39.4839,1345,1013.6
RNO,5/13/2025 20:55,-119.7711,39.4839,1345,1013.7
RNO,5/13/2025 21:55,-119.7711,39.4839,1345,1013.2
RNO,5/13/2025 22:55,-119.7711,39.4839,1345,1013.1
RNO,5/13/2025 23:55,-119.7711,39.4839,1345,1013.3
RNO,5/14/2025 0:55,-119.7711,39.4839,1345,1015
RNO,5/14/2025 1:55,-119.7711,39.4839,1345,1016.5
RNO,5/14/2025 2:55,-119.7711,39.4839,1345,1017
RNO,5/14/2025 3:55,-119.7711,39.4839,1345,1017.6
RNO,5/14/2025 4:55,-119.7711,39.4839,1345,1018.1
RNO,5/14/2025 5:55,-119.7711,39.4839,1345,1017.8
RNO,5/14/2025 6:55,-119.7711,39.4839,1345,1017.1
RNO,5/14/2025 7:55,-119.7711,39.4839,1345,1017
RNO,5/14/2025 8:55,-119.7711,39.4839,1345,1017
RNO,5/14/2025 9:55,-119.7711,39.4839,1345,1016.7
RNO,5/14/2025 10:55,-119.7711,39.4839,1345,1016.8
RNO,5/14/2025 11:55,-119.7711,39.4839,1345,1016.5
RNO,5/14/2025 12:55,-119.7711,39.4839,1345,1017.1
RNO,5/14/2025 13:55,-119.7711,39.4839,1345,1017.7
RNO,5/14/2025 14:55,-119.7711,39.4839,1345,1018
RNO,5/14/2025 15:55,-119.7711,39.4839,1345,1018.2
RNO,5/14/2025 16:55,-119.7711,39.4839,1345,1018.2
RNO,5/14/2025 17:55,-119.7711,39.4839,1345,1018.1
RNO,5/14/2025 18:55,-119.7711,39.4839,1345,1017.4
RNO,5/14/2025 19:55,-119.7711,39.4839,1345,1016.6
RNO,5/14/2025 20:55,-119.7711,39.4839,1345,1016.3
RNO,5/14/2025 21:55,-119.7711,39.4839,1345,1015.5
RNO,5/14/2025 22:55,-119.7711,39.4839,1345,1014.7
RNO,5/14/2025 23:55,-119.7711,39.4839,1345,1014.1
RNO,5/15/2025 0:55,-119.7711,39.4839,1345,1013.7
RNO,5/15/2025 1:55,-119.7711,39.4839,1345,1013.4
RNO,5/15/2025 2:55,-119.7711,39.4839,1345,1014.1
RNO,5/15/2025 3:55,-119.7711,39.4839,1345,1014.8
RNO,5/15/2025 4:55,-119.7711,39.4839,1345,1015.1
RNO,5/15/2025 5:55,-119.7711,39.4839,1345,1015.3
RNO,5/15/2025 6:55,-119.7711,39.4839,1345,1015.4
RNO,5/15/2025 7:55,-119.7711,39.4839,1345,1015.3
RNO,5/15/2025 8:55,-119.7711,39.4839,1345,1015.4
RNO,5/15/2025 9:55,-119.7711,39.4839,1345,1015.3
RNO,5/15/2025 10:55,-119.7711,39.4839,1345,1015.3
RNO,5/15/2025 11:55,-119.7711,39.4839,1345,1015.5
RNO,5/15/2025 12:55,-119.7711,39.4839,1345,1015.8
RNO,5/15/2025 13:55,-119.7711,39.4839,1345,1016.1
RNO,5/15/2025 14:55,-119.7711,39.4839,1345,1016.3
RNO,5/15/2025 15:55,-119.7711,39.4839,1345,1016
RNO,5/15/2025 16:55,-119.7711,39.4839,1345,1015.5
RNO,5/15/2025 17:55,-119.7711,39.4839,1345,1014.6
RNO,5/15/2025 18:55,-119.7711,39.4839,1345,1013.7
RNO,5/15/2025 19:55,-119.7711,39.4839,1345,1012.5
RNO,5/15/2025 20:55,-119.7711,39.4839,1345,1012
RNO,5/15/2025 21:55,-119.7711,39.4839,1345,1011.2
RNO,5/15/2025 22:55,-119.7711,39.4839,1345,1010.9
RNO,5/15/2025 23:55,-119.7711,39.4839,1345,1011.7
RNO,5/16/2025 0:55,-119.7711,39.4839,1345,1011.8
RNO,5/16/2025 1:55,-119.7711,39.4839,1345,1011.9
RNO,5/16/2025 2:55,-119.7711,39.4839,1345,1012.4
RNO,5/16/2025 3:55,-119.7711,39.4839,1345,1012.8
RNO,5/16/2025 4:55,-119.7711,39.4839,1345,1013.1
RNO,5/16/2025 5:55,-119.7711,39.4839,1345,1013
RNO,5/16/2025 6:55,-119.7711,39.4839,1345,1012.7
RNO,5/16/2025 7:55,-119.7711,39.4839,1345,1012.7
RNO,5/16/2025 8:55,-119.7711,39.4839,1345,1013
RNO,5/16/2025 9:55,-119.7711,39.4839,1345,1013
RNO,5/16/2025 10:55,-119.7711,39.4839,1345,1013.1
RNO,5/16/2025 11:55,-119.7711,39.4839,1345,1013
RNO,5/16/2025 12:55,-119.7711,39.4839,1345,1012.9
RNO,5/16/2025 13:55,-119.7711,39.4839,1345,1013.3
RNO,5/16/2025 14:55,-119.7711,39.4839,1345,1013.6
RNO,5/16/2025 15:55,-119.7711,39.4839,1345,1013.6
RNO,5/16/2025 16:55,-119.7711,39.4839,1345,1013.1
RNO,5/16/2025 17:55,-119.7711,39.4839,1345,1013
RNO,5/16/2025 18:55,-119.7711,39.4839,1345,1012.4
RNO,5/16/2025 19:55,-119.7711,39.4839,1345,1011.8
RNO,5/16/2025 20:55,-119.7711,39.4839,1345,1011.4
RNO,5/16/2025 21:55,-119.7711,39.4839,1345,1010.4
RNO,5/16/2025 22:55,-119.7711,39.4839,1345,1009.7
RNO,5/16/2025 23:55,-119.7711,39.4839,1345,1009.2
RNO,5/17/2025 0:55,-119.7711,39.4839,1345,1009.3
RNO,5/17/2025 1:55,-119.7711,39.4839,1345,1008.5
RNO,5/17/2025 2:55,-119.7711,39.4839,1345,1008.5
RNO,5/17/2025 3:55,-119.7711,39.4839,1345,1008.7
RNO,5/17/2025 4:55,-119.7711,39.4839,1345,1009.4
RNO,5/17/2025 5:55,-119.7711,39.4839,1345,1009.4
RNO,5/17/2025 6:55,-119.7711,39.4839,1345,1009.2
RNO,5/17/2025 7:55,-119.7711,39.4839,1345,1008.3
RNO,5/17/2025 8:55,-119.7711,39.4839,1345,1007.6
RNO,5/17/2025 9:55,-119.7711,39.4839,1345,1007.1
RNO,5/17/2025 10:55,-119.7711,39.4839,1345,1005.7
RNO,5/17/2025 11:55,-119.7711,39.4839,1345,1005.1
RNO,5/17/2025 12:55,-119.7711,39.4839,1345,1002.4
RNO,5/17/2025 13:55,-119.7711,39.4839,1345,1002.5
RNO,5/17/2025 14:55,-119.7711,39.4839,1345,1004.2
RNO,5/17/2025 15:55,-119.7711,39.4839,1345,1003.5
RNO,5/17/2025 16:55,-119.7711,39.4839,1345,1004.3
RNO,5/17/2025 17:55,-119.7711,39.4839,1345,1005.1
RNO,5/17/2025 18:55,-119.7711,39.4839,1345,1007.1
RNO,5/17/2025 19:05,-119.7711,39.4839,1345,M
RNO,5/17/2025 19:55,-119.7711,39.4839,1345,1006.6
RNO,5/17/2025 20:55,-119.7711,39.4839,1345,1010.1
RNO,5/17/2025 21:55,-119.7711,39.4839,1345,1008.9
RNO,5/17/2025 22:55,-119.7711,39.4839,1345,1009.8
RNO,5/17/2025 23:55,-119.7711,39.4839,1345,1008.8
RNO,5/18/2025 0:55,-119.7711,39.4839,1345,1008.2
RNO,5/18/2025 1:55,-119.7711,39.4839,1345,1008.8
RNO,5/18/2025 2:55,-119.7711,39.4839,1345,1009.8
RNO,5/18/2025 3:29,-119.7711,39.4839,1345,M
RNO,5/18/2025 3:38,-119.7711,39.4839,1345,M
RNO,5/18/2025 3:55,-119.7711,39.4839,1345,1010.5
RNO,5/18/2025 4:55,-119.7711,39.4839,1345,1011.5
RNO,5/18/2025 5:55,-119.7711,39.4839,1345,1012.2
RNO,5/18/2025 6:55,-119.7711,39.4839,1345,1013.3
RNO,5/18/2025 7:55,-119.7711,39.4839,1345,1013.6
RNO,5/18/2025 8:55,-119.7711,39.4839,1345,1014.8
RNO,5/18/2025 9:55,-119.7711,39.4839,1345,1014
RNO,5/18/2025 10:55,-119.7711,39.4839,1345,1015.1
RNO,5/18/2025 11:55,-119.7711,39.4839,1345,1015
RNO,5/18/2025 12:55,-119.7711,39.4839,1345,1015.1
RNO,5/18/2025 13:55,-119.7711,39.4839,1345,1015.8
RNO,5/18/2025 14:55,-119.7711,39.4839,1345,1016.3
RNO,5/18/2025 15:55,-119.7711,39.4839,1345,1016.3
RNO,5/18/2025 16:55,-119.7711,39.4839,1345,1016.2
RNO,5/18/2025 17:55,-119.7711,39.4839,1345,1015.8
RNO,5/18/2025 18:55,-119.7711,39.4839,1345,1015.7
RNO,5/18/2025 19:55,-119.7711,39.4839,1345,1015.1
RNO,5/18/2025 20:55,-119.7711,39.4839,1345,1015
RNO,5/18/2025 21:55,-119.7711,39.4839,1345,1014.5
RNO,5/18/2025 22:55,-119.7711,39.4839,1345,1014.3
RNO,5/18/2025 23:55,-119.7711,39.4839,1345,1014
RNO,5/19/2025 0:55,-119.7711,39.4839,1345,1013.7
RNO,5/19/2025 1:55,-119.7711,39.4839,1345,1014.5
RNO,5/19/2025 2:55,-119.7711,39.4839,1345,1014.8
RNO,5/19/2025 3:55,-119.7711,39.4839,1345,1015.9
RNO,5/19/2025 4:55,-119.7711,39.4839,1345,1016.8
RNO,5/19/2025 5:55,-119.7711,39.4839,1345,1016.7
RNO,5/19/2025 6:55,-119.7711,39.4839,1345,1016.9
RNO,5/19/2025 7:55,-119.7711,39.4839,1345,1017.1
RNO,5/19/2025 8:55,-119.7711,39.4839,1345,1017.8
RNO,5/19/2025 9:55,-119.7711,39.4839,1345,1017.8
RNO,5/19/2025 10:55,-119.7711,39.4839,1345,1018.1
RNO,5/19/2025 11:55,-119.7711,39.4839,1345,1018.6
RNO,5/19/2025 12:55,-119.7711,39.4839,1345,1018.9
RNO,5/19/2025 13:55,-119.7711,39.4839,1345,1019.8
RNO,5/19/2025 14:55,-119.7711,39.4839,1345,1020.4
RNO,5/19/2025 15:55,-119.7711,39.4839,1345,1020.4
RNO,5/19/2025 16:55,-119.7711,39.4839,1345,1020.2
RNO,5/19/2025 17:55,-119.7711,39.4839,1345,1020
RNO,5/19/2025 18:55,-119.7711,39.4839,1345,1019.4
RNO,5/19/2025 19:55,-119.7711,39.4839,1345,1018.8
RNO,5/19/2025 20:55,-119.7711,39.4839,1345,1017.4
RNO,5/19/2025 21:55,-119.7711,39.4839,1345,1016.3
RNO,5/19/2025 22:55,-119.7711,39.4839,1345,1014.8
RNO,5/19/2025 23:55,-119.7711,39.4839,1345,1014
RNO,5/20/2025 0:55,-119.7711,39.4839,1345,1013.9
RNO,5/20/2025 1:55,-119.7711,39.4839,1345,1014.1
RNO,5/20/2025 2:55,-119.7711,39.4839,1345,1015
RNO,5/20/2025 3:55,-119.7711,39.4839,1345,1015.5
RNO,5/20/2025 4:55,-119.7711,39.4839,1345,1015.6
RNO,5/20/2025 5:55,-119.7711,39.4839,1345,1016.1
RNO,5/20/2025 6:55,-119.7711,39.4839,1345,1016
RNO,5/20/2025 7:55,-119.7711,39.4839,1345,1016.4
RNO,5/20/2025 8:55,-119.7711,39.4839,1345,1016.2
RNO,5/20/2025 9:55,-119.7711,39.4839,1345,1016.4
RNO,5/20/2025 10:55,-119.7711,39.4839,1345,1015.9
RNO,5/20/2025 11:55,-119.7711,39.4839,1345,1016.3
RNO,5/20/2025 12:55,-119.7711,39.4839,1345,1016.4
RNO,5/20/2025 13:55,-119.7711,39.4839,1345,1016.9
RNO,5/20/2025 14:55,-119.7711,39.4839,1345,1017.1
RNO,5/20/2025 15:55,-119.7711,39.4839,1345,1016.9
RNO,5/20/2025 16:55,-119.7711,39.4839,1345,1016.3
RNO,5/20/2025 17:55,-119.7711,39.4839,1345,1015.8
RNO,5/20/2025 18:55,-119.7711,39.4839,1345,1015.1
RNO,5/20/2025 19:55,-119.7711,39.4839,1345,1014.2
RNO,5/20/2025 20:55,-119.7711,39.4839,1345,1013.6
RNO,5/20/2025 21:55,-119.7711,39.4839,1345,1013.3
RNO,5/20/2025 22:55,-119.7711,39.4839,1345,1013.1
RNO,5/20/2025 23:55,-119.7711,39.4839,1345,1013.2
RNO,5/21/2025 0:55,-119.7711,39.4839,1345,1013.4
RNO,5/21/2025 1:55,-119.7711,39.4839,1345,1013.6
RNO,5/21/2025 2:55,-119.7711,39.4839,1345,1013.8
RNO,5/21/2025 3:55,-119.7711,39.4839,1345,1014.5
RNO,5/21/2025 4:55,-119.7711,39.4839,1345,1015
RNO,5/21/2025 5:55,-119.7711,39.4839,1345,1015.4
RNO,5/21/2025 6:55,-119.7711,39.4839,1345,1015.5
RNO,5/21/2025 7:55,-119.7711,39.4839,1345,1015.8
RNO,5/21/2025 8:55,-119.7711,39.4839,1345,1015.9
RNO,5/21/2025 9:55,-119.7711,39.4839,1345,1016.1
RNO,5/21/2025 10:55,-119.7711,39.4839,1345,1016.4
RNO,5/21/2025 11:55,-119.7711,39.4839,1345,1016.7
RNO,5/21/2025 12:55,-119.7711,39.4839,1345,1017.1
RNO,5/21/2025 13:55,-119.7711,39.4839,1345,1017.3
RNO,5/21/2025 14:55,-119.7711,39.4839,1345,1017.6
RNO,5/21/2025 15:55,-119.7711,39.4839,1345,1017.4
RNO,5/21/2025 16:55,-119.7711,39.4839,1345,1016.5
RNO,5/21/2025 17:55,-119.7711,39.4839,1345,1015.9
RNO,5/21/2025 18:55,-119.7711,39.4839,1345,1015.1
RNO,5/21/2025 19:55,-119.7711,39.4839,1345,1014.1
RNO,5/21/2025 20:55,-119.7711,39.4839,1345,1013.2
RNO,5/21/2025 21:55,-119.7711,39.4839,1345,1012.5
RNO,5/21/2025 22:55,-119.7711,39.4839,1345,1011.3
RNO,5/21/2025 23:55,-119.7711,39.4839,1345,1011.1
RNO,5/22/2025 0:55,-119.7711,39.4839,1345,1011.7
RNO,5/22/2025 1:55,-119.7711,39.4839,1345,1011.9
RNO,5/22/2025 2:55,-119.7711,39.4839,1345,1012.1
RNO,5/22/2025 3:55,-119.7711,39.4839,1345,1012.1
RNO,5/22/2025 4:55,-119.7711,39.4839,1345,1012.9
RNO,5/22/2025 5:55,-119.7711,39.4839,1345,1012.6
RNO,5/22/2025 6:55,-119.7711,39.4839,1345,1012
RNO,5/22/2025 7:55,-119.7711,39.4839,1345,1011.7
RNO,5/22/2025 8:55,-119.7711,39.4839,1345,1011.4
RNO,5/22/2025 9:55,-119.7711,39.4839,1345,1011.2
RNO,5/22/2025 10:55,-119.7711,39.4839,1345,1010.5
RNO,5/22/2025 11:55,-119.7711,39.4839,1345,1010.4
RNO,5/22/2025 12:55,-119.7711,39.4839,1345,1010.8
RNO,5/22/2025 13:55,-119.7711,39.4839,1345,1011.2
RNO,5/22/2025 14:55,-119.7711,39.4839,1345,1010.7
RNO,5/22/2025 15:55,-119.7711,39.4839,1345,1010.3
RNO,5/22/2025 16:55,-119.7711,39.4839,1345,1010.6
RNO,5/22/2025 17:55,-119.7711,39.4839,1345,1010.4
RNO,5/22/2025 18:18,-119.7711,39.4839,1345,M
RNO,5/22/2025 18:55,-119.7711,39.4839,1345,1010.3
RNO,5/22/2025 19:55,-119.7711,39.4839,1345,1010.1
RNO,5/22/2025 20:55,-119.7711,39.4839,1345,1009.9
RNO,5/22/2025 21:55,-119.7711,39.4839,1345,1009.7
RNO,5/22/2025 22:55,-119.7711,39.4839,1345,1009.7
RNO,5/22/2025 23:55,-119.7711,39.4839,1345,1010.1
RNO,5/23/2025 0:55,-119.7711,39.4839,1345,1010.6
RNO,5/23/2025 1:55,-119.7711,39.4839,1345,1011.1
RNO,5/23/2025 2:55,-119.7711,39.4839,1345,1011.1
RNO,5/23/2025 3:55,-119.7711,39.4839,1345,1011.7
RNO,5/23/2025 4:55,-119.7711,39.4839,1345,1011.9
RNO,5/23/2025 5:55,-119.7711,39.4839,1345,1012.1
RNO,5/23/2025 6:55,-119.7711,39.4839,1345,1011.9
RNO,5/23/2025 7:55,-119.7711,39.4839,1345,1011.9
RNO,5/23/2025 8:55,-119.7711,39.4839,1345,1012
RNO,5/23/2025 9:55,-119.7711,39.4839,1345,1012.1
RNO,5/23/2025 10:55,-119.7711,39.4839,1345,1012.1
RNO,5/23/2025 11:55,-119.7711,39.4839,1345,1012.1
RNO,5/23/2025 12:55,-119.7711,39.4839,1345,1012.7
RNO,5/23/2025 13:55,-119.7711,39.4839,1345,1012.9
RNO,5/23/2025 14:55,-119.7711,39.4839,1345,1013.2
RNO,5/23/2025 15:55,-119.7711,39.4839,1345,1012.8
RNO,5/23/2025 16:55,-119.7711,39.4839,1345,1012.4
RNO,5/23/2025 17:55,-119.7711,39.4839,1345,1012.1
RNO,5/23/2025 18:55,-119.7711,39.4839,1345,1011.6
RNO,5/23/2025 19:55,-119.7711,39.4839,1345,1010.9
RNO,5/23/2025 20:55,-119.7711,39.4839,1345,1010.3
RNO,5/23/2025 21:55,-119.7711,39.4839,1345,1010
RNO,5/23/2025 22:55,-119.7711,39.4839,1345,1009.5
RNO,5/23/2025 23:55,-119.7711,39.4839,1345,1009.5
RNO,5/24/2025 0:55,-119.7711,39.4839,1345,1009.7
RNO,5/24/2025 1:55,-119.7711,39.4839,1345,1009.9
RNO,5/24/2025 2:55,-119.7711,39.4839,1345,1010.8
RNO,5/24/2025 3:55,-119.7711,39.4839,1345,1011.2
RNO,5/24/2025 4:55,-119.7711,39.4839,1345,1011.8
RNO,5/24/2025 5:55,-119.7711,39.4839,1345,1012.1
RNO,5/24/2025 6:55,-119.7711,39.4839,1345,1012
RNO,5/24/2025 7:55,-119.7711,39.4839,1345,1012.1
RNO,5/24/2025 8:55,-119.7711,39.4839,1345,1012.2
RNO,5/24/2025 9:55,-119.7711,39.4839,1345,1012.2
RNO,5/24/2025 10:55,-119.7711,39.4839,1345,1012.5
RNO,5/24/2025 11:55,-119.7711,39.4839,1345,1012.9
RNO,5/24/2025 12:55,-119.7711,39.4839,1345,1013.2
RNO,5/24/2025 13:55,-119.7711,39.4839,1345,1013.8
RNO,5/24/2025 14:55,-119.7711,39.4839,1345,1014.1
RNO,5/24/2025 15:55,-119.7711,39.4839,1345,1014.1
RNO,5/24/2025 16:55,-119.7711,39.4839,1345,1013.6
RNO,5/24/2025 17:55,-119.7711,39.4839,1345,1013.1
RNO,5/24/2025 18:55,-119.7711,39.4839,1345,1012.7
RNO,5/24/2025 19:55,-119.7711,39.4839,1345,1012.3
RNO,5/24/2025 20:55,-119.7711,39.4839,1345,1011.9
RNO,5/24/2025 21:55,-119.7711,39.4839,1345,1011.5
RNO,5/24/2025 22:55,-119.7711,39.4839,1345,1010.5
RNO,5/24/2025 23:55,-119.7711,39.4839,1345,1010.1
RNO,5/25/2025 0:55,-119.7711,39.4839,1345,1009.9
RNO,5/25/2025 1:55,-119.7711,39.4839,1345,1010.2
RNO,5/25/2025 2:55,-119.7711,39.4839,1345,1010.5
RNO,5/25/2025 3:55,-119.7711,39.4839,1345,1011.2
RNO,5/25/2025 4:55,-119.7711,39.4839,1345,1011.7
RNO,5/25/2025 5:55,-119.7711,39.4839,1345,1012
RNO,5/25/2025 6:55,-119.7711,39.4839,1345,1012.3
RNO,5/25/2025 7:55,-119.7711,39.4839,1345,1012.4
RNO,5/25/2025 8:55,-119.7711,39.4839,1345,1012.7
RNO,5/25/2025 9:55,-119.7711,39.4839,1345,1012.6
RNO,5/25/2025 10:55,-119.7711,39.4839,1345,1012.9
RNO,5/25/2025 11:55,-119.7711,39.4839,1345,1013.5
RNO,5/25/2025 12:55,-119.7711,39.4839,1345,1013.6
RNO,5/25/2025 13:55,-119.7711,39.4839,1345,1013.9
RNO,5/25/2025 14:55,-119.7711,39.4839,1345,1013.8
RNO,5/25/2025 15:55,-119.7711,39.4839,1345,1013.6
RNO,5/25/2025 16:55,-119.7711,39.4839,1345,1013.2
RNO,5/25/2025 17:55,-119.7711,39.4839,1345,1012.4
RNO,5/25/2025 18:55,-119.7711,39.4839,1345,1011.4
RNO,5/25/2025 19:55,-119.7711,39.4839,1345,1010.6
RNO,5/25/2025 20:55,-119.7711,39.4839,1345,1009.8
RNO,5/25/2025 21:55,-119.7711,39.4839,1345,1009.5
RNO,5/25/2025 22:55,-119.7711,39.4839,1345,1009
RNO,5/25/2025 23:14,-119.7711,39.4839,1345,M
RNO,5/25/2025 23:55,-119.7711,39.4839,1345,1009
RNO,5/26/2025 0:55,-119.7711,39.4839,1345,1008.9
RNO,5/26/2025 1:55,-119.7711,39.4839,1345,1009.6
RNO,5/26/2025 2:55,-119.7711,39.4839,1345,1010.1
RNO,5/26/2025 3:55,-119.7711,39.4839,1345,1010.6
RNO,5/26/2025 4:55,-119.7711,39.4839,1345,1011.1
RNO,5/26/2025 5:55,-119.7711,39.4839,1345,1011.3
RNO,5/26/2025 6:55,-119.7711,39.4839,1345,1011
RNO,5/26/2025 7:55,-119.7711,39.4839,1345,1010.5
RNO,5/26/2025 8:55,-119.7711,39.4839,1345,1010.2
RNO,5/26/2025 9:55,-119.7711,39.4839,1345,1010.8
RNO,5/26/2025 10:55,-119.7711,39.4839,1345,1011.1
RNO,5/26/2025 11:55,-119.7711,39.4839,1345,1011.4
RNO,5/26/2025 12:55,-119.7711,39.4839,1345,1012.2
RNO,5/26/2025 13:55,-119.7711,39.4839,1345,1013.1
RNO,5/26/2025 14:55,-119.7711,39.4839,1345,1013.6
RNO,5/26/2025 15:55,-119.7711,39.4839,1345,1014
RNO,5/26/2025 16:55,-119.7711,39.4839,1345,1013.9
RNO,5/26/2025 17:55,-119.7711,39.4839,1345,1013.5
RNO,5/26/2025 18:55,-119.7711,39.4839,1345,1013.1
RNO,5/26/2025 19:55,-119.7711,39.4839,1345,1012.2
RNO,5/26/2025 20:55,-119.7711,39.4839,1345,1011.4
RNO,5/26/2025 21:55,-119.7711,39.4839,1345,1010.9
RNO,5/26/2025 22:55,-119.7711,39.4839,1345,1010.3
RNO,5/26/2025 23:55,-119.7711,39.4839,1345,1010.1
RNO,5/27/2025 0:55,-119.7711,39.4839,1345,1010.4
RNO,5/27/2025 1:55,-119.7711,39.4839,1345,1011.1
RNO,5/27/2025 2:55,-119.7711,39.4839,1345,1011.7
RNO,5/27/2025 3:55,-119.7711,39.4839,1345,1013
RNO,5/27/2025 4:55,-119.7711,39.4839,1345,1013.6
RNO,5/27/2025 5:55,-119.7711,39.4839,1345,1014.3
RNO,5/27/2025 6:55,-119.7711,39.4839,1345,1014.5
RNO,5/27/2025 7:55,-119.7711,39.4839,1345,1014.3
RNO,5/27/2025 8:55,-119.7711,39.4839,1345,1014.7
RNO,5/27/2025 9:55,-119.7711,39.4839,1345,1014.7
RNO,5/27/2025 10:55,-119.7711,39.4839,1345,1014.8
RNO,5/27/2025 11:55,-119.7711,39.4839,1345,1015.2
RNO,5/27/2025 12:55,-119.7711,39.4839,1345,1015.7
RNO,5/27/2025 13:55,-119.7711,39.4839,1345,1016.3
RNO,5/27/2025 14:55,-119.7711,39.4839,1345,1016.5
RNO,5/27/2025 15:55,-119.7711,39.4839,1345,1016.3
RNO,5/27/2025 16:55,-119.7711,39.4839,1345,1015.6
RNO,5/27/2025 17:55,-119.7711,39.4839,1345,1015.2
RNO,5/27/2025 18:55,-119.7711,39.4839,1345,1014.4
RNO,5/27/2025 19:55,-119.7711,39.4839,1345,1013.6
RNO,5/27/2025 20:55,-119.7711,39.4839,1345,1012.6
RNO,5/27/2025 21:55,-119.7711,39.4839,1345,1012.1
RNO,5/27/2025 22:55,-119.7711,39.4839,1345,1011.4
RNO,5/27/2025 23:55,-119.7711,39.4839,1345,1010.8
RNO,5/28/2025 0:55,-119.7711,39.4839,1345,1010.5
RNO,5/28/2025 1:55,-119.7711,39.4839,1345,1010.3
RNO,5/28/2025 2:55,-119.7711,39.4839,1345,1010.6
RNO,5/28/2025 3:08,-119.7711,39.4839,1345,M
RNO,5/28/2025 3:55,-119.7711,39.4839,1345,1011.3
RNO,5/28/2025 4:55,-119.7711,39.4839,1345,1011.8
RNO,5/28/2025 5:55,-119.7711,39.4839,1345,1012
RNO,5/28/2025 6:55,-119.7711,39.4839,1345,1012.2
RNO,5/28/2025 7:55,-119.7711,39.4839,1345,1012.5
RNO,5/28/2025 8:55,-119.7711,39.4839,1345,1012.3
RNO,5/28/2025 9:55,-119.7711,39.4839,1345,1012.1
RNO,5/28/2025 10:55,-119.7711,39.4839,1345,1012.5
RNO,5/28/2025 11:55,-119.7711,39.4839,1345,1012.7
RNO,5/28/2025 12:55,-119.7711,39.4839,1345,1013
RNO,5/28/2025 13:55,-119.7711,39.4839,1345,1013.3
RNO,5/28/2025 14:55,-119.7711,39.4839,1345,1013.3
RNO,5/28/2025 15:55,-119.7711,39.4839,1345,1013.3
RNO,5/28/2025 16:55,-119.7711,39.4839,1345,1012.5
RNO,5/28/2025 17:55,-119.7711,39.4839,1345,1012
RNO,5/28/2025 18:55,-119.7711,39.4839,1345,1011.1
RNO,5/28/2025 19:43,-119.7711,39.4839,1345,M
RNO,5/28/2025 19:55,-119.7711,39.4839,1345,1010.2
RNO,5/28/2025 20:55,-119.7711,39.4839,1345,1009.7
RNO,5/28/2025 21:55,-119.7711,39.4839,1345,1009.1
RNO,5/28/2025 22:55,-119.7711,39.4839,1345,1008.5
RNO,5/28/2025 23:55,-119.7711,39.4839,1345,1008.4
RNO,5/29/2025 0:55,-119.7711,39.4839,1345,1008.6
RNO,5/29/2025 1:55,-119.7711,39.4839,1345,1009.3
RNO,5/29/2025 2:55,-119.7711,39.4839,1345,1009.6
RNO,5/29/2025 3:55,-119.7711,39.4839,1345,1010.6
RNO,5/29/2025 4:55,-119.7711,39.4839,1345,1011.4
RNO,5/29/2025 5:55,-119.7711,39.4839,1345,1012.2
RNO,5/29/2025 6:55,-119.7711,39.4839,1345,1012.7
RNO,5/29/2025 7:55,-119.7711,39.4839,1345,1012.5
RNO,5/29/2025 8:55,-119.7711,39.4839,1345,1013
RNO,5/29/2025 9:55,-119.7711,39.4839,1345,1013.3
RNO,5/29/2025 10:55,-119.7711,39.4839,1345,1013.6
RNO,5/29/2025 11:55,-119.7711,39.4839,1345,1014
RNO,5/29/2025 12:55,-119.7711,39.4839,1345,1014.4
RNO,5/29/2025 13:55,-119.7711,39.4839,1345,1014.9
RNO,5/29/2025 14:55,-119.7711,39.4839,1345,1015.2
RNO,5/29/2025 15:55,-119.7711,39.4839,1345,1015.2
RNO,5/29/2025 16:55,-119.7711,39.4839,1345,1014.9
RNO,5/29/2025 17:55,-119.7711,39.4839,1345,1014.7
RNO,5/29/2025 18:55,-119.7711,39.4839,1345,1014.5
RNO,5/29/2025 19:55,-119.7711,39.4839,1345,1014.1
RNO,5/29/2025 20:55,-119.7711,39.4839,1345,1013.4
RNO,5/29/2025 21:55,-119.7711,39.4839,1345,1012.9
RNO,5/29/2025 22:55,-119.7711,39.4839,1345,1012.7
RNO,5/29/2025 23:55,-119.7711,39.4839,1345,1012.5
RNO,5/30/2025 0:55,-119.7711,39.4839,1345,1012.1
RNO,5/30/2025 1:55,-119.7711,39.4839,1345,1012.5
RNO,5/30/2025 2:55,-119.7711,39.4839,1345,1013.2
RNO,5/30/2025 3:55,-119.7711,39.4839,1345,1014.1
RNO,5/30/2025 4:55,-119.7711,39.4839,1345,1014.9
RNO,5/30/2025 5:55,-119.7711,39.4839,1345,1015.5
RNO,5/30/2025 6:55,-119.7711,39.4839,1345,1015.7
RNO,5/30/2025 7:55,-119.7711,39.4839,1345,1016.2
RNO,5/30/2025 8:55,-119.7711,39.4839,1345,1016.4
RNO,5/30/2025 9:55,-119.7711,39.4839,1345,1016.9
RNO,5/30/2025 10:55,-119.7711,39.4839,1345,1017.6
RNO,5/30/2025 11:55,-119.7711,39.4839,1345,1018.1
RNO,5/30/2025 12:55,-119.7711,39.4839,1345,1018.5
RNO,5/30/2025 13:55,-119.7711,39.4839,1345,1019.1
RNO,5/30/2025 14:55,-119.7711,39.4839,1345,1019.6
RNO,5/30/2025 15:55,-119.7711,39.4839,1345,1019.6
RNO,5/30/2025 16:55,-119.7711,39.4839,1345,1019
RNO,5/30/2025 17:55,-119.7711,39.4839,1345,1018.4
RNO,5/30/2025 18:55,-119.7711,39.4839,1345,1017.8
RNO,5/30/2025 19:55,-119.7711,39.4839,1345,1017.1
RNO,5/30/2025 20:55,-119.7711,39.4839,1345,1016.1
RNO,5/30/2025 21:55,-119.7711,39.4839,1345,1015.2
RNO,5/30/2025 22:55,-119.7711,39.4839,1345,1014.6
RNO,5/30/2025 23:55,-119.7711,39.4839,1345,1014.2
RNO,5/31/2025 0:55,-119.7711,39.4839,1345,1013.6
RNO,5/31/2025 1:55,-119.7711,39.4839,1345,1013.3
RNO,5/31/2025 2:55,-119.7711,39.4839,1345,1013.6
RNO,5/31/2025 3:55,-119.7711,39.4839,1345,1014.1
RNO,5/31/2025 4:55,-119.7711,39.4839,1345,1014.8
RNO,5/31/2025 5:55,-119.7711,39.4839,1345,1014.9
RNO,5/31/2025 6:55,-119.7711,39.4839,1345,1015
RNO,5/31/2025 7:55,-119.7711,39.4839,1345,1014.9
RNO,5/31/2025 8:55,-119.7711,39.4839,1345,1015.1
RNO,5/31/2025 9:55,-119.7711,39.4839,1345,1015.1
RNO,5/31/2025 10:55,-119.7711,39.4839,1345,1015.3
RNO,5/31/2025 11:55,-119.7711,39.4839,1345,1015.5
RNO,5/31/2025 12:55,-119.7711,39.4839,1345,1015.9
RNO,5/31/2025 13:55,-119.7711,39.4839,1345,1015.9
RNO,5/31/2025 14:55,-119.7711,39.4839,1345,1016
RNO,5/31/2025 15:55,-119.7711,39.4839,1345,1015.6
RNO,5/31/2025 16:55,-119.7711,39.4839,1345,1014.8
RNO,5/31/2025 17:55,-119.7711,39.4839,1345,1013.8
RNO,5/31/2025 18:55,-119.7711,39.4839,1345,1012.7
RNO,5/31/2025 19:55,-119.7711,39.4839,1345,1012.1
RNO,5/31/2025 20:55,-119.7711,39.4839,1345,1011.3
RNO,5/31/2025 21:55,-119.7711,39.4839,1345,1010.5
RNO,5/31/2025 22:55,-119.7711,39.4839,1345,1010.4
RNO,5/31/2025 23:55,-119.7711,39.4839,1345,1009.9
RNO,6/1/2025 0:55,-119.7711,39.4839,1345,1010
RNO,6/1/2025 1:55,-119.7711,39.4839,1345,1009.6
RNO,6/1/2025 2:55,-119.7711,39.4839,1345,1010.2
RNO,6/1/2025 3:55,-119.7711,39.4839,1345,1010.3
RNO,6/1/2025 4:55,-119.7711,39.4839,1345,1010.6
RNO,6/1/2025 5:55,-119.7711,39.4839,1345,1010.7
RNO,6/1/2025 6:55,-119.7711,39.4839,1345,1010.5
RNO,6/1/2025 7:55,-119.7711,39.4839,1345,1010.2
RNO,6/1/2025 8:55,-119.7711,39.4839,1345,1010
RNO,6/1/2025 9:55,-119.7711,39.4839,1345,1010.3
RNO,6/1/2025 10:55,-119.7711,39.4839,1345,1010.1
RNO,6/1/2025 11:55,-119.7711,39.4839,1345,1009.9
RNO,6/1/2025 12:55,-119.7711,39.4839,1345,1010.2
RNO,6/1/2025 13:55,-119.7711,39.4839,1345,1010.6
RNO,6/1/2025 14:55,-119.7711,39.4839,1345,1010
RNO,6/1/2025 15:55,-119.7711,39.4839,1345,1009.4
RNO,6/1/2025 16:55,-119.7711,39.4839,1345,1008.6
RNO,6/1/2025 17:55,-119.7711,39.4839,1345,1007.9
RNO,6/1/2025 18:55,-119.7711,39.4839,1345,1007.1
RNO,6/1/2025 19:55,-119.7711,39.4839,1345,1006.7
RNO,6/1/2025 20:55,-119.7711,39.4839,1345,1006.2
RNO,6/1/2025 21:55,-119.7711,39.4839,1345,1006
RNO,6/1/2025 22:55,-119.7711,39.4839,1345,1005.8
RNO,6/1/2025 23:55,-119.7711,39.4839,1345,1005.3
RNO,6/2/2025 0:55,-119.7711,39.4839,1345,1005.7
RNO,6/2/2025 1:55,-119.7711,39.4839,1345,1006.6
RNO,6/2/2025 2:55,-119.7711,39.4839,1345,1007.5
RNO,6/2/2025 3:55,-119.7711,39.4839,1345,1008.3
RNO,6/2/2025 4:55,-119.7711,39.4839,1345,1009.3
RNO,6/2/2025 5:55,-119.7711,39.4839,1345,1009.7
RNO,6/2/2025 6:55,-119.7711,39.4839,1345,1010.1
RNO,6/2/2025 7:55,-119.7711,39.4839,1345,1010.7
RNO,6/2/2025 8:55,-119.7711,39.4839,1345,1011.2
RNO,6/2/2025 9:55,-119.7711,39.4839,1345,1011.6
RNO,6/2/2025 10:55,-119.7711,39.4839,1345,1012.5
RNO,6/2/2025 11:55,-119.7711,39.4839,1345,1013.2
RNO,6/2/2025 12:55,-119.7711,39.4839,1345,1014
RNO,6/2/2025 13:55,-119.7711,39.4839,1345,1014.6
RNO,6/2/2025 14:55,-119.7711,39.4839,1345,1015.3
RNO,6/2/2025 15:55,-119.7711,39.4839,1345,1015.3
RNO,6/2/2025 16:55,-119.7711,39.4839,1345,1014.9
RNO,6/2/2025 17:55,-119.7711,39.4839,1345,1014.2
RNO,6/2/2025 18:55,-119.7711,39.4839,1345,1013.9
RNO,6/2/2025 19:55,-119.7711,39.4839,1345,1013.3
RNO,6/2/2025 20:55,-119.7711,39.4839,1345,1012.5
RNO,6/2/2025 21:55,-119.7711,39.4839,1345,1011.5
RNO,6/2/2025 22:55,-119.7711,39.4839,1345,1010.7
RNO,6/2/2025 23:55,-119.7711,39.4839,1345,1009.5
RNO,6/3/2025 0:55,-119.7711,39.4839,1345,1009.3
RNO,6/3/2025 1:55,-119.7711,39.4839,1345,1009.6
RNO,6/3/2025 2:55,-119.7711,39.4839,1345,1009.8
RNO,6/3/2025 3:55,-119.7711,39.4839,1345,1010.6
RNO,6/3/2025 4:55,-119.7711,39.4839,1345,1011.4
RNO,6/3/2025 5:55,-119.7711,39.4839,1345,1012
RNO,6/3/2025 6:55,-119.7711,39.4839,1345,1012.5
RNO,6/3/2025 7:55,-119.7711,39.4839,1345,1012.7
RNO,6/3/2025 8:55,-119.7711,39.4839,1345,1012.7
RNO,6/3/2025 9:55,-119.7711,39.4839,1345,1012.9
RNO,6/3/2025 10:55,-119.7711,39.4839,1345,1013.2
RNO,6/3/2025 11:55,-119.7711,39.4839,1345,1013.7
RNO,6/3/2025 12:55,-119.7711,39.4839,1345,1013.9
RNO,6/3/2025 13:55,-119.7711,39.4839,1345,1014.5
RNO,6/3/2025 14:55,-119.7711,39.4839,1345,1014.4
RNO,6/3/2025 15:55,-119.7711,39.4839,1345,1014.4
RNO,6/3/2025 16:55,-119.7711,39.4839,1345,1014.3
RNO,6/3/2025 17:55,-119.7711,39.4839,1345,1013.5
RNO,6/3/2025 18:55,-119.7711,39.4839,1345,1013
RNO,6/3/2025 19:55,-119.7711,39.4839,1345,1012.1
RNO,6/3/2025 20:55,-119.7711,39.4839,1345,1011.1
RNO,6/3/2025 21:55,-119.7711,39.4839,1345,1010.1
RNO,6/3/2025 22:55,-119.7711,39.4839,1345,1009.7
RNO,6/3/2025 23:55,-119.7711,39.4839,1345,1009.5
RNO,6/4/2025 0:55,-119.7711,39.4839,1345,1009.1
RNO,6/4/2025 1:55,-119.7711,39.4839,1345,1009.2
RNO,6/4/2025 2:55,-119.7711,39.4839,1345,1009.5
RNO,6/4/2025 3:55,-119.7711,39.4839,1345,1009.8
RNO,6/4/2025 4:55,-119.7711,39.4839,1345,1010.9
RNO,6/4/2025 5:55,-119.7711,39.4839,1345,1011.5
RNO,6/4/2025 6:55,-119.7711,39.4839,1345,1011.6
RNO,6/4/2025 7:55,-119.7711,39.4839,1345,1011.9
RNO,6/4/2025 8:55,-119.7711,39.4839,1345,1012
RNO,6/4/2025 9:55,-119.7711,39.4839,1345,1012.2
RNO,6/4/2025 10:55,-119.7711,39.4839,1345,1012.5
RNO,6/4/2025 11:55,-119.7711,39.4839,1345,1012.7
RNO,6/4/2025 12:55,-119.7711,39.4839,1345,1013
RNO,6/4/2025 13:55,-119.7711,39.4839,1345,1013.1
RNO,6/4/2025 14:55,-119.7711,39.4839,1345,1013
RNO,6/4/2025 15:55,-119.7711,39.4839,1345,1012.8
RNO,6/4/2025 16:55,-119.7711,39.4839,1345,1012.1
RNO,6/4/2025 17:55,-119.7711,39.4839,1345,1011.7
RNO,6/4/2025 18:55,-119.7711,39.4839,1345,1011.3
RNO,6/4/2025 19:55,-119.7711,39.4839,1345,1010.5
RNO,6/4/2025 20:55,-119.7711,39.4839,1345,1009.7
RNO,6/4/2025 21:55,-119.7711,39.4839,1345,1008.9
RNO,6/4/2025 22:55,-119.7711,39.4839,1345,1008.1
RNO,6/4/2025 23:55,-119.7711,39.4839,1345,1007.6
RNO,6/5/2025 0:55,-119.7711,39.4839,1345,1007.6
RNO,6/5/2025 1:55,-119.7711,39.4839,1345,1008
RNO,6/5/2025 2:55,-119.7711,39.4839,1345,1008.3
RNO,6/5/2025 3:55,-119.7711,39.4839,1345,1008.7
RNO,6/5/2025 4:55,-119.7711,39.4839,1345,1009.3
RNO,6/5/2025 5:55,-119.7711,39.4839,1345,1009.6
RNO,6/5/2025 6:55,-119.7711,39.4839,1345,1009.5
RNO,6/5/2025 7:55,-119.7711,39.4839,1345,1009.4
RNO,6/5/2025 8:55,-119.7711,39.4839,1345,1009.5
RNO,6/5/2025 9:55,-119.7711,39.4839,1345,1009.2
RNO,6/5/2025 10:55,-119.7711,39.4839,1345,1009.4
RNO,6/5/2025 11:55,-119.7711,39.4839,1345,1009.8
RNO,6/5/2025 12:55,-119.7711,39.4839,1345,1010.2
RNO,6/5/2025 13:55,-119.7711,39.4839,1345,1010.6
RNO,6/5/2025 14:55,-119.7711,39.4839,1345,1010.7
RNO,6/5/2025 15:55,-119.7711,39.4839,1345,1010.6
RNO,6/5/2025 16:55,-119.7711,39.4839,1345,1009.8
RNO,6/5/2025 17:55,-119.7711,39.4839,1345,1009.6
RNO,6/5/2025 18:55,-119.7711,39.4839,1345,1009
RNO,6/5/2025 19:55,-119.7711,39.4839,1345,1008.5
RNO,6/5/2025 20:55,-119.7711,39.4839,1345,1007.8
RNO,6/5/2025 21:55,-119.7711,39.4839,1345,1007.4
RNO,6/5/2025 22:55,-119.7711,39.4839,1345,1007.3
RNO,6/5/2025 23:55,-119.7711,39.4839,1345,1007.4
RNO,6/6/2025 0:55,-119.7711,39.4839,1345,1007.4
RNO,6/6/2025 1:06,-119.7711,39.4839,1345,M
RNO,6/6/2025 1:40,-119.7711,39.4839,1345,M
RNO,6/6/2025 1:53,-119.7711,39.4839,1345,M
RNO,6/6/2025 1:55,-119.7711,39.4839,1345,1010.4
RNO,6/6/2025 2:04,-119.7711,39.4839,1345,M
RNO,6/6/2025 2:23,-119.7711,39.4839,1345,M
RNO,6/6/2025 2:55,-119.7711,39.4839,1345,1011.5
RNO,6/6/2025 3:15,-119.7711,39.4839,1345,M
RNO,6/6/2025 3:43,-119.7711,39.4839,1345,M
RNO,6/6/2025 3:55,-119.7711,39.4839,1345,1011.9
RNO,6/6/2025 4:55,-119.7711,39.4839,1345,1010.9
RNO,6/6/2025 5:55,-119.7711,39.4839,1345,1011.2
RNO,6/6/2025 6:55,-119.7711,39.4839,1345,1010.8
RNO,6/6/2025 7:55,-119.7711,39.4839,1345,1011.2
RNO,6/6/2025 8:55,-119.7711,39.4839,1345,1011.2
RNO,6/6/2025 9:55,-119.7711,39.4839,1345,1011.2
RNO,6/6/2025 10:55,-119.7711,39.4839,1345,1011.4
RNO,6/6/2025 11:55,-119.7711,39.4839,1345,1012.1
RNO,6/6/2025 12:55,-119.7711,39.4839,1345,1013.1
RNO,6/6/2025 13:55,-119.7711,39.4839,1345,1014.5
RNO,6/6/2025 14:55,-119.7711,39.4839,1345,1014.6
RNO,6/6/2025 15:55,-119.7711,39.4839,1345,1014.6
RNO,6/6/2025 16:55,-119.7711,39.4839,1345,1014.3
RNO,6/6/2025 17:55,-119.7711,39.4839,1345,1013.8
RNO,6/6/2025 18:55,-119.7711,39.4839,1345,1013.1
RNO,6/6/2025 19:55,-119.7711,39.4839,1345,1012.2
RNO,6/6/2025 20:55,-119.7711,39.4839,1345,1011.6
RNO,6/6/2025 21:55,-119.7711,39.4839,1345,1010.7
RNO,6/6/2025 22:55,-119.7711,39.4839,1345,1010.4
RNO,6/6/2025 23:55,-119.7711,39.4839,1345,1010
RNO,6/7/2025 0:55,-119.7711,39.4839,1345,1009.7
RNO,6/7/2025 1:55,-119.7711,39.4839,1345,1010.2
RNO,6/7/2025 2:55,-119.7711,39.4839,1345,1011
RNO,6/7/2025 3:55,-119.7711,39.4839,1345,1011.9
RNO,6/7/2025 4:55,-119.7711,39.4839,1345,1012.6
RNO,6/7/2025 5:55,-119.7711,39.4839,1345,1012.9
RNO,6/7/2025 6:55,-119.7711,39.4839,1345,1012.7
RNO,6/7/2025 7:55,-119.7711,39.4839,1345,1012.8
RNO,6/7/2025 8:55,-119.7711,39.4839,1345,1012.7
RNO,6/7/2025 9:55,-119.7711,39.4839,1345,1012.9
RNO,6/7/2025 10:55,-119.7711,39.4839,1345,1013.4
RNO,6/7/2025 11:55,-119.7711,39.4839,1345,1013.6
RNO,6/7/2025 12:55,-119.7711,39.4839,1345,1014.5
RNO,6/7/2025 13:55,-119.7711,39.4839,1345,1015.1
RNO,6/7/2025 14:55,-119.7711,39.4839,1345,1015.4
RNO,6/7/2025 15:55,-119.7711,39.4839,1345,1015.5
RNO,6/7/2025 16:55,-119.7711,39.4839,1345,1015
RNO,6/7/2025 17:55,-119.7711,39.4839,1345,1014.8
RNO,6/7/2025 18:55,-119.7711,39.4839,1345,1013.8
RNO,6/7/2025 19:55,-119.7711,39.4839,1345,1013.1
RNO,6/7/2025 20:55,-119.7711,39.4839,1345,1012.4
RNO,6/7/2025 21:55,-119.7711,39.4839,1345,1011.9
RNO,6/7/2025 22:55,-119.7711,39.4839,1345,1011.7
RNO,6/7/2025 23:55,-119.7711,39.4839,1345,1011.3
RNO,6/8/2025 0:55,-119.7711,39.4839,1345,1010.9
RNO,6/8/2025 1:55,-119.7711,39.4839,1345,1011.1
RNO,6/8/2025 2:55,-119.7711,39.4839,1345,1011.8
RNO,6/8/2025 3:55,-119.7711,39.4839,1345,1012.3
RNO,6/8/2025 4:55,-119.7711,39.4839,1345,1012.6
RNO,6/8/2025 5:55,-119.7711,39.4839,1345,1013
RNO,6/8/2025 6:55,-119.7711,39.4839,1345,1013
RNO,6/8/2025 7:55,-119.7711,39.4839,1345,1013.1
RNO,6/8/2025 8:55,-119.7711,39.4839,1345,1013.1
RNO,6/8/2025 9:55,-119.7711,39.4839,1345,1013.1
RNO,6/8/2025 10:55,-119.7711,39.4839,1345,1013.3
RNO,6/8/2025 11:55,-119.7711,39.4839,1345,1013.5
RNO,6/8/2025 12:55,-119.7711,39.4839,1345,1014
RNO,6/8/2025 13:55,-119.7711,39.4839,1345,1014.4
RNO,6/8/2025 14:55,-119.7711,39.4839,1345,1014.7
RNO,6/8/2025 15:55,-119.7711,39.4839,1345,1014.7
RNO,6/8/2025 16:55,-119.7711,39.4839,1345,1014.1
RNO,6/8/2025 17:55,-119.7711,39.4839,1345,1013.7
RNO,6/8/2025 18:55,-119.7711,39.4839,1345,1013.1
RNO,6/8/2025 19:55,-119.7711,39.4839,1345,1012.2
RNO,6/8/2025 20:55,-119.7711,39.4839,1345,1011.5
RNO,6/8/2025 21:55,-119.7711,39.4839,1345,1011.1
RNO,6/8/2025 22:55,-119.7711,39.4839,1345,1010.1
RNO,6/8/2025 23:55,-119.7711,39.4839,1345,1010
RNO,6/9/2025 0:53,-119.7711,39.4839,1345,M
RNO,6/9/2025 0:55,-119.7711,39.4839,1345,1011.5
RNO,6/9/2025 1:55,-119.7711,39.4839,1345,1012.7
RNO,6/9/2025 2:55,-119.7711,39.4839,1345,1014.5
RNO,6/9/2025 3:55,-119.7711,39.4839,1345,1014.6
RNO,6/9/2025 4:05,-119.7711,39.4839,1345,M
RNO,6/9/2025 4:29,-119.7711,39.4839,1345,M
RNO,6/9/2025 4:55,-119.7711,39.4839,1345,1015
RNO,6/9/2025 5:55,-119.7711,39.4839,1345,1015.2
RNO,6/9/2025 6:55,-119.7711,39.4839,1345,1014.5
RNO,6/9/2025 7:55,-119.7711,39.4839,1345,1013.9
RNO,6/9/2025 8:55,-119.7711,39.4839,1345,1013.6
RNO,6/9/2025 9:55,-119.7711,39.4839,1345,1013.5
RNO,6/9/2025 10:55,-119.7711,39.4839,1345,1013.2
RNO,6/9/2025 11:55,-119.7711,39.4839,1345,1013
RNO,6/9/2025 12:55,-119.7711,39.4839,1345,1014.1
RNO,6/9/2025 13:55,-119.7711,39.4839,1345,1014.7
RNO,6/9/2025 14:55,-119.7711,39.4839,1345,1014.9
RNO,6/9/2025 15:55,-119.7711,39.4839,1345,1015
RNO,6/9/2025 16:55,-119.7711,39.4839,1345,1014.4
RNO,6/9/2025 17:55,-119.7711,39.4839,1345,1013.6
RNO,6/9/2025 18:55,-119.7711,39.4839,1345,1012.8
RNO,6/9/2025 19:55,-119.7711,39.4839,1345,1012
RNO,6/9/2025 20:55,-119.7711,39.4839,1345,1011.1
RNO,6/9/2025 21:55,-119.7711,39.4839,1345,1010.9
RNO,6/9/2025 22:55,-119.7711,39.4839,1345,1009.8
RNO,6/9/2025 23:55,-119.7711,39.4839,1345,1010.1
RNO,6/10/2025 0:55,-119.7711,39.4839,1345,1010.3
RNO,6/10/2025 1:55,-119.7711,39.4839,1345,1011.2
RNO,6/10/2025 2:13,-119.7711,39.4839,1345,M
RNO,6/10/2025 2:55,-119.7711,39.4839,1345,1012.4
RNO,6/10/2025 3:55,-119.7711,39.4839,1345,1012.9
RNO,6/10/2025 4:55,-119.7711,39.4839,1345,1013.1
RNO,6/10/2025 5:55,-119.7711,39.4839,1345,1013.2
RNO,6/10/2025 6:55,-119.7711,39.4839,1345,1013.3
RNO,6/10/2025 7:55,-119.7711,39.4839,1345,1013.4
RNO,6/10/2025 8:55,-119.7711,39.4839,1345,1013.3
RNO,6/10/2025 9:55,-119.7711,39.4839,1345,1013.2
RNO,6/10/2025 10:55,-119.7711,39.4839,1345,1012.9
RNO,6/10/2025 11:55,-119.7711,39.4839,1345,1013.4
RNO,6/10/2025 12:55,-119.7711,39.4839,1345,1013.7
RNO,6/10/2025 13:55,-119.7711,39.4839,1345,1013.9
RNO,6/10/2025 14:55,-119.7711,39.4839,1345,1014
RNO,6/10/2025 15:55,-119.7711,39.4839,1345,1013.8
RNO,6/10/2025 16:55,-119.7711,39.4839,1345,1013.1
RNO,6/10/2025 17:55,-119.7711,39.4839,1345,1012.2
RNO,6/10/2025 18:55,-119.7711,39.4839,1345,1011.8
RNO,6/10/2025 19:55,-119.7711,39.4839,1345,1011
RNO,6/10/2025 20:55,-119.7711,39.4839,1345,1010.6
RNO,6/10/2025 21:55,-119.7711,39.4839,1345,1009.8
RNO,6/10/2025 22:55,-119.7711,39.4839,1345,1009.5
RNO,6/10/2025 23:55,-119.7711,39.4839,1345,1009.4
RNO,6/11/2025 0:55,-119.7711,39.4839,1345,1009.4
RNO,6/11/2025 1:55,-119.7711,39.4839,1345,1009.4
RNO,6/11/2025 2:55,-119.7711,39.4839,1345,1010
RNO,6/11/2025 3:55,-119.7711,39.4839,1345,1010.4
RNO,6/11/2025 4:55,-119.7711,39.4839,1345,1011.1
RNO,6/11/2025 5:55,-119.7711,39.4839,1345,1010.9
RNO,6/11/2025 6:55,-119.7711,39.4839,1345,1011.2
RNO,6/11/2025 7:55,-119.7711,39.4839,1345,1011.2
RNO,6/11/2025 8:55,-119.7711,39.4839,1345,1011.5
RNO,6/11/2025 9:55,-119.7711,39.4839,1345,1011.1
RNO,6/11/2025 10:55,-119.7711,39.4839,1345,1011.4
RNO,6/11/2025 11:55,-119.7711,39.4839,1345,1011.6
RNO,6/11/2025 12:55,-119.7711,39.4839,1345,1012.1
RNO,6/11/2025 13:55,-119.7711,39.4839,1345,1011.9
RNO,6/11/2025 14:55,-119.7711,39.4839,1345,1012.1
RNO,6/11/2025 15:55,-119.7711,39.4839,1345,1011.9
RNO,6/11/2025 16:55,-119.7711,39.4839,1345,1011.3
RNO,6/11/2025 17:55,-119.7711,39.4839,1345,1010.5
RNO,6/11/2025 18:55,-119.7711,39.4839,1345,1009.9
RNO,6/11/2025 19:55,-119.7711,39.4839,1345,1009.2
RNO,6/11/2025 20:55,-119.7711,39.4839,1345,1008.7
RNO,6/11/2025 21:55,-119.7711,39.4839,1345,1008.9
RNO,6/11/2025 22:55,-119.7711,39.4839,1345,1008.8
RNO,6/11/2025 23:55,-119.7711,39.4839,1345,1009.1
RNO,6/12/2025 0:55,-119.7711,39.4839,1345,1009.3
RNO,6/12/2025 1:55,-119.7711,39.4839,1345,1009.6
RNO,6/12/2025 2:55,-119.7711,39.4839,1345,1010.3
RNO,6/12/2025 3:55,-119.7711,39.4839,1345,1010.6
RNO,6/12/2025 4:55,-119.7711,39.4839,1345,1010.3
RNO,6/12/2025 5:55,-119.7711,39.4839,1345,1011
RNO,6/12/2025 6:55,-119.7711,39.4839,1345,1010.5
RNO,6/12/2025 7:55,-119.7711,39.4839,1345,1010.8
RNO,6/12/2025 8:55,-119.7711,39.4839,1345,1010.9
RNO,6/12/2025 9:55,-119.7711,39.4839,1345,1011.3
RNO,6/12/2025 10:55,-119.7711,39.4839,1345,1011.5
RNO,6/12/2025 11:55,-119.7711,39.4839,1345,1011.7
RNO,6/12/2025 12:55,-119.7711,39.4839,1345,1012.3
RNO,6/12/2025 13:55,-119.7711,39.4839,1345,1012.4
RNO,6/12/2025 14:55,-119.7711,39.4839,1345,1012.5
RNO,6/12/2025 15:55,-119.7711,39.4839,1345,1012.1
RNO,6/12/2025 16:55,-119.7711,39.4839,1345,1011.5
RNO,6/12/2025 17:55,-119.7711,39.4839,1345,1010.6
RNO,6/12/2025 18:55,-119.7711,39.4839,1345,1009.9
RNO,6/12/2025 19:55,-119.7711,39.4839,1345,1009.1
RNO,6/12/2025 20:55,-119.7711,39.4839,1345,1008.3
RNO,6/12/2025 21:55,-119.7711,39.4839,1345,1007.5
RNO,6/12/2025 22:55,-119.7711,39.4839,1345,1007.5
RNO,6/12/2025 23:55,-119.7711,39.4839,1345,1007.5
RNO,6/13/2025 0:55,-119.7711,39.4839,1345,1007.7
RNO,6/13/2025 1:55,-119.7711,39.4839,1345,1007.7
RNO,6/13/2025 2:55,-119.7711,39.4839,1345,1008.2
RNO,6/13/2025 3:55,-119.7711,39.4839,1345,1008.8
RNO,6/13/2025 4:55,-119.7711,39.4839,1345,1009.5
RNO,6/13/2025 5:55,-119.7711,39.4839,1345,1009.7
RNO,6/13/2025 6:55,-119.7711,39.4839,1345,1010.1
RNO,6/13/2025 7:55,-119.7711,39.4839,1345,1010.3
RNO,6/13/2025 8:55,-119.7711,39.4839,1345,1010.4
RNO,6/13/2025 9:55,-119.7711,39.4839,1345,1010.3
RNO,6/13/2025 10:55,-119.7711,39.4839,1345,1010.1
RNO,6/13/2025 11:55,-119.7711,39.4839,1345,1010.3
RNO,6/13/2025 12:55,-119.7711,39.4839,1345,1010.7
RNO,6/13/2025 13:55,-119.7711,39.4839,1345,1010.8
RNO,6/13/2025 14:55,-119.7711,39.4839,1345,1010.7
RNO,6/13/2025 15:55,-119.7711,39.4839,1345,1010.5
RNO,6/13/2025 16:55,-119.7711,39.4839,1345,1009.9
RNO,6/13/2025 17:55,-119.7711,39.4839,1345,1009.4
RNO,6/13/2025 18:55,-119.7711,39.4839,1345,1008.8
RNO,6/13/2025 19:55,-119.7711,39.4839,1345,1008.3
RNO,6/13/2025 20:43,-119.7711,39.4839,1345,M
RNO,6/13/2025 20:55,-119.7711,39.4839,1345,1008
RNO,6/13/2025 21:55,-119.7711,39.4839,1345,1007.3
RNO,6/13/2025 22:55,-119.7711,39.4839,1345,1008
RNO,6/13/2025 23:55,-119.7711,39.4839,1345,1008.7
RNO,6/14/2025 0:55,-119.7711,39.4839,1345,1009.1
RNO,6/14/2025 1:55,-119.7711,39.4839,1345,1009.4
RNO,6/14/2025 2:55,-119.7711,39.4839,1345,1009.6
RNO,6/14/2025 3:55,-119.7711,39.4839,1345,1010.1
RNO,6/14/2025 4:55,-119.7711,39.4839,1345,1010.4
RNO,6/14/2025 5:55,-119.7711,39.4839,1345,1010.7
RNO,6/14/2025 6:55,-119.7711,39.4839,1345,1010.8
RNO,6/14/2025 7:55,-119.7711,39.4839,1345,1011
RNO,6/14/2025 8:55,-119.7711,39.4839,1345,1011.1
RNO,6/14/2025 9:55,-119.7711,39.4839,1345,1011.4
RNO,6/14/2025 10:55,-119.7711,39.4839,1345,1012
RNO,6/14/2025 11:55,-119.7711,39.4839,1345,1012.8
RNO,6/14/2025 12:55,-119.7711,39.4839,1345,1013
RNO,6/14/2025 13:55,-119.7711,39.4839,1345,1013.4
RNO,6/14/2025 14:55,-119.7711,39.4839,1345,1013.7
RNO,6/14/2025 15:55,-119.7711,39.4839,1345,1013.7
RNO,6/14/2025 16:55,-119.7711,39.4839,1345,1013.1
RNO,6/14/2025 17:55,-119.7711,39.4839,1345,1012.9
RNO,6/14/2025 18:55,-119.7711,39.4839,1345,1012.1
RNO,6/14/2025 19:55,-119.7711,39.4839,1345,1011.4
RNO,6/14/2025 20:55,-119.7711,39.4839,1345,1010.6
RNO,6/14/2025 21:55,-119.7711,39.4839,1345,1010.8
RNO,6/14/2025 22:30,-119.7711,39.4839,1345,M
RNO,6/14/2025 22:55,-119.7711,39.4839,1345,1010.9
RNO,6/14/2025 23:55,-119.7711,39.4839,1345,1011.5
RNO,6/15/2025 0:55,-119.7711,39.4839,1345,1011
RNO,6/15/2025 1:55,-119.7711,39.4839,1345,1011.4
RNO,6/15/2025 2:55,-119.7711,39.4839,1345,1011.8
RNO,6/15/2025 3:55,-119.7711,39.4839,1345,1012.2
RNO,6/15/2025 4:55,-119.7711,39.4839,1345,1013
RNO,6/15/2025 5:55,-119.7711,39.4839,1345,1013.1
RNO,6/15/2025 6:55,-119.7711,39.4839,1345,1013.2
RNO,6/15/2025 7:55,-119.7711,39.4839,1345,1013.2
RNO,6/15/2025 8:55,-119.7711,39.4839,1345,1013.6
RNO,6/15/2025 9:55,-119.7711,39.4839,1345,1013.7
RNO,6/15/2025 10:55,-119.7711,39.4839,1345,1014.1
RNO,6/15/2025 11:55,-119.7711,39.4839,1345,1014.2
RNO,6/15/2025 12:55,-119.7711,39.4839,1345,1014.7
RNO,6/15/2025 13:55,-119.7711,39.4839,1345,1014.9
RNO,6/15/2025 14:55,-119.7711,39.4839,1345,1015.6
RNO,6/15/2025 15:55,-119.7711,39.4839,1345,1015.4
RNO,6/15/2025 16:55,-119.7711,39.4839,1345,1015
RNO,6/15/2025 17:55,-119.7711,39.4839,1345,1014.5
RNO,6/15/2025 18:55,-119.7711,39.4839,1345,1014.2
RNO,6/15/2025 19:55,-119.7711,39.4839,1345,1013.5
RNO,6/15/2025 20:55,-119.7711,39.4839,1345,1012.6
RNO,6/15/2025 21:55,-119.7711,39.4839,1345,1012.4
RNO,6/15/2025 22:29,-119.7711,39.4839,1345,M
RNO,6/15/2025 22:55,-119.7711,39.4839,1345,1012.4
RNO,6/15/2025 23:55,-119.7711,39.4839,1345,1012.6
RNO,6/16/2025 0:55,-119.7711,39.4839,1345,1012.7
RNO,6/16/2025 1:55,-119.7711,39.4839,1345,1012.5
RNO,6/16/2025 2:55,-119.7711,39.4839,1345,1013
RNO,6/16/2025 3:55,-119.7711,39.4839,1345,1012.8
RNO,6/16/2025 4:55,-119.7711,39.4839,1345,1014
RNO,6/16/2025 5:55,-119.7711,39.4839,1345,1014
RNO,6/16/2025 6:55,-119.7711,39.4839,1345,1014
RNO,6/16/2025 7:55,-119.7711,39.4839,1345,1014.2
RNO,6/16/2025 8:55,-119.7711,39.4839,1345,1013.8
RNO,6/16/2025 9:55,-119.7711,39.4839,1345,1013.8
RNO,6/16/2025 10:55,-119.7711,39.4839,1345,1014
RNO,6/16/2025 11:55,-119.7711,39.4839,1345,1014.2
RNO,6/16/2025 12:55,-119.7711,39.4839,1345,1014.4
RNO,6/16/2025 13:55,-119.7711,39.4839,1345,1014.5
RNO,6/16/2025 14:55,-119.7711,39.4839,1345,1014.5
RNO,6/16/2025 15:55,-119.7711,39.4839,1345,1014.4
RNO,6/16/2025 16:55,-119.7711,39.4839,1345,1013.8
RNO,6/16/2025 17:55,-119.7711,39.4839,1345,1013.3
RNO,6/16/2025 18:55,-119.7711,39.4839,1345,1012.8
RNO,6/16/2025 19:55,-119.7711,39.4839,1345,1012.4
RNO,6/16/2025 20:55,-119.7711,39.4839,1345,1012
RNO,6/16/2025 21:55,-119.7711,39.4839,1345,1011.8
RNO,6/16/2025 22:55,-119.7711,39.4839,1345,1012.2
RNO,6/16/2025 23:55,-119.7711,39.4839,1345,1012.5
RNO,6/17/2025 0:55,-119.7711,39.4839,1345,1012.4
RNO,6/17/2025 1:55,-119.7711,39.4839,1345,1012.9
RNO,6/17/2025 2:55,-119.7711,39.4839,1345,1013.2
RNO,6/17/2025 3:55,-119.7711,39.4839,1345,1013.6
RNO,6/17/2025 4:55,-119.7711,39.4839,1345,1014.2
RNO,6/17/2025 5:55,-119.7711,39.4839,1345,1014.3
RNO,6/17/2025 6:55,-119.7711,39.4839,1345,1014.3
RNO,6/17/2025 7:55,-119.7711,39.4839,1345,1014
RNO,6/17/2025 8:55,-119.7711,39.4839,1345,1014.4
RNO,6/17/2025 9:55,-119.7711,39.4839,1345,1014.6
RNO,6/17/2025 10:55,-119.7711,39.4839,1345,1015.4
RNO,6/17/2025 11:55,-119.7711,39.4839,1345,1015.7
RNO,6/17/2025 12:55,-119.7711,39.4839,1345,1016.2
RNO,6/17/2025 13:55,-119.7711,39.4839,1345,1016.5
RNO,6/17/2025 14:55,-119.7711,39.4839,1345,1016.3
RNO,6/17/2025 15:55,-119.7711,39.4839,1345,1016.1
RNO,6/17/2025 16:55,-119.7711,39.4839,1345,1015.7
RNO,6/17/2025 17:55,-119.7711,39.4839,1345,1015.1
RNO,6/17/2025 18:55,-119.7711,39.4839,1345,1014.6
RNO,6/17/2025 19:55,-119.7711,39.4839,1345,1013.8
RNO,6/17/2025 20:55,-119.7711,39.4839,1345,1013.1
RNO,6/17/2025 21:55,-119.7711,39.4839,1345,1012.3
RNO,6/17/2025 22:55,-119.7711,39.4839,1345,1011.8
RNO,6/17/2025 23:55,-119.7711,39.4839,1345,1011.2
RNO,6/18/2025 0:55,-119.7711,39.4839,1345,1010.8
RNO,6/18/2025 1:55,-119.7711,39.4839,1345,1010.5
RNO,6/18/2025 2:55,-119.7711,39.4839,1345,1010.9
RNO,6/18/2025 3:55,-119.7711,39.4839,1345,1011.4
RNO,6/18/2025 4:55,-119.7711,39.4839,1345,1012
RNO,6/18/2025 5:55,-119.7711,39.4839,1345,1012.8
RNO,6/18/2025 6:55,-119.7711,39.4839,1345,1012.8
RNO,6/18/2025 7:55,-119.7711,39.4839,1345,1013.2
RNO,6/18/2025 8:55,-119.7711,39.4839,1345,1013
RNO,6/18/2025 9:55,-119.7711,39.4839,1345,1013.1
RNO,6/18/2025 10:55,-119.7711,39.4839,1345,1013.3
RNO,6/18/2025 11:55,-119.7711,39.4839,1345,1013.3
RNO,6/18/2025 12:55,-119.7711,39.4839,1345,1013.6
RNO,6/18/2025 13:55,-119.7711,39.4839,1345,1013.6
RNO,6/18/2025 14:55,-119.7711,39.4839,1345,1013.7
RNO,6/18/2025 15:55,-119.7711,39.4839,1345,1013.4
RNO,6/18/2025 16:55,-119.7711,39.4839,1345,1012.8
RNO,6/18/2025 17:55,-119.7711,39.4839,1345,1012.1
RNO,6/18/2025 18:55,-119.7711,39.4839,1345,1011.5
RNO,6/18/2025 19:55,-119.7711,39.4839,1345,1010.9
RNO,6/18/2025 20:55,-119.7711,39.4839,1345,1010.1
RNO,6/18/2025 21:55,-119.7711,39.4839,1345,1009.3
RNO,6/18/2025 22:55,-119.7711,39.4839,1345,1008.5
RNO,6/18/2025 23:55,-119.7711,39.4839,1345,1007.8
RNO,6/19/2025 0:55,-119.7711,39.4839,1345,1007.7
RNO,6/19/2025 1:55,-119.7711,39.4839,1345,1008
RNO,6/19/2025 2:55,-119.7711,39.4839,1345,1008.2
RNO,6/19/2025 3:55,-119.7711,39.4839,1345,1008.6
RNO,6/19/2025 4:55,-119.7711,39.4839,1345,1008.9
RNO,6/19/2025 5:55,-119.7711,39.4839,1345,1009.2
RNO,6/19/2025 6:55,-119.7711,39.4839,1345,1009.1
RNO,6/19/2025 7:55,-119.7711,39.4839,1345,1009
RNO,6/19/2025 8:55,-119.7711,39.4839,1345,1009
RNO,6/19/2025 9:55,-119.7711,39.4839,1345,1008.8
RNO,6/19/2025 10:55,-119.7711,39.4839,1345,1008.5
RNO,6/19/2025 11:55,-119.7711,39.4839,1345,1008.6
RNO,6/19/2025 12:55,-119.7711,39.4839,1345,1008.7
RNO,6/19/2025 13:55,-119.7711,39.4839,1345,1009.1
RNO,6/19/2025 14:55,-119.7711,39.4839,1345,1008.8
RNO,6/19/2025 15:55,-119.7711,39.4839,1345,1007.8
RNO,6/19/2025 16:55,-119.7711,39.4839,1345,1006.7
RNO,6/19/2025 17:55,-119.7711,39.4839,1345,1005.5
RNO,6/19/2025 18:55,-119.7711,39.4839,1345,1004.7
RNO,6/19/2025 19:12,-119.7711,39.4839,1345,M
RNO,6/19/2025 19:55,-119.7711,39.4839,1345,1004.7
RNO,6/19/2025 20:55,-119.7711,39.4839,1345,1004.4
RNO,6/19/2025 21:55,-119.7711,39.4839,1345,1003.9
RNO,6/19/2025 22:55,-119.7711,39.4839,1345,1004
RNO,6/19/2025 23:55,-119.7711,39.4839,1345,1004.8
RNO,6/20/2025 0:55,-119.7711,39.4839,1345,1005.3
RNO,6/20/2025 1:36,-119.7711,39.4839,1345,M
RNO,6/20/2025 1:55,-119.7711,39.4839,1345,1004.8
RNO,6/20/2025 2:55,-119.7711,39.4839,1345,1005.1
RNO,6/20/2025 3:55,-119.7711,39.4839,1345,1005.3
RNO,6/20/2025 4:55,-119.7711,39.4839,1345,1005.3
RNO,6/20/2025 5:55,-119.7711,39.4839,1345,1005.2
RNO,6/20/2025 6:55,-119.7711,39.4839,1345,1005.1
RNO,6/20/2025 7:55,-119.7711,39.4839,1345,1004.9
RNO,6/20/2025 8:55,-119.7711,39.4839,1345,1004.5
RNO,6/20/2025 9:55,-119.7711,39.4839,1345,1004.3
RNO,6/20/2025 10:55,-119.7711,39.4839,1345,1004.5
RNO,6/20/2025 11:55,-119.7711,39.4839,1345,1004.6
RNO,6/20/2025 12:55,-119.7711,39.4839,1345,1005
RNO,6/20/2025 13:55,-119.7711,39.4839,1345,1004.7
RNO,6/20/2025 14:55,-119.7711,39.4839,1345,1004.5
RNO,6/20/2025 15:55,-119.7711,39.4839,1345,1004.4
RNO,6/20/2025 16:55,-119.7711,39.4839,1345,1003.6
RNO,6/20/2025 17:55,-119.7711,39.4839,1345,1003.1
RNO,6/20/2025 18:55,-119.7711,39.4839,1345,1002.8
RNO,6/20/2025 19:55,-119.7711,39.4839,1345,1002.6
RNO,6/20/2025 20:55,-119.7711,39.4839,1345,1002.4
RNO,6/20/2025 21:55,-119.7711,39.4839,1345,1003
RNO,6/20/2025 22:34,-119.7711,39.4839,1345,M
RNO,6/20/2025 22:55,-119.7711,39.4839,1345,1003.9
RNO,6/20/2025 23:55,-119.7711,39.4839,1345,1004
RNO,6/21/2025 0:55,-119.7711,39.4839,1345,1003.9
RNO,6/21/2025 1:55,-119.7711,39.4839,1345,1004.9
RNO,6/21/2025 2:55,-119.7711,39.4839,1345,1006.1
RNO,6/21/2025 3:55,-119.7711,39.4839,1345,1006.7
RNO,6/21/2025 4:55,-119.7711,39.4839,1345,1007.7
RNO,6/21/2025 5:55,-119.7711,39.4839,1345,1007.9
RNO,6/21/2025 6:55,-119.7711,39.4839,1345,1007.9
RNO,6/21/2025 7:55,-119.7711,39.4839,1345,1007.6
RNO,6/21/2025 8:55,-119.7711,39.4839,1345,1007.5
RNO,6/21/2025 9:55,-119.7711,39.4839,1345,1007.6
RNO,6/21/2025 10:55,-119.7711,39.4839,1345,1008.1
RNO,6/21/2025 11:55,-119.7711,39.4839,1345,1009
RNO,6/21/2025 12:55,-119.7711,39.4839,1345,1009.3
RNO,6/21/2025 13:55,-119.7711,39.4839,1345,1010.6
RNO,6/21/2025 14:55,-119.7711,39.4839,1345,1011.6
RNO,6/21/2025 15:55,-119.7711,39.4839,1345,1012.5
RNO,6/21/2025 16:55,-119.7711,39.4839,1345,1012.5
RNO,6/21/2025 17:55,-119.7711,39.4839,1345,1012.6
RNO,6/21/2025 18:55,-119.7711,39.4839,1345,1012.4
RNO,6/21/2025 19:55,-119.7711,39.4839,1345,1012
RNO,6/21/2025 20:55,-119.7711,39.4839,1345,1013.3
RNO,6/21/2025 21:05,-119.7711,39.4839,1345,M
RNO,6/21/2025 21:55,-119.7711,39.4839,1345,1013.6
RNO,6/21/2025 22:55,-119.7711,39.4839,1345,1013.5
RNO,6/21/2025 23:55,-119.7711,39.4839,1345,1012.7
RNO,6/22/2025 0:55,-119.7711,39.4839,1345,1012.8
RNO,6/22/2025 1:55,-119.7711,39.4839,1345,1013.2
RNO,6/22/2025 2:55,-119.7711,39.4839,1345,1013.4
RNO,6/22/2025 3:55,-119.7711,39.4839,1345,1013.8
RNO,6/22/2025 4:55,-119.7711,39.4839,1345,1014.8
RNO,6/22/2025 5:55,-119.7711,39.4839,1345,1015
RNO,6/22/2025 6:55,-119.7711,39.4839,1345,1014.9
RNO,6/22/2025 7:55,-119.7711,39.4839,1345,1015.2
RNO,6/22/2025 8:55,-119.7711,39.4839,1345,1015.6
RNO,6/22/2025 9:55,-119.7711,39.4839,1345,1015.4
RNO,6/22/2025 10:55,-119.7711,39.4839,1345,1015.4
RNO,6/22/2025 11:55,-119.7711,39.4839,1345,1015.5
RNO,6/22/2025 12:55,-119.7711,39.4839,1345,1015.7
RNO,6/22/2025 13:55,-119.7711,39.4839,1345,1015.8
RNO,6/22/2025 14:55,-119.7711,39.4839,1345,1016
RNO,6/22/2025 15:55,-119.7711,39.4839,1345,1016.3
RNO,6/22/2025 16:55,-119.7711,39.4839,1345,1015.8
RNO,6/22/2025 17:55,-119.7711,39.4839,1345,1015.4
RNO,6/22/2025 18:55,-119.7711,39.4839,1345,1014.9
RNO,6/22/2025 19:55,-119.7711,39.4839,1345,1014.7
RNO,6/22/2025 20:55,-119.7711,39.4839,1345,1014.3
RNO,6/22/2025 21:55,-119.7711,39.4839,1345,1013.7
RNO,6/22/2025 22:55,-119.7711,39.4839,1345,1013.6
RNO,6/22/2025 23:55,-119.7711,39.4839,1345,1013.3
RNO,6/23/2025 0:55,-119.7711,39.4839,1345,1012.9
RNO,6/23/2025 1:55,-119.7711,39.4839,1345,1013.2
RNO,6/23/2025 2:55,-119.7711,39.4839,1345,1013.5
RNO,6/23/2025 3:55,-119.7711,39.4839,1345,1014.1
RNO,6/23/2025 4:55,-119.7711,39.4839,1345,1015.1
RNO,6/23/2025 5:55,-119.7711,39.4839,1345,1015.3
RNO,6/23/2025 6:55,-119.7711,39.4839,1345,1015.2
RNO,6/23/2025 7:55,-119.7711,39.4839,1345,1015.3
RNO,6/23/2025 8:55,-119.7711,39.4839,1345,1015
RNO,6/23/2025 9:55,-119.7711,39.4839,1345,1015
RNO,6/23/2025 10:55,-119.7711,39.4839,1345,1015.3
RNO,6/23/2025 11:55,-119.7711,39.4839,1345,1015.6
RNO,6/23/2025 12:55,-119.7711,39.4839,1345,1016
RNO,6/23/2025 13:55,-119.7711,39.4839,1345,1016.1
RNO,6/23/2025 14:55,-119.7711,39.4839,1345,1016.4
RNO,6/23/2025 15:55,-119.7711,39.4839,1345,1015.9
RNO,6/23/2025 16:55,-119.7711,39.4839,1345,1015.2
RNO,6/23/2025 17:55,-119.7711,39.4839,1345,1014.5
RNO,6/23/2025 18:55,-119.7711,39.4839,1345,1014.1
RNO,6/23/2025 19:55,-119.7711,39.4839,1345,1013.6
RNO,6/23/2025 20:55,-119.7711,39.4839,1345,1013
RNO,6/23/2025 21:55,-119.7711,39.4839,1345,1012.8
RNO,6/23/2025 22:55,-119.7711,39.4839,1345,1012.2
RNO,6/23/2025 23:55,-119.7711,39.4839,1345,1011.8
RNO,6/24/2025 0:55,-119.7711,39.4839,1345,1011.4
RNO,6/24/2025 1:55,-119.7711,39.4839,1345,1011.1
RNO,6/24/2025 2:55,-119.7711,39.4839,1345,1010.8
RNO,6/24/2025 3:55,-119.7711,39.4839,1345,1011.3
RNO,6/24/2025 4:55,-119.7711,39.4839,1345,1012.3
RNO,6/24/2025 5:55,-119.7711,39.4839,1345,1012.5
RNO,6/24/2025 6:55,-119.7711,39.4839,1345,1012.6
RNO,6/24/2025 7:55,-119.7711,39.4839,1345,1012.5
RNO,6/24/2025 8:55,-119.7711,39.4839,1345,1012.3
RNO,6/24/2025 9:55,-119.7711,39.4839,1345,1012.5
RNO,6/24/2025 10:55,-119.7711,39.4839,1345,1012.9
RNO,6/24/2025 11:55,-119.7711,39.4839,1345,1013.2
RNO,6/24/2025 12:55,-119.7711,39.4839,1345,1013.7
RNO,6/24/2025 13:55,-119.7711,39.4839,1345,1014.2
RNO,6/24/2025 14:55,-119.7711,39.4839,1345,1014.5
RNO,6/24/2025 15:55,-119.7711,39.4839,1345,1014.7
RNO,6/24/2025 16:55,-119.7711,39.4839,1345,1014.4
RNO,6/24/2025 17:55,-119.7711,39.4839,1345,1014.2
RNO,6/24/2025 18:55,-119.7711,39.4839,1345,1013.7
RNO,6/24/2025 19:55,-119.7711,39.4839,1345,1013.4
RNO,6/24/2025 20:55,-119.7711,39.4839,1345,1013
RNO,6/24/2025 21:55,-119.7711,39.4839,1345,1012.5
RNO,6/24/2025 22:55,-119.7711,39.4839,1345,1012.2
RNO,6/24/2025 23:55,-119.7711,39.4839,1345,1011.7
RNO,6/25/2025 0:55,-119.7711,39.4839,1345,1011.6
RNO,6/25/2025 1:55,-119.7711,39.4839,1345,1011.8
RNO,6/25/2025 2:55,-119.7711,39.4839,1345,1012.2
RNO,6/25/2025 3:55,-119.7711,39.4839,1345,1013.1
RNO,6/25/2025 4:55,-119.7711,39.4839,1345,1013.7
RNO,6/25/2025 5:55,-119.7711,39.4839,1345,1014.1
RNO,6/25/2025 6:55,-119.7711,39.4839,1345,1014.1
RNO,6/25/2025 7:55,-119.7711,39.4839,1345,1014.4
RNO,6/25/2025 8:55,-119.7711,39.4839,1345,1014.3
RNO,6/25/2025 9:55,-119.7711,39.4839,1345,1014.5
RNO,6/25/2025 10:55,-119.7711,39.4839,1345,1014.5
RNO,6/25/2025 11:55,-119.7711,39.4839,1345,1015.1
RNO,6/25/2025 12:55,-119.7711,39.4839,1345,1015.6
RNO,6/25/2025 13:55,-119.7711,39.4839,1345,1016
RNO,6/25/2025 14:55,-119.7711,39.4839,1345,1016.1
RNO,6/25/2025 15:55,-119.7711,39.4839,1345,1016.2
RNO,6/25/2025 16:55,-119.7711,39.4839,1345,1015.3
RNO,6/25/2025 17:55,-119.7711,39.4839,1345,1014.6
RNO,6/25/2025 18:55,-119.7711,39.4839,1345,1013.6
RNO,6/25/2025 19:55,-119.7711,39.4839,1345,1012.7
RNO,6/25/2025 20:55,-119.7711,39.4839,1345,1012.2
RNO,6/25/2025 21:55,-119.7711,39.4839,1345,1011.6
RNO,6/25/2025 22:55,-119.7711,39.4839,1345,1011.4
RNO,6/25/2025 23:55,-119.7711,39.4839,1345,1011.5
RNO,6/26/2025 0:55,-119.7711,39.4839,1345,1011.2
RNO,6/26/2025 1:55,-119.7711,39.4839,1345,1011.3
RNO,6/26/2025 2:55,-119.7711,39.4839,1345,1011.5
RNO,6/26/2025 3:55,-119.7711,39.4839,1345,1012.2
RNO,6/26/2025 4:55,-119.7711,39.4839,1345,1012.7
RNO,6/26/2025 5:55,-119.7711,39.4839,1345,1012.8
RNO,6/26/2025 6:55,-119.7711,39.4839,1345,1012.8
RNO,6/26/2025 7:55,-119.7711,39.4839,1345,1013
RNO,6/26/2025 8:55,-119.7711,39.4839,1345,1012.9
RNO,6/26/2025 9:55,-119.7711,39.4839,1345,1012.5
RNO,6/26/2025 10:55,-119.7711,39.4839,1345,1012.9
RNO,6/26/2025 11:55,-119.7711,39.4839,1345,1013.3
RNO,6/26/2025 12:55,-119.7711,39.4839,1345,1014
RNO,6/26/2025 13:55,-119.7711,39.4839,1345,1014.3
RNO,6/26/2025 14:55,-119.7711,39.4839,1345,1014.2
RNO,6/26/2025 15:55,-119.7711,39.4839,1345,1014
RNO,6/26/2025 16:55,-119.7711,39.4839,1345,1013.1
RNO,6/26/2025 17:55,-119.7711,39.4839,1345,1012.6
RNO,6/26/2025 18:55,-119.7711,39.4839,1345,1011.9
RNO,6/26/2025 19:55,-119.7711,39.4839,1345,1011.1
RNO,6/26/2025 20:55,-119.7711,39.4839,1345,1010.2
RNO,6/26/2025 21:55,-119.7711,39.4839,1345,1009.7
RNO,6/26/2025 22:55,-119.7711,39.4839,1345,1009.6
RNO,6/26/2025 23:55,-119.7711,39.4839,1345,1009.3
RNO,6/27/2025 0:55,-119.7711,39.4839,1345,1009.5
RNO,6/27/2025 1:55,-119.7711,39.4839,1345,1009.6
RNO,6/27/2025 2:55,-119.7711,39.4839,1345,1010
RNO,6/27/2025 3:55,-119.7711,39.4839,1345,1010.8
RNO,6/27/2025 4:55,-119.7711,39.4839,1345,1011.5
RNO,6/27/2025 5:55,-119.7711,39.4839,1345,1011.7
RNO,6/27/2025 6:55,-119.7711,39.4839,1345,1011.9
RNO,6/27/2025 7:55,-119.7711,39.4839,1345,1012
RNO,6/27/2025 8:55,-119.7711,39.4839,1345,1012.3
RNO,6/27/2025 9:55,-119.7711,39.4839,1345,1012.2
RNO,6/27/2025 10:55,-119.7711,39.4839,1345,1012.3
RNO,6/27/2025 11:55,-119.7711,39.4839,1345,1012.6
RNO,6/27/2025 12:55,-119.7711,39.4839,1345,1013.4
RNO,6/27/2025 13:55,-119.7711,39.4839,1345,1013.7
RNO,6/27/2025 14:55,-119.7711,39.4839,1345,1013.9
RNO,6/27/2025 15:55,-119.7711,39.4839,1345,1013.7
RNO,6/27/2025 16:55,-119.7711,39.4839,1345,1013.3
RNO,6/27/2025 17:55,-119.7711,39.4839,1345,1012.5
RNO,6/27/2025 18:55,-119.7711,39.4839,1345,1011.9
RNO,6/27/2025 19:55,-119.7711,39.4839,1345,1011.4
RNO,6/27/2025 20:55,-119.7711,39.4839,1345,1011.1
RNO,6/27/2025 21:55,-119.7711,39.4839,1345,1010.3
RNO,6/27/2025 22:55,-119.7711,39.4839,1345,1009.9
RNO,6/27/2025 23:55,-119.7711,39.4839,1345,1009.9
RNO,6/28/2025 0:55,-119.7711,39.4839,1345,1010.4
RNO,6/28/2025 1:55,-119.7711,39.4839,1345,1010.9
RNO,6/28/2025 2:55,-119.7711,39.4839,1345,1011.5
RNO,6/28/2025 3:55,-119.7711,39.4839,1345,1011.9
RNO,6/28/2025 4:55,-119.7711,39.4839,1345,1012.5
RNO,6/28/2025 5:55,-119.7711,39.4839,1345,1012.6
RNO,6/28/2025 6:55,-119.7711,39.4839,1345,1013
RNO,6/28/2025 7:55,-119.7711,39.4839,1345,1013.3
RNO,6/28/2025 8:55,-119.7711,39.4839,1345,1013.4
RNO,6/28/2025 9:55,-119.7711,39.4839,1345,1013.8
RNO,6/28/2025 10:55,-119.7711,39.4839,1345,1014.1
RNO,6/28/2025 11:55,-119.7711,39.4839,1345,1014.6
RNO,6/28/2025 12:55,-119.7711,39.4839,1345,1015.3
RNO,6/28/2025 13:55,-119.7711,39.4839,1345,1015.6
RNO,6/28/2025 14:55,-119.7711,39.4839,1345,1016
RNO,6/28/2025 15:55,-119.7711,39.4839,1345,1015.8
RNO,6/28/2025 16:55,-119.7711,39.4839,1345,1015.3
RNO,6/28/2025 17:55,-119.7711,39.4839,1345,1014.4
RNO,6/28/2025 18:55,-119.7711,39.4839,1345,1013.6
RNO,6/28/2025 19:55,-119.7711,39.4839,1345,1012.9
RNO,6/28/2025 20:55,-119.7711,39.4839,1345,1012.2
RNO,6/28/2025 21:55,-119.7711,39.4839,1345,1011.4
RNO,6/28/2025 22:55,-119.7711,39.4839,1345,1011
RNO,6/28/2025 23:55,-119.7711,39.4839,1345,1010.7
RNO,6/29/2025 0:55,-119.7711,39.4839,1345,1010.6
RNO,6/29/2025 1:55,-119.7711,39.4839,1345,1010.8
RNO,6/29/2025 2:55,-119.7711,39.4839,1345,1011.6
RNO,6/29/2025 3:55,-119.7711,39.4839,1345,1012
RNO,6/29/2025 4:55,-119.7711,39.4839,1345,1013
RNO,6/29/2025 5:55,-119.7711,39.4839,1345,1012.8
RNO,6/29/2025 6:55,-119.7711,39.4839,1345,1013
RNO,6/29/2025 7:55,-119.7711,39.4839,1345,1013.3
RNO,6/29/2025 8:55,-119.7711,39.4839,1345,1013.5
RNO,6/29/2025 9:55,-119.7711,39.4839,1345,1013.5
RNO,6/29/2025 10:55,-119.7711,39.4839,1345,1013.8
RNO,6/29/2025 11:55,-119.7711,39.4839,1345,1014
RNO,6/29/2025 12:55,-119.7711,39.4839,1345,1014.6
RNO,6/29/2025 13:55,-119.7711,39.4839,1345,1015
RNO,6/29/2025 14:55,-119.7711,39.4839,1345,1015.3
RNO,6/29/2025 15:55,-119.7711,39.4839,1345,1015.3
RNO,6/29/2025 16:55,-119.7711,39.4839,1345,1014.7
RNO,6/29/2025 17:55,-119.7711,39.4839,1345,1014.1
RNO,6/29/2025 18:55,-119.7711,39.4839,1345,1013.6
RNO,6/29/2025 19:55,-119.7711,39.4839,1345,1012.6
RNO,6/29/2025 20:55,-119.7711,39.4839,1345,1011.6
RNO,6/29/2025 21:55,-119.7711,39.4839,1345,1010.9
RNO,6/29/2025 22:55,-119.7711,39.4839,1345,1009.7
RNO,6/29/2025 23:55,-119.7711,39.4839,1345,1009.1
RNO,6/30/2025 0:55,-119.7711,39.4839,1345,1008.7
RNO,6/30/2025 1:55,-119.7711,39.4839,1345,1008.4
RNO,6/30/2025 2:55,-119.7711,39.4839,1345,1008.3
RNO,6/30/2025 3:55,-119.7711,39.4839,1345,1008.3
RNO,6/30/2025 4:55,-119.7711,39.4839,1345,1009
RNO,6/30/2025 5:55,-119.7711,39.4839,1345,1009.3
RNO,6/30/2025 6:55,-119.7711,39.4839,1345,1009.2
RNO,6/30/2025 7:55,-119.7711,39.4839,1345,1009.1
RNO,6/30/2025 8:55,-119.7711,39.4839,1345,1008.8
RNO,6/30/2025 9:55,-119.7711,39.4839,1345,1009.3
RNO,6/30/2025 10:55,-119.7711,39.4839,1345,1009.5
RNO,6/30/2025 11:55,-119.7711,39.4839,1345,1009.7
RNO,6/30/2025 12:55,-119.7711,39.4839,1345,1010
RNO,6/30/2025 13:55,-119.7711,39.4839,1345,1010.9
RNO,6/30/2025 14:55,-119.7711,39.4839,1345,1011.1
RNO,6/30/2025 15:55,-119.7711,39.4839,1345,1010.8
RNO,6/30/2025 16:55,-119.7711,39.4839,1345,1010
RNO,6/30/2025 17:55,-119.7711,39.4839,1345,1009.4
RNO,6/30/2025 18:55,-119.7711,39.4839,1345,1009
RNO,6/30/2025 19:55,-119.7711,39.4839,1345,1008.4
RNO,6/30/2025 20:55,-119.7711,39.4839,1345,1007.9
RNO,6/30/2025 21:55,-119.7711,39.4839,1345,1007.5
RNO,6/30/2025 22:55,-119.7711,39.4839,1345,1006.7
RNO,6/30/2025 23:55,-119.7711,39.4839,1345,1006.2
RNO,7/1/2025 0:55,-119.7711,39.4839,1345,1006
RNO,7/1/2025 1:55,-119.7711,39.4839,1345,1006.7
RNO,7/1/2025 2:55,-119.7711,39.4839,1345,1006.9
RNO,7/1/2025 3:55,-119.7711,39.4839,1345,1007.6
RNO,7/1/2025 4:55,-119.7711,39.4839,1345,1008.4
RNO,7/1/2025 5:55,-119.7711,39.4839,1345,1008.5
RNO,7/1/2025 6:55,-119.7711,39.4839,1345,1008.8
RNO,7/1/2025 7:55,-119.7711,39.4839,1345,1008.9
RNO,7/1/2025 8:55,-119.7711,39.4839,1345,1008.9
RNO,7/1/2025 9:55,-119.7711,39.4839,1345,1008.9
RNO,7/1/2025 10:55,-119.7711,39.4839,1345,1009
RNO,7/1/2025 11:55,-119.7711,39.4839,1345,1009.1
RNO,7/1/2025 12:55,-119.7711,39.4839,1345,1010
RNO,7/1/2025 13:55,-119.7711,39.4839,1345,1010.6
RNO,7/1/2025 14:55,-119.7711,39.4839,1345,1010.5
RNO,7/1/2025 15:55,-119.7711,39.4839,1345,1010.4
RNO,7/1/2025 16:55,-119.7711,39.4839,1345,1009.7
RNO,7/1/2025 17:55,-119.7711,39.4839,1345,1009.3
RNO,7/1/2025 18:55,-119.7711,39.4839,1345,1008.5
RNO,7/1/2025 19:55,-119.7711,39.4839,1345,1007.7
RNO,7/1/2025 20:55,-119.7711,39.4839,1345,1007.1
RNO,7/1/2025 21:55,-119.7711,39.4839,1345,1006.8
RNO,7/1/2025 22:55,-119.7711,39.4839,1345,1007.2
RNO,7/1/2025 23:14,-119.7711,39.4839,1345,M
RNO,7/1/2025 23:21,-119.7711,39.4839,1345,M
RNO,7/1/2025 23:55,-119.7711,39.4839,1345,1009.3
RNO,7/2/2025 0:55,-119.7711,39.4839,1345,1010.5
RNO,7/2/2025 1:16,-119.7711,39.4839,1345,M
RNO,7/2/2025 1:55,-119.7711,39.4839,1345,1009.1
RNO,7/2/2025 2:55,-119.7711,39.4839,1345,1009.6
RNO,7/2/2025 3:55,-119.7711,39.4839,1345,1008.7
RNO,7/2/2025 4:55,-119.7711,39.4839,1345,1009.3
RNO,7/2/2025 5:55,-119.7711,39.4839,1345,1009.8
RNO,7/2/2025 6:55,-119.7711,39.4839,1345,1009.8
RNO,7/2/2025 7:55,-119.7711,39.4839,1345,1010.4
RNO,7/2/2025 8:55,-119.7711,39.4839,1345,1010.2
RNO,7/2/2025 9:55,-119.7711,39.4839,1345,1010.4
RNO,7/2/2025 10:55,-119.7711,39.4839,1345,1011
RNO,7/2/2025 11:55,-119.7711,39.4839,1345,1012.4
RNO,7/2/2025 12:55,-119.7711,39.4839,1345,1012.4
RNO,7/2/2025 13:55,-119.7711,39.4839,1345,1012.2
RNO,7/2/2025 14:55,-119.7711,39.4839,1345,1012
RNO,7/2/2025 15:55,-119.7711,39.4839,1345,1011.8
RNO,7/2/2025 16:55,-119.7711,39.4839,1345,1010.8
RNO,7/2/2025 17:55,-119.7711,39.4839,1345,1010.2
RNO,7/2/2025 18:55,-119.7711,39.4839,1345,1009.2
RNO,7/2/2025 19:55,-119.7711,39.4839,1345,1008.7
RNO,7/2/2025 20:55,-119.7711,39.4839,1345,1007.6
RNO,7/2/2025 21:55,-119.7711,39.4839,1345,1007.3
RNO,7/2/2025 22:55,-119.7711,39.4839,1345,1007.2
RNO,7/2/2025 23:55,-119.7711,39.4839,1345,1007.4
RNO,7/3/2025 0:55,-119.7711,39.4839,1345,1007.6
RNO,7/3/2025 1:55,-119.7711,39.4839,1345,1007.1
RNO,7/3/2025 2:55,-119.7711,39.4839,1345,1008
RNO,7/3/2025 3:55,-119.7711,39.4839,1345,1008.4
RNO,7/3/2025 4:55,-119.7711,39.4839,1345,1008.8
RNO,7/3/2025 5:55,-119.7711,39.4839,1345,1009.1
RNO,7/3/2025 6:55,-119.7711,39.4839,1345,1009.5
RNO,7/3/2025 7:55,-119.7711,39.4839,1345,1009.4
RNO,7/3/2025 8:55,-119.7711,39.4839,1345,1009.4
RNO,7/3/2025 9:55,-119.7711,39.4839,1345,1009.5
RNO,7/3/2025 10:55,-119.7711,39.4839,1345,1009.6
RNO,7/3/2025 11:55,-119.7711,39.4839,1345,1009.9
RNO,7/3/2025 12:55,-119.7711,39.4839,1345,1010.4
RNO,7/3/2025 13:55,-119.7711,39.4839,1345,1010.6
RNO,7/3/2025 14:55,-119.7711,39.4839,1345,1010.8
RNO,7/3/2025 15:55,-119.7711,39.4839,1345,1010.5
RNO,7/3/2025 16:55,-119.7711,39.4839,1345,1009.8
RNO,7/3/2025 17:55,-119.7711,39.4839,1345,1009.1
RNO,7/3/2025 18:55,-119.7711,39.4839,1345,1008.1
RNO,7/3/2025 19:55,-119.7711,39.4839,1345,1007.4
RNO,7/3/2025 20:55,-119.7711,39.4839,1345,1007.1
RNO,7/3/2025 21:47,-119.7711,39.4839,1345,M
RNO,7/3/2025 21:55,-119.7711,39.4839,1345,1006.9
RNO,7/3/2025 22:55,-119.7711,39.4839,1345,1006.9
RNO,7/3/2025 23:55,-119.7711,39.4839,1345,1007.5
RNO,7/4/2025 0:55,-119.7711,39.4839,1345,1007.3
RNO,7/4/2025 1:55,-119.7711,39.4839,1345,1007.7
RNO,7/4/2025 2:55,-119.7711,39.4839,1345,1008.4
RNO,7/4/2025 3:55,-119.7711,39.4839,1345,1008.9
RNO,7/4/2025 4:55,-119.7711,39.4839,1345,1009.1
RNO,7/4/2025 5:55,-119.7711,39.4839,1345,1009.1
RNO,7/4/2025 6:55,-119.7711,39.4839,1345,1009.8
RNO,7/4/2025 7:55,-119.7711,39.4839,1345,1010.1
RNO,7/4/2025 8:55,-119.7711,39.4839,1345,1010.2
RNO,7/4/2025 9:55,-119.7711,39.4839,1345,1010.5
RNO,7/4/2025 10:55,-119.7711,39.4839,1345,1010.9
RNO,7/4/2025 11:55,-119.7711,39.4839,1345,1011.6
RNO,7/4/2025 12:55,-119.7711,39.4839,1345,1012.2
RNO,7/4/2025 13:55,-119.7711,39.4839,1345,1012.5
RNO,7/4/2025 14:55,-119.7711,39.4839,1345,1012.9
RNO,7/4/2025 15:55,-119.7711,39.4839,1345,1012.9
RNO,7/4/2025 16:55,-119.7711,39.4839,1345,1012.6
RNO,7/4/2025 17:55,-119.7711,39.4839,1345,1012.4
RNO,7/4/2025 18:55,-119.7711,39.4839,1345,1012.4
RNO,7/4/2025 19:55,-119.7711,39.4839,1345,1012.6
RNO,7/4/2025 20:55,-119.7711,39.4839,1345,1013
RNO,7/4/2025 21:55,-119.7711,39.4839,1345,1013.1
RNO,7/4/2025 22:55,-119.7711,39.4839,1345,1013.2
RNO,7/4/2025 23:55,-119.7711,39.4839,1345,1013.2
RNO,7/5/2025 0:55,-119.7711,39.4839,1345,1013.7
RNO,7/5/2025 1:55,-119.7711,39.4839,1345,1014.2
RNO,7/5/2025 2:55,-119.7711,39.4839,1345,1014.8
RNO,7/5/2025 3:55,-119.7711,39.4839,1345,1016.1
RNO,7/5/2025 4:55,-119.7711,39.4839,1345,1016.7
RNO,7/5/2025 5:55,-119.7711,39.4839,1345,1016.4
RNO,7/5/2025 6:55,-119.7711,39.4839,1345,1016.9
RNO,7/5/2025 7:55,-119.7711,39.4839,1345,1017.4
RNO,7/5/2025 8:55,-119.7711,39.4839,1345,1018.2
RNO,7/5/2025 9:55,-119.7711,39.4839,1345,1018.2
RNO,7/5/2025 10:55,-119.7711,39.4839,1345,1018.1
RNO,7/5/2025 11:55,-119.7711,39.4839,1345,1018.4
RNO,7/5/2025 12:55,-119.7711,39.4839,1345,1019
RNO,7/5/2025 13:55,-119.7711,39.4839,1345,1019.4
RNO,7/5/2025 14:55,-119.7711,39.4839,1345,1019.7
RNO,7/5/2025 15:55,-119.7711,39.4839,1345,1019.5
RNO,7/5/2025 16:55,-119.7711,39.4839,1345,1019.2
RNO,7/5/2025 17:55,-119.7711,39.4839,1345,1018.4
RNO,7/5/2025 18:55,-119.7711,39.4839,1345,1017.9
RNO,7/5/2025 19:55,-119.7711,39.4839,1345,1017.1
RNO,7/5/2025 20:55,-119.7711,39.4839,1345,1016.6
RNO,7/5/2025 21:55,-119.7711,39.4839,1345,1015.7
RNO,7/5/2025 22:55,-119.7711,39.4839,1345,1015.3
RNO,7/5/2025 23:55,-119.7711,39.4839,1345,1014.8
RNO,7/6/2025 0:55,-119.7711,39.4839,1345,1014.3
RNO,7/6/2025 1:55,-119.7711,39.4839,1345,1014.7
RNO,7/6/2025 2:55,-119.7711,39.4839,1345,1015
RNO,7/6/2025 3:55,-119.7711,39.4839,1345,1015.5
RNO,7/6/2025 4:55,-119.7711,39.4839,1345,1016.3
RNO,7/6/2025 5:55,-119.7711,39.4839,1345,1016.4
RNO,7/6/2025 6:55,-119.7711,39.4839,1345,1016.3
RNO,7/6/2025 7:55,-119.7711,39.4839,1345,1016.1
RNO,7/6/2025 8:55,-119.7711,39.4839,1345,1016
RNO,7/6/2025 9:55,-119.7711,39.4839,1345,1015.9
RNO,7/6/2025 10:55,-119.7711,39.4839,1345,1015.8
RNO,7/6/2025 11:55,-119.7711,39.4839,1345,1015.8
RNO,7/6/2025 12:55,-119.7711,39.4839,1345,1016.2
RNO,7/6/2025 13:55,-119.7711,39.4839,1345,1016.4
RNO,7/6/2025 14:55,-119.7711,39.4839,1345,1016.7
RNO,7/6/2025 15:55,-119.7711,39.4839,1345,1016.5
RNO,7/6/2025 16:55,-119.7711,39.4839,1345,1015.7
RNO,7/6/2025 17:55,-119.7711,39.4839,1345,1014.7
RNO,7/6/2025 18:55,-119.7711,39.4839,1345,1014
RNO,7/6/2025 19:55,-119.7711,39.4839,1345,1013
RNO,7/6/2025 20:55,-119.7711,39.4839,1345,1012.3
RNO,7/6/2025 21:55,-119.7711,39.4839,1345,1011.4
RNO,7/6/2025 22:55,-119.7711,39.4839,1345,1010.9
RNO,7/6/2025 23:55,-119.7711,39.4839,1345,1010.4
RNO,7/7/2025 0:55,-119.7711,39.4839,1345,1009.7
RNO,7/7/2025 1:55,-119.7711,39.4839,1345,1009.5
RNO,7/7/2025 2:55,-119.7711,39.4839,1345,1009.5
RNO,7/7/2025 3:55,-119.7711,39.4839,1345,1009.8
RNO,7/7/2025 4:55,-119.7711,39.4839,1345,1010.3
RNO,7/7/2025 5:55,-119.7711,39.4839,1345,1010.2
RNO,7/7/2025 6:55,-119.7711,39.4839,1345,1010.6
RNO,7/7/2025 7:55,-119.7711,39.4839,1345,1010.6
RNO,7/7/2025 8:55,-119.7711,39.4839,1345,1010.9
RNO,7/7/2025 9:55,-119.7711,39.4839,1345,1011
RNO,7/7/2025 10:55,-119.7711,39.4839,1345,1011
RNO,7/7/2025 11:55,-119.7711,39.4839,1345,1011.7
RNO,7/7/2025 12:55,-119.7711,39.4839,1345,1012
RNO,7/7/2025 13:55,-119.7711,39.4839,1345,1012.4
RNO,7/7/2025 14:55,-119.7711,39.4839,1345,1012.6
RNO,7/7/2025 15:55,-119.7711,39.4839,1345,1012.7
RNO,7/7/2025 16:55,-119.7711,39.4839,1345,1012.2
RNO,7/7/2025 17:55,-119.7711,39.4839,1345,1011.8
RNO,7/7/2025 18:55,-119.7711,39.4839,1345,1010.9
RNO,7/7/2025 19:55,-119.7711,39.4839,1345,1010.7
RNO,7/7/2025 20:55,-119.7711,39.4839,1345,1009.8
RNO,7/7/2025 21:55,-119.7711,39.4839,1345,1009.8
RNO,7/7/2025 22:55,-119.7711,39.4839,1345,1009.4
RNO,7/7/2025 23:55,-119.7711,39.4839,1345,1009.3
RNO,7/8/2025 0:55,-119.7711,39.4839,1345,1008.9
RNO,7/8/2025 1:55,-119.7711,39.4839,1345,1009
RNO,7/8/2025 2:55,-119.7711,39.4839,1345,1010.2
RNO,7/8/2025 3:55,-119.7711,39.4839,1345,1011
RNO,7/8/2025 4:55,-119.7711,39.4839,1345,1011.9
RNO,7/8/2025 5:55,-119.7711,39.4839,1345,1012.7
RNO,7/8/2025 6:55,-119.7711,39.4839,1345,1013.1
RNO,7/8/2025 7:55,-119.7711,39.4839,1345,1013.6
RNO,7/8/2025 8:55,-119.7711,39.4839,1345,1013.6
RNO,7/8/2025 9:55,-119.7711,39.4839,1345,1013.7
RNO,7/8/2025 10:55,-119.7711,39.4839,1345,1014.2
RNO,7/8/2025 11:55,-119.7711,39.4839,1345,1014.5
RNO,7/8/2025 12:55,-119.7711,39.4839,1345,1015.3
RNO,7/8/2025 13:55,-119.7711,39.4839,1345,1016
RNO,7/8/2025 14:55,-119.7711,39.4839,1345,1016.6
RNO,7/8/2025 15:55,-119.7711,39.4839,1345,1016.6
RNO,7/8/2025 16:55,-119.7711,39.4839,1345,1016
RNO,7/8/2025 17:55,-119.7711,39.4839,1345,1015.7
RNO,7/8/2025 18:55,-119.7711,39.4839,1345,1014.9
RNO,7/8/2025 19:55,-119.7711,39.4839,1345,1014.4
RNO,7/8/2025 20:55,-119.7711,39.4839,1345,1014.1
RNO,7/8/2025 21:55,-119.7711,39.4839,1345,1013.8
RNO,7/8/2025 22:55,-119.7711,39.4839,1345,1013.6
RNO,7/8/2025 23:55,-119.7711,39.4839,1345,1013.2
RNO,7/9/2025 0:55,-119.7711,39.4839,1345,1013.4
RNO,7/9/2025 1:55,-119.7711,39.4839,1345,1013.9
RNO,7/9/2025 2:55,-119.7711,39.4839,1345,1014.7
RNO,7/9/2025 3:55,-119.7711,39.4839,1345,1015.5
RNO,7/9/2025 4:55,-119.7711,39.4839,1345,1016.3
RNO,7/9/2025 5:55,-119.7711,39.4839,1345,1016.8
RNO,7/9/2025 6:55,-119.7711,39.4839,1345,1016.5
RNO,7/9/2025 7:55,-119.7711,39.4839,1345,1016.5
RNO,7/9/2025 8:55,-119.7711,39.4839,1345,1016.5
RNO,7/9/2025 9:55,-119.7711,39.4839,1345,1016.8
RNO,7/9/2025 10:55,-119.7711,39.4839,1345,1017.1
RNO,7/9/2025 11:55,-119.7711,39.4839,1345,1017.4
RNO,7/9/2025 12:55,-119.7711,39.4839,1345,1018
RNO,7/9/2025 13:55,-119.7711,39.4839,1345,1018.6
RNO,7/9/2025 14:55,-119.7711,39.4839,1345,1018.7
RNO,7/9/2025 15:55,-119.7711,39.4839,1345,1018.7
RNO,7/9/2025 16:55,-119.7711,39.4839,1345,1018
RNO,7/9/2025 17:55,-119.7711,39.4839,1345,1017.4
RNO,7/9/2025 18:55,-119.7711,39.4839,1345,1016.9
RNO,7/9/2025 19:55,-119.7711,39.4839,1345,1015.9
RNO,7/9/2025 20:55,-119.7711,39.4839,1345,1015.9
RNO,7/9/2025 21:55,-119.7711,39.4839,1345,1016.3
RNO,7/9/2025 22:55,-119.7711,39.4839,1345,1016.3
RNO,7/9/2025 23:18,-119.7711,39.4839,1345,M
RNO,7/9/2025 23:55,-119.7711,39.4839,1345,1016.4
RNO,7/10/2025 0:55,-119.7711,39.4839,1345,1016.3
RNO,7/10/2025 1:55,-119.7711,39.4839,1345,1016.7
RNO,7/10/2025 2:55,-119.7711,39.4839,1345,1017.1
RNO,7/10/2025 3:55,-119.7711,39.4839,1345,1017.2
RNO,7/10/2025 4:55,-119.7711,39.4839,1345,1017.8
RNO,7/10/2025 5:55,-119.7711,39.4839,1345,1017.8
RNO,7/10/2025 6:55,-119.7711,39.4839,1345,1017.9
RNO,7/10/2025 7:55,-119.7711,39.4839,1345,1017.8
RNO,7/10/2025 8:55,-119.7711,39.4839,1345,1017.8
RNO,7/10/2025 9:55,-119.7711,39.4839,1345,1017.9
RNO,7/10/2025 10:55,-119.7711,39.4839,1345,1018.1
RNO,7/10/2025 11:55,-119.7711,39.4839,1345,1018.4
RNO,7/10/2025 12:55,-119.7711,39.4839,1345,1018.9
RNO,7/10/2025 13:55,-119.7711,39.4839,1345,1019.2
RNO,7/10/2025 14:55,-119.7711,39.4839,1345,1019.6
RNO,7/10/2025 15:55,-119.7711,39.4839,1345,1019.6
RNO,7/10/2025 16:55,-119.7711,39.4839,1345,1018.9
RNO,7/10/2025 17:55,-119.7711,39.4839,1345,1018
RNO,7/10/2025 18:55,-119.7711,39.4839,1345,1016.9
RNO,7/10/2025 19:55,-119.7711,39.4839,1345,1016.3
RNO,7/10/2025 20:55,-119.7711,39.4839,1345,1015.3
RNO,7/10/2025 21:55,-119.7711,39.4839,1345,1014.4
RNO,7/10/2025 22:55,-119.7711,39.4839,1345,1013.9
RNO,7/10/2025 23:55,-119.7711,39.4839,1345,1013.2
RNO,7/11/2025 0:55,-119.7711,39.4839,1345,1012.7
RNO,7/11/2025 1:55,-119.7711,39.4839,1345,1012.4
RNO,7/11/2025 2:55,-119.7711,39.4839,1345,1012.5
RNO,7/11/2025 3:55,-119.7711,39.4839,1345,1012.8
RNO,7/11/2025 4:55,-119.7711,39.4839,1345,1013.4
RNO,7/11/2025 5:55,-119.7711,39.4839,1345,1013.5
RNO,7/11/2025 6:55,-119.7711,39.4839,1345,1013.3
RNO,7/11/2025 7:55,-119.7711,39.4839,1345,1013.4
RNO,7/11/2025 8:55,-119.7711,39.4839,1345,1013.3
RNO,7/11/2025 9:55,-119.7711,39.4839,1345,1013.5
RNO,7/11/2025 10:55,-119.7711,39.4839,1345,1013.7
RNO,7/11/2025 11:55,-119.7711,39.4839,1345,1014.1
RNO,7/11/2025 12:55,-119.7711,39.4839,1345,1014.7
RNO,7/11/2025 13:55,-119.7711,39.4839,1345,1015
RNO,7/11/2025 14:55,-119.7711,39.4839,1345,1015.4
RNO,7/11/2025 15:55,-119.7711,39.4839,1345,1015.1
RNO,7/11/2025 16:55,-119.7711,39.4839,1345,1014.5
RNO,7/11/2025 17:55,-119.7711,39.4839,1345,1014.1
RNO,7/11/2025 18:55,-119.7711,39.4839,1345,1013.3
RNO,7/11/2025 19:55,-119.7711,39.4839,1345,1012.5
RNO,7/11/2025 20:55,-119.7711,39.4839,1345,1011.9
RNO,7/11/2025 21:55,-119.7711,39.4839,1345,1011.4
RNO,7/11/2025 22:55,-119.7711,39.4839,1345,1011
RNO,7/11/2025 23:55,-119.7711,39.4839,1345,1010.7
RNO,7/12/2025 0:55,-119.7711,39.4839,1345,1010.3
RNO,7/12/2025 1:55,-119.7711,39.4839,1345,1010.1
RNO,7/12/2025 2:55,-119.7711,39.4839,1345,1010.5
RNO,7/12/2025 3:55,-119.7711,39.4839,1345,1011.3
RNO,7/12/2025 4:55,-119.7711,39.4839,1345,1011.8
RNO,7/12/2025 5:55,-119.7711,39.4839,1345,1012
RNO,7/12/2025 6:55,-119.7711,39.4839,1345,1012.2
RNO,7/12/2025 7:55,-119.7711,39.4839,1345,1012.2
RNO,7/12/2025 8:55,-119.7711,39.4839,1345,1012.5
RNO,7/12/2025 9:55,-119.7711,39.4839,1345,1012.6
RNO,7/12/2025 10:55,-119.7711,39.4839,1345,1012.8
RNO,7/12/2025 11:55,-119.7711,39.4839,1345,1013.4
RNO,7/12/2025 12:55,-119.7711,39.4839,1345,1013.9
RNO,7/12/2025 13:55,-119.7711,39.4839,1345,1014.2
RNO,7/12/2025 14:55,-119.7711,39.4839,1345,1014.6
RNO,7/12/2025 15:55,-119.7711,39.4839,1345,1014.6
RNO,7/12/2025 16:55,-119.7711,39.4839,1345,1014
RNO,7/12/2025 17:55,-119.7711,39.4839,1345,1013.5
RNO,7/12/2025 18:55,-119.7711,39.4839,1345,1012.8
RNO,7/12/2025 19:55,-119.7711,39.4839,1345,1012.1
RNO,7/12/2025 20:55,-119.7711,39.4839,1345,1011.6
RNO,7/12/2025 21:55,-119.7711,39.4839,1345,1011.1
RNO,7/12/2025 22:55,-119.7711,39.4839,1345,1010.6
RNO,7/12/2025 23:55,-119.7711,39.4839,1345,1010.1
RNO,7/13/2025 0:55,-119.7711,39.4839,1345,1010.1
RNO,7/13/2025 1:55,-119.7711,39.4839,1345,1010.6
RNO,7/13/2025 2:55,-119.7711,39.4839,1345,1010.8
RNO,7/13/2025 3:55,-119.7711,39.4839,1345,1011.5
RNO,7/13/2025 4:55,-119.7711,39.4839,1345,1012.2
RNO,7/13/2025 5:55,-119.7711,39.4839,1345,1012.5
RNO,7/13/2025 6:55,-119.7711,39.4839,1345,1012.8
RNO,7/13/2025 7:55,-119.7711,39.4839,1345,1012.9
RNO,7/13/2025 8:55,-119.7711,39.4839,1345,1013
RNO,7/13/2025 9:55,-119.7711,39.4839,1345,1013.2
RNO,7/13/2025 10:55,-119.7711,39.4839,1345,1013.7
RNO,7/13/2025 11:55,-119.7711,39.4839,1345,1013.8
RNO,7/13/2025 12:55,-119.7711,39.4839,1345,1014.6
RNO,7/13/2025 13:55,-119.7711,39.4839,1345,1015.1
RNO,7/13/2025 14:55,-119.7711,39.4839,1345,1015.3
RNO,7/13/2025 15:55,-119.7711,39.4839,1345,1015.3
RNO,7/13/2025 16:55,-119.7711,39.4839,1345,1014.7
RNO,7/13/2025 17:55,-119.7711,39.4839,1345,1014.2
RNO,7/13/2025 18:55,-119.7711,39.4839,1345,1013.4
RNO,7/13/2025 19:55,-119.7711,39.4839,1345,1012.5
RNO,7/13/2025 20:55,-119.7711,39.4839,1345,1011.8
RNO,7/13/2025 21:55,-119.7711,39.4839,1345,1011.2
RNO,7/13/2025 22:55,-119.7711,39.4839,1345,1010.6
RNO,7/13/2025 23:55,-119.7711,39.4839,1345,1010.1
RNO,7/14/2025 0:55,-119.7711,39.4839,1345,1009.8
RNO,7/14/2025 1:55,-119.7711,39.4839,1345,1010.1
RNO,7/14/2025 2:55,-119.7711,39.4839,1345,1010.7
RNO,7/14/2025 3:55,-119.7711,39.4839,1345,1011.4
RNO,7/14/2025 4:55,-119.7711,39.4839,1345,1011.8
RNO,7/14/2025 5:55,-119.7711,39.4839,1345,1012.6
RNO,7/14/2025 6:55,-119.7711,39.4839,1345,1012.9
RNO,7/14/2025 7:55,-119.7711,39.4839,1345,1012.8
RNO,7/14/2025 8:55,-119.7711,39.4839,1345,1012.8
RNO,7/14/2025 9:55,-119.7711,39.4839,1345,1012.7
RNO,7/14/2025 10:55,-119.7711,39.4839,1345,1012.7
RNO,7/14/2025 11:55,-119.7711,39.4839,1345,1013.2
RNO,7/14/2025 12:55,-119.7711,39.4839,1345,1013.3
RNO,7/14/2025 13:55,-119.7711,39.4839,1345,1013.8
RNO,7/14/2025 14:55,-119.7711,39.4839,1345,1014.1
RNO,7/14/2025 15:55,-119.7711,39.4839,1345,1013.6
RNO,7/14/2025 16:55,-119.7711,39.4839,1345,1012.9
RNO,7/14/2025 17:55,-119.7711,39.4839,1345,1011.9
RNO,7/14/2025 18:55,-119.7711,39.4839,1345,1011.2
RNO,7/14/2025 19:55,-119.7711,39.4839,1345,1010.2
RNO,7/14/2025 20:55,-119.7711,39.4839,1345,1009.4
RNO,7/14/2025 21:55,-119.7711,39.4839,1345,1008.5
RNO,7/14/2025 22:55,-119.7711,39.4839,1345,1007.6
RNO,7/14/2025 23:55,-119.7711,39.4839,1345,1007.8
RNO,7/15/2025 0:55,-119.7711,39.4839,1345,1007.7
RNO,7/15/2025 1:55,-119.7711,39.4839,1345,1008.3
RNO,7/15/2025 2:55,-119.7711,39.4839,1345,1009
RNO,7/15/2025 3:55,-119.7711,39.4839,1345,1009.5
RNO,7/15/2025 4:55,-119.7711,39.4839,1345,1010.4
RNO,7/15/2025 5:55,-119.7711,39.4839,1345,1010.3
RNO,7/15/2025 6:55,-119.7711,39.4839,1345,1010.4
RNO,7/15/2025 7:55,-119.7711,39.4839,1345,1010.1
RNO,7/15/2025 8:55,-119.7711,39.4839,1345,1010
RNO,7/15/2025 9:55,-119.7711,39.4839,1345,1010
RNO,7/15/2025 10:55,-119.7711,39.4839,1345,1010
RNO,7/15/2025 11:55,-119.7711,39.4839,1345,1010.2
RNO,7/15/2025 12:55,-119.7711,39.4839,1345,1010.3
RNO,7/15/2025 13:55,-119.7711,39.4839,1345,1010.7
RNO,7/15/2025 14:55,-119.7711,39.4839,1345,1011
RNO,7/15/2025 15:55,-119.7711,39.4839,1345,1010.8
RNO,7/15/2025 16:55,-119.7711,39.4839,1345,1010
RNO,7/15/2025 17:55,-119.7711,39.4839,1345,1009.5
RNO,7/15/2025 18:55,-119.7711,39.4839,1345,1008.7
RNO,7/15/2025 19:55,-119.7711,39.4839,1345,1007.8
RNO,7/15/2025 20:55,-119.7711,39.4839,1345,1007.5
RNO,7/15/2025 21:55,-119.7711,39.4839,1345,1007.1
RNO,7/15/2025 22:55,-119.7711,39.4839,1345,1007
RNO,7/15/2025 23:55,-119.7711,39.4839,1345,1007
RNO,7/16/2025 0:55,-119.7711,39.4839,1345,1006.8
RNO,7/16/2025 1:55,-119.7711,39.4839,1345,1007.8
RNO,7/16/2025 2:55,-119.7711,39.4839,1345,1008.4
RNO,7/16/2025 3:55,-119.7711,39.4839,1345,1009
RNO,7/16/2025 4:55,-119.7711,39.4839,1345,1009.8
RNO,7/16/2025 5:55,-119.7711,39.4839,1345,1009.9
RNO,7/16/2025 6:55,-119.7711,39.4839,1345,1009.6
RNO,7/16/2025 7:55,-119.7711,39.4839,1345,1009.9
RNO,7/16/2025 8:55,-119.7711,39.4839,1345,1009.8
RNO,7/16/2025 9:55,-119.7711,39.4839,1345,1009.9
RNO,7/16/2025 10:55,-119.7711,39.4839,1345,1010.5
RNO,7/16/2025 11:55,-119.7711,39.4839,1345,1010.7
RNO,7/16/2025 12:55,-119.7711,39.4839,1345,1011.1
RNO,7/16/2025 13:55,-119.7711,39.4839,1345,1011.6
RNO,7/16/2025 14:55,-119.7711,39.4839,1345,1011.8
RNO,7/16/2025 15:55,-119.7711,39.4839,1345,1011.7
RNO,7/16/2025 16:55,-119.7711,39.4839,1345,1011.1
RNO,7/16/2025 17:55,-119.7711,39.4839,1345,1010.7
RNO,7/16/2025 18:55,-119.7711,39.4839,1345,1009.8
RNO,7/16/2025 19:55,-119.7711,39.4839,1345,1009.4
RNO,7/16/2025 20:55,-119.7711,39.4839,1345,1008.6
RNO,7/16/2025 21:55,-119.7711,39.4839,1345,1007.9
RNO,7/16/2025 22:55,-119.7711,39.4839,1345,1007.1
RNO,7/16/2025 23:55,-119.7711,39.4839,1345,1006.6
RNO,7/17/2025 0:18,-119.7711,39.4839,1345,M
RNO,7/17/2025 0:55,-119.7711,39.4839,1345,1006.5
RNO,7/17/2025 1:55,-119.7711,39.4839,1345,1007.5
RNO,7/17/2025 2:55,-119.7711,39.4839,1345,1008.2
RNO,7/17/2025 3:55,-119.7711,39.4839,1345,1008.5
RNO,7/17/2025 4:55,-119.7711,39.4839,1345,1009.6
RNO,7/17/2025 5:55,-119.7711,39.4839,1345,1009.8
RNO,7/17/2025 6:55,-119.7711,39.4839,1345,1010
RNO,7/17/2025 7:55,-119.7711,39.4839,1345,1010
RNO,7/17/2025 8:55,-119.7711,39.4839,1345,1009.8
RNO,7/17/2025 9:55,-119.7711,39.4839,1345,1009.9
RNO,7/17/2025 10:55,-119.7711,39.4839,1345,1010.1
RNO,7/17/2025 11:55,-119.7711,39.4839,1345,1010.5
RNO,7/17/2025 12:55,-119.7711,39.4839,1345,1011.1
RNO,7/17/2025 13:55,-119.7711,39.4839,1345,1011.8
RNO,7/17/2025 14:55,-119.7711,39.4839,1345,1012.2
RNO,7/17/2025 15:55,-119.7711,39.4839,1345,1012.2
RNO,7/17/2025 16:55,-119.7711,39.4839,1345,1011.5
RNO,7/17/2025 17:55,-119.7711,39.4839,1345,1011.1
RNO,7/17/2025 18:55,-119.7711,39.4839,1345,1010.5
RNO,7/17/2025 19:55,-119.7711,39.4839,1345,1009.9
RNO,7/17/2025 20:55,-119.7711,39.4839,1345,1009.2
RNO,7/17/2025 21:55,-119.7711,39.4839,1345,1008.2
RNO,7/17/2025 22:55,-119.7711,39.4839,1345,1007.6
RNO,7/17/2025 23:55,-119.7711,39.4839,1345,1007.6
RNO,7/18/2025 0:55,-119.7711,39.4839,1345,1007.6
RNO,7/18/2025 1:55,-119.7711,39.4839,1345,1008.4
RNO,7/18/2025 2:55,-119.7711,39.4839,1345,1009.5
RNO,7/18/2025 3:55,-119.7711,39.4839,1345,1010.7
RNO,7/18/2025 4:55,-119.7711,39.4839,1345,1011.7
RNO,7/18/2025 5:55,-119.7711,39.4839,1345,1012.4
RNO,7/18/2025 6:55,-119.7711,39.4839,1345,1012.2
RNO,7/18/2025 7:55,-119.7711,39.4839,1345,1012.6
RNO,7/18/2025 8:55,-119.7711,39.4839,1345,1013
RNO,7/18/2025 9:55,-119.7711,39.4839,1345,1013
RNO,7/18/2025 10:55,-119.7711,39.4839,1345,1013.2
RNO,7/18/2025 11:55,-119.7711,39.4839,1345,1013.9
RNO,7/18/2025 12:55,-119.7711,39.4839,1345,1014.6
RNO,7/18/2025 13:55,-119.7711,39.4839,1345,1015.3
RNO,7/18/2025 14:55,-119.7711,39.4839,1345,1015.6
RNO,7/18/2025 15:55,-119.7711,39.4839,1345,1015.4
RNO,7/18/2025 16:55,-119.7711,39.4839,1345,1014.9
RNO,7/18/2025 17:55,-119.7711,39.4839,1345,1014.6
RNO,7/18/2025 18:55,-119.7711,39.4839,1345,1013.7
RNO,7/18/2025 19:55,-119.7711,39.4839,1345,1012.9
RNO,7/18/2025 20:55,-119.7711,39.4839,1345,1012.2
RNO,7/18/2025 21:55,-119.7711,39.4839,1345,1011.3
RNO,7/18/2025 22:55,-119.7711,39.4839,1345,1011.2
RNO,7/18/2025 23:55,-119.7711,39.4839,1345,1011.1
RNO,7/19/2025 0:55,-119.7711,39.4839,1345,1011.2
RNO,7/19/2025 1:55,-119.7711,39.4839,1345,1011.7
RNO,7/19/2025 2:55,-119.7711,39.4839,1345,1012.4
RNO,7/19/2025 3:55,-119.7711,39.4839,1345,1012.7
RNO,7/19/2025 4:55,-119.7711,39.4839,1345,1013.4
RNO,7/19/2025 5:55,-119.7711,39.4839,1345,1013.8
RNO,7/19/2025 6:55,-119.7711,39.4839,1345,1014
RNO,7/19/2025 7:55,-119.7711,39.4839,1345,1014.1
RNO,7/19/2025 8:55,-119.7711,39.4839,1345,1014.5
RNO,7/19/2025 9:55,-119.7711,39.4839,1345,1014.6
RNO,7/19/2025 10:55,-119.7711,39.4839,1345,1014.7
RNO,7/19/2025 11:55,-119.7711,39.4839,1345,1014.9
RNO,7/19/2025 12:55,-119.7711,39.4839,1345,1015.7
RNO,7/19/2025 13:55,-119.7711,39.4839,1345,1016.2
RNO,7/19/2025 14:55,-119.7711,39.4839,1345,1016.4
RNO,7/19/2025 15:55,-119.7711,39.4839,1345,1016.4
RNO,7/19/2025 16:55,-119.7711,39.4839,1345,1015.8
RNO,7/19/2025 17:55,-119.7711,39.4839,1345,1015.4
RNO,7/19/2025 18:55,-119.7711,39.4839,1345,1014.4
RNO,7/19/2025 19:55,-119.7711,39.4839,1345,1013.4
RNO,7/19/2025 20:55,-119.7711,39.4839,1345,1012.6
RNO,7/19/2025 21:55,-119.7711,39.4839,1345,1011.6
RNO,7/19/2025 22:55,-119.7711,39.4839,1345,1011.1
RNO,7/19/2025 23:55,-119.7711,39.4839,1345,1010.8
RNO,7/20/2025 0:55,-119.7711,39.4839,1345,1010.6
RNO,7/20/2025 1:55,-119.7711,39.4839,1345,1010.9
RNO,7/20/2025 2:55,-119.7711,39.4839,1345,1011.1
RNO,7/20/2025 3:55,-119.7711,39.4839,1345,1011.8
RNO,7/20/2025 4:55,-119.7711,39.4839,1345,1012.5
RNO,7/20/2025 5:55,-119.7711,39.4839,1345,1012.7
RNO,7/20/2025 6:55,-119.7711,39.4839,1345,1012.8
RNO,7/20/2025 7:55,-119.7711,39.4839,1345,1012.9
RNO,7/20/2025 8:55,-119.7711,39.4839,1345,1012.7
RNO,7/20/2025 9:55,-119.7711,39.4839,1345,1012.9
RNO,7/20/2025 10:55,-119.7711,39.4839,1345,1013.1
RNO,7/20/2025 11:55,-119.7711,39.4839,1345,1013.6
RNO,7/20/2025 12:55,-119.7711,39.4839,1345,1013.7
RNO,7/20/2025 13:55,-119.7711,39.4839,1345,1014
RNO,7/20/2025 14:55,-119.7711,39.4839,1345,1014.2
RNO,7/20/2025 15:55,-119.7711,39.4839,1345,1014
RNO,7/20/2025 16:55,-119.7711,39.4839,1345,1013.4
RNO,7/20/2025 17:55,-119.7711,39.4839,1345,1012.4
RNO,7/20/2025 18:55,-119.7711,39.4839,1345,1011.4
RNO,7/20/2025 19:55,-119.7711,39.4839,1345,1010.1
RNO,7/20/2025 20:55,-119.7711,39.4839,1345,1008.7
RNO,7/20/2025 21:55,-119.7711,39.4839,1345,1008.1
RNO,7/20/2025 22:55,-119.7711,39.4839,1345,1007.6
RNO,7/20/2025 23:55,-119.7711,39.4839,1345,1007.4
RNO,7/21/2025 0:55,-119.7711,39.4839,1345,1007.1
RNO,7/21/2025 1:55,-119.7711,39.4839,1345,1007.6
RNO,7/21/2025 2:55,-119.7711,39.4839,1345,1008.3
RNO,7/21/2025 3:55,-119.7711,39.4839,1345,1008.8
RNO,7/21/2025 4:55,-119.7711,39.4839,1345,1009.2
RNO,7/21/2025 5:55,-119.7711,39.4839,1345,1009.6
RNO,7/21/2025 6:55,-119.7711,39.4839,1345,1009.8
RNO,7/21/2025 7:55,-119.7711,39.4839,1345,1009.5
RNO,7/21/2025 8:55,-119.7711,39.4839,1345,1009.3
RNO,7/21/2025 9:55,-119.7711,39.4839,1345,1009
RNO,7/21/2025 10:55,-119.7711,39.4839,1345,1009.1
RNO,7/21/2025 11:55,-119.7711,39.4839,1345,1009.4
RNO,7/21/2025 12:55,-119.7711,39.4839,1345,1009.4
RNO,7/21/2025 13:55,-119.7711,39.4839,1345,1009.9
RNO,7/21/2025 14:55,-119.7711,39.4839,1345,1009.9
RNO,7/21/2025 15:55,-119.7711,39.4839,1345,1009.4
RNO,7/21/2025 16:55,-119.7711,39.4839,1345,1008.3
RNO,7/21/2025 17:55,-119.7711,39.4839,1345,1007.8
RNO,7/21/2025 18:55,-119.7711,39.4839,1345,1007.2
RNO,7/21/2025 19:55,-119.7711,39.4839,1345,1007.4
RNO,7/21/2025 20:55,-119.7711,39.4839,1345,1007.4
RNO,7/21/2025 21:55,-119.7711,39.4839,1345,1007.7
RNO,7/21/2025 22:15,-119.7711,39.4839,1345,M
RNO,7/21/2025 22:55,-119.7711,39.4839,1345,1008.2
RNO,7/21/2025 23:55,-119.7711,39.4839,1345,1008.3
RNO,7/22/2025 0:55,-119.7711,39.4839,1345,1008.3
RNO,7/22/2025 1:55,-119.7711,39.4839,1345,1008.9
RNO,7/22/2025 2:55,-119.7711,39.4839,1345,1009.2
RNO,7/22/2025 3:55,-119.7711,39.4839,1345,1009.3
RNO,7/22/2025 4:55,-119.7711,39.4839,1345,1009
RNO,7/22/2025 5:55,-119.7711,39.4839,1345,1009.2
RNO,7/22/2025 6:55,-119.7711,39.4839,1345,1009.1
RNO,7/22/2025 7:55,-119.7711,39.4839,1345,1009.8
RNO,7/22/2025 8:55,-119.7711,39.4839,1345,1010
RNO,7/22/2025 9:55,-119.7711,39.4839,1345,1010
RNO,7/22/2025 10:55,-119.7711,39.4839,1345,1010.3
RNO,7/22/2025 11:55,-119.7711,39.4839,1345,1010.5
RNO,7/22/2025 12:55,-119.7711,39.4839,1345,1011
RNO,7/22/2025 13:55,-119.7711,39.4839,1345,1011.5
RNO,7/22/2025 14:55,-119.7711,39.4839,1345,1011.9
RNO,7/22/2025 15:55,-119.7711,39.4839,1345,1012.1
RNO,7/22/2025 16:55,-119.7711,39.4839,1345,1011.8
RNO,7/22/2025 17:55,-119.7711,39.4839,1345,1011.4
RNO,7/22/2025 18:55,-119.7711,39.4839,1345,1011.2
RNO,7/22/2025 19:55,-119.7711,39.4839,1345,1011.1
RNO,7/22/2025 20:55,-119.7711,39.4839,1345,1010.5
RNO,7/22/2025 21:55,-119.7711,39.4839,1345,1010.1
RNO,7/22/2025 22:55,-119.7711,39.4839,1345,1009.7
RNO,7/22/2025 23:55,-119.7711,39.4839,1345,1009.6
RNO,7/23/2025 0:55,-119.7711,39.4839,1345,1009.4
RNO,7/23/2025 1:55,-119.7711,39.4839,1345,1010.1
RNO,7/23/2025 2:55,-119.7711,39.4839,1345,1010.8
RNO,7/23/2025 3:55,-119.7711,39.4839,1345,1011.4
RNO,7/23/2025 4:55,-119.7711,39.4839,1345,1011.9
RNO,7/23/2025 5:55,-119.7711,39.4839,1345,1012.4
RNO,7/23/2025 6:55,-119.7711,39.4839,1345,1012.8
RNO,7/23/2025 7:55,-119.7711,39.4839,1345,1013.3
RNO,7/23/2025 8:55,-119.7711,39.4839,1345,1013.2
RNO,7/23/2025 9:55,-119.7711,39.4839,1345,1013.5
RNO,7/23/2025 10:55,-119.7711,39.4839,1345,1013.4
RNO,7/23/2025 11:55,-119.7711,39.4839,1345,1013.8
RNO,7/23/2025 12:55,-119.7711,39.4839,1345,1014.2
RNO,7/23/2025 13:55,-119.7711,39.4839,1345,1014.9
RNO,7/23/2025 14:55,-119.7711,39.4839,1345,1015.3
RNO,7/23/2025 15:55,-119.7711,39.4839,1345,1015
RNO,7/23/2025 16:55,-119.7711,39.4839,1345,1014.4
RNO,7/23/2025 17:55,-119.7711,39.4839,1345,1013.9
RNO,7/23/2025 18:55,-119.7711,39.4839,1345,1013.2
RNO,7/23/2025 19:55,-119.7711,39.4839,1345,1012.6
RNO,7/23/2025 20:55,-119.7711,39.4839,1345,1011.8
RNO,7/23/2025 21:55,-119.7711,39.4839,1345,1011.2
RNO,7/23/2025 22:55,-119.7711,39.4839,1345,1010.5
RNO,7/23/2025 23:55,-119.7711,39.4839,1345,1010.4
RNO,7/24/2025 0:55,-119.7711,39.4839,1345,1010
RNO,7/24/2025 1:47,-119.7711,39.4839,1345,M
RNO,7/24/2025 1:55,-119.7711,39.4839,1345,1010.5
RNO,7/24/2025 2:55,-119.7711,39.4839,1345,1010.8
RNO,7/24/2025 3:55,-119.7711,39.4839,1345,1011.8
RNO,7/24/2025 4:55,-119.7711,39.4839,1345,1012.9
RNO,7/24/2025 5:55,-119.7711,39.4839,1345,1013.4
RNO,7/24/2025 6:55,-119.7711,39.4839,1345,1013.7
RNO,7/24/2025 7:55,-119.7711,39.4839,1345,1014.1
RNO,7/24/2025 8:55,-119.7711,39.4839,1345,1013.9
RNO,7/24/2025 9:55,-119.7711,39.4839,1345,1014.3
RNO,7/24/2025 10:55,-119.7711,39.4839,1345,1014.4
RNO,7/24/2025 11:55,-119.7711,39.4839,1345,1014.7
RNO,7/24/2025 12:55,-119.7711,39.4839,1345,1015
RNO,7/24/2025 13:55,-119.7711,39.4839,1345,1015.7
RNO,7/24/2025 14:55,-119.7711,39.4839,1345,1015.9
RNO,7/24/2025 15:55,-119.7711,39.4839,1345,1016
RNO,7/24/2025 16:55,-119.7711,39.4839,1345,1015.5
RNO,7/24/2025 17:55,-119.7711,39.4839,1345,1014.9
RNO,7/24/2025 18:55,-119.7711,39.4839,1345,1014.4
RNO,7/24/2025 19:55,-119.7711,39.4839,1345,1013.6
RNO,7/24/2025 20:55,-119.7711,39.4839,1345,1012.3
RNO,7/24/2025 21:55,-119.7711,39.4839,1345,1010.9
RNO,7/24/2025 22:55,-119.7711,39.4839,1345,1010.1
RNO,7/24/2025 23:55,-119.7711,39.4839,1345,1009.8
RNO,7/25/2025 0:36,-119.7711,39.4839,1345,M
RNO,7/25/2025 0:55,-119.7711,39.4839,1345,1011.1
RNO,7/25/2025 1:55,-119.7711,39.4839,1345,1013.5
RNO,7/25/2025 2:55,-119.7711,39.4839,1345,1014
RNO,7/25/2025 3:55,-119.7711,39.4839,1345,1013.8
RNO,7/25/2025 4:55,-119.7711,39.4839,1345,1014.7
RNO,7/25/2025 5:55,-119.7711,39.4839,1345,1014.8
RNO,7/25/2025 6:55,-119.7711,39.4839,1345,1014.9
RNO,7/25/2025 7:55,-119.7711,39.4839,1345,1015.1
RNO,7/25/2025 8:55,-119.7711,39.4839,1345,1014.4
RNO,7/25/2025 9:55,-119.7711,39.4839,1345,1014
RNO,7/25/2025 10:55,-119.7711,39.4839,1345,1013.7
RNO,7/25/2025 11:55,-119.7711,39.4839,1345,1013.9
RNO,7/25/2025 12:55,-119.7711,39.4839,1345,1014.2
RNO,7/25/2025 13:55,-119.7711,39.4839,1345,1014.6
RNO,7/25/2025 14:55,-119.7711,39.4839,1345,1014.4
RNO,7/25/2025 15:55,-119.7711,39.4839,1345,1014
RNO,7/25/2025 16:55,-119.7711,39.4839,1345,1013.5
RNO,7/25/2025 17:55,-119.7711,39.4839,1345,1013
RNO,7/25/2025 18:55,-119.7711,39.4839,1345,1011.9
RNO,7/25/2025 19:55,-119.7711,39.4839,1345,1010.7
RNO,7/25/2025 20:55,-119.7711,39.4839,1345,1009.7
RNO,7/25/2025 21:55,-119.7711,39.4839,1345,1009.2
RNO,7/25/2025 22:18,-119.7711,39.4839,1345,M
RNO,7/25/2025 22:55,-119.7711,39.4839,1345,1009.5
RNO,7/25/2025 23:28,-119.7711,39.4839,1345,M
RNO,7/25/2025 23:30,-119.7711,39.4839,1345,M
RNO,7/25/2025 23:55,-119.7711,39.4839,1345,1010.6
RNO,7/26/2025 0:41,-119.7711,39.4839,1345,M
RNO,7/26/2025 0:55,-119.7711,39.4839,1345,1009.6
RNO,7/26/2025 1:55,-119.7711,39.4839,1345,1010.6
RNO,7/26/2025 2:28,-119.7711,39.4839,1345,M
RNO,7/26/2025 2:55,-119.7711,39.4839,1345,1011.6
RNO,7/26/2025 3:55,-119.7711,39.4839,1345,1012.2
RNO,7/26/2025 4:55,-119.7711,39.4839,1345,1012.4
RNO,7/26/2025 5:55,-119.7711,39.4839,1345,1013
RNO,7/26/2025 6:55,-119.7711,39.4839,1345,1012.8
RNO,7/26/2025 7:55,-119.7711,39.4839,1345,1012.6
RNO,7/26/2025 8:55,-119.7711,39.4839,1345,1012.5
RNO,7/26/2025 9:55,-119.7711,39.4839,1345,1012.2
RNO,7/26/2025 10:55,-119.7711,39.4839,1345,1012.3
RNO,7/26/2025 11:55,-119.7711,39.4839,1345,1012.7
RNO,7/26/2025 12:55,-119.7711,39.4839,1345,1013
RNO,7/26/2025 13:55,-119.7711,39.4839,1345,1013.4
RNO,7/26/2025 14:55,-119.7711,39.4839,1345,1013.5
RNO,7/26/2025 15:55,-119.7711,39.4839,1345,1013.7
RNO,7/26/2025 16:55,-119.7711,39.4839,1345,1013
RNO,7/26/2025 17:55,-119.7711,39.4839,1345,1012.5
RNO,7/26/2025 18:55,-119.7711,39.4839,1345,1011.7
RNO,7/26/2025 19:55,-119.7711,39.4839,1345,1011
RNO,7/26/2025 20:55,-119.7711,39.4839,1345,1010.3
RNO,7/26/2025 21:13,-119.7711,39.4839,1345,M
RNO,7/26/2025 21:28,-119.7711,39.4839,1345,M
RNO,7/26/2025 21:55,-119.7711,39.4839,1345,1010.9
RNO,7/26/2025 22:27,-119.7711,39.4839,1345,M
RNO,7/26/2025 22:55,-119.7711,39.4839,1345,1011
RNO,7/26/2025 23:55,-119.7711,39.4839,1345,1011.7
RNO,7/27/2025 0:55,-119.7711,39.4839,1345,1012.8
RNO,7/27/2025 1:55,-119.7711,39.4839,1345,1013.1
RNO,7/27/2025 2:55,-119.7711,39.4839,1345,1013.2
RNO,7/27/2025 3:55,-119.7711,39.4839,1345,1013.4
RNO,7/27/2025 4:55,-119.7711,39.4839,1345,1013.7
RNO,7/27/2025 5:55,-119.7711,39.4839,1345,1013.2
RNO,7/27/2025 6:55,-119.7711,39.4839,1345,1013.2
RNO,7/27/2025 7:55,-119.7711,39.4839,1345,1013.4
RNO,7/27/2025 8:55,-119.7711,39.4839,1345,1013.3
RNO,7/27/2025 9:55,-119.7711,39.4839,1345,1013.8
RNO,7/27/2025 10:55,-119.7711,39.4839,1345,1014.2
RNO,7/27/2025 11:55,-119.7711,39.4839,1345,1014.4
RNO,7/27/2025 12:55,-119.7711,39.4839,1345,1014.7
RNO,7/27/2025 13:55,-119.7711,39.4839,1345,1015
RNO,7/27/2025 14:55,-119.7711,39.4839,1345,1015.2
RNO,7/27/2025 15:55,-119.7711,39.4839,1345,1015
RNO,7/27/2025 16:55,-119.7711,39.4839,1345,1014.7
RNO,7/27/2025 17:55,-119.7711,39.4839,1345,1014.1
RNO,7/27/2025 18:55,-119.7711,39.4839,1345,1013.5
RNO,7/27/2025 19:55,-119.7711,39.4839,1345,1012.9
RNO,7/27/2025 20:55,-119.7711,39.4839,1345,1012.1
RNO,7/27/2025 21:55,-119.7711,39.4839,1345,1011.6
RNO,7/27/2025 22:55,-119.7711,39.4839,1345,1011.3
RNO,7/27/2025 23:55,-119.7711,39.4839,1345,1011.5
RNO,7/28/2025 0:55,-119.7711,39.4839,1345,1012.1
RNO,7/28/2025 1:55,-119.7711,39.4839,1345,1012.3
RNO,7/28/2025 2:13,-119.7711,39.4839,1345,M
RNO,7/28/2025 2:44,-119.7711,39.4839,1345,M
RNO,7/28/2025 2:48,-119.7711,39.4839,1345,M
RNO,7/28/2025 3:02,-119.7711,39.4839,1345,M
RNO,7/28/2025 3:55,-119.7711,39.4839,1345,1015.5
RNO,7/28/2025 4:27,-119.7711,39.4839,1345,M
RNO,7/28/2025 4:55,-119.7711,39.4839,1345,1016.1
RNO,7/28/2025 5:55,-119.7711,39.4839,1345,1016.2
RNO,7/28/2025 6:55,-119.7711,39.4839,1345,1016.1
RNO,7/28/2025 7:55,-119.7711,39.4839,1345,1015.7
RNO,7/28/2025 8:55,-119.7711,39.4839,1345,1015.3
RNO,7/28/2025 9:55,-119.7711,39.4839,1345,1015.5
RNO,7/28/2025 10:55,-119.7711,39.4839,1345,1015.8
RNO,7/28/2025 11:55,-119.7711,39.4839,1345,1016.3
RNO,7/28/2025 12:55,-119.7711,39.4839,1345,1017
RNO,7/28/2025 13:55,-119.7711,39.4839,1345,1017.3
RNO,7/28/2025 14:55,-119.7711,39.4839,1345,1018.4
RNO,7/28/2025 15:55,-119.7711,39.4839,1345,1017.8
RNO,7/28/2025 16:55,-119.7711,39.4839,1345,1017.3
RNO,7/28/2025 17:55,-119.7711,39.4839,1345,1016.8
RNO,7/28/2025 18:55,-119.7711,39.4839,1345,1016.1
RNO,7/28/2025 19:55,-119.7711,39.4839,1345,1015.2
RNO,7/28/2025 20:55,-119.7711,39.4839,1345,1014.5
RNO,7/28/2025 21:55,-119.7711,39.4839,1345,1014.1
RNO,7/28/2025 22:55,-119.7711,39.4839,1345,1013.5
RNO,7/28/2025 23:55,-119.7711,39.4839,1345,1013.1
RNO,7/29/2025 0:55,-119.7711,39.4839,1345,1013.1
RNO,7/29/2025 1:55,-119.7711,39.4839,1345,1013.1
RNO,7/29/2025 2:55,-119.7711,39.4839,1345,1013.9
RNO,7/29/2025 3:38,-119.7711,39.4839,1345,M
RNO,7/29/2025 3:47,-119.7711,39.4839,1345,M
RNO,7/29/2025 3:55,-119.7711,39.4839,1345,1015.2
RNO,7/29/2025 4:55,-119.7711,39.4839,1345,1015.3
RNO,7/29/2025 5:17,-119.7711,39.4839,1345,M
RNO,7/29/2025 5:55,-119.7711,39.4839,1345,1015.3
RNO,7/29/2025 6:55,-119.7711,39.4839,1345,1015.7
RNO,7/29/2025 7:55,-119.7711,39.4839,1345,1016
RNO,7/29/2025 8:55,-119.7711,39.4839,1345,1015.8
RNO,7/29/2025 9:55,-119.7711,39.4839,1345,1016.2
RNO,7/29/2025 10:55,-119.7711,39.4839,1345,1016.3
RNO,7/29/2025 11:55,-119.7711,39.4839,1345,1016.5
RNO,7/29/2025 12:55,-119.7711,39.4839,1345,1017.1
RNO,7/29/2025 13:55,-119.7711,39.4839,1345,1017.4
RNO,7/29/2025 14:55,-119.7711,39.4839,1345,1017.6
RNO,7/29/2025 15:55,-119.7711,39.4839,1345,1017.6
RNO,7/29/2025 16:55,-119.7711,39.4839,1345,1017.2
RNO,7/29/2025 17:55,-119.7711,39.4839,1345,1016.7
RNO,7/29/2025 18:55,-119.7711,39.4839,1345,1016
RNO,7/29/2025 19:55,-119.7711,39.4839,1345,1015.1
RNO,7/29/2025 20:55,-119.7711,39.4839,1345,1014.2
RNO,7/29/2025 21:55,-119.7711,39.4839,1345,1013.6
RNO,7/29/2025 22:55,-119.7711,39.4839,1345,1013.1
RNO,7/29/2025 23:55,-119.7711,39.4839,1345,1013.2
RNO,7/30/2025 0:55,-119.7711,39.4839,1345,1013.2
RNO,7/30/2025 1:25,-119.7711,39.4839,1345,M
RNO,7/30/2025 1:55,-119.7711,39.4839,1345,1014.2
RNO,7/30/2025 2:11,-119.7711,39.4839,1345,M
RNO,7/30/2025 2:55,-119.7711,39.4839,1345,1015
RNO,7/30/2025 3:49,-119.7711,39.4839,1345,M
RNO,7/30/2025 3:55,-119.7711,39.4839,1345,1015.1
RNO,7/30/2025 4:55,-119.7711,39.4839,1345,1014.6
RNO,7/30/2025 5:55,-119.7711,39.4839,1345,1015.6
RNO,7/30/2025 6:55,-119.7711,39.4839,1345,1015
RNO,7/30/2025 7:55,-119.7711,39.4839,1345,1015.3
RNO,7/30/2025 8:55,-119.7711,39.4839,1345,1015.6
RNO,7/30/2025 9:55,-119.7711,39.4839,1345,1015.1
RNO,7/30/2025 10:55,-119.7711,39.4839,1345,1015
RNO,7/30/2025 11:55,-119.7711,39.4839,1345,1015.2
RNO,7/30/2025 12:55,-119.7711,39.4839,1345,1015.3
RNO,7/30/2025 13:55,-119.7711,39.4839,1345,1015.2
RNO,7/30/2025 14:55,-119.7711,39.4839,1345,1015.2
RNO,7/30/2025 15:55,-119.7711,39.4839,1345,1014.5
RNO,7/30/2025 16:55,-119.7711,39.4839,1345,1013.8
RNO,7/30/2025 17:55,-119.7711,39.4839,1345,1013.8
RNO,7/30/2025 18:55,-119.7711,39.4839,1345,1013.1
RNO,7/30/2025 19:55,-119.7711,39.4839,1345,1012.5
RNO,7/30/2025 20:55,-119.7711,39.4839,1345,1012
RNO,7/30/2025 21:55,-119.7711,39.4839,1345,1011.8
RNO,7/30/2025 22:55,-119.7711,39.4839,1345,1011.9
RNO,7/30/2025 23:32,-119.7711,39.4839,1345,M
RNO,7/30/2025 23:55,-119.7711,39.4839,1345,1014.4
RNO,7/31/2025 0:27,-119.7711,39.4839,1345,M
RNO,7/31/2025 0:55,-119.7711,39.4839,1345,1014.5
RNO,7/31/2025 1:55,-119.7711,39.4839,1345,1014.1
RNO,7/31/2025 2:55,-119.7711,39.4839,1345,1013.9
RNO,7/31/2025 3:15,-119.7711,39.4839,1345,M
RNO,7/31/2025 3:55,-119.7711,39.4839,1345,1013.3
RNO,7/31/2025 4:55,-119.7711,39.4839,1345,1014.2
RNO,7/31/2025 5:55,-119.7711,39.4839,1345,1014.6
RNO,7/31/2025 6:55,-119.7711,39.4839,1345,1015.3
RNO,7/31/2025 7:55,-119.7711,39.4839,1345,1015.1
RNO,7/31/2025 8:55,-119.7711,39.4839,1345,1015.4
RNO,7/31/2025 9:55,-119.7711,39.4839,1345,1015.5
RNO,7/31/2025 10:55,-119.7711,39.4839,1345,1015.7
RNO,7/31/2025 11:55,-119.7711,39.4839,1345,1016.5
RNO,7/31/2025 12:55,-119.7711,39.4839,1345,1017
RNO,7/31/2025 13:55,-119.7711,39.4839,1345,1016.9
RNO,7/31/2025 14:55,-119.7711,39.4839,1345,1017.1
RNO,7/31/2025 15:55,-119.7711,39.4839,1345,1017
RNO,7/31/2025 16:55,-119.7711,39.4839,1345,1016.7
RNO,7/31/2025 17:55,-119.7711,39.4839,1345,1016.2
RNO,7/31/2025 18:55,-119.7711,39.4839,1345,1015.5
RNO,7/31/2025 19:55,-119.7711,39.4839,1345,1015.1
RNO,7/31/2025 20:55,-119.7711,39.4839,1345,1014.8
RNO,7/31/2025 21:55,-119.7711,39.4839,1345,1014.1
RNO,7/31/2025 22:55,-119.7711,39.4839,1345,1013.5
RNO,7/31/2025 23:55,-119.7711,39.4839,1345,1013.3
RNO,8/1/2025 0:55,-119.7711,39.4839,1345,1013.1
RNO,8/1/2025 1:55,-119.7711,39.4839,1345,1013.8
RNO,8/1/2025 2:55,-119.7711,39.4839,1345,1014.7
RNO,8/1/2025 3:55,-119.7711,39.4839,1345,1015.7
RNO,8/1/2025 4:55,-119.7711,39.4839,1345,1016.4
RNO,8/1/2025 5:55,-119.7711,39.4839,1345,1016.5
RNO,8/1/2025 6:55,-119.7711,39.4839,1345,1017.1
RNO,8/1/2025 7:55,-119.7711,39.4839,1345,1017.3
RNO,8/1/2025 8:55,-119.7711,39.4839,1345,1017.5
RNO,8/1/2025 9:55,-119.7711,39.4839,1345,1017.7
RNO,8/1/2025 10:55,-119.7711,39.4839,1345,1018.2
RNO,8/1/2025 11:55,-119.7711,39.4839,1345,1018.3
RNO,8/1/2025 12:55,-119.7711,39.4839,1345,1018.6
RNO,8/1/2025 13:55,-119.7711,39.4839,1345,1019
RNO,8/1/2025 14:55,-119.7711,39.4839,1345,1019.1
RNO,8/1/2025 15:55,-119.7711,39.4839,1345,1018.8
RNO,8/1/2025 16:55,-119.7711,39.4839,1345,1018.3
RNO,8/1/2025 17:55,-119.7711,39.4839,1345,1017.8
RNO,8/1/2025 18:55,-119.7711,39.4839,1345,1017.1
RNO,8/1/2025 19:55,-119.7711,39.4839,1345,1016.3
RNO,8/1/2025 20:55,-119.7711,39.4839,1345,1015.6
RNO,8/1/2025 21:55,-119.7711,39.4839,1345,1015.1
RNO,8/1/2025 22:55,-119.7711,39.4839,1345,1014.9
RNO,8/1/2025 23:55,-119.7711,39.4839,1345,1015.3
RNO,8/2/2025 0:55,-119.7711,39.4839,1345,1015.3
RNO,8/2/2025 1:55,-119.7711,39.4839,1345,1015.5
RNO,8/2/2025 2:55,-119.7711,39.4839,1345,1016.3
RNO,8/2/2025 3:55,-119.7711,39.4839,1345,1017.5
RNO,8/2/2025 4:55,-119.7711,39.4839,1345,1018
RNO,8/2/2025 5:55,-119.7711,39.4839,1345,1018.6
RNO,8/2/2025 6:55,-119.7711,39.4839,1345,1019
RNO,8/2/2025 7:55,-119.7711,39.4839,1345,1019.1
RNO,8/2/2025 8:55,-119.7711,39.4839,1345,1019.1
RNO,8/2/2025 9:55,-119.7711,39.4839,1345,1019.4
RNO,8/2/2025 10:55,-119.7711,39.4839,1345,1019.6
RNO,8/2/2025 11:55,-119.7711,39.4839,1345,1019.8
RNO,8/2/2025 12:55,-119.7711,39.4839,1345,1020.4
RNO,8/2/2025 13:55,-119.7711,39.4839,1345,1020.7
RNO,8/2/2025 14:55,-119.7711,39.4839,1345,1021.2
RNO,8/2/2025 15:55,-119.7711,39.4839,1345,1021
RNO,8/2/2025 16:55,-119.7711,39.4839,1345,1020.5
RNO,8/2/2025 17:55,-119.7711,39.4839,1345,1019.8
RNO,8/2/2025 18:55,-119.7711,39.4839,1345,1019.1
RNO,8/2/2025 19:55,-119.7711,39.4839,1345,1018.8
RNO,8/2/2025 20:55,-119.7711,39.4839,1345,1018.1
RNO,8/2/2025 21:55,-119.7711,39.4839,1345,1017.5
RNO,8/2/2025 22:55,-119.7711,39.4839,1345,1016.7
RNO,8/2/2025 23:55,-119.7711,39.4839,1345,1016.2
RNO,8/3/2025 0:55,-119.7711,39.4839,1345,1016.2
RNO,8/3/2025 1:55,-119.7711,39.4839,1345,1016.4
RNO,8/3/2025 2:55,-119.7711,39.4839,1345,1016.9
RNO,8/3/2025 3:55,-119.7711,39.4839,1345,1017.2
RNO,8/3/2025 4:55,-119.7711,39.4839,1345,1017.7
RNO,8/3/2025 5:55,-119.7711,39.4839,1345,1017.8
RNO,8/3/2025 6:55,-119.7711,39.4839,1345,1017.9
RNO,8/3/2025 7:55,-119.7711,39.4839,1345,1017.8
RNO,8/3/2025 8:55,-119.7711,39.4839,1345,1017.5
RNO,8/3/2025 9:55,-119.7711,39.4839,1345,1017.1
RNO,8/3/2025 10:55,-119.7711,39.4839,1345,1017.3
RNO,8/3/2025 11:55,-119.7711,39.4839,1345,1017.5
RNO,8/3/2025 12:55,-119.7711,39.4839,1345,1017.8
RNO,8/3/2025 13:55,-119.7711,39.4839,1345,1017.8
RNO,8/3/2025 14:55,-119.7711,39.4839,1345,1017.9
RNO,8/3/2025 15:55,-119.7711,39.4839,1345,1017.4
RNO,8/3/2025 16:55,-119.7711,39.4839,1345,1016.7
RNO,8/3/2025 17:55,-119.7711,39.4839,1345,1015.8
RNO,8/3/2025 18:55,-119.7711,39.4839,1345,1015
RNO,8/3/2025 19:55,-119.7711,39.4839,1345,1013.8
RNO,8/3/2025 20:55,-119.7711,39.4839,1345,1013.6
RNO,8/3/2025 21:11,-119.7711,39.4839,1345,M
RNO,8/3/2025 21:55,-119.7711,39.4839,1345,1012.7
RNO,8/3/2025 22:55,-119.7711,39.4839,1345,1012.4
RNO,8/3/2025 23:55,-119.7711,39.4839,1345,1012.5
RNO,8/4/2025 0:55,-119.7711,39.4839,1345,1012.5
RNO,8/4/2025 1:55,-119.7711,39.4839,1345,1012.4
RNO,8/4/2025 2:55,-119.7711,39.4839,1345,1012.8
RNO,8/4/2025 3:55,-119.7711,39.4839,1345,1012.8
RNO,8/4/2025 4:55,-119.7711,39.4839,1345,1013.2
RNO,8/4/2025 5:55,-119.7711,39.4839,1345,1013.1
RNO,8/4/2025 6:55,-119.7711,39.4839,1345,1012.9
RNO,8/4/2025 7:55,-119.7711,39.4839,1345,1013.4
RNO,8/4/2025 8:55,-119.7711,39.4839,1345,1013.3
RNO,8/4/2025 9:55,-119.7711,39.4839,1345,1013.3
RNO,8/4/2025 10:55,-119.7711,39.4839,1345,1013.5
RNO,8/4/2025 11:55,-119.7711,39.4839,1345,1013.8
RNO,8/4/2025 12:55,-119.7711,39.4839,1345,1014
RNO,8/4/2025 13:55,-119.7711,39.4839,1345,1014.2
RNO,8/4/2025 14:55,-119.7711,39.4839,1345,1014.6
RNO,8/4/2025 15:55,-119.7711,39.4839,1345,1014.4
RNO,8/4/2025 16:55,-119.7711,39.4839,1345,1013.9
RNO,8/4/2025 17:55,-119.7711,39.4839,1345,1013.5
RNO,8/4/2025 18:55,-119.7711,39.4839,1345,1012.9
RNO,8/4/2025 19:55,-119.7711,39.4839,1345,1012.4
RNO,8/4/2025 20:55,-119.7711,39.4839,1345,1011.6
RNO,8/4/2025 21:55,-119.7711,39.4839,1345,1011
RNO,8/4/2025 22:55,-119.7711,39.4839,1345,1010.8
RNO,8/4/2025 23:55,-119.7711,39.4839,1345,1010.9
RNO,8/5/2025 0:55,-119.7711,39.4839,1345,1011
RNO,8/5/2025 1:55,-119.7711,39.4839,1345,1011.7
RNO,8/5/2025 2:55,-119.7711,39.4839,1345,1012
RNO,8/5/2025 3:55,-119.7711,39.4839,1345,1012.5
RNO,8/5/2025 4:55,-119.7711,39.4839,1345,1013.4
RNO,8/5/2025 5:55,-119.7711,39.4839,1345,1013.7
RNO,8/5/2025 6:55,-119.7711,39.4839,1345,1014.1
RNO,8/5/2025 7:55,-119.7711,39.4839,1345,1014.2
RNO,8/5/2025 8:55,-119.7711,39.4839,1345,1014.5
RNO,8/5/2025 9:55,-119.7711,39.4839,1345,1014.4
RNO,8/5/2025 10:55,-119.7711,39.4839,1345,1015
RNO,8/5/2025 11:55,-119.7711,39.4839,1345,1015.2
RNO,8/5/2025 12:55,-119.7711,39.4839,1345,1015.6
RNO,8/5/2025 13:55,-119.7711,39.4839,1345,1016.2
RNO,8/5/2025 14:55,-119.7711,39.4839,1345,1016.6
RNO,8/5/2025 15:55,-119.7711,39.4839,1345,1016.8
RNO,8/5/2025 16:55,-119.7711,39.4839,1345,1016.5
RNO,8/5/2025 17:55,-119.7711,39.4839,1345,1016
RNO,8/5/2025 18:55,-119.7711,39.4839,1345,1015.3
RNO,8/5/2025 19:55,-119.7711,39.4839,1345,1014.6
RNO,8/5/2025 20:55,-119.7711,39.4839,1345,1014
RNO,8/5/2025 21:55,-119.7711,39.4839,1345,1013.3
RNO,8/5/2025 22:55,-119.7711,39.4839,1345,1012.8
RNO,8/5/2025 23:55,-119.7711,39.4839,1345,1012.9
RNO,8/6/2025 0:55,-119.7711,39.4839,1345,1013.1
RNO,8/6/2025 1:55,-119.7711,39.4839,1345,1013.4
RNO,8/6/2025 2:55,-119.7711,39.4839,1345,1013.9
RNO,8/6/2025 3:55,-119.7711,39.4839,1345,1014.7
RNO,8/6/2025 4:55,-119.7711,39.4839,1345,1015.5
RNO,8/6/2025 5:55,-119.7711,39.4839,1345,1016.2
RNO,8/6/2025 6:55,-119.7711,39.4839,1345,1016.5
RNO,8/6/2025 7:55,-119.7711,39.4839,1345,1016.5
RNO,8/6/2025 8:55,-119.7711,39.4839,1345,1016.2
RNO,8/6/2025 9:55,-119.7711,39.4839,1345,1016.5
RNO,8/6/2025 10:55,-119.7711,39.4839,1345,1016.6
RNO,8/6/2025 11:55,-119.7711,39.4839,1345,1016.8
RNO,8/6/2025 12:55,-119.7711,39.4839,1345,1017.5
RNO,8/6/2025 13:55,-119.7711,39.4839,1345,1017.9
RNO,8/6/2025 14:55,-119.7711,39.4839,1345,1018.4
RNO,8/6/2025 15:55,-119.7711,39.4839,1345,1018.5
RNO,8/6/2025 16:55,-119.7711,39.4839,1345,1018
RNO,8/6/2025 17:55,-119.7711,39.4839,1345,1017.9
RNO,8/6/2025 18:55,-119.7711,39.4839,1345,1017.4
RNO,8/6/2025 19:55,-119.7711,39.4839,1345,1016.6
RNO,8/6/2025 20:55,-119.7711,39.4839,1345,1015.9
RNO,8/6/2025 21:55,-119.7711,39.4839,1345,1015.2
RNO,8/6/2025 22:55,-119.7711,39.4839,1345,1014.4
RNO,8/6/2025 23:55,-119.7711,39.4839,1345,1014.7
RNO,8/7/2025 0:55,-119.7711,39.4839,1345,1014.9
RNO,8/7/2025 1:55,-119.7711,39.4839,1345,1014.9
RNO,8/7/2025 2:55,-119.7711,39.4839,1345,1015.1
RNO,8/7/2025 3:55,-119.7711,39.4839,1345,1015.6
RNO,8/7/2025 4:55,-119.7711,39.4839,1345,1015.9
RNO,8/7/2025 5:55,-119.7711,39.4839,1345,1016.4
RNO,8/7/2025 6:55,-119.7711,39.4839,1345,1016.6
RNO,8/7/2025 7:55,-119.7711,39.4839,1345,1016.9
RNO,8/7/2025 8:55,-119.7711,39.4839,1345,1017
RNO,8/7/2025 9:55,-119.7711,39.4839,1345,1016.7
RNO,8/7/2025 10:55,-119.7711,39.4839,1345,1016.6
RNO,8/7/2025 11:55,-119.7711,39.4839,1345,1017.1
RNO,8/7/2025 12:55,-119.7711,39.4839,1345,1017.6
RNO,8/7/2025 13:55,-119.7711,39.4839,1345,1018
RNO,8/7/2025 14:55,-119.7711,39.4839,1345,1017.7
RNO,8/7/2025 15:55,-119.7711,39.4839,1345,1017.4
RNO,8/7/2025 16:55,-119.7711,39.4839,1345,1017
RNO,8/7/2025 17:55,-119.7711,39.4839,1345,1016.5
RNO,8/7/2025 18:55,-119.7711,39.4839,1345,1015.5
RNO,8/7/2025 19:55,-119.7711,39.4839,1345,1014.9
RNO,8/7/2025 20:55,-119.7711,39.4839,1345,1013.8
RNO,8/7/2025 21:55,-119.7711,39.4839,1345,1013
RNO,8/7/2025 22:55,-119.7711,39.4839,1345,1012.7
RNO,8/7/2025 23:55,-119.7711,39.4839,1345,1012.6
RNO,8/8/2025 0:55,-119.7711,39.4839,1345,1013.1
RNO,8/8/2025 1:55,-119.7711,39.4839,1345,1013.5
RNO,8/8/2025 2:55,-119.7711,39.4839,1345,1014.1
RNO,8/8/2025 3:55,-119.7711,39.4839,1345,1014.5
RNO,8/8/2025 4:55,-119.7711,39.4839,1345,1014.6
RNO,8/8/2025 5:55,-119.7711,39.4839,1345,1014.5
RNO,8/8/2025 6:55,-119.7711,39.4839,1345,1014.6
RNO,8/8/2025 7:55,-119.7711,39.4839,1345,1014.7
RNO,8/8/2025 8:55,-119.7711,39.4839,1345,1014.6
RNO,8/8/2025 9:55,-119.7711,39.4839,1345,1014.4
RNO,8/8/2025 10:55,-119.7711,39.4839,1345,1014.5
RNO,8/8/2025 11:55,-119.7711,39.4839,1345,1014.7
RNO,8/8/2025 12:55,-119.7711,39.4839,1345,1015
RNO,8/8/2025 13:55,-119.7711,39.4839,1345,1016
RNO,8/8/2025 14:55,-119.7711,39.4839,1345,1016.3
RNO,8/8/2025 15:55,-119.7711,39.4839,1345,1016.3
RNO,8/8/2025 16:55,-119.7711,39.4839,1345,1015.7
RNO,8/8/2025 17:55,-119.7711,39.4839,1345,1015.2
RNO,8/8/2025 18:55,-119.7711,39.4839,1345,1014.6
RNO,8/8/2025 19:55,-119.7711,39.4839,1345,1014
RNO,8/8/2025 20:55,-119.7711,39.4839,1345,1013.3
RNO,8/8/2025 21:55,-119.7711,39.4839,1345,1012.7
RNO,8/8/2025 22:55,-119.7711,39.4839,1345,1012.4
RNO,8/8/2025 23:55,-119.7711,39.4839,1345,1012
RNO,8/9/2025 0:55,-119.7711,39.4839,1345,1011.7
RNO,8/9/2025 1:55,-119.7711,39.4839,1345,1011.9
RNO,8/9/2025 2:55,-119.7711,39.4839,1345,1012.6
RNO,8/9/2025 3:55,-119.7711,39.4839,1345,1013.2
RNO,8/9/2025 4:55,-119.7711,39.4839,1345,1013.5
RNO,8/9/2025 5:55,-119.7711,39.4839,1345,1013.8
RNO,8/9/2025 6:55,-119.7711,39.4839,1345,1013.8
RNO,8/9/2025 7:55,-119.7711,39.4839,1345,1014.2
RNO,8/9/2025 8:55,-119.7711,39.4839,1345,1014.2
RNO,8/9/2025 9:55,-119.7711,39.4839,1345,1014.2
RNO,8/9/2025 10:55,-119.7711,39.4839,1345,1014.3
RNO,8/9/2025 11:55,-119.7711,39.4839,1345,1014.7
RNO,8/9/2025 12:55,-119.7711,39.4839,1345,1015.1
RNO,8/9/2025 13:55,-119.7711,39.4839,1345,1015.9
RNO,8/9/2025 14:55,-119.7711,39.4839,1345,1016.2
RNO,8/9/2025 15:55,-119.7711,39.4839,1345,1016
RNO,8/9/2025 16:55,-119.7711,39.4839,1345,1015.3
RNO,8/9/2025 17:55,-119.7711,39.4839,1345,1014.7
RNO,8/9/2025 18:55,-119.7711,39.4839,1345,1014.3
RNO,8/9/2025 19:55,-119.7711,39.4839,1345,1013.7
RNO,8/9/2025 20:55,-119.7711,39.4839,1345,1012.9
RNO,8/9/2025 21:55,-119.7711,39.4839,1345,1012.1
RNO,8/9/2025 22:55,-119.7711,39.4839,1345,1011.4
RNO,8/9/2025 23:55,-119.7711,39.4839,1345,1011.2
RNO,8/10/2025 0:55,-119.7711,39.4839,1345,1011.1
RNO,8/10/2025 1:55,-119.7711,39.4839,1345,1011.6
RNO,8/10/2025 2:55,-119.7711,39.4839,1345,1012
RNO,8/10/2025 3:55,-119.7711,39.4839,1345,1012.9
RNO,8/10/2025 4:55,-119.7711,39.4839,1345,1013.6
RNO,8/10/2025 5:55,-119.7711,39.4839,1345,1013.5
RNO,8/10/2025 6:55,-119.7711,39.4839,1345,1013.9
RNO,8/10/2025 7:55,-119.7711,39.4839,1345,1014.3
RNO,8/10/2025 8:55,-119.7711,39.4839,1345,1014.5
RNO,8/10/2025 9:55,-119.7711,39.4839,1345,1014.8
RNO,8/10/2025 10:55,-119.7711,39.4839,1345,1015.1
RNO,8/10/2025 11:55,-119.7711,39.4839,1345,1015.6
RNO,8/10/2025 12:55,-119.7711,39.4839,1345,1016.6
RNO,8/10/2025 13:55,-119.7711,39.4839,1345,1017.5
RNO,8/10/2025 14:55,-119.7711,39.4839,1345,1018.1
RNO,8/10/2025 15:55,-119.7711,39.4839,1345,1018
RNO,8/10/2025 16:55,-119.7711,39.4839,1345,1017.8
RNO,8/10/2025 17:55,-119.7711,39.4839,1345,1017.3
RNO,8/10/2025 18:55,-119.7711,39.4839,1345,1016.8
RNO,8/10/2025 19:55,-119.7711,39.4839,1345,1016.6
RNO,8/10/2025 20:55,-119.7711,39.4839,1345,1015.9
RNO,8/10/2025 21:55,-119.7711,39.4839,1345,1015.2
RNO,8/10/2025 22:55,-119.7711,39.4839,1345,1014.6
RNO,8/10/2025 23:55,-119.7711,39.4839,1345,1014
RNO,8/11/2025 0:55,-119.7711,39.4839,1345,1013.9
RNO,8/11/2025 1:55,-119.7711,39.4839,1345,1014.1
RNO,8/11/2025 2:55,-119.7711,39.4839,1345,1014.6
RNO,8/11/2025 3:55,-119.7711,39.4839,1345,1015.1
RNO,8/11/2025 4:55,-119.7711,39.4839,1345,1015.6
RNO,8/11/2025 5:55,-119.7711,39.4839,1345,1015.2
RNO,8/11/2025 6:55,-119.7711,39.4839,1345,1015.5
RNO,8/11/2025 7:55,-119.7711,39.4839,1345,1015.7
RNO,8/11/2025 8:55,-119.7711,39.4839,1345,1015.8
RNO,8/11/2025 9:55,-119.7711,39.4839,1345,1016.2
RNO,8/11/2025 10:55,-119.7711,39.4839,1345,1016.5
RNO,8/11/2025 11:55,-119.7711,39.4839,1345,1016.6
RNO,8/11/2025 12:55,-119.7711,39.4839,1345,1016.9
RNO,8/11/2025 13:55,-119.7711,39.4839,1345,1017.7
RNO,8/11/2025 14:55,-119.7711,39.4839,1345,1017.9
RNO,8/11/2025 15:55,-119.7711,39.4839,1345,1017.7
RNO,8/11/2025 16:55,-119.7711,39.4839,1345,1017.5
RNO,8/11/2025 17:55,-119.7711,39.4839,1345,1016.9
RNO,8/11/2025 18:55,-119.7711,39.4839,1345,1016
RNO,8/11/2025 19:55,-119.7711,39.4839,1345,1015.2
RNO,8/11/2025 20:55,-119.7711,39.4839,1345,1014.5
RNO,8/11/2025 21:55,-119.7711,39.4839,1345,1013.8
RNO,8/11/2025 22:55,-119.7711,39.4839,1345,1013.1
RNO,8/11/2025 23:55,-119.7711,39.4839,1345,1012.6
RNO,8/12/2025 0:55,-119.7711,39.4839,1345,1011.9
RNO,8/12/2025 1:55,-119.7711,39.4839,1345,1011.8
RNO,8/12/2025 2:55,-119.7711,39.4839,1345,1012.2
RNO,8/12/2025 3:55,-119.7711,39.4839,1345,1012.9
RNO,8/12/2025 4:55,-119.7711,39.4839,1345,1012.9
RNO,8/12/2025 5:55,-119.7711,39.4839,1345,1013.3
RNO,8/12/2025 6:55,-119.7711,39.4839,1345,1013
RNO,8/12/2025 7:55,-119.7711,39.4839,1345,1013
RNO,8/12/2025 8:55,-119.7711,39.4839,1345,1012.9
RNO,8/12/2025 9:55,-119.7711,39.4839,1345,1012.9
RNO,8/12/2025 10:55,-119.7711,39.4839,1345,1013
RNO,8/12/2025 11:55,-119.7711,39.4839,1345,1013.2
RNO,8/12/2025 12:55,-119.7711,39.4839,1345,1013.7
RNO,8/12/2025 13:55,-119.7711,39.4839,1345,1014
RNO,8/12/2025 14:55,-119.7711,39.4839,1345,1014
RNO,8/12/2025 15:55,-119.7711,39.4839,1345,1014
RNO,8/12/2025 16:55,-119.7711,39.4839,1345,1013.7
RNO,8/12/2025 17:55,-119.7711,39.4839,1345,1013
RNO,8/12/2025 18:55,-119.7711,39.4839,1345,1012.2
RNO,8/12/2025 19:55,-119.7711,39.4839,1345,1011.3
RNO,8/12/2025 20:55,-119.7711,39.4839,1345,1010.7
RNO,8/12/2025 21:55,-119.7711,39.4839,1345,1009.6
RNO,8/12/2025 22:55,-119.7711,39.4839,1345,1009.6
RNO,8/12/2025 23:08,-119.7711,39.4839,1345,M
RNO,8/12/2025 23:33,-119.7711,39.4839,1345,M
RNO,8/12/2025 23:55,-119.7711,39.4839,1345,1010.3
RNO,8/13/2025 0:07,-119.7711,39.4839,1345,M
RNO,8/13/2025 0:45,-119.7711,39.4839,1345,M
RNO,8/13/2025 0:55,-119.7711,39.4839,1345,1010.5
RNO,8/13/2025 1:55,-119.7711,39.4839,1345,1010.9
RNO,8/13/2025 2:55,-119.7711,39.4839,1345,1011.2
RNO,8/13/2025 3:55,-119.7711,39.4839,1345,1011.7
RNO,8/13/2025 4:55,-119.7711,39.4839,1345,1011.6
RNO,8/13/2025 5:55,-119.7711,39.4839,1345,1011.4
RNO,8/13/2025 6:55,-119.7711,39.4839,1345,1011.4
RNO,8/13/2025 7:55,-119.7711,39.4839,1345,1011.5
RNO,8/13/2025 8:55,-119.7711,39.4839,1345,1011.7
RNO,8/13/2025 9:55,-119.7711,39.4839,1345,1011.8
RNO,8/13/2025 10:55,-119.7711,39.4839,1345,1012.4
RNO,8/13/2025 11:55,-119.7711,39.4839,1345,1013.2
RNO,8/13/2025 12:55,-119.7711,39.4839,1345,1013.2
RNO,8/13/2025 13:55,-119.7711,39.4839,1345,1013.9
RNO,8/13/2025 14:55,-119.7711,39.4839,1345,1014.1
RNO,8/13/2025 15:55,-119.7711,39.4839,1345,1013.5
RNO,8/13/2025 16:55,-119.7711,39.4839,1345,1013.1
RNO,8/13/2025 17:55,-119.7711,39.4839,1345,1012.3
RNO,8/13/2025 18:55,-119.7711,39.4839,1345,1011.5
RNO,8/13/2025 19:55,-119.7711,39.4839,1345,1010.7
RNO,8/13/2025 20:55,-119.7711,39.4839,1345,1009.9
RNO,8/13/2025 21:12,-119.7711,39.4839,1345,M
RNO,8/13/2025 21:55,-119.7711,39.4839,1345,1009.1
RNO,8/13/2025 22:55,-119.7711,39.4839,1345,1008.9
RNO,8/13/2025 23:55,-119.7711,39.4839,1345,1009.2
RNO,8/14/2025 0:55,-119.7711,39.4839,1345,1009.2
RNO,8/14/2025 1:55,-119.7711,39.4839,1345,1009.7
RNO,8/14/2025 2:55,-119.7711,39.4839,1345,1009.8
RNO,8/14/2025 3:55,-119.7711,39.4839,1345,1010.7
RNO,8/14/2025 4:55,-119.7711,39.4839,1345,1011.1
RNO,8/14/2025 5:55,-119.7711,39.4839,1345,1011.3
RNO,8/14/2025 6:55,-119.7711,39.4839,1345,1011.4
RNO,8/14/2025 7:55,-119.7711,39.4839,1345,1011.7
RNO,8/14/2025 8:55,-119.7711,39.4839,1345,1011.6
RNO,8/14/2025 9:55,-119.7711,39.4839,1345,1011.7
RNO,8/14/2025 10:55,-119.7711,39.4839,1345,1012.1
RNO,8/14/2025 11:55,-119.7711,39.4839,1345,1012.6
RNO,8/14/2025 12:55,-119.7711,39.4839,1345,1013.1
RNO,8/14/2025 13:55,-119.7711,39.4839,1345,1013.6
RNO,8/14/2025 14:55,-119.7711,39.4839,1345,1013.5
RNO,8/14/2025 15:55,-119.7711,39.4839,1345,1013.4
RNO,8/14/2025 16:55,-119.7711,39.4839,1345,1013
RNO,8/14/2025 17:55,-119.7711,39.4839,1345,1012.3
RNO,8/14/2025 18:55,-119.7711,39.4839,1345,1011.5
RNO,8/14/2025 19:55,-119.7711,39.4839,1345,1010.4
RNO,8/14/2025 20:55,-119.7711,39.4839,1345,1009.6
RNO,8/14/2025 21:55,-119.7711,39.4839,1345,1008.7
RNO,8/14/2025 22:55,-119.7711,39.4839,1345,1008.3
RNO,8/14/2025 23:55,-119.7711,39.4839,1345,1008.1
RNO,8/15/2025 0:55,-119.7711,39.4839,1345,1008.2
RNO,8/15/2025 1:55,-119.7711,39.4839,1345,1008.7
RNO,8/15/2025 2:55,-119.7711,39.4839,1345,1009.5
RNO,8/15/2025 3:55,-119.7711,39.4839,1345,1010
RNO,8/15/2025 4:55,-119.7711,39.4839,1345,1010.6
RNO,8/15/2025 5:55,-119.7711,39.4839,1345,1010.6
RNO,8/15/2025 6:55,-119.7711,39.4839,1345,1010.9
RNO,8/15/2025 7:55,-119.7711,39.4839,1345,1010.9
RNO,8/15/2025 8:55,-119.7711,39.4839,1345,1010.9
RNO,8/15/2025 9:55,-119.7711,39.4839,1345,1010.9
RNO,8/15/2025 10:55,-119.7711,39.4839,1345,1011.2
RNO,8/15/2025 11:55,-119.7711,39.4839,1345,1011.4
RNO,8/15/2025 12:55,-119.7711,39.4839,1345,1011.6
RNO,8/15/2025 13:55,-119.7711,39.4839,1345,1012.2
RNO,8/15/2025 14:55,-119.7711,39.4839,1345,1012.6
RNO,8/15/2025 15:55,-119.7711,39.4839,1345,1012.5
RNO,8/15/2025 16:55,-119.7711,39.4839,1345,1012.3
RNO,8/15/2025 17:55,-119.7711,39.4839,1345,1011.7
RNO,8/15/2025 18:55,-119.7711,39.4839,1345,1010.9
RNO,8/15/2025 19:55,-119.7711,39.4839,1345,1010.1
RNO,8/15/2025 20:55,-119.7711,39.4839,1345,1009.4
RNO,8/15/2025 21:55,-119.7711,39.4839,1345,1008.5
RNO,8/15/2025 22:55,-119.7711,39.4839,1345,1007.9
RNO,8/15/2025 23:55,-119.7711,39.4839,1345,1007.8
RNO,8/16/2025 0:17,-119.7711,39.4839,1345,M
RNO,8/16/2025 0:55,-119.7711,39.4839,1345,1008
RNO,8/16/2025 1:55,-119.7711,39.4839,1345,1008.9
RNO,8/16/2025 2:55,-119.7711,39.4839,1345,1009.8
RNO,8/16/2025 3:55,-119.7711,39.4839,1345,1010.4
RNO,8/16/2025 4:55,-119.7711,39.4839,1345,1011.6
RNO,8/16/2025 5:55,-119.7711,39.4839,1345,1011.3
RNO,8/16/2025 6:55,-119.7711,39.4839,1345,1011.6
RNO,8/16/2025 7:55,-119.7711,39.4839,1345,1012
RNO,8/16/2025 8:55,-119.7711,39.4839,1345,1011.9
RNO,8/16/2025 9:55,-119.7711,39.4839,1345,1012
RNO,8/16/2025 10:55,-119.7711,39.4839,1345,1012.2
RNO,8/16/2025 11:55,-119.7711,39.4839,1345,1012.5
RNO,8/16/2025 12:55,-119.7711,39.4839,1345,1012.8
RNO,8/16/2025 13:55,-119.7711,39.4839,1345,1013.6
RNO,8/16/2025 14:55,-119.7711,39.4839,1345,1013.8
RNO,8/16/2025 15:55,-119.7711,39.4839,1345,1013.7
RNO,8/16/2025 16:55,-119.7711,39.4839,1345,1013.3
RNO,8/16/2025 17:55,-119.7711,39.4839,1345,1013
RNO,8/16/2025 18:55,-119.7711,39.4839,1345,1012.4
RNO,8/16/2025 19:55,-119.7711,39.4839,1345,1011.4
RNO,8/16/2025 20:55,-119.7711,39.4839,1345,1010.7
RNO,8/16/2025 21:55,-119.7711,39.4839,1345,1010.3
RNO,8/16/2025 22:55,-119.7711,39.4839,1345,1009.7
RNO,8/16/2025 23:55,-119.7711,39.4839,1345,1009.6
RNO,8/17/2025 0:55,-119.7711,39.4839,1345,1010
RNO,8/17/2025 1:55,-119.7711,39.4839,1345,1010.6
RNO,8/17/2025 2:55,-119.7711,39.4839,1345,1011.9
RNO,8/17/2025 3:55,-119.7711,39.4839,1345,1012.5
RNO,8/17/2025 4:55,-119.7711,39.4839,1345,1012.6
RNO,8/17/2025 5:55,-119.7711,39.4839,1345,1013
RNO,8/17/2025 6:55,-119.7711,39.4839,1345,1013.5
RNO,8/17/2025 7:55,-119.7711,39.4839,1345,1013.4
RNO,8/17/2025 8:55,-119.7711,39.4839,1345,1013.1
RNO,8/17/2025 9:55,-119.7711,39.4839,1345,1013.7
RNO,8/17/2025 10:55,-119.7711,39.4839,1345,1013.5
RNO,8/17/2025 11:55,-119.7711,39.4839,1345,1014
RNO,8/17/2025 12:55,-119.7711,39.4839,1345,1014.6
RNO,8/17/2025 13:55,-119.7711,39.4839,1345,1015.1
RNO,8/17/2025 14:55,-119.7711,39.4839,1345,1015.4
RNO,8/17/2025 15:55,-119.7711,39.4839,1345,1015.1
RNO,8/17/2025 16:55,-119.7711,39.4839,1345,1014.7
RNO,8/17/2025 17:55,-119.7711,39.4839,1345,1013.8
RNO,8/17/2025 18:55,-119.7711,39.4839,1345,1013
RNO,8/17/2025 19:55,-119.7711,39.4839,1345,1011.7
RNO,8/17/2025 20:55,-119.7711,39.4839,1345,1010.9
RNO,8/17/2025 21:55,-119.7711,39.4839,1345,1010.4
RNO,8/17/2025 22:55,-119.7711,39.4839,1345,1009.7
RNO,8/17/2025 23:55,-119.7711,39.4839,1345,1009.6
RNO,8/18/2025 0:55,-119.7711,39.4839,1345,1009.5
RNO,8/18/2025 1:55,-119.7711,39.4839,1345,1009.7
RNO,8/18/2025 2:55,-119.7711,39.4839,1345,1010.5
RNO,8/18/2025 3:55,-119.7711,39.4839,1345,1011.3
RNO,8/18/2025 4:55,-119.7711,39.4839,1345,1011.9
RNO,8/18/2025 5:55,-119.7711,39.4839,1345,1011.8
RNO,8/18/2025 6:55,-119.7711,39.4839,1345,1012
RNO,8/18/2025 7:55,-119.7711,39.4839,1345,1012
RNO,8/18/2025 8:55,-119.7711,39.4839,1345,1012.4
RNO,8/18/2025 9:55,-119.7711,39.4839,1345,1012.6
RNO,8/18/2025 10:55,-119.7711,39.4839,1345,1012.9
RNO,8/18/2025 11:55,-119.7711,39.4839,1345,1013.1
RNO,8/18/2025 12:55,-119.7711,39.4839,1345,1013.5
RNO,8/18/2025 13:55,-119.7711,39.4839,1345,1014.6
RNO,8/18/2025 14:55,-119.7711,39.4839,1345,1015.1
RNO,8/18/2025 15:55,-119.7711,39.4839,1345,1015.1
RNO,8/18/2025 16:55,-119.7711,39.4839,1345,1014.7
RNO,8/18/2025 17:55,-119.7711,39.4839,1345,1014.3
RNO,8/18/2025 18:55,-119.7711,39.4839,1345,1013.4
RNO,8/18/2025 19:55,-119.7711,39.4839,1345,1012.4
RNO,8/18/2025 20:55,-119.7711,39.4839,1345,1012.1
RNO,8/18/2025 21:55,-119.7711,39.4839,1345,1011.6
RNO,8/18/2025 22:55,-119.7711,39.4839,1345,1011.2
RNO,8/18/2025 23:55,-119.7711,39.4839,1345,1011.2
RNO,8/19/2025 0:55,-119.7711,39.4839,1345,1011.3
RNO,8/19/2025 1:55,-119.7711,39.4839,1345,1011.7
RNO,8/19/2025 2:55,-119.7711,39.4839,1345,1012.5
RNO,8/19/2025 3:55,-119.7711,39.4839,1345,1013.4
RNO,8/19/2025 4:55,-119.7711,39.4839,1345,1014.1
RNO,8/19/2025 5:55,-119.7711,39.4839,1345,1014.3
RNO,8/19/2025 6:55,-119.7711,39.4839,1345,1014.8
RNO,8/19/2025 7:55,-119.7711,39.4839,1345,1015.1
RNO,8/19/2025 8:55,-119.7711,39.4839,1345,1015
RNO,8/19/2025 9:55,-119.7711,39.4839,1345,1015.6
RNO,8/19/2025 10:55,-119.7711,39.4839,1345,1015.4
RNO,8/19/2025 11:55,-119.7711,39.4839,1345,1015.7
RNO,8/19/2025 12:55,-119.7711,39.4839,1345,1016.5
RNO,8/19/2025 13:55,-119.7711,39.4839,1345,1017
RNO,8/19/2025 14:55,-119.7711,39.4839,1345,1017.3
RNO,8/19/2025 15:55,-119.7711,39.4839,1345,1017.4
RNO,8/19/2025 16:55,-119.7711,39.4839,1345,1017.2
RNO,8/19/2025 17:55,-119.7711,39.4839,1345,1016.9
RNO,8/19/2025 18:55,-119.7711,39.4839,1345,1016
RNO,8/19/2025 19:55,-119.7711,39.4839,1345,1015.3
RNO,8/19/2025 20:55,-119.7711,39.4839,1345,1014.5
RNO,8/19/2025 21:55,-119.7711,39.4839,1345,1013.8
RNO,8/19/2025 22:55,-119.7711,39.4839,1345,1013.3
RNO,8/19/2025 23:55,-119.7711,39.4839,1345,1013.2
RNO,8/20/2025 0:55,-119.7711,39.4839,1345,1013.7
RNO,8/20/2025 1:55,-119.7711,39.4839,1345,1014.1
RNO,8/20/2025 2:55,-119.7711,39.4839,1345,1015.2
RNO,8/20/2025 2:59,-119.7711,39.4839,1345,M
RNO,8/20/2025 3:55,-119.7711,39.4839,1345,1015.8
RNO,8/20/2025 4:55,-119.7711,39.4839,1345,1016.6
RNO,8/20/2025 5:55,-119.7711,39.4839,1345,1017.1
RNO,8/20/2025 6:55,-119.7711,39.4839,1345,1017.3
RNO,8/20/2025 7:55,-119.7711,39.4839,1345,1017.3
RNO,8/20/2025 8:55,-119.7711,39.4839,1345,1017
RNO,8/20/2025 9:55,-119.7711,39.4839,1345,1017.2
RNO,8/20/2025 10:55,-119.7711,39.4839,1345,1017.5
RNO,8/20/2025 11:55,-119.7711,39.4839,1345,1018
RNO,8/20/2025 12:55,-119.7711,39.4839,1345,1018.2
RNO,8/20/2025 13:55,-119.7711,39.4839,1345,1019
RNO,8/20/2025 14:55,-119.7711,39.4839,1345,1019.5
RNO,8/20/2025 15:55,-119.7711,39.4839,1345,1019.4
RNO,8/20/2025 16:55,-119.7711,39.4839,1345,1019.3
RNO,8/20/2025 17:55,-119.7711,39.4839,1345,1019
RNO,8/20/2025 18:55,-119.7711,39.4839,1345,1018.1
RNO,8/20/2025 19:55,-119.7711,39.4839,1345,1017.1
RNO,8/20/2025 21:55,-119.7711,39.4839,1345,1015.5
RNO,8/20/2025 22:55,-119.7711,39.4839,1345,1014.5
RNO,8/20/2025 23:55,-119.7711,39.4839,1345,1014.3
RNO,8/21/2025 0:55,-119.7711,39.4839,1345,1014.1
RNO,8/21/2025 1:55,-119.7711,39.4839,1345,1014.5
RNO,8/21/2025 2:55,-119.7711,39.4839,1345,1015.3
RNO,8/21/2025 3:55,-119.7711,39.4839,1345,1016.1
RNO,8/21/2025 4:55,-119.7711,39.4839,1345,1016.4
RNO,8/21/2025 5:55,-119.7711,39.4839,1345,1016.3
RNO,8/21/2025 6:55,-119.7711,39.4839,1345,1016.2
RNO,8/21/2025 7:55,-119.7711,39.4839,1345,1016.8
RNO,8/21/2025 8:55,-119.7711,39.4839,1345,1016.8
RNO,8/21/2025 9:55,-119.7711,39.4839,1345,1016.8
RNO,8/21/2025 10:55,-119.7711,39.4839,1345,1016.6
RNO,8/21/2025 11:55,-119.7711,39.4839,1345,1016.8
RNO,8/21/2025 12:55,-119.7711,39.4839,1345,1017.1
RNO,8/21/2025 13:55,-119.7711,39.4839,1345,1017.8
RNO,8/21/2025 14:55,-119.7711,39.4839,1345,1018
RNO,8/21/2025 15:55,-119.7711,39.4839,1345,1017.8
RNO,8/21/2025 16:55,-119.7711,39.4839,1345,1017
RNO,8/21/2025 17:55,-119.7711,39.4839,1345,1016.4
RNO,8/21/2025 18:55,-119.7711,39.4839,1345,1015.4
RNO,8/21/2025 19:55,-119.7711,39.4839,1345,1014.3
RNO,8/21/2025 20:55,-119.7711,39.4839,1345,1013.3
RNO,8/21/2025 21:55,-119.7711,39.4839,1345,1012.3
RNO,8/21/2025 22:55,-119.7711,39.4839,1345,1011.6
RNO,8/21/2025 23:55,-119.7711,39.4839,1345,1011.2
RNO,8/22/2025 0:55,-119.7711,39.4839,1345,1010.8
RNO,8/22/2025 1:55,-119.7711,39.4839,1345,1010.6
RNO,8/22/2025 2:55,-119.7711,39.4839,1345,1011
RNO,8/22/2025 3:55,-119.7711,39.4839,1345,1012
RNO,8/22/2025 4:55,-119.7711,39.4839,1345,1012.2
RNO,8/22/2025 5:55,-119.7711,39.4839,1345,1012.5
RNO,8/22/2025 6:55,-119.7711,39.4839,1345,1012.6
RNO,8/22/2025 7:55,-119.7711,39.4839,1345,1012.8
RNO,8/22/2025 8:55,-119.7711,39.4839,1345,1012.8
RNO,8/22/2025 9:55,-119.7711,39.4839,1345,1013
RNO,8/22/2025 10:55,-119.7711,39.4839,1345,1013.1
RNO,8/22/2025 11:55,-119.7711,39.4839,1345,1013
RNO,8/22/2025 12:55,-119.7711,39.4839,1345,1013.7
RNO,8/22/2025 13:55,-119.7711,39.4839,1345,1014
RNO,8/22/2025 14:55,-119.7711,39.4839,1345,1014.6
RNO,8/22/2025 15:55,-119.7711,39.4839,1345,1014.5
RNO,8/22/2025 16:55,-119.7711,39.4839,1345,1014.3
RNO,8/22/2025 17:55,-119.7711,39.4839,1345,1013.7
RNO,8/22/2025 18:55,-119.7711,39.4839,1345,1012.9
RNO,8/22/2025 19:55,-119.7711,39.4839,1345,1012
RNO,8/22/2025 20:55,-119.7711,39.4839,1345,1011.3
RNO,8/22/2025 21:55,-119.7711,39.4839,1345,1010.7
RNO,8/22/2025 22:55,-119.7711,39.4839,1345,1010.2
RNO,8/22/2025 23:55,-119.7711,39.4839,1345,1009.7
RNO,8/23/2025 0:55,-119.7711,39.4839,1345,1010
RNO,8/23/2025 1:55,-119.7711,39.4839,1345,1010.5
RNO,8/23/2025 2:55,-119.7711,39.4839,1345,1012
RNO,8/23/2025 3:55,-119.7711,39.4839,1345,1013.1
RNO,8/23/2025 4:55,-119.7711,39.4839,1345,1013.3
RNO,8/23/2025 5:55,-119.7711,39.4839,1345,1013.2
RNO,8/23/2025 6:55,-119.7711,39.4839,1345,1012.9
RNO,8/23/2025 7:55,-119.7711,39.4839,1345,1013.4
RNO,8/23/2025 8:55,-119.7711,39.4839,1345,1013.5
RNO,8/23/2025 9:55,-119.7711,39.4839,1345,1013.4
RNO,8/23/2025 10:55,-119.7711,39.4839,1345,1013.8
RNO,8/23/2025 11:55,-119.7711,39.4839,1345,1014
RNO,8/23/2025 12:55,-119.7711,39.4839,1345,1014.5
RNO,8/23/2025 13:55,-119.7711,39.4839,1345,1015.4
RNO,8/23/2025 14:55,-119.7711,39.4839,1345,1015.5
RNO,8/23/2025 15:55,-119.7711,39.4839,1345,1015.6
RNO,8/23/2025 16:55,-119.7711,39.4839,1345,1015.4
RNO,8/23/2025 17:55,-119.7711,39.4839,1345,1014.7
RNO,8/23/2025 18:55,-119.7711,39.4839,1345,1013.5
RNO,8/23/2025 19:55,-119.7711,39.4839,1345,1012.4
RNO,8/23/2025 20:55,-119.7711,39.4839,1345,1012.1
RNO,8/23/2025 21:12,-119.7711,39.4839,1345,M
RNO,8/23/2025 21:55,-119.7711,39.4839,1345,1014
RNO,8/23/2025 22:48,-119.7711,39.4839,1345,M
RNO,8/23/2025 22:55,-119.7711,39.4839,1345,1015.9
RNO,8/23/2025 23:07,-119.7711,39.4839,1345,M
RNO,8/23/2025 23:55,-119.7711,39.4839,1345,1015.8
RNO,8/24/2025 0:55,-119.7711,39.4839,1345,1016.2
RNO,8/24/2025 1:55,-119.7711,39.4839,1345,1016.6
RNO,8/24/2025 2:55,-119.7711,39.4839,1345,1016.9
RNO,8/24/2025 3:55,-119.7711,39.4839,1345,1017
RNO,8/24/2025 4:55,-119.7711,39.4839,1345,1016.6
RNO,8/24/2025 5:55,-119.7711,39.4839,1345,1016.3
RNO,8/24/2025 6:55,-119.7711,39.4839,1345,1016.2
RNO,8/24/2025 7:55,-119.7711,39.4839,1345,1015.9
RNO,8/24/2025 8:55,-119.7711,39.4839,1345,1015.6
RNO,8/24/2025 9:55,-119.7711,39.4839,1345,1015.6
RNO,8/24/2025 10:55,-119.7711,39.4839,1345,1015.6
RNO,8/24/2025 11:55,-119.7711,39.4839,1345,1015.2
RNO,8/24/2025 12:55,-119.7711,39.4839,1345,1015.3
RNO,8/24/2025 13:55,-119.7711,39.4839,1345,1016
RNO,8/24/2025 14:55,-119.7711,39.4839,1345,1016.3
RNO,8/24/2025 15:55,-119.7711,39.4839,1345,1016.4
RNO,8/24/2025 16:55,-119.7711,39.4839,1345,1016.5
RNO,8/24/2025 17:55,-119.7711,39.4839,1345,1016.6
RNO,8/24/2025 18:55,-119.7711,39.4839,1345,1016.2
RNO,8/24/2025 19:55,-119.7711,39.4839,1345,1015.4
RNO,8/24/2025 20:55,-119.7711,39.4839,1345,1014.3
RNO,8/24/2025 21:55,-119.7711,39.4839,1345,1013.2
RNO,8/24/2025 22:55,-119.7711,39.4839,1345,1013.3
RNO,8/24/2025 23:55,-119.7711,39.4839,1345,1014.1
RNO,8/25/2025 0:55,-119.7711,39.4839,1345,1015.2
RNO,8/25/2025 1:24,-119.7711,39.4839,1345,M
RNO,8/25/2025 1:55,-119.7711,39.4839,1345,1017.6
RNO,8/25/2025 2:55,-119.7711,39.4839,1345,1017.3
RNO,8/25/2025 3:55,-119.7711,39.4839,1345,1017.6
RNO,8/25/2025 4:55,-119.7711,39.4839,1345,1017.6
RNO,8/25/2025 5:55,-119.7711,39.4839,1345,1016.7
RNO,8/25/2025 6:55,-119.7711,39.4839,1345,1016.2
RNO,8/25/2025 7:55,-119.7711,39.4839,1345,1016.7
RNO,8/25/2025 8:55,-119.7711,39.4839,1345,1016.2
RNO,8/25/2025 9:55,-119.7711,39.4839,1345,1016.1
RNO,8/25/2025 10:55,-119.7711,39.4839,1345,1015.9
RNO,8/25/2025 11:55,-119.7711,39.4839,1345,1016
RNO,8/25/2025 12:55,-119.7711,39.4839,1345,1016.6
RNO,8/25/2025 13:55,-119.7711,39.4839,1345,1017.1
RNO,8/25/2025 14:55,-119.7711,39.4839,1345,1017.3
RNO,8/25/2025 15:55,-119.7711,39.4839,1345,1017
RNO,8/25/2025 16:55,-119.7711,39.4839,1345,1016.9
RNO,8/25/2025 17:55,-119.7711,39.4839,1345,1016.1
RNO,8/25/2025 18:55,-119.7711,39.4839,1345,1015
RNO,8/25/2025 19:55,-119.7711,39.4839,1345,1014.2
RNO,8/25/2025 20:55,-119.7711,39.4839,1345,1012.7
RNO,8/25/2025 21:14,-119.7711,39.4839,1345,M
RNO,8/25/2025 21:36,-119.7711,39.4839,1345,M
RNO,8/25/2025 21:55,-119.7711,39.4839,1345,1013.2
RNO,8/25/2025 22:55,-119.7711,39.4839,1345,1014.3
RNO,8/25/2025 23:46,-119.7711,39.4839,1345,M
RNO,8/25/2025 23:55,-119.7711,39.4839,1345,1016.2
RNO,8/26/2025 0:55,-119.7711,39.4839,1345,1017.6
RNO,8/26/2025 1:55,-119.7711,39.4839,1345,1016.9
RNO,8/26/2025 2:55,-119.7711,39.4839,1345,1015
RNO,8/26/2025 3:55,-119.7711,39.4839,1345,1015.4
RNO,8/26/2025 4:55,-119.7711,39.4839,1345,1015.5
RNO,8/26/2025 5:55,-119.7711,39.4839,1345,1015.1
RNO,8/26/2025 6:55,-119.7711,39.4839,1345,1015.1
RNO,8/26/2025 7:55,-119.7711,39.4839,1345,1015.3
RNO,8/26/2025 8:55,-119.7711,39.4839,1345,1014.5
RNO,8/26/2025 9:55,-119.7711,39.4839,1345,1015
RNO,8/26/2025 10:55,-119.7711,39.4839,1345,1014.7
RNO,8/26/2025 11:55,-119.7711,39.4839,1345,1014.8
RNO,8/26/2025 12:55,-119.7711,39.4839,1345,1015.3
RNO,8/26/2025 13:55,-119.7711,39.4839,1345,1015.8
RNO,8/26/2025 14:55,-119.7711,39.4839,1345,1016.1
RNO,8/26/2025 15:55,-119.7711,39.4839,1345,1016.3
RNO,8/26/2025 16:55,-119.7711,39.4839,1345,1016.1
RNO,8/26/2025 17:55,-119.7711,39.4839,1345,1015.8
RNO,8/26/2025 18:55,-119.7711,39.4839,1345,1015.4
RNO,8/26/2025 19:55,-119.7711,39.4839,1345,1014.2
RNO,8/26/2025 20:55,-119.7711,39.4839,1345,1013
RNO,8/26/2025 21:18,-119.7711,39.4839,1345,M
RNO,8/26/2025 21:55,-119.7711,39.4839,1345,1014
RNO,8/26/2025 22:03,-119.7711,39.4839,1345,M
RNO,8/26/2025 22:55,-119.7711,39.4839,1345,1015.6
RNO,8/26/2025 23:55,-119.7711,39.4839,1345,1016.9
RNO,8/27/2025 0:45,-119.7711,39.4839,1345,M
RNO,8/27/2025 0:55,-119.7711,39.4839,1345,1018.2
RNO,8/27/2025 1:55,-119.7711,39.4839,1345,1017.9
RNO,8/27/2025 2:55,-119.7711,39.4839,1345,1018.2
RNO,8/27/2025 3:55,-119.7711,39.4839,1345,1018
RNO,8/27/2025 4:55,-119.7711,39.4839,1345,1017.3
RNO,8/27/2025 5:55,-119.7711,39.4839,1345,1018.2
RNO,8/27/2025 6:55,-119.7711,39.4839,1345,1018.3
RNO,8/27/2025 7:55,-119.7711,39.4839,1345,1017.6
RNO,8/27/2025 8:55,-119.7711,39.4839,1345,1017.2
RNO,8/27/2025 9:55,-119.7711,39.4839,1345,1017.8
RNO,8/27/2025 10:55,-119.7711,39.4839,1345,1017.5
RNO,8/27/2025 11:55,-119.7711,39.4839,1345,1017.9
RNO,8/27/2025 12:55,-119.7711,39.4839,1345,1018.5
RNO,8/27/2025 13:55,-119.7711,39.4839,1345,1019.3
RNO,8/27/2025 14:55,-119.7711,39.4839,1345,1019.7
RNO,8/27/2025 15:55,-119.7711,39.4839,1345,1019.7
RNO,8/27/2025 16:55,-119.7711,39.4839,1345,1019.3
RNO,8/27/2025 17:55,-119.7711,39.4839,1345,1018.7
RNO,8/27/2025 18:55,-119.7711,39.4839,1345,1017.9
RNO,8/27/2025 19:49,-119.7711,39.4839,1345,M
RNO,8/27/2025 19:55,-119.7711,39.4839,1345,1017
RNO,8/27/2025 20:19,-119.7711,39.4839,1345,M
RNO,8/27/2025 20:55,-119.7711,39.4839,1345,1016.2
RNO,8/27/2025 21:32,-119.7711,39.4839,1345,M
RNO,8/27/2025 21:55,-119.7711,39.4839,1345,1017.3
RNO,8/27/2025 22:55,-119.7711,39.4839,1345,1019.4
RNO,8/27/2025 23:55,-119.7711,39.4839,1345,1020.5
RNO,8/28/2025 0:26,-119.7711,39.4839,1345,M
RNO,8/28/2025 0:55,-119.7711,39.4839,1345,1020.3
RNO,8/28/2025 1:55,-119.7711,39.4839,1345,1020.4
RNO,8/28/2025 2:55,-119.7711,39.4839,1345,1020.8
RNO,8/28/2025 3:55,-119.7711,39.4839,1345,1021.3
RNO,8/28/2025 4:55,-119.7711,39.4839,1345,1021.1
RNO,8/28/2025 5:55,-119.7711,39.4839,1345,1021.2
RNO,8/28/2025 6:55,-119.7711,39.4839,1345,1021.3
RNO,8/28/2025 7:55,-119.7711,39.4839,1345,1021.1
RNO,8/28/2025 8:55,-119.7711,39.4839,1345,1020.4
RNO,8/28/2025 9:55,-119.7711,39.4839,1345,1020.9
RNO,8/28/2025 10:55,-119.7711,39.4839,1345,1021.4
RNO,8/28/2025 11:55,-119.7711,39.4839,1345,1021.6
RNO,8/28/2025 12:55,-119.7711,39.4839,1345,1021.7
RNO,8/28/2025 13:55,-119.7711,39.4839,1345,1022.1
RNO,8/28/2025 14:55,-119.7711,39.4839,1345,1022.3
RNO,8/28/2025 15:55,-119.7711,39.4839,1345,1022.1
RNO,8/28/2025 16:55,-119.7711,39.4839,1345,1022
RNO,8/28/2025 17:55,-119.7711,39.4839,1345,1021.3
RNO,8/28/2025 18:55,-119.7711,39.4839,1345,1020.2
RNO,8/28/2025 19:55,-119.7711,39.4839,1345,1019.3
RNO,8/28/2025 20:55,-119.7711,39.4839,1345,1018.6
RNO,8/28/2025 21:55,-119.7711,39.4839,1345,1017.5
RNO,8/28/2025 22:55,-119.7711,39.4839,1345,1016.7
RNO,8/28/2025 23:55,-119.7711,39.4839,1345,1016.3
RNO,8/29/2025 0:55,-119.7711,39.4839,1345,1015.9
RNO,8/29/2025 1:55,-119.7711,39.4839,1345,1015.9
RNO,8/29/2025 2:55,-119.7711,39.4839,1345,1016.4
RNO,8/29/2025 3:55,-119.7711,39.4839,1345,1017.3
RNO,8/29/2025 4:55,-119.7711,39.4839,1345,1017.6
RNO,8/29/2025 5:55,-119.7711,39.4839,1345,1017.7
RNO,8/29/2025 6:55,-119.7711,39.4839,1345,1017.8
RNO,8/29/2025 7:55,-119.7711,39.4839,1345,1017.7
RNO,8/29/2025 8:55,-119.7711,39.4839,1345,1017.8
RNO,8/29/2025 9:55,-119.7711,39.4839,1345,1017.9
RNO,8/29/2025 10:55,-119.7711,39.4839,1345,1018.1
RNO,8/29/2025 11:55,-119.7711,39.4839,1345,1018.2
RNO,8/29/2025 12:55,-119.7711,39.4839,1345,1018.8
RNO,8/29/2025 13:55,-119.7711,39.4839,1345,1019.4
RNO,8/29/2025 14:55,-119.7711,39.4839,1345,1019.8
RNO,8/29/2025 15:55,-119.7711,39.4839,1345,1019.7
RNO,8/29/2025 16:55,-119.7711,39.4839,1345,1019.8
RNO,8/29/2025 17:55,-119.7711,39.4839,1345,1019.4
RNO,8/29/2025 18:55,-119.7711,39.4839,1345,1018.8
RNO,8/29/2025 19:55,-119.7711,39.4839,1345,1017.9
RNO,8/29/2025 20:55,-119.7711,39.4839,1345,1017.2
RNO,8/29/2025 21:55,-119.7711,39.4839,1345,1016.7
RNO,8/29/2025 22:55,-119.7711,39.4839,1345,1016.5
RNO,8/29/2025 23:55,-119.7711,39.4839,1345,1016.3
RNO,8/30/2025 0:55,-119.7711,39.4839,1345,1016.3
RNO,8/30/2025 1:55,-119.7711,39.4839,1345,1016.4
RNO,8/30/2025 2:55,-119.7711,39.4839,1345,1017
RNO,8/30/2025 3:55,-119.7711,39.4839,1345,1017.4
RNO,8/30/2025 4:55,-119.7711,39.4839,1345,1018
RNO,8/30/2025 5:55,-119.7711,39.4839,1345,1018
RNO,8/30/2025 6:55,-119.7711,39.4839,1345,1017.8
RNO,8/30/2025 7:55,-119.7711,39.4839,1345,1018.2
RNO,8/30/2025 8:55,-119.7711,39.4839,1345,1018.2
RNO,8/30/2025 9:55,-119.7711,39.4839,1345,1018.3
RNO,8/30/2025 10:55,-119.7711,39.4839,1345,1018.6
RNO,8/30/2025 11:55,-119.7711,39.4839,1345,1018.4
RNO,8/30/2025 12:55,-119.7711,39.4839,1345,1018.8
RNO,8/30/2025 13:55,-119.7711,39.4839,1345,1019.6
RNO,8/30/2025 14:55,-119.7711,39.4839,1345,1019.8
RNO,8/30/2025 15:55,-119.7711,39.4839,1345,1019.7
RNO,8/30/2025 16:55,-119.7711,39.4839,1345,1019.3
RNO,8/30/2025 17:55,-119.7711,39.4839,1345,1018.8
RNO,8/30/2025 18:55,-119.7711,39.4839,1345,1017.4
RNO,8/30/2025 19:55,-119.7711,39.4839,1345,1016.6
RNO,8/30/2025 20:55,-119.7711,39.4839,1345,1015.7
RNO,8/30/2025 21:55,-119.7711,39.4839,1345,1015
RNO,8/30/2025 22:55,-119.7711,39.4839,1345,1014.5
RNO,8/30/2025 23:55,-119.7711,39.4839,1345,1014.1
RNO,8/31/2025 0:55,-119.7711,39.4839,1345,1013.9
RNO,8/31/2025 1:55,-119.7711,39.4839,1345,1013.9
RNO,8/31/2025 2:55,-119.7711,39.4839,1345,1014.4
RNO,8/31/2025 3:55,-119.7711,39.4839,1345,1015.3
RNO,8/31/2025 4:55,-119.7711,39.4839,1345,1015.5
RNO,8/31/2025 5:55,-119.7711,39.4839,1345,1015.5
RNO,8/31/2025 6:55,-119.7711,39.4839,1345,1015.3
RNO,8/31/2025 7:55,-119.7711,39.4839,1345,1015.5
RNO,8/31/2025 8:55,-119.7711,39.4839,1345,1015.4
RNO,8/31/2025 9:55,-119.7711,39.4839,1345,1015.6
RNO,8/31/2025 10:55,-119.7711,39.4839,1345,1015.9
RNO,8/31/2025 11:55,-119.7711,39.4839,1345,1016
RNO,8/31/2025 12:55,-119.7711,39.4839,1345,1016.2
RNO,8/31/2025 13:55,-119.7711,39.4839,1345,1017.2
RNO,8/31/2025 14:55,-119.7711,39.4839,1345,1017.4
RNO,8/31/2025 15:55,-119.7711,39.4839,1345,1017.4
RNO,8/31/2025 16:55,-119.7711,39.4839,1345,1017.1
RNO,8/31/2025 17:55,-119.7711,39.4839,1345,1016.5
RNO,8/31/2025 18:55,-119.7711,39.4839,1345,1015.5
RNO,8/31/2025 19:55,-119.7711,39.4839,1345,1014.7
RNO,8/31/2025 20:55,-119.7711,39.4839,1345,1014.1
RNO,8/31/2025 21:55,-119.7711,39.4839,1345,1013.4
RNO,8/31/2025 22:55,-119.7711,39.4839,1345,1013
RNO,8/31/2025 23:55,-119.7711,39.4839,1345,1012.7
RNO,9/1/2025 0:55,-119.7711,39.4839,1345,1012.8
RNO,9/1/2025 1:55,-119.7711,39.4839,1345,1013.5
RNO,9/1/2025 2:55,-119.7711,39.4839,1345,1014.2
RNO,9/1/2025 3:55,-119.7711,39.4839,1345,1014.5
RNO,9/1/2025 4:55,-119.7711,39.4839,1345,1015.3
RNO,9/1/2025 5:55,-119.7711,39.4839,1345,1015.1
RNO,9/1/2025 6:55,-119.7711,39.4839,1345,1014.9
RNO,9/1/2025 7:55,-119.7711,39.4839,1345,1015.3
RNO,9/1/2025 8:55,-119.7711,39.4839,1345,1015.3
RNO,9/1/2025 9:55,-119.7711,39.4839,1345,1015.4
RNO,9/1/2025 10:55,-119.7711,39.4839,1345,1015.7
RNO,9/1/2025 11:55,-119.7711,39.4839,1345,1015.8
RNO,9/1/2025 12:55,-119.7711,39.4839,1345,1016.6
RNO,9/1/2025 13:55,-119.7711,39.4839,1345,1017.3
RNO,9/1/2025 14:55,-119.7711,39.4839,1345,1017.7
RNO,9/1/2025 15:55,-119.7711,39.4839,1345,1017.5
RNO,9/1/2025 16:55,-119.7711,39.4839,1345,1017.3
RNO,9/1/2025 17:55,-119.7711,39.4839,1345,1016.7
RNO,9/1/2025 18:55,-119.7711,39.4839,1345,1016.2
RNO,9/1/2025 19:55,-119.7711,39.4839,1345,1015.3
RNO,9/1/2025 20:55,-119.7711,39.4839,1345,1014.5
RNO,9/1/2025 21:16,-119.7711,39.4839,1345,M
RNO,9/1/2025 21:55,-119.7711,39.4839,1345,1013.6
RNO,9/1/2025 22:55,-119.7711,39.4839,1345,1013.6
RNO,9/1/2025 23:55,-119.7711,39.4839,1345,1013.7
RNO,9/2/2025 0:55,-119.7711,39.4839,1345,1013.6
RNO,9/2/2025 1:55,-119.7711,39.4839,1345,1013.6
RNO,9/2/2025 2:55,-119.7711,39.4839,1345,1014.5
RNO,9/2/2025 3:55,-119.7711,39.4839,1345,1015.2
RNO,9/2/2025 4:55,-119.7711,39.4839,1345,1015.6
RNO,9/2/2025 5:55,-119.7711,39.4839,1345,1015.8
RNO,9/2/2025 6:55,-119.7711,39.4839,1345,1015.8
RNO,9/2/2025 7:55,-119.7711,39.4839,1345,1015.8
RNO,9/2/2025 8:55,-119.7711,39.4839,1345,1016.1
RNO,9/2/2025 9:55,-119.7711,39.4839,1345,1016.2
RNO,9/2/2025 10:55,-119.7711,39.4839,1345,1016.5
RNO,9/2/2025 11:55,-119.7711,39.4839,1345,1016.7
RNO,9/2/2025 12:55,-119.7711,39.4839,1345,1016.8
RNO,9/2/2025 13:55,-119.7711,39.4839,1345,1017.4
RNO,9/2/2025 14:55,-119.7711,39.4839,1345,1017.7
RNO,9/2/2025 15:55,-119.7711,39.4839,1345,1017.6
RNO,9/2/2025 16:55,-119.7711,39.4839,1345,1017.4
RNO,9/2/2025 17:55,-119.7711,39.4839,1345,1017.1
RNO,9/2/2025 18:39,-119.7711,39.4839,1345,M
RNO,9/2/2025 18:55,-119.7711,39.4839,1345,1016.6
RNO,9/2/2025 19:55,-119.7711,39.4839,1345,1015.7
RNO,9/2/2025 20:55,-119.7711,39.4839,1345,1015.5
RNO,9/2/2025 21:55,-119.7711,39.4839,1345,1014.7
RNO,9/2/2025 22:55,-119.7711,39.4839,1345,1014.5
RNO,9/2/2025 23:55,-119.7711,39.4839,1345,1015
RNO,9/3/2025 0:49,-119.7711,39.4839,1345,M
RNO,9/3/2025 0:55,-119.7711,39.4839,1345,1017.4
RNO,9/3/2025 1:17,-119.7711,39.4839,1345,M
RNO,9/3/2025 1:55,-119.7711,39.4839,1345,1020.7
RNO,9/3/2025 2:55,-119.7711,39.4839,1345,1021.5
RNO,9/3/2025 3:33,-119.7711,39.4839,1345,M
RNO,9/3/2025 3:55,-119.7711,39.4839,1345,1020.4
RNO,9/3/2025 4:55,-119.7711,39.4839,1345,1018.6
RNO,9/3/2025 5:55,-119.7711,39.4839,1345,1018.3
RNO,9/3/2025 6:55,-119.7711,39.4839,1345,1018.8
RNO,9/3/2025 7:55,-119.7711,39.4839,1345,1019.1
RNO,9/3/2025 8:55,-119.7711,39.4839,1345,1018.7
RNO,9/3/2025 9:55,-119.7711,39.4839,1345,1018.4
RNO,9/3/2025 10:55,-119.7711,39.4839,1345,1018.4
RNO,9/3/2025 11:55,-119.7711,39.4839,1345,1018.7
RNO,9/3/2025 12:55,-119.7711,39.4839,1345,1019
RNO,9/3/2025 13:55,-119.7711,39.4839,1345,1020
RNO,9/3/2025 14:55,-119.7711,39.4839,1345,1020.8
RNO,9/3/2025 15:55,-119.7711,39.4839,1345,1021.2
RNO,9/3/2025 16:55,-119.7711,39.4839,1345,1020.8
RNO,9/3/2025 17:55,-119.7711,39.4839,1345,1020.1
RNO,9/3/2025 18:55,-119.7711,39.4839,1345,1018.7
RNO,9/3/2025 19:55,-119.7711,39.4839,1345,1017.7
RNO,9/3/2025 20:55,-119.7711,39.4839,1345,1016.5
RNO,9/3/2025 21:55,-119.7711,39.4839,1345,1016.3
RNO,9/3/2025 22:55,-119.7711,39.4839,1345,1015.7
RNO,9/3/2025 23:55,-119.7711,39.4839,1345,1015.4
RNO,9/4/2025 0:55,-119.7711,39.4839,1345,1015.2
RNO,9/4/2025 1:55,-119.7711,39.4839,1345,1015
RNO,9/4/2025 2:55,-119.7711,39.4839,1345,1015.7
RNO,9/4/2025 3:55,-119.7711,39.4839,1345,1016.5
RNO,9/4/2025 4:55,-119.7711,39.4839,1345,1016.5
RNO,9/4/2025 5:55,-119.7711,39.4839,1345,1016.5
RNO,9/4/2025 6:55,-119.7711,39.4839,1345,1016.1
RNO,9/4/2025 7:55,-119.7711,39.4839,1345,1015.9
RNO,9/4/2025 8:55,-119.7711,39.4839,1345,1015.5
RNO,9/4/2025 9:55,-119.7711,39.4839,1345,1016
RNO,9/4/2025 10:55,-119.7711,39.4839,1345,1015.8
RNO,9/4/2025 11:55,-119.7711,39.4839,1345,1015.6
RNO,9/4/2025 12:55,-119.7711,39.4839,1345,1015.7
RNO,9/4/2025 13:55,-119.7711,39.4839,1345,1015.8
RNO,9/4/2025 14:55,-119.7711,39.4839,1345,1016.1
RNO,9/4/2025 15:55,-119.7711,39.4839,1345,1015.7
RNO,9/4/2025 16:55,-119.7711,39.4839,1345,1015.3
RNO,9/4/2025 17:55,-119.7711,39.4839,1345,1014.7
RNO,9/4/2025 18:55,-119.7711,39.4839,1345,1013.3
RNO,9/4/2025 19:55,-119.7711,39.4839,1345,1012
RNO,9/4/2025 20:55,-119.7711,39.4839,1345,1011.2
RNO,9/4/2025 21:55,-119.7711,39.4839,1345,1010.3
RNO,9/4/2025 22:55,-119.7711,39.4839,1345,1009.4
RNO,9/4/2025 23:55,-119.7711,39.4839,1345,1009
RNO,9/5/2025 0:55,-119.7711,39.4839,1345,1008.9
RNO,9/5/2025 1:55,-119.7711,39.4839,1345,1009.2
RNO,9/5/2025 2:55,-119.7711,39.4839,1345,1009.7
RNO,9/5/2025 3:55,-119.7711,39.4839,1345,1010.5
RNO,9/5/2025 4:55,-119.7711,39.4839,1345,1011
RNO,9/5/2025 5:55,-119.7711,39.4839,1345,1010.9
RNO,9/5/2025 6:55,-119.7711,39.4839,1345,1010.9
RNO,9/5/2025 7:55,-119.7711,39.4839,1345,1010.7
RNO,9/5/2025 8:55,-119.7711,39.4839,1345,1010.6
RNO,9/5/2025 9:55,-119.7711,39.4839,1345,1010.8
RNO,9/5/2025 10:55,-119.7711,39.4839,1345,1010.4
RNO,9/5/2025 11:55,-119.7711,39.4839,1345,1010.5
RNO,9/5/2025 12:55,-119.7711,39.4839,1345,1010.8
RNO,9/5/2025 13:55,-119.7711,39.4839,1345,1011.5
RNO,9/5/2025 14:55,-119.7711,39.4839,1345,1011.7
RNO,9/5/2025 15:55,-119.7711,39.4839,1345,1011.7
RNO,9/5/2025 16:55,-119.7711,39.4839,1345,1011.4
RNO,9/5/2025 17:55,-119.7711,39.4839,1345,1010.8
RNO,9/5/2025 18:55,-119.7711,39.4839,1345,1010.1
RNO,9/5/2025 19:55,-119.7711,39.4839,1345,1009
RNO,9/5/2025 20:55,-119.7711,39.4839,1345,1008.1
RNO,9/5/2025 21:55,-119.7711,39.4839,1345,1007.3
RNO,9/5/2025 22:55,-119.7711,39.4839,1345,1006.6
RNO,9/5/2025 23:55,-119.7711,39.4839,1345,1006.5
RNO,9/6/2025 0:55,-119.7711,39.4839,1345,1006.5
RNO,9/6/2025 1:55,-119.7711,39.4839,1345,1007.3
RNO,9/6/2025 2:55,-119.7711,39.4839,1345,1008.2
RNO,9/6/2025 3:55,-119.7711,39.4839,1345,1009.2
RNO,9/6/2025 4:55,-119.7711,39.4839,1345,1010
RNO,9/6/2025 5:55,-119.7711,39.4839,1345,1010.4
RNO,9/6/2025 6:55,-119.7711,39.4839,1345,1010.6
RNO,9/6/2025 7:55,-119.7711,39.4839,1345,1010.9
RNO,9/6/2025 8:55,-119.7711,39.4839,1345,1011
RNO,9/6/2025 9:55,-119.7711,39.4839,1345,1011.1
RNO,9/6/2025 10:55,-119.7711,39.4839,1345,1011.2
RNO,9/6/2025 11:55,-119.7711,39.4839,1345,1011.5
RNO,9/6/2025 12:55,-119.7711,39.4839,1345,1011.8
RNO,9/6/2025 13:55,-119.7711,39.4839,1345,1012.7
RNO,9/6/2025 14:55,-119.7711,39.4839,1345,1013.2
RNO,9/6/2025 15:55,-119.7711,39.4839,1345,1013.3
RNO,9/6/2025 16:55,-119.7711,39.4839,1345,1013.7
RNO,9/6/2025 17:55,-119.7711,39.4839,1345,1013.1
RNO,9/6/2025 18:55,-119.7711,39.4839,1345,1012.8
RNO,9/6/2025 19:55,-119.7711,39.4839,1345,1012.2
RNO,9/6/2025 20:26,-119.7711,39.4839,1345,M
RNO,9/6/2025 20:55,-119.7711,39.4839,1345,1011.8
RNO,9/6/2025 21:55,-119.7711,39.4839,1345,1011.7
RNO,9/6/2025 22:55,-119.7711,39.4839,1345,1011.4
RNO,9/6/2025 23:55,-119.7711,39.4839,1345,1011.5
RNO,9/7/2025 0:55,-119.7711,39.4839,1345,1012.2
RNO,9/7/2025 1:55,-119.7711,39.4839,1345,1012.6
RNO,9/7/2025 2:55,-119.7711,39.4839,1345,1013.3
RNO,9/7/2025 3:55,-119.7711,39.4839,1345,1014
RNO,9/7/2025 4:55,-119.7711,39.4839,1345,1013.8
RNO,9/7/2025 5:55,-119.7711,39.4839,1345,1014.6
RNO,9/7/2025 6:55,-119.7711,39.4839,1345,1014.8
RNO,9/7/2025 7:55,-119.7711,39.4839,1345,1015.4
RNO,9/7/2025 8:55,-119.7711,39.4839,1345,1015.5
RNO,9/7/2025 9:55,-119.7711,39.4839,1345,1015.5
RNO,9/7/2025 10:55,-119.7711,39.4839,1345,1015.8
RNO,9/7/2025 11:55,-119.7711,39.4839,1345,1016
RNO,9/7/2025 12:55,-119.7711,39.4839,1345,1016.7
RNO,9/7/2025 13:55,-119.7711,39.4839,1345,1017.3
RNO,9/7/2025 14:55,-119.7711,39.4839,1345,1017.6
RNO,9/7/2025 15:55,-119.7711,39.4839,1345,1017.9
RNO,9/7/2025 16:55,-119.7711,39.4839,1345,1017.5
RNO,9/7/2025 17:55,-119.7711,39.4839,1345,1016.9
RNO,9/7/2025 18:55,-119.7711,39.4839,1345,1015.9
RNO,9/7/2025 19:55,-119.7711,39.4839,1345,1016
RNO,9/7/2025 20:55,-119.7711,39.4839,1345,1016
RNO,9/7/2025 21:55,-119.7711,39.4839,1345,1015.3
RNO,9/7/2025 22:55,-119.7711,39.4839,1345,1015.2
RNO,9/7/2025 23:55,-119.7711,39.4839,1345,1015.3
RNO,9/8/2025 0:55,-119.7711,39.4839,1345,1015.4
RNO,9/8/2025 1:55,-119.7711,39.4839,1345,1015.8
RNO,9/8/2025 2:55,-119.7711,39.4839,1345,1016
RNO,9/8/2025 3:55,-119.7711,39.4839,1345,1016.8
RNO,9/8/2025 4:55,-119.7711,39.4839,1345,1016.8
RNO,9/8/2025 5:55,-119.7711,39.4839,1345,1017
RNO,9/8/2025 6:55,-119.7711,39.4839,1345,1016.8
RNO,9/8/2025 7:55,-119.7711,39.4839,1345,1017.2
RNO,9/8/2025 8:55,-119.7711,39.4839,1345,1017
RNO,9/8/2025 9:55,-119.7711,39.4839,1345,1016.8
RNO,9/8/2025 10:55,-119.7711,39.4839,1345,1017
RNO,9/8/2025 11:55,-119.7711,39.4839,1345,1016.9
RNO,9/8/2025 12:55,-119.7711,39.4839,1345,1017.3
RNO,9/8/2025 13:55,-119.7711,39.4839,1345,1017.7
RNO,9/8/2025 14:55,-119.7711,39.4839,1345,1017.9
RNO,9/8/2025 15:55,-119.7711,39.4839,1345,1017.8
RNO,9/8/2025 16:55,-119.7711,39.4839,1345,1016.9
RNO,9/8/2025 17:55,-119.7711,39.4839,1345,1016.2
RNO,9/8/2025 18:55,-119.7711,39.4839,1345,1015.3
RNO,9/8/2025 19:55,-119.7711,39.4839,1345,1014
RNO,9/8/2025 20:52,-119.7711,39.4839,1345,M
RNO,9/8/2025 20:55,-119.7711,39.4839,1345,1013.3
RNO,9/8/2025 21:55,-119.7711,39.4839,1345,1012.1
RNO,9/8/2025 22:55,-119.7711,39.4839,1345,1011.6
RNO,9/8/2025 23:55,-119.7711,39.4839,1345,1011.4
RNO,9/9/2025 0:55,-119.7711,39.4839,1345,1011.6
RNO,9/9/2025 1:55,-119.7711,39.4839,1345,1012.3
RNO,9/9/2025 2:55,-119.7711,39.4839,1345,1013
RNO,9/9/2025 3:55,-119.7711,39.4839,1345,1013.3
RNO,9/9/2025 4:55,-119.7711,39.4839,1345,1013.2
RNO,9/9/2025 5:55,-119.7711,39.4839,1345,1013.2
RNO,9/9/2025 6:55,-119.7711,39.4839,1345,1012.9
RNO,9/9/2025 7:55,-119.7711,39.4839,1345,1012.7
RNO,9/9/2025 8:55,-119.7711,39.4839,1345,1012.5
RNO,9/9/2025 9:55,-119.7711,39.4839,1345,1012.4
RNO,9/9/2025 10:55,-119.7711,39.4839,1345,1012.2
RNO,9/9/2025 11:55,-119.7711,39.4839,1345,1012.1
RNO,9/9/2025 12:55,-119.7711,39.4839,1345,1012.2
RNO,9/9/2025 13:55,-119.7711,39.4839,1345,1012.7
RNO,9/9/2025 14:55,-119.7711,39.4839,1345,1012.6
RNO,9/9/2025 15:55,-119.7711,39.4839,1345,1012.9
RNO,9/9/2025 16:55,-119.7711,39.4839,1345,1012.7
RNO,9/9/2025 17:55,-119.7711,39.4839,1345,1011.9
RNO,9/9/2025 18:55,-119.7711,39.4839,1345,1010.9
RNO,9/9/2025 19:55,-119.7711,39.4839,1345,1009.9
RNO,9/9/2025 20:55,-119.7711,39.4839,1345,1008.7
RNO,9/9/2025 21:55,-119.7711,39.4839,1345,1007.6
RNO,9/9/2025 22:55,-119.7711,39.4839,1345,1007.2
RNO,9/9/2025 23:55,-119.7711,39.4839,1345,1007.4
RNO,9/10/2025 0:55,-119.7711,39.4839,1345,1007.5
RNO,9/10/2025 1:55,-119.7711,39.4839,1345,1007.7
RNO,9/10/2025 2:55,-119.7711,39.4839,1345,1008.6
RNO,9/10/2025 3:55,-119.7711,39.4839,1345,1009.3
RNO,9/10/2025 4:55,-119.7711,39.4839,1345,1009.4
RNO,9/10/2025 5:55,-119.7711,39.4839,1345,1008.9
RNO,9/10/2025 6:55,-119.7711,39.4839,1345,1009.8
RNO,9/10/2025 7:55,-119.7711,39.4839,1345,1009.8
RNO,9/10/2025 8:55,-119.7711,39.4839,1345,1009.7
RNO,9/10/2025 9:55,-119.7711,39.4839,1345,1009.6
RNO,9/10/2025 10:55,-119.7711,39.4839,1345,1009.9
RNO,9/10/2025 11:55,-119.7711,39.4839,1345,1010.1
RNO,9/10/2025 12:55,-119.7711,39.4839,1345,1010.2
RNO,9/10/2025 13:55,-119.7711,39.4839,1345,1010.9
RNO,9/10/2025 14:55,-119.7711,39.4839,1345,1011.1
RNO,9/10/2025 15:55,-119.7711,39.4839,1345,1010.9
RNO,9/10/2025 16:55,-119.7711,39.4839,1345,1010.4
RNO,9/10/2025 17:55,-119.7711,39.4839,1345,1010.3
RNO,9/10/2025 18:55,-119.7711,39.4839,1345,1009.9
RNO,9/10/2025 19:52,-119.7711,39.4839,1345,M
RNO,9/10/2025 19:55,-119.7711,39.4839,1345,1009.7
RNO,9/10/2025 20:48,-119.7711,39.4839,1345,M
RNO,9/10/2025 20:55,-119.7711,39.4839,1345,1009.9
RNO,9/10/2025 21:55,-119.7711,39.4839,1345,1009.9
RNO,9/10/2025 22:55,-119.7711,39.4839,1345,1010.7
RNO,9/10/2025 23:13,-119.7711,39.4839,1345,M
RNO,9/10/2025 23:55,-119.7711,39.4839,1345,1011.2
RNO,9/11/2025 0:55,-119.7711,39.4839,1345,1011.8
RNO,9/11/2025 1:55,-119.7711,39.4839,1345,1012.6
RNO,9/11/2025 2:25,-119.7711,39.4839,1345,M
RNO,9/11/2025 2:55,-119.7711,39.4839,1345,1013.2
RNO,9/11/2025 3:55,-119.7711,39.4839,1345,1013.4
RNO,9/11/2025 4:55,-119.7711,39.4839,1345,1013.7
RNO,9/11/2025 5:55,-119.7711,39.4839,1345,1013.7
RNO,9/11/2025 6:55,-119.7711,39.4839,1345,1013.8
RNO,9/11/2025 7:55,-119.7711,39.4839,1345,1013.6
RNO,9/11/2025 8:55,-119.7711,39.4839,1345,1014
RNO,9/11/2025 9:55,-119.7711,39.4839,1345,1014.5
RNO,9/11/2025 10:55,-119.7711,39.4839,1345,1014.8
RNO,9/11/2025 11:55,-119.7711,39.4839,1345,1015.3
RNO,9/11/2025 12:55,-119.7711,39.4839,1345,1015.7
RNO,9/11/2025 13:55,-119.7711,39.4839,1345,1016
RNO,9/11/2025 14:55,-119.7711,39.4839,1345,1016.6
RNO,9/11/2025 15:55,-119.7711,39.4839,1345,1016.7
RNO,9/11/2025 16:55,-119.7711,39.4839,1345,1016.5
RNO,9/11/2025 17:55,-119.7711,39.4839,1345,1016.2
RNO,9/11/2025 18:55,-119.7711,39.4839,1345,1015.5
RNO,9/11/2025 19:55,-119.7711,39.4839,1345,1014.7
RNO,9/11/2025 20:55,-119.7711,39.4839,1345,1013.7
RNO,9/11/2025 21:55,-119.7711,39.4839,1345,1013.1
RNO,9/11/2025 22:55,-119.7711,39.4839,1345,1012.7
RNO,9/11/2025 23:55,-119.7711,39.4839,1345,1013
RNO,9/12/2025 0:55,-119.7711,39.4839,1345,1013.7
RNO,9/12/2025 1:55,-119.7711,39.4839,1345,1014.1
RNO,9/12/2025 2:55,-119.7711,39.4839,1345,1014.6
RNO,9/12/2025 3:55,-119.7711,39.4839,1345,1015
RNO,9/12/2025 4:55,-119.7711,39.4839,1345,1015.2
RNO,9/12/2025 5:55,-119.7711,39.4839,1345,1015.1
RNO,9/12/2025 6:55,-119.7711,39.4839,1345,1014.8
RNO,9/12/2025 7:55,-119.7711,39.4839,1345,1014.7
RNO,9/12/2025 8:55,-119.7711,39.4839,1345,1014.8
RNO,9/12/2025 9:55,-119.7711,39.4839,1345,1014.9
RNO,9/12/2025 10:55,-119.7711,39.4839,1345,1015
RNO,9/12/2025 11:55,-119.7711,39.4839,1345,1014.9
RNO,9/12/2025 12:55,-119.7711,39.4839,1345,1015.1
RNO,9/12/2025 13:55,-119.7711,39.4839,1345,1015.5
RNO,9/12/2025 14:55,-119.7711,39.4839,1345,1016
RNO,9/12/2025 15:55,-119.7711,39.4839,1345,1016
RNO,9/12/2025 16:55,-119.7711,39.4839,1345,1015.8
RNO,9/12/2025 17:55,-119.7711,39.4839,1345,1015.4
RNO,9/12/2025 18:55,-119.7711,39.4839,1345,1014.9
RNO,9/12/2025 19:55,-119.7711,39.4839,1345,1014
RNO,9/12/2025 20:55,-119.7711,39.4839,1345,1013.4
RNO,9/12/2025 21:55,-119.7711,39.4839,1345,1012.9
RNO,9/12/2025 22:55,-119.7711,39.4839,1345,1012.3
RNO,9/12/2025 23:55,-119.7711,39.4839,1345,1012
RNO,9/13/2025 0:55,-119.7711,39.4839,1345,1012.1
RNO,9/13/2025 1:55,-119.7711,39.4839,1345,1012.8
RNO,9/13/2025 2:55,-119.7711,39.4839,1345,1013.3
RNO,9/13/2025 3:55,-119.7711,39.4839,1345,1013.6
RNO,9/13/2025 4:55,-119.7711,39.4839,1345,1013.8
RNO,9/13/2025 5:55,-119.7711,39.4839,1345,1013.8
RNO,9/13/2025 6:55,-119.7711,39.4839,1345,1013.9
RNO,9/13/2025 7:55,-119.7711,39.4839,1345,1013.8
RNO,9/13/2025 8:55,-119.7711,39.4839,1345,1014
RNO,9/13/2025 9:55,-119.7711,39.4839,1345,1014.2
RNO,9/13/2025 10:55,-119.7711,39.4839,1345,1014.4
RNO,9/13/2025 11:55,-119.7711,39.4839,1345,1014.4
RNO,9/13/2025 12:55,-119.7711,39.4839,1345,1014.7
RNO,9/13/2025 13:55,-119.7711,39.4839,1345,1015.4
RNO,9/13/2025 14:55,-119.7711,39.4839,1345,1015.8
RNO,9/13/2025 15:55,-119.7711,39.4839,1345,1015.4
RNO,9/13/2025 16:55,-119.7711,39.4839,1345,1014.9
RNO,9/13/2025 17:55,-119.7711,39.4839,1345,1014.2
RNO,9/13/2025 18:55,-119.7711,39.4839,1345,1013.5
RNO,9/13/2025 19:55,-119.7711,39.4839,1345,1012.7
RNO,9/13/2025 20:55,-119.7711,39.4839,1345,1011.8
RNO,9/13/2025 21:55,-119.7711,39.4839,1345,1011
RNO,9/13/2025 22:55,-119.7711,39.4839,1345,1010.5
RNO,9/13/2025 23:55,-119.7711,39.4839,1345,1010.3
RNO,9/14/2025 0:55,-119.7711,39.4839,1345,1010.2
RNO,9/14/2025 1:55,-119.7711,39.4839,1345,1010.6
RNO,9/14/2025 2:55,-119.7711,39.4839,1345,1011.3
RNO,9/14/2025 3:55,-119.7711,39.4839,1345,1011.7
RNO,9/14/2025 4:55,-119.7711,39.4839,1345,1012
RNO,9/14/2025 5:55,-119.7711,39.4839,1345,1012.2
RNO,9/14/2025 6:55,-119.7711,39.4839,1345,1011.8
RNO,9/14/2025 7:55,-119.7711,39.4839,1345,1011.6
RNO,9/14/2025 8:55,-119.7711,39.4839,1345,1011.5
RNO,9/14/2025 9:55,-119.7711,39.4839,1345,1011.4
RNO,9/14/2025 10:55,-119.7711,39.4839,1345,1011.5
RNO,9/14/2025 11:55,-119.7711,39.4839,1345,1011.9
RNO,9/14/2025 12:55,-119.7711,39.4839,1345,1012.1
RNO,9/14/2025 13:55,-119.7711,39.4839,1345,1012.6
RNO,9/14/2025 14:55,-119.7711,39.4839,1345,1013.3
RNO,9/14/2025 15:55,-119.7711,39.4839,1345,1013.4
RNO,9/14/2025 16:55,-119.7711,39.4839,1345,1012.8
RNO,9/14/2025 17:55,-119.7711,39.4839,1345,1012.3
RNO,9/14/2025 18:55,-119.7711,39.4839,1345,1012
RNO,9/14/2025 19:55,-119.7711,39.4839,1345,1011.2
RNO,9/14/2025 20:55,-119.7711,39.4839,1345,1010.2
RNO,9/14/2025 21:55,-119.7711,39.4839,1345,1009.6
RNO,9/14/2025 22:55,-119.7711,39.4839,1345,1009.4
RNO,9/14/2025 23:55,-119.7711,39.4839,1345,1009.8
RNO,9/15/2025 0:55,-119.7711,39.4839,1345,1010.2
RNO,9/15/2025 1:55,-119.7711,39.4839,1345,1010.6
RNO,9/15/2025 2:55,-119.7711,39.4839,1345,1011.3
RNO,9/15/2025 3:55,-119.7711,39.4839,1345,1012.3
RNO,9/15/2025 4:55,-119.7711,39.4839,1345,1012.9
RNO,9/15/2025 5:55,-119.7711,39.4839,1345,1013.2
RNO,9/15/2025 6:55,-119.7711,39.4839,1345,1013.6
RNO,9/15/2025 7:55,-119.7711,39.4839,1345,1013.9
RNO,9/15/2025 8:55,-119.7711,39.4839,1345,1014.3
RNO,9/15/2025 9:55,-119.7711,39.4839,1345,1014
RNO,9/15/2025 10:55,-119.7711,39.4839,1345,1014.3
RNO,9/15/2025 11:55,-119.7711,39.4839,1345,1014.4
RNO,9/15/2025 12:55,-119.7711,39.4839,1345,1015
RNO,9/15/2025 13:55,-119.7711,39.4839,1345,1016
RNO,9/15/2025 14:55,-119.7711,39.4839,1345,1016.4
RNO,9/15/2025 15:55,-119.7711,39.4839,1345,1016.7
RNO,9/15/2025 16:55,-119.7711,39.4839,1345,1016.7
RNO,9/15/2025 17:55,-119.7711,39.4839,1345,1016
RNO,9/15/2025 18:55,-119.7711,39.4839,1345,1015
RNO,9/15/2025 19:55,-119.7711,39.4839,1345,1014.3
RNO,9/15/2025 20:55,-119.7711,39.4839,1345,1013.7
RNO,9/15/2025 21:55,-119.7711,39.4839,1345,1013.2
RNO,9/15/2025 22:55,-119.7711,39.4839,1345,1012.7
RNO,9/15/2025 23:55,-119.7711,39.4839,1345,1012.5
RNO,9/16/2025 0:55,-119.7711,39.4839,1345,1012.6
RNO,9/16/2025 1:55,-119.7711,39.4839,1345,1013.3
RNO,9/16/2025 2:55,-119.7711,39.4839,1345,1014.2
RNO,9/16/2025 3:55,-119.7711,39.4839,1345,1015.1
RNO,9/16/2025 4:55,-119.7711,39.4839,1345,1015.5
RNO,9/16/2025 5:55,-119.7711,39.4839,1345,1015.5
RNO,9/16/2025 6:55,-119.7711,39.4839,1345,1015.7
RNO,9/16/2025 7:55,-119.7711,39.4839,1345,1016
RNO,9/16/2025 8:55,-119.7711,39.4839,1345,1016
RNO,9/16/2025 9:55,-119.7711,39.4839,1345,1016.2
RNO,9/16/2025 10:55,-119.7711,39.4839,1345,1016.3
RNO,9/16/2025 11:55,-119.7711,39.4839,1345,1016.4
RNO,9/16/2025 12:55,-119.7711,39.4839,1345,1017.1
RNO,9/16/2025 13:55,-119.7711,39.4839,1345,1018.3
RNO,9/16/2025 14:55,-119.7711,39.4839,1345,1018.9
RNO,9/16/2025 15:55,-119.7711,39.4839,1345,1018.8
RNO,9/16/2025 16:55,-119.7711,39.4839,1345,1018.7
RNO,9/16/2025 17:55,-119.7711,39.4839,1345,1018.1
RNO,9/16/2025 18:55,-119.7711,39.4839,1345,1017.5
RNO,9/16/2025 19:55,-119.7711,39.4839,1345,1016.8
RNO,9/16/2025 20:55,-119.7711,39.4839,1345,1016.3
RNO,9/16/2025 21:55,-119.7711,39.4839,1345,1015.5
RNO,9/16/2025 22:55,-119.7711,39.4839,1345,1014.9
RNO,9/16/2025 23:55,-119.7711,39.4839,1345,1014.9
RNO,9/17/2025 0:55,-119.7711,39.4839,1345,1015
RNO,9/17/2025 1:55,-119.7711,39.4839,1345,1015.5
RNO,9/17/2025 2:55,-119.7711,39.4839,1345,1016.2
RNO,9/17/2025 3:55,-119.7711,39.4839,1345,1016.7
RNO,9/17/2025 4:55,-119.7711,39.4839,1345,1017.1
RNO,9/17/2025 5:55,-119.7711,39.4839,1345,1017
RNO,9/17/2025 6:55,-119.7711,39.4839,1345,1017
RNO,9/17/2025 7:55,-119.7711,39.4839,1345,1017
RNO,9/17/2025 8:55,-119.7711,39.4839,1345,1017.1
RNO,9/17/2025 9:55,-119.7711,39.4839,1345,1017
RNO,9/17/2025 10:55,-119.7711,39.4839,1345,1017.1
RNO,9/17/2025 11:55,-119.7711,39.4839,1345,1017.3
RNO,9/17/2025 12:55,-119.7711,39.4839,1345,1017.6
RNO,9/17/2025 13:55,-119.7711,39.4839,1345,1018.4
RNO,9/17/2025 14:55,-119.7711,39.4839,1345,1018.8
RNO,9/17/2025 15:55,-119.7711,39.4839,1345,1018.5
RNO,9/17/2025 16:55,-119.7711,39.4839,1345,1018.4
RNO,9/17/2025 17:55,-119.7711,39.4839,1345,1017.6
RNO,9/17/2025 18:55,-119.7711,39.4839,1345,1016.7
RNO,9/17/2025 19:55,-119.7711,39.4839,1345,1015.3
RNO,9/17/2025 20:55,-119.7711,39.4839,1345,1014.3
RNO,9/17/2025 21:55,-119.7711,39.4839,1345,1013.8
RNO,9/17/2025 22:55,-119.7711,39.4839,1345,1013.1
RNO,9/17/2025 23:55,-119.7711,39.4839,1345,1012.7
RNO,9/18/2025 0:55,-119.7711,39.4839,1345,1012.4
RNO,9/18/2025 1:55,-119.7711,39.4839,1345,1012.4
RNO,9/18/2025 2:55,-119.7711,39.4839,1345,1013
RNO,9/18/2025 3:55,-119.7711,39.4839,1345,1013.3
RNO,9/18/2025 4:55,-119.7711,39.4839,1345,1013.4
RNO,9/18/2025 5:55,-119.7711,39.4839,1345,1013.1
RNO,9/18/2025 6:55,-119.7711,39.4839,1345,1012.7
RNO,9/18/2025 7:55,-119.7711,39.4839,1345,1012.5
RNO,9/18/2025 8:55,-119.7711,39.4839,1345,1012.2
RNO,9/18/2025 9:55,-119.7711,39.4839,1345,1012
RNO,9/18/2025 10:55,-119.7711,39.4839,1345,1011.7
RNO,9/18/2025 11:55,-119.7711,39.4839,1345,1011.9
RNO,9/18/2025 12:55,-119.7711,39.4839,1345,1012
RNO,9/18/2025 13:55,-119.7711,39.4839,1345,1012.4
RNO,9/18/2025 14:55,-119.7711,39.4839,1345,1012.8
RNO,9/18/2025 15:55,-119.7711,39.4839,1345,1012.8
RNO,9/18/2025 16:55,-119.7711,39.4839,1345,1012.2
RNO,9/18/2025 17:55,-119.7711,39.4839,1345,1011.2
RNO,9/18/2025 18:55,-119.7711,39.4839,1345,1010.1
RNO,9/18/2025 19:55,-119.7711,39.4839,1345,1009.1
RNO,9/18/2025 20:55,-119.7711,39.4839,1345,1008.2
RNO,9/18/2025 21:55,-119.7711,39.4839,1345,1007.9
RNO,9/18/2025 22:55,-119.7711,39.4839,1345,1008
RNO,9/18/2025 23:55,-119.7711,39.4839,1345,1007.9
RNO,9/19/2025 0:55,-119.7711,39.4839,1345,1008
RNO,9/19/2025 1:55,-119.7711,39.4839,1345,1008.4
RNO,9/19/2025 2:55,-119.7711,39.4839,1345,1009
RNO,9/19/2025 3:55,-119.7711,39.4839,1345,1009.7
RNO,9/19/2025 4:55,-119.7711,39.4839,1345,1010.2
RNO,9/19/2025 5:55,-119.7711,39.4839,1345,1010.1
RNO,9/19/2025 6:55,-119.7711,39.4839,1345,1009.7
RNO,9/19/2025 7:55,-119.7711,39.4839,1345,1008.9
RNO,9/19/2025 8:55,-119.7711,39.4839,1345,1008.7
RNO,9/19/2025 9:55,-119.7711,39.4839,1345,1008.4
RNO,9/19/2025 10:55,-119.7711,39.4839,1345,1009.1
RNO,9/19/2025 11:55,-119.7711,39.4839,1345,1009.3
RNO,9/19/2025 12:55,-119.7711,39.4839,1345,1009.7
RNO,9/19/2025 13:55,-119.7711,39.4839,1345,1010
RNO,9/19/2025 14:55,-119.7711,39.4839,1345,1010.4
RNO,9/19/2025 15:55,-119.7711,39.4839,1345,1010.7
RNO,9/19/2025 16:55,-119.7711,39.4839,1345,1010.8
RNO,9/19/2025 17:55,-119.7711,39.4839,1345,1010.5
RNO,9/19/2025 18:55,-119.7711,39.4839,1345,1010.1
RNO,9/19/2025 19:55,-119.7711,39.4839,1345,1009.6
RNO,9/19/2025 20:55,-119.7711,39.4839,1345,1009.3
RNO,9/19/2025 21:55,-119.7711,39.4839,1345,1009.5
RNO,9/19/2025 22:55,-119.7711,39.4839,1345,1009.9
RNO,9/19/2025 23:55,-119.7711,39.4839,1345,1009.8
RNO,9/20/2025 0:55,-119.7711,39.4839,1345,1010.8
RNO,9/20/2025 1:55,-119.7711,39.4839,1345,1011.4
RNO,9/20/2025 2:55,-119.7711,39.4839,1345,1012.3
RNO,9/20/2025 3:55,-119.7711,39.4839,1345,1013
RNO,9/20/2025 4:55,-119.7711,39.4839,1345,1013.4
RNO,9/20/2025 5:55,-119.7711,39.4839,1345,1013.9
RNO,9/20/2025 6:55,-119.7711,39.4839,1345,1013.9
RNO,9/20/2025 7:55,-119.7711,39.4839,1345,1013.9
RNO,9/20/2025 8:55,-119.7711,39.4839,1345,1014
RNO,9/20/2025 9:55,-119.7711,39.4839,1345,1014.1
RNO,9/20/2025 10:55,-119.7711,39.4839,1345,1014.3
RNO,9/20/2025 11:55,-119.7711,39.4839,1345,1014
RNO,9/20/2025 12:55,-119.7711,39.4839,1345,1015
RNO,9/20/2025 13:55,-119.7711,39.4839,1345,1015.6
RNO,9/20/2025 14:55,-119.7711,39.4839,1345,1016.2
RNO,9/20/2025 15:55,-119.7711,39.4839,1345,1016.5
RNO,9/20/2025 16:55,-119.7711,39.4839,1345,1016.5
RNO,9/20/2025 17:55,-119.7711,39.4839,1345,1015.9
RNO,9/20/2025 18:55,-119.7711,39.4839,1345,1015.2
RNO,9/20/2025 19:55,-119.7711,39.4839,1345,1014.4
RNO,9/20/2025 20:55,-119.7711,39.4839,1345,1013.1
RNO,9/20/2025 21:55,-119.7711,39.4839,1345,1012.9
RNO,9/20/2025 22:55,-119.7711,39.4839,1345,1012.5
RNO,9/20/2025 23:55,-119.7711,39.4839,1345,1012.1
RNO,9/21/2025 0:55,-119.7711,39.4839,1345,1012.4
RNO,9/21/2025 1:55,-119.7711,39.4839,1345,1012.9
RNO,9/21/2025 2:55,-119.7711,39.4839,1345,1013.6
RNO,9/21/2025 3:55,-119.7711,39.4839,1345,1014.1
RNO,9/21/2025 4:55,-119.7711,39.4839,1345,1014.4
RNO,9/21/2025 5:55,-119.7711,39.4839,1345,1014.5
RNO,9/21/2025 6:55,-119.7711,39.4839,1345,1014.5
RNO,9/21/2025 7:55,-119.7711,39.4839,1345,1014.2
RNO,9/21/2025 8:55,-119.7711,39.4839,1345,1014.2
RNO,9/21/2025 9:55,-119.7711,39.4839,1345,1013.8
RNO,9/21/2025 10:55,-119.7711,39.4839,1345,1014
RNO,9/21/2025 11:55,-119.7711,39.4839,1345,1013.8
RNO,9/21/2025 12:55,-119.7711,39.4839,1345,1014.1
RNO,9/21/2025 13:55,-119.7711,39.4839,1345,1014.9
RNO,9/21/2025 14:55,-119.7711,39.4839,1345,1015.4
RNO,9/21/2025 15:55,-119.7711,39.4839,1345,1015.3
RNO,9/21/2025 16:55,-119.7711,39.4839,1345,1015.1
RNO,9/21/2025 17:55,-119.7711,39.4839,1345,1014.3
RNO,9/21/2025 18:55,-119.7711,39.4839,1345,1013.5
RNO,9/21/2025 19:55,-119.7711,39.4839,1345,1012.8
RNO,9/21/2025 20:55,-119.7711,39.4839,1345,1011.8
RNO,9/21/2025 21:55,-119.7711,39.4839,1345,1010.8
RNO,9/21/2025 22:55,-119.7711,39.4839,1345,1010.3
RNO,9/21/2025 23:55,-119.7711,39.4839,1345,1010.1
RNO,9/22/2025 0:04,-119.7711,39.4839,1345,M
RNO,9/22/2025 0:55,-119.7711,39.4839,1345,1011.1
RNO,9/22/2025 1:55,-119.7711,39.4839,1345,1012
RNO,9/22/2025 2:55,-119.7711,39.4839,1345,1012.7
RNO,9/22/2025 3:55,-119.7711,39.4839,1345,1012.9
RNO,9/22/2025 4:55,-119.7711,39.4839,1345,1013.4
RNO,9/22/2025 5:55,-119.7711,39.4839,1345,1013.2
RNO,9/22/2025 6:55,-119.7711,39.4839,1345,1013.1
RNO,9/22/2025 7:55,-119.7711,39.4839,1345,1013.8
RNO,9/22/2025 8:55,-119.7711,39.4839,1345,1013.9
RNO,9/22/2025 9:55,-119.7711,39.4839,1345,1014
RNO,9/22/2025 10:55,-119.7711,39.4839,1345,1014.1
RNO,9/22/2025 11:55,-119.7711,39.4839,1345,1014.5
RNO,9/22/2025 12:55,-119.7711,39.4839,1345,1015.5
RNO,9/22/2025 13:55,-119.7711,39.4839,1345,1016.5
RNO,9/22/2025 14:55,-119.7711,39.4839,1345,1017.1
RNO,9/22/2025 15:55,-119.7711,39.4839,1345,1017
RNO,9/22/2025 16:55,-119.7711,39.4839,1345,1016.9
RNO,9/22/2025 17:55,-119.7711,39.4839,1345,1016.3
RNO,9/22/2025 18:55,-119.7711,39.4839,1345,1015.6
RNO,9/22/2025 19:55,-119.7711,39.4839,1345,1015.3
RNO,9/22/2025 20:55,-119.7711,39.4839,1345,1014.2
RNO,9/22/2025 21:55,-119.7711,39.4839,1345,1013.4
RNO,9/22/2025 22:55,-119.7711,39.4839,1345,1013.1
RNO,9/22/2025 23:55,-119.7711,39.4839,1345,1013
RNO,9/23/2025 0:55,-119.7711,39.4839,1345,1013
RNO,9/23/2025 1:55,-119.7711,39.4839,1345,1013.4
RNO,9/23/2025 2:55,-119.7711,39.4839,1345,1014.1
RNO,9/23/2025 3:55,-119.7711,39.4839,1345,1014.9
RNO,9/23/2025 4:55,-119.7711,39.4839,1345,1015.3
RNO,9/23/2025 5:55,-119.7711,39.4839,1345,1015.5
RNO,9/23/2025 6:55,-119.7711,39.4839,1345,1016
RNO,9/23/2025 7:55,-119.7711,39.4839,1345,1016
RNO,9/23/2025 8:55,-119.7711,39.4839,1345,1016.4
RNO,9/23/2025 9:55,-119.7711,39.4839,1345,1016.3
RNO,9/23/2025 10:55,-119.7711,39.4839,1345,1016.7
RNO,9/23/2025 11:55,-119.7711,39.4839,1345,1017.1
RNO,9/23/2025 12:55,-119.7711,39.4839,1345,1017.6
RNO,9/23/2025 13:55,-119.7711,39.4839,1345,1018.3
RNO,9/23/2025 14:55,-119.7711,39.4839,1345,1019
RNO,9/23/2025 15:55,-119.7711,39.4839,1345,1019.1
RNO,9/23/2025 16:55,-119.7711,39.4839,1345,1019
RNO,9/23/2025 17:55,-119.7711,39.4839,1345,1018.6
RNO,9/23/2025 18:55,-119.7711,39.4839,1345,1017.9
RNO,9/23/2025 19:55,-119.7711,39.4839,1345,1017.1
RNO,9/23/2025 20:55,-119.7711,39.4839,1345,1016.1
RNO,9/23/2025 21:55,-119.7711,39.4839,1345,1015.5
RNO,9/23/2025 22:55,-119.7711,39.4839,1345,1015.3
RNO,9/23/2025 23:55,-119.7711,39.4839,1345,1015.1
RNO,9/24/2025 0:55,-119.7711,39.4839,1345,1015.4
RNO,9/24/2025 1:55,-119.7711,39.4839,1345,1016.2
RNO,9/24/2025 3:55,-119.7711,39.4839,1345,1017.3
RNO,9/24/2025 5:55,-119.7711,39.4839,1345,1017.5
RNO,9/24/2025 6:55,-119.7711,39.4839,1345,1017.3
RNO,9/24/2025 7:55,-119.7711,39.4839,1345,1017.3
RNO,9/24/2025 8:55,-119.7711,39.4839,1345,1017.9
RNO,9/24/2025 9:55,-119.7711,39.4839,1345,1017.7
RNO,9/24/2025 10:55,-119.7711,39.4839,1345,1018
RNO,9/24/2025 11:55,-119.7711,39.4839,1345,1018.4
RNO,9/24/2025 12:55,-119.7711,39.4839,1345,1018.5
RNO,9/24/2025 13:55,-119.7711,39.4839,1345,1019.2
RNO,9/24/2025 14:55,-119.7711,39.4839,1345,1019.4
RNO,9/24/2025 15:55,-119.7711,39.4839,1345,1019.5
RNO,9/24/2025 16:55,-119.7711,39.4839,1345,1018.9
RNO,9/24/2025 17:55,-119.7711,39.4839,1345,1017.9
RNO,9/24/2025 18:55,-119.7711,39.4839,1345,1016.8
RNO,9/24/2025 19:55,-119.7711,39.4839,1345,1015.8
RNO,9/24/2025 20:55,-119.7711,39.4839,1345,1014.8
RNO,9/24/2025 21:55,-119.7711,39.4839,1345,1013.7
RNO,9/24/2025 22:55,-119.7711,39.4839,1345,1013.2
RNO,9/24/2025 23:55,-119.7711,39.4839,1345,1013.3
RNO,9/25/2025 0:55,-119.7711,39.4839,1345,1013.5
RNO,9/25/2025 1:55,-119.7711,39.4839,1345,1013.7
RNO,9/25/2025 2:55,-119.7711,39.4839,1345,1014
RNO,9/25/2025 3:55,-119.7711,39.4839,1345,1014.7
RNO,9/25/2025 4:55,-119.7711,39.4839,1345,1014.7
RNO,9/25/2025 5:55,-119.7711,39.4839,1345,1014.7
RNO,9/25/2025 6:55,-119.7711,39.4839,1345,1014.5
RNO,9/25/2025 7:55,-119.7711,39.4839,1345,1014.5
RNO,9/25/2025 8:55,-119.7711,39.4839,1345,1014.3
RNO,9/25/2025 9:55,-119.7711,39.4839,1345,1014.4
RNO,9/25/2025 10:55,-119.7711,39.4839,1345,1014
RNO,9/25/2025 11:55,-119.7711,39.4839,1345,1014.3
RNO,9/25/2025 12:55,-119.7711,39.4839,1345,1014.5
RNO,9/25/2025 13:55,-119.7711,39.4839,1345,1014.7
RNO,9/25/2025 14:55,-119.7711,39.4839,1345,1015.6
RNO,9/25/2025 15:55,-119.7711,39.4839,1345,1015.9
RNO,9/25/2025 16:55,-119.7711,39.4839,1345,1016
RNO,9/25/2025 17:55,-119.7711,39.4839,1345,1015.7
RNO,9/25/2025 18:55,-119.7711,39.4839,1345,1015.1
RNO,9/25/2025 19:55,-119.7711,39.4839,1345,1014.7
RNO,9/25/2025 20:55,-119.7711,39.4839,1345,1013.3
RNO,9/25/2025 21:55,-119.7711,39.4839,1345,1012.5
RNO,9/25/2025 22:55,-119.7711,39.4839,1345,1011.5
RNO,9/25/2025 23:55,-119.7711,39.4839,1345,1011.4
RNO,9/26/2025 0:55,-119.7711,39.4839,1345,1011.8
RNO,9/26/2025 1:55,-119.7711,39.4839,1345,1012.2
RNO,9/26/2025 2:55,-119.7711,39.4839,1345,1012.4
RNO,9/26/2025 3:55,-119.7711,39.4839,1345,1012.4
RNO,9/26/2025 4:55,-119.7711,39.4839,1345,1013.1
RNO,9/26/2025 5:55,-119.7711,39.4839,1345,1013.1
RNO,9/26/2025 6:55,-119.7711,39.4839,1345,1012.8
RNO,9/26/2025 7:55,-119.7711,39.4839,1345,1013
RNO,9/26/2025 8:55,-119.7711,39.4839,1345,1013.6
RNO,9/26/2025 9:55,-119.7711,39.4839,1345,1013.7
RNO,9/26/2025 10:55,-119.7711,39.4839,1345,1013.7
RNO,9/26/2025 11:55,-119.7711,39.4839,1345,1013.4
RNO,9/26/2025 12:55,-119.7711,39.4839,1345,1013.9
RNO,9/26/2025 13:55,-119.7711,39.4839,1345,1015.1
RNO,9/26/2025 14:55,-119.7711,39.4839,1345,1015.4
RNO,9/26/2025 15:55,-119.7711,39.4839,1345,1015.5
RNO,9/26/2025 16:55,-119.7711,39.4839,1345,1015.4
RNO,9/26/2025 17:55,-119.7711,39.4839,1345,1015.4
RNO,9/26/2025 18:55,-119.7711,39.4839,1345,1014.5
RNO,9/26/2025 19:55,-119.7711,39.4839,1345,1014.1
RNO,9/26/2025 20:55,-119.7711,39.4839,1345,1013.5
RNO,9/26/2025 21:55,-119.7711,39.4839,1345,1012.6
RNO,9/26/2025 22:55,-119.7711,39.4839,1345,1011.9
RNO,9/26/2025 23:55,-119.7711,39.4839,1345,1011.6
RNO,9/27/2025 0:55,-119.7711,39.4839,1345,1011.3
RNO,9/27/2025 1:55,-119.7711,39.4839,1345,1011.9
RNO,9/27/2025 2:55,-119.7711,39.4839,1345,1012.1
RNO,9/27/2025 3:55,-119.7711,39.4839,1345,1012.6
RNO,9/27/2025 4:55,-119.7711,39.4839,1345,1012.7
RNO,9/27/2025 5:55,-119.7711,39.4839,1345,1012.5
RNO,9/27/2025 6:55,-119.7711,39.4839,1345,1012.5
RNO,9/27/2025 7:55,-119.7711,39.4839,1345,1012.9
RNO,9/27/2025 8:55,-119.7711,39.4839,1345,1012.7
RNO,9/27/2025 9:55,-119.7711,39.4839,1345,1012.8
RNO,9/27/2025 10:55,-119.7711,39.4839,1345,1012.4
RNO,9/27/2025 11:55,-119.7711,39.4839,1345,1012.5
RNO,9/27/2025 12:55,-119.7711,39.4839,1345,1012.7
RNO,9/27/2025 13:55,-119.7711,39.4839,1345,1013.1
RNO,9/27/2025 14:55,-119.7711,39.4839,1345,1013.6
RNO,9/27/2025 15:55,-119.7711,39.4839,1345,1013.3
RNO,9/27/2025 16:55,-119.7711,39.4839,1345,1013.3
RNO,9/27/2025 17:55,-119.7711,39.4839,1345,1012.1
RNO,9/27/2025 18:55,-119.7711,39.4839,1345,1010.8
RNO,9/27/2025 19:55,-119.7711,39.4839,1345,1009.8
RNO,9/27/2025 20:55,-119.7711,39.4839,1345,1008.3
RNO,9/27/2025 21:55,-119.7711,39.4839,1345,1007.3
RNO,9/27/2025 22:55,-119.7711,39.4839,1345,1006.4
RNO,9/27/2025 23:55,-119.7711,39.4839,1345,1006.1
RNO,9/28/2025 0:55,-119.7711,39.4839,1345,1005.9
RNO,9/28/2025 1:55,-119.7711,39.4839,1345,1006.7
RNO,9/28/2025 2:55,-119.7711,39.4839,1345,1007.7
RNO,9/28/2025 3:55,-119.7711,39.4839,1345,1008.5
RNO,9/28/2025 4:55,-119.7711,39.4839,1345,1009
RNO,9/28/2025 5:55,-119.7711,39.4839,1345,1009.3
RNO,9/28/2025 6:55,-119.7711,39.4839,1345,1009.6
RNO,9/28/2025 7:55,-119.7711,39.4839,1345,1009.3
RNO,9/28/2025 8:55,-119.7711,39.4839,1345,1009.6
RNO,9/28/2025 9:55,-119.7711,39.4839,1345,1009.6
RNO,9/28/2025 10:55,-119.7711,39.4839,1345,1009.7
RNO,9/28/2025 11:55,-119.7711,39.4839,1345,1010
RNO,9/28/2025 12:55,-119.7711,39.4839,1345,1010.7
RNO,9/28/2025 13:55,-119.7711,39.4839,1345,1011.5
RNO,9/28/2025 14:55,-119.7711,39.4839,1345,1012.3
RNO,9/28/2025 15:55,-119.7711,39.4839,1345,1012.3
RNO,9/28/2025 16:55,-119.7711,39.4839,1345,1012.2
RNO,9/28/2025 17:55,-119.7711,39.4839,1345,1011.8
RNO,9/28/2025 18:55,-119.7711,39.4839,1345,1011.5
RNO,9/28/2025 19:55,-119.7711,39.4839,1345,1010.9
RNO,9/28/2025 20:55,-119.7711,39.4839,1345,1010.4
RNO,9/28/2025 21:55,-119.7711,39.4839,1345,1009.5
RNO,9/28/2025 22:55,-119.7711,39.4839,1345,1009.1
RNO,9/28/2025 23:55,-119.7711,39.4839,1345,1009.6
RNO,9/29/2025 0:55,-119.7711,39.4839,1345,1010.2
RNO,9/29/2025 1:55,-119.7711,39.4839,1345,1011
RNO,9/29/2025 2:55,-119.7711,39.4839,1345,1012.1
RNO,9/29/2025 3:55,-119.7711,39.4839,1345,1012.8
RNO,9/29/2025 4:55,-119.7711,39.4839,1345,1012.9
RNO,9/29/2025 5:55,-119.7711,39.4839,1345,1012.6
RNO,9/29/2025 6:55,-119.7711,39.4839,1345,1012.7
RNO,9/29/2025 7:55,-119.7711,39.4839,1345,1012.2
RNO,9/29/2025 8:55,-119.7711,39.4839,1345,1012.2
RNO,9/29/2025 9:55,-119.7711,39.4839,1345,1011.8
RNO,9/29/2025 10:55,-119.7711,39.4839,1345,1011.3
RNO,9/29/2025 11:55,-119.7711,39.4839,1345,1011.2
RNO,9/29/2025 12:55,-119.7711,39.4839,1345,1011.4
RNO,9/29/2025 13:55,-119.7711,39.4839,1345,1011.9
RNO,9/29/2025 14:55,-119.7711,39.4839,1345,1012.8
RNO,9/29/2025 15:55,-119.7711,39.4839,1345,1012.9
RNO,9/29/2025 16:55,-119.7711,39.4839,1345,1012.4
RNO,9/29/2025 17:55,-119.7711,39.4839,1345,1011.8
RNO,9/29/2025 18:55,-119.7711,39.4839,1345,1011.4
RNO,9/29/2025 19:55,-119.7711,39.4839,1345,1009.9
RNO,9/29/2025 20:55,-119.7711,39.4839,1345,1009.5
RNO,9/29/2025 21:55,-119.7711,39.4839,1345,1009.1
RNO,9/29/2025 22:15,-119.7711,39.4839,1345,M
RNO,9/29/2025 22:55,-119.7711,39.4839,1345,1009.8
RNO,9/29/2025 23:55,-119.7711,39.4839,1345,1009.8
RNO,9/30/2025 0:55,-119.7711,39.4839,1345,1009.1
RNO,9/30/2025 1:55,-119.7711,39.4839,1345,1009.8
RNO,9/30/2025 2:55,-119.7711,39.4839,1345,1010.3
RNO,9/30/2025 3:55,-119.7711,39.4839,1345,1010.9
RNO,9/30/2025 4:55,-119.7711,39.4839,1345,1010.6
RNO,9/30/2025 5:55,-119.7711,39.4839,1345,1010.2
RNO,9/30/2025 6:55,-119.7711,39.4839,1345,1009.8
RNO,9/30/2025 7:55,-119.7711,39.4839,1345,1009.6
RNO,9/30/2025 8:55,-119.7711,39.4839,1345,1009.9
RNO,9/30/2025 9:55,-119.7711,39.4839,1345,1010.3
RNO,9/30/2025 10:55,-119.7711,39.4839,1345,1010.8
RNO,9/30/2025 11:55,-119.7711,39.4839,1345,1010.9
RNO,9/30/2025 12:55,-119.7711,39.4839,1345,1010.7
RNO,9/30/2025 13:55,-119.7711,39.4839,1345,1011.7
RNO,9/30/2025 14:55,-119.7711,39.4839,1345,1012.1
RNO,9/30/2025 15:55,-119.7711,39.4839,1345,1012.4
RNO,9/30/2025 16:55,-119.7711,39.4839,1345,1012
RNO,9/30/2025 17:55,-119.7711,39.4839,1345,1012
RNO,9/30/2025 18:55,-119.7711,39.4839,1345,1011.6
RNO,9/30/2025 19:55,-119.7711,39.4839,1345,1011.3
RNO,9/30/2025 20:55,-119.7711,39.4839,1345,1010.8
RNO,9/30/2025 21:55,-119.7711,39.4839,1345,1011
RNO,9/30/2025 22:55,-119.7711,39.4839,1345,1012.2
RNO,9/30/2025 23:04,-119.7711,39.4839,1345,M
RNO,9/30/2025 23:55,-119.7711,39.4839,1345,1012.6
RNO,10/1/2025 0:55,-119.7711,39.4839,1345,1013.5
RNO,10/1/2025 1:55,-119.7711,39.4839,1345,1013.9
RNO,10/1/2025 2:55,-119.7711,39.4839,1345,1014.1
RNO,10/1/2025 3:55,-119.7711,39.4839,1345,1014.6
RNO,10/1/2025 4:55,-119.7711,39.4839,1345,1014.5
RNO,10/1/2025 5:55,-119.7711,39.4839,1345,1014.6
RNO,10/1/2025 6:55,-119.7711,39.4839,1345,1014.5
RNO,10/1/2025 7:55,-119.7711,39.4839,1345,1014.3
RNO,10/1/2025 8:55,-119.7711,39.4839,1345,1014.7
RNO,10/1/2025 9:55,-119.7711,39.4839,1345,1014.3
RNO,10/1/2025 10:55,-119.7711,39.4839,1345,1014.4
RNO,10/1/2025 11:55,-119.7711,39.4839,1345,1014.5
RNO,10/1/2025 12:55,-119.7711,39.4839,1345,1015.1
RNO,10/1/2025 13:55,-119.7711,39.4839,1345,1015.2
RNO,10/1/2025 14:55,-119.7711,39.4839,1345,1015.6
RNO,10/1/2025 15:55,-119.7711,39.4839,1345,1016.1
RNO,10/1/2025 16:55,-119.7711,39.4839,1345,1015.7
RNO,10/1/2025 17:55,-119.7711,39.4839,1345,1015.6
RNO,10/1/2025 18:55,-119.7711,39.4839,1345,1014.8
RNO,10/1/2025 19:55,-119.7711,39.4839,1345,1014.6
RNO,10/1/2025 20:55,-119.7711,39.4839,1345,1013.9
RNO,10/1/2025 21:55,-119.7711,39.4839,1345,1013.7
RNO,10/1/2025 22:55,-119.7711,39.4839,1345,1013.1
RNO,10/1/2025 23:55,-119.7711,39.4839,1345,1013.7
RNO,10/2/2025 0:55,-119.7711,39.4839,1345,1013.8
RNO,10/2/2025 1:55,-119.7711,39.4839,1345,1014.5
RNO,10/2/2025 2:55,-119.7711,39.4839,1345,1014.7
RNO,10/2/2025 3:55,-119.7711,39.4839,1345,1015.3
RNO,10/2/2025 4:55,-119.7711,39.4839,1345,1015.5
RNO,10/2/2025 5:55,-119.7711,39.4839,1345,1015.2
RNO,10/2/2025 6:55,-119.7711,39.4839,1345,1015
RNO,10/2/2025 7:55,-119.7711,39.4839,1345,1015
RNO,10/2/2025 8:55,-119.7711,39.4839,1345,1014.9
RNO,10/2/2025 9:55,-119.7711,39.4839,1345,1014.7
RNO,10/2/2025 10:55,-119.7711,39.4839,1345,1014.5
RNO,10/2/2025 11:55,-119.7711,39.4839,1345,1015
RNO,10/2/2025 12:55,-119.7711,39.4839,1345,1014.9
RNO,10/2/2025 13:55,-119.7711,39.4839,1345,1015.5
RNO,10/2/2025 14:55,-119.7711,39.4839,1345,1015.5
RNO,10/2/2025 15:55,-119.7711,39.4839,1345,1015.2
RNO,10/2/2025 16:55,-119.7711,39.4839,1345,1014.8
RNO,10/2/2025 17:55,-119.7711,39.4839,1345,1015.2
RNO,10/2/2025 18:55,-119.7711,39.4839,1345,1015.3
RNO,10/2/2025 19:55,-119.7711,39.4839,1345,1015.3
RNO,10/2/2025 20:55,-119.7711,39.4839,1345,1015.1
RNO,10/2/2025 21:55,-119.7711,39.4839,1345,1014.2
RNO,10/2/2025 22:55,-119.7711,39.4839,1345,1014.5
RNO,10/2/2025 23:55,-119.7711,39.4839,1345,1013.8
RNO,10/3/2025 0:55,-119.7711,39.4839,1345,1013.6
RNO,10/3/2025 1:55,-119.7711,39.4839,1345,1013.7
RNO,10/3/2025 2:55,-119.7711,39.4839,1345,1013.5
RNO,10/3/2025 3:55,-119.7711,39.4839,1345,1013.6
RNO,10/3/2025 4:55,-119.7711,39.4839,1345,1013.5
RNO,10/3/2025 5:55,-119.7711,39.4839,1345,1013.7
RNO,10/3/2025 6:55,-119.7711,39.4839,1345,1013.6
RNO,10/3/2025 7:55,-119.7711,39.4839,1345,1013.1
RNO,10/3/2025 8:55,-119.7711,39.4839,1345,1013.7
RNO,10/3/2025 9:55,-119.7711,39.4839,1345,1012.9
RNO,10/3/2025 10:55,-119.7711,39.4839,1345,1013.3
RNO,10/3/2025 11:55,-119.7711,39.4839,1345,1013.5
RNO,10/3/2025 12:55,-119.7711,39.4839,1345,1014.2
RNO,10/3/2025 13:55,-119.7711,39.4839,1345,1014.8
RNO,10/3/2025 14:55,-119.7711,39.4839,1345,1014.8
RNO,10/3/2025 15:55,-119.7711,39.4839,1345,1015.3
RNO,10/3/2025 16:55,-119.7711,39.4839,1345,1015.2
RNO,10/3/2025 17:55,-119.7711,39.4839,1345,1015
RNO,10/3/2025 18:55,-119.7711,39.4839,1345,1014.5
RNO,10/3/2025 19:55,-119.7711,39.4839,1345,1014.3
RNO,10/3/2025 20:55,-119.7711,39.4839,1345,1013.2
RNO,10/3/2025 21:55,-119.7711,39.4839,1345,1013.3
RNO,10/3/2025 22:26,-119.7711,39.4839,1345,M
RNO,10/3/2025 22:55,-119.7711,39.4839,1345,1015.1
RNO,10/3/2025 23:39,-119.7711,39.4839,1345,M
RNO,10/3/2025 23:55,-119.7711,39.4839,1345,1014.7
RNO,10/4/2025 0:55,-119.7711,39.4839,1345,1015.3
RNO,10/4/2025 1:55,-119.7711,39.4839,1345,1016.2
RNO,10/4/2025 2:55,-119.7711,39.4839,1345,1016.5
RNO,10/4/2025 3:55,-119.7711,39.4839,1345,1016.6
RNO,10/4/2025 4:55,-119.7711,39.4839,1345,1016.6
RNO,10/4/2025 5:55,-119.7711,39.4839,1345,1016
RNO,10/4/2025 6:55,-119.7711,39.4839,1345,1015.8
RNO,10/4/2025 7:55,-119.7711,39.4839,1345,1015.5
RNO,10/4/2025 8:55,-119.7711,39.4839,1345,1015.5
RNO,10/4/2025 9:55,-119.7711,39.4839,1345,1015.4
RNO,10/4/2025 10:55,-119.7711,39.4839,1345,1016.2
RNO,10/4/2025 11:55,-119.7711,39.4839,1345,1015.9
RNO,10/4/2025 12:55,-119.7711,39.4839,1345,1016
RNO,10/4/2025 13:55,-119.7711,39.4839,1345,1016.4
RNO,10/4/2025 14:55,-119.7711,39.4839,1345,1016.8
RNO,10/4/2025 15:55,-119.7711,39.4839,1345,1016.9
RNO,10/4/2025 16:55,-119.7711,39.4839,1345,1016.7
RNO,10/4/2025 17:55,-119.7711,39.4839,1345,1016.1
RNO,10/4/2025 18:55,-119.7711,39.4839,1345,1015.6
RNO,10/4/2025 19:55,-119.7711,39.4839,1345,1015.1
RNO,10/4/2025 20:55,-119.7711,39.4839,1345,1014
RNO,10/4/2025 21:55,-119.7711,39.4839,1345,1013.3
RNO,10/4/2025 22:55,-119.7711,39.4839,1345,1012.9
RNO,10/4/2025 23:55,-119.7711,39.4839,1345,1012.7
RNO,10/5/2025 0:55,-119.7711,39.4839,1345,1013.2
RNO,10/5/2025 1:55,-119.7711,39.4839,1345,1013.7
RNO,10/5/2025 2:55,-119.7711,39.4839,1345,1014
RNO,10/5/2025 3:55,-119.7711,39.4839,1345,1014
RNO,10/5/2025 4:55,-119.7711,39.4839,1345,1014.2
RNO,10/5/2025 5:55,-119.7711,39.4839,1345,1014.2
RNO,10/5/2025 6:55,-119.7711,39.4839,1345,1014.3
RNO,10/5/2025 7:55,-119.7711,39.4839,1345,1014.2
RNO,10/5/2025 8:55,-119.7711,39.4839,1345,1014.1
RNO,10/5/2025 9:55,-119.7711,39.4839,1345,1013.9
RNO,10/5/2025 10:55,-119.7711,39.4839,1345,1013.7
RNO,10/5/2025 11:55,-119.7711,39.4839,1345,1014
RNO,10/5/2025 12:55,-119.7711,39.4839,1345,1013.9
RNO,10/5/2025 13:55,-119.7711,39.4839,1345,1014.4
RNO,10/5/2025 14:55,-119.7711,39.4839,1345,1015.2
RNO,10/5/2025 15:55,-119.7711,39.4839,1345,1015.2
RNO,10/5/2025 16:55,-119.7711,39.4839,1345,1015.1
RNO,10/5/2025 17:55,-119.7711,39.4839,1345,1014.7
RNO,10/5/2025 18:55,-119.7711,39.4839,1345,1014.4
RNO,10/5/2025 19:55,-119.7711,39.4839,1345,1013.7
RNO,10/5/2025 20:55,-119.7711,39.4839,1345,1012.9
RNO,10/5/2025 21:55,-119.7711,39.4839,1345,1012.5
RNO,10/5/2025 22:55,-119.7711,39.4839,1345,1012.3
RNO,10/5/2025 23:55,-119.7711,39.4839,1345,1012.4
RNO,10/6/2025 0:55,-119.7711,39.4839,1345,1012.4
RNO,10/6/2025 1:55,-119.7711,39.4839,1345,1013.4
RNO,10/6/2025 2:55,-119.7711,39.4839,1345,1014.5
RNO,10/6/2025 3:55,-119.7711,39.4839,1345,1014.9
RNO,10/6/2025 4:55,-119.7711,39.4839,1345,1014.9
RNO,10/6/2025 5:55,-119.7711,39.4839,1345,1015.1
RNO,10/6/2025 6:55,-119.7711,39.4839,1345,1015.3
RNO,10/6/2025 7:55,-119.7711,39.4839,1345,1015.4
RNO,10/6/2025 8:55,-119.7711,39.4839,1345,1016.1
RNO,10/6/2025 9:55,-119.7711,39.4839,1345,1015.9
RNO,10/6/2025 10:55,-119.7711,39.4839,1345,1016.2
RNO,10/6/2025 11:55,-119.7711,39.4839,1345,1016.1
RNO,10/6/2025 12:55,-119.7711,39.4839,1345,1016.6
RNO,10/6/2025 13:55,-119.7711,39.4839,1345,1017.6
RNO,10/6/2025 14:55,-119.7711,39.4839,1345,1018.1
RNO,10/6/2025 15:55,-119.7711,39.4839,1345,1018.5
RNO,10/6/2025 16:55,-119.7711,39.4839,1345,1018.5
RNO,10/6/2025 17:55,-119.7711,39.4839,1345,1017.9
RNO,10/6/2025 18:55,-119.7711,39.4839,1345,1017.5
RNO,10/6/2025 19:55,-119.7711,39.4839,1345,1016.7
RNO,10/6/2025 20:55,-119.7711,39.4839,1345,1016.3
RNO,10/6/2025 21:55,-119.7711,39.4839,1345,1016
RNO,10/6/2025 22:55,-119.7711,39.4839,1345,1016
RNO,10/6/2025 23:55,-119.7711,39.4839,1345,1015.7
RNO,10/7/2025 0:55,-119.7711,39.4839,1345,1015.9
RNO,10/7/2025 1:55,-119.7711,39.4839,1345,1016.5
RNO,10/7/2025 2:55,-119.7711,39.4839,1345,1017.2
RNO,10/7/2025 3:55,-119.7711,39.4839,1345,1017.6
RNO,10/7/2025 4:55,-119.7711,39.4839,1345,1017.7
RNO,10/7/2025 5:55,-119.7711,39.4839,1345,1017.8
RNO,10/7/2025 6:55,-119.7711,39.4839,1345,1017.8
RNO,10/7/2025 7:55,-119.7711,39.4839,1345,1017.5
RNO,10/7/2025 8:55,-119.7711,39.4839,1345,1017.8
RNO,10/7/2025 9:55,-119.7711,39.4839,1345,1017.7
RNO,10/7/2025 10:55,-119.7711,39.4839,1345,1017.7
RNO,10/7/2025 11:55,-119.7711,39.4839,1345,1017.9
RNO,10/7/2025 12:55,-119.7711,39.4839,1345,1018.3
RNO,10/7/2025 13:55,-119.7711,39.4839,1345,1018.5
RNO,10/7/2025 14:55,-119.7711,39.4839,1345,1018.8
RNO,10/7/2025 15:55,-119.7711,39.4839,1345,1018.7
RNO,10/7/2025 16:55,-119.7711,39.4839,1345,1018.4
RNO,10/7/2025 17:55,-119.7711,39.4839,1345,1017.5
RNO,10/7/2025 18:55,-119.7711,39.4839,1345,1016.6
RNO,10/7/2025 19:55,-119.7711,39.4839,1345,1015.7
RNO,10/7/2025 20:55,-119.7711,39.4839,1345,1014.4
RNO,10/7/2025 21:55,-119.7711,39.4839,1345,1013.9
RNO,10/7/2025 22:55,-119.7711,39.4839,1345,1013
RNO,10/7/2025 23:55,-119.7711,39.4839,1345,1012.7
RNO,10/8/2025 0:55,-119.7711,39.4839,1345,1013
RNO,10/8/2025 1:55,-119.7711,39.4839,1345,1013.4
RNO,10/8/2025 2:55,-119.7711,39.4839,1345,1013.9
RNO,10/8/2025 3:55,-119.7711,39.4839,1345,1014.3
RNO,10/8/2025 4:55,-119.7711,39.4839,1345,1014.4
RNO,10/8/2025 5:55,-119.7711,39.4839,1345,1014.3
RNO,10/8/2025 6:55,-119.7711,39.4839,1345,1013.8
RNO,10/8/2025 7:55,-119.7711,39.4839,1345,1013.4
RNO,10/8/2025 8:55,-119.7711,39.4839,1345,1013.5
RNO,10/8/2025 9:55,-119.7711,39.4839,1345,1013.1
RNO,10/8/2025 10:55,-119.7711,39.4839,1345,1012.8
RNO,10/8/2025 11:55,-119.7711,39.4839,1345,1012.8
RNO,10/8/2025 12:55,-119.7711,39.4839,1345,1013.1
RNO,10/8/2025 13:55,-119.7711,39.4839,1345,1013.2
RNO,10/8/2025 14:55,-119.7711,39.4839,1345,1013.6
RNO,10/8/2025 15:55,-119.7711,39.4839,1345,1013.5
RNO,10/8/2025 16:55,-119.7711,39.4839,1345,1012.7
RNO,10/8/2025 17:55,-119.7711,39.4839,1345,1011.7
RNO,10/8/2025 18:55,-119.7711,39.4839,1345,1010.6
RNO,10/8/2025 19:55,-119.7711,39.4839,1345,1009.2
RNO,10/8/2025 20:55,-119.7711,39.4839,1345,1008.2
RNO,10/8/2025 21:55,-119.7711,39.4839,1345,1007.2
RNO,10/8/2025 22:55,-119.7711,39.4839,1345,1006.6
RNO,10/8/2025 23:55,-119.7711,39.4839,1345,1006.4
RNO,10/9/2025 0:55,-119.7711,39.4839,1345,1007
RNO,10/9/2025 1:55,-119.7711,39.4839,1345,1007.4
RNO,10/9/2025 2:55,-119.7711,39.4839,1345,1008.2
RNO,10/9/2025 3:55,-119.7711,39.4839,1345,1008.5
RNO,10/9/2025 4:55,-119.7711,39.4839,1345,1008.3
RNO,10/9/2025 5:55,-119.7711,39.4839,1345,1008.2
RNO,10/9/2025 6:55,-119.7711,39.4839,1345,1008.4
RNO,10/9/2025 7:55,-119.7711,39.4839,1345,1008.3
RNO,10/9/2025 8:55,-119.7711,39.4839,1345,1008.1
RNO,10/9/2025 9:55,-119.7711,39.4839,1345,1008.5
RNO,10/9/2025 10:55,-119.7711,39.4839,1345,1009
RNO,10/9/2025 11:55,-119.7711,39.4839,1345,1009.6
RNO,10/9/2025 12:55,-119.7711,39.4839,1345,1010.5
RNO,10/9/2025 13:55,-119.7711,39.4839,1345,1011.2
RNO,10/9/2025 14:55,-119.7711,39.4839,1345,1011.8
RNO,10/9/2025 15:55,-119.7711,39.4839,1345,1011.7
RNO,10/9/2025 16:55,-119.7711,39.4839,1345,1011.6
RNO,10/9/2025 17:55,-119.7711,39.4839,1345,1010.9
RNO,10/9/2025 18:55,-119.7711,39.4839,1345,1010.3
RNO,10/9/2025 19:55,-119.7711,39.4839,1345,1009.6
RNO,10/9/2025 20:55,-119.7711,39.4839,1345,1008.5
RNO,10/9/2025 21:55,-119.7711,39.4839,1345,1007.7
RNO,10/9/2025 22:55,-119.7711,39.4839,1345,1007.3
RNO,10/9/2025 23:55,-119.7711,39.4839,1345,1006.9
RNO,10/10/2025 0:55,-119.7711,39.4839,1345,1007.4
RNO,10/10/2025 1:55,-119.7711,39.4839,1345,1008.4
RNO,10/10/2025 2:55,-119.7711,39.4839,1345,1009.2
RNO,10/10/2025 3:55,-119.7711,39.4839,1345,1009.3
RNO,10/10/2025 4:55,-119.7711,39.4839,1345,1009.3
RNO,10/10/2025 5:55,-119.7711,39.4839,1345,1009.1
RNO,10/10/2025 6:55,-119.7711,39.4839,1345,1009.4
RNO,10/10/2025 7:55,-119.7711,39.4839,1345,1009.6
RNO,10/10/2025 8:55,-119.7711,39.4839,1345,1010.1
RNO,10/10/2025 9:55,-119.7711,39.4839,1345,1010.2
RNO,10/10/2025 10:55,-119.7711,39.4839,1345,1009.9
RNO,10/10/2025 11:55,-119.7711,39.4839,1345,1009.3
RNO,10/10/2025 12:55,-119.7711,39.4839,1345,1009.9
RNO,10/10/2025 13:55,-119.7711,39.4839,1345,1011
RNO,10/10/2025 14:55,-119.7711,39.4839,1345,1011.6
RNO,10/10/2025 15:55,-119.7711,39.4839,1345,1011.3
RNO,10/10/2025 16:55,-119.7711,39.4839,1345,1010.7
RNO,10/10/2025 17:55,-119.7711,39.4839,1345,1009.9
RNO,10/10/2025 18:20,-119.7711,39.4839,1345,M
RNO,10/10/2025 18:55,-119.7711,39.4839,1345,1008.8
RNO,10/10/2025 19:55,-119.7711,39.4839,1345,1008.5
RNO,10/10/2025 20:55,-119.7711,39.4839,1345,1007.9
RNO,10/10/2025 21:55,-119.7711,39.4839,1345,1007.2
RNO,10/10/2025 22:55,-119.7711,39.4839,1345,1007.1
RNO,10/10/2025 23:55,-119.7711,39.4839,1345,1007.2
RNO,10/11/2025 0:55,-119.7711,39.4839,1345,1008.1
RNO,10/11/2025 1:55,-119.7711,39.4839,1345,1009.7
RNO,10/11/2025 2:55,-119.7711,39.4839,1345,1010.8
RNO,10/11/2025 3:55,-119.7711,39.4839,1345,1010.7
RNO,10/11/2025 4:55,-119.7711,39.4839,1345,1010.4
RNO,10/11/2025 5:55,-119.7711,39.4839,1345,1010.2
RNO,10/11/2025 6:55,-119.7711,39.4839,1345,1009.6
RNO,10/11/2025 7:55,-119.7711,39.4839,1345,1009.8
RNO,10/11/2025 8:55,-119.7711,39.4839,1345,1009.4
RNO,10/11/2025 9:55,-119.7711,39.4839,1345,1008.9
RNO,10/11/2025 10:55,-119.7711,39.4839,1345,1009.2
RNO,10/11/2025 11:55,-119.7711,39.4839,1345,1009.2
RNO,10/11/2025 12:55,-119.7711,39.4839,1345,1009.5
RNO,10/11/2025 13:55,-119.7711,39.4839,1345,1010.3
RNO,10/11/2025 14:55,-119.7711,39.4839,1345,1011.1
RNO,10/11/2025 15:55,-119.7711,39.4839,1345,1011.5
RNO,10/11/2025 16:55,-119.7711,39.4839,1345,1011.3
RNO,10/11/2025 17:55,-119.7711,39.4839,1345,1010.9
RNO,10/11/2025 18:55,-119.7711,39.4839,1345,1010.5
RNO,10/11/2025 19:55,-119.7711,39.4839,1345,1010
RNO,10/11/2025 20:55,-119.7711,39.4839,1345,1010
RNO,10/11/2025 21:55,-119.7711,39.4839,1345,1009.8
RNO,10/11/2025 22:55,-119.7711,39.4839,1345,1010.2
RNO,10/11/2025 23:55,-119.7711,39.4839,1345,1011.4
RNO,10/12/2025 0:41,-119.7711,39.4839,1345,M
RNO,10/12/2025 0:55,-119.7711,39.4839,1345,1012.3
RNO,10/12/2025 1:55,-119.7711,39.4839,1345,1013.2
RNO,10/12/2025 2:55,-119.7711,39.4839,1345,1013.5
RNO,10/12/2025 3:55,-119.7711,39.4839,1345,1014.4
RNO,10/12/2025 4:55,-119.7711,39.4839,1345,1015.4
RNO,10/12/2025 5:55,-119.7711,39.4839,1345,1015.8
RNO,10/12/2025 6:55,-119.7711,39.4839,1345,1015.7
RNO,10/12/2025 7:55,-119.7711,39.4839,1345,1015.6
RNO,10/12/2025 8:55,-119.7711,39.4839,1345,1016
RNO,10/12/2025 9:55,-119.7711,39.4839,1345,1016.2
RNO,10/12/2025 10:55,-119.7711,39.4839,1345,1016.2
RNO,10/12/2025 11:55,-119.7711,39.4839,1345,1016.2
RNO,10/12/2025 12:55,-119.7711,39.4839,1345,1016.6
RNO,10/12/2025 13:55,-119.7711,39.4839,1345,1016.8
RNO,10/12/2025 14:55,-119.7711,39.4839,1345,1016.5
RNO,10/12/2025 15:55,-119.7711,39.4839,1345,1016
RNO,10/12/2025 16:55,-119.7711,39.4839,1345,1015.3
RNO,10/12/2025 17:55,-119.7711,39.4839,1345,1013.7
RNO,10/12/2025 18:55,-119.7711,39.4839,1345,1012.3
RNO,10/12/2025 19:55,-119.7711,39.4839,1345,1010.9
RNO,10/12/2025 20:55,-119.7711,39.4839,1345,1008.8
RNO,10/12/2025 21:55,-119.7711,39.4839,1345,1007.4
RNO,10/12/2025 22:55,-119.7711,39.4839,1345,1005.9
RNO,10/12/2025 23:55,-119.7711,39.4839,1345,1005.2
RNO,10/13/2025 0:55,-119.7711,39.4839,1345,1005.1
RNO,10/13/2025 1:55,-119.7711,39.4839,1345,1005.1
RNO,10/13/2025 2:55,-119.7711,39.4839,1345,1005.4
RNO,10/13/2025 3:55,-119.7711,39.4839,1345,1005.6
RNO,10/13/2025 4:55,-119.7711,39.4839,1345,1005.1
RNO,10/13/2025 5:55,-119.7711,39.4839,1345,1004.5
RNO,10/13/2025 6:55,-119.7711,39.4839,1345,1003.7
RNO,10/13/2025 7:55,-119.7711,39.4839,1345,1003
RNO,10/13/2025 8:55,-119.7711,39.4839,1345,1002.6
RNO,10/13/2025 9:55,-119.7711,39.4839,1345,1002.3
RNO,10/13/2025 10:55,-119.7711,39.4839,1345,1002
RNO,10/13/2025 11:55,-119.7711,39.4839,1345,1001.9
RNO,10/13/2025 12:55,-119.7711,39.4839,1345,1002.2
RNO,10/13/2025 13:55,-119.7711,39.4839,1345,1002.4
RNO,10/13/2025 14:55,-119.7711,39.4839,1345,1002.2
RNO,10/13/2025 15:55,-119.7711,39.4839,1345,1002.3
RNO,10/13/2025 16:55,-119.7711,39.4839,1345,1001.4
RNO,10/13/2025 17:55,-119.7711,39.4839,1345,1001.5
RNO,10/13/2025 18:55,-119.7711,39.4839,1345,1002.1
RNO,10/13/2025 19:55,-119.7711,39.4839,1345,1001.1
RNO,10/13/2025 20:55,-119.7711,39.4839,1345,1001.3
RNO,10/13/2025 21:55,-119.7711,39.4839,1345,1000.7
RNO,10/13/2025 22:55,-119.7711,39.4839,1345,1000.5
RNO,10/13/2025 23:55,-119.7711,39.4839,1345,1000.9
RNO,10/14/2025 0:55,-119.7711,39.4839,1345,1001
RNO,10/14/2025 1:55,-119.7711,39.4839,1345,1002
RNO,10/14/2025 2:55,-119.7711,39.4839,1345,1002.5
RNO,10/14/2025 3:55,-119.7711,39.4839,1345,1003.5
RNO,10/14/2025 4:55,-119.7711,39.4839,1345,1004.4
RNO,10/14/2025 5:55,-119.7711,39.4839,1345,1005.1
RNO,10/14/2025 6:55,-119.7711,39.4839,1345,1005.1
RNO,10/14/2025 7:55,-119.7711,39.4839,1345,1005
RNO,10/14/2025 8:55,-119.7711,39.4839,1345,1005
RNO,10/14/2025 9:55,-119.7711,39.4839,1345,1004.8
RNO,10/14/2025 10:55,-119.7711,39.4839,1345,1004.9
RNO,10/14/2025 11:55,-119.7711,39.4839,1345,1005.1
RNO,10/14/2025 12:55,-119.7711,39.4839,1345,1005.8
RNO,10/14/2025 13:55,-119.7711,39.4839,1345,1006.2
RNO,10/14/2025 14:55,-119.7711,39.4839,1345,1006.8
RNO,10/14/2025 15:55,-119.7711,39.4839,1345,1007.4
RNO,10/14/2025 16:55,-119.7711,39.4839,1345,1008.1
RNO,10/14/2025 17:55,-119.7711,39.4839,1345,1007.4
RNO,10/14/2025 18:55,-119.7711,39.4839,1345,1007.3
RNO,10/14/2025 19:55,-119.7711,39.4839,1345,1007.2
RNO,10/14/2025 20:55,-119.7711,39.4839,1345,1006.5
RNO,10/14/2025 21:55,-119.7711,39.4839,1345,1007.3
RNO,10/14/2025 22:55,-119.7711,39.4839,1345,1007.1
RNO,10/14/2025 23:55,-119.7711,39.4839,1345,1007.5
RNO,10/15/2025 0:55,-119.7711,39.4839,1345,1007.7
RNO,10/15/2025 1:55,-119.7711,39.4839,1345,1008.4
RNO,10/15/2025 2:55,-119.7711,39.4839,1345,1008.8
RNO,10/15/2025 3:55,-119.7711,39.4839,1345,1009.2
RNO,10/15/2025 4:55,-119.7711,39.4839,1345,1009.9
RNO,10/15/2025 5:55,-119.7711,39.4839,1345,1010.4
RNO,10/15/2025 6:55,-119.7711,39.4839,1345,1010.9
RNO,10/15/2025 7:55,-119.7711,39.4839,1345,1011.1
RNO,10/15/2025 8:55,-119.7711,39.4839,1345,1011.7
RNO,10/15/2025 9:55,-119.7711,39.4839,1345,1012.2
RNO,10/15/2025 10:55,-119.7711,39.4839,1345,1012.5
RNO,10/15/2025 11:55,-119.7711,39.4839,1345,1012.7
RNO,10/15/2025 12:55,-119.7711,39.4839,1345,1013.8
RNO,10/15/2025 13:55,-119.7711,39.4839,1345,1014.5
RNO,10/15/2025 14:29,-119.7711,39.4839,1345,M
RNO,10/15/2025 14:55,-119.7711,39.4839,1345,1015.2
RNO,10/15/2025 15:31,-119.7711,39.4839,1345,M
RNO,10/15/2025 15:55,-119.7711,39.4839,1345,1015.6
RNO,10/15/2025 16:55,-119.7711,39.4839,1345,1016.2
RNO,10/15/2025 17:55,-119.7711,39.4839,1345,1016.2
RNO,10/15/2025 18:55,-119.7711,39.4839,1345,1016.3
RNO,10/15/2025 19:55,-119.7711,39.4839,1345,1015.7
RNO,10/15/2025 20:55,-119.7711,39.4839,1345,1015.3
RNO,10/15/2025 21:55,-119.7711,39.4839,1345,1015.3
RNO,10/15/2025 22:55,-119.7711,39.4839,1345,1016.3
RNO,10/15/2025 23:55,-119.7711,39.4839,1345,1016.2
RNO,10/16/2025 0:55,-119.7711,39.4839,1345,1016.6
RNO,10/16/2025 1:55,-119.7711,39.4839,1345,1016.9
RNO,10/16/2025 2:55,-119.7711,39.4839,1345,1017.9
RNO,10/16/2025 3:55,-119.7711,39.4839,1345,1018.5
RNO,10/16/2025 4:55,-119.7711,39.4839,1345,1018.9
RNO,10/16/2025 5:55,-119.7711,39.4839,1345,1019.2
RNO,10/16/2025 6:55,-119.7711,39.4839,1345,1019.3
RNO,10/16/2025 7:55,-119.7711,39.4839,1345,1019.2
RNO,10/16/2025 8:55,-119.7711,39.4839,1345,1019.3
RNO,10/16/2025 9:55,-119.7711,39.4839,1345,1019.3
RNO,10/16/2025 10:55,-119.7711,39.4839,1345,1019.4
RNO,10/16/2025 11:55,-119.7711,39.4839,1345,1019.6
RNO,10/16/2025 12:55,-119.7711,39.4839,1345,1020
RNO,10/16/2025 13:55,-119.7711,39.4839,1345,1020.6
RNO,10/16/2025 14:55,-119.7711,39.4839,1345,1021.1
RNO,10/16/2025 15:55,-119.7711,39.4839,1345,1020.9
RNO,10/16/2025 16:55,-119.7711,39.4839,1345,1021.1
RNO,10/16/2025 17:55,-119.7711,39.4839,1345,1020.4
RNO,10/16/2025 18:55,-119.7711,39.4839,1345,1020.4
RNO,10/16/2025 19:55,-119.7711,39.4839,1345,1019.5
RNO,10/16/2025 20:55,-119.7711,39.4839,1345,1018.9
RNO,10/16/2025 21:55,-119.7711,39.4839,1345,1018.3
RNO,10/16/2025 22:55,-119.7711,39.4839,1345,1018.5
RNO,10/16/2025 23:55,-119.7711,39.4839,1345,1018.1
RNO,10/17/2025 0:55,-119.7711,39.4839,1345,1018.8
RNO,10/17/2025 1:55,-119.7711,39.4839,1345,1019.2
RNO,10/17/2025 2:55,-119.7711,39.4839,1345,1020.2
RNO,10/17/2025 3:55,-119.7711,39.4839,1345,1020
RNO,10/17/2025 4:55,-119.7711,39.4839,1345,1020.2
RNO,10/17/2025 5:55,-119.7711,39.4839,1345,1020.1
RNO,10/17/2025 6:55,-119.7711,39.4839,1345,1020.5
RNO,10/17/2025 7:55,-119.7711,39.4839,1345,1020
RNO,10/17/2025 8:55,-119.7711,39.4839,1345,1020.1
RNO,10/17/2025 9:55,-119.7711,39.4839,1345,1019.8
RNO,10/17/2025 10:55,-119.7711,39.4839,1345,1020.3
RNO,10/17/2025 11:55,-119.7711,39.4839,1345,1020
RNO,10/17/2025 12:55,-119.7711,39.4839,1345,1020.7
RNO,10/17/2025 13:55,-119.7711,39.4839,1345,1021.7
RNO,10/17/2025 14:55,-119.7711,39.4839,1345,1021.7
RNO,10/17/2025 15:55,-119.7711,39.4839,1345,1021.9
RNO,10/17/2025 16:55,-119.7711,39.4839,1345,1022
RNO,10/17/2025 17:55,-119.7711,39.4839,1345,1021.1
RNO,10/17/2025 18:55,-119.7711,39.4839,1345,1019.9
RNO,10/17/2025 19:55,-119.7711,39.4839,1345,1018.1
RNO,10/17/2025 20:55,-119.7711,39.4839,1345,1017.4
RNO,10/17/2025 21:55,-119.7711,39.4839,1345,1016.8
RNO,10/17/2025 22:55,-119.7711,39.4839,1345,1016.3
RNO,10/17/2025 23:55,-119.7711,39.4839,1345,1016
RNO,10/18/2025 0:55,-119.7711,39.4839,1345,1016.2
RNO,10/18/2025 1:55,-119.7711,39.4839,1345,1017.3
RNO,10/18/2025 2:55,-119.7711,39.4839,1345,1017.8
RNO,10/18/2025 3:55,-119.7711,39.4839,1345,1018
RNO,10/18/2025 4:55,-119.7711,39.4839,1345,1018.7
RNO,10/18/2025 5:55,-119.7711,39.4839,1345,1018
RNO,10/18/2025 6:55,-119.7711,39.4839,1345,1018.2
RNO,10/18/2025 7:55,-119.7711,39.4839,1345,1018.1
RNO,10/18/2025 8:55,-119.7711,39.4839,1345,1018.4
RNO,10/18/2025 9:55,-119.7711,39.4839,1345,1018.5
RNO,10/18/2025 10:55,-119.7711,39.4839,1345,1018.7
RNO,10/18/2025 11:55,-119.7711,39.4839,1345,1018.9
RNO,10/18/2025 12:55,-119.7711,39.4839,1345,1019.2
RNO,10/18/2025 13:55,-119.7711,39.4839,1345,1020.1
RNO,10/18/2025 14:55,-119.7711,39.4839,1345,1021.3
RNO,10/18/2025 15:55,-119.7711,39.4839,1345,1021
RNO,10/18/2025 16:55,-119.7711,39.4839,1345,1021
RNO,10/18/2025 17:55,-119.7711,39.4839,1345,1020.6
RNO,10/18/2025 18:55,-119.7711,39.4839,1345,1019.8
RNO,10/18/2025 19:55,-119.7711,39.4839,1345,1018.7
RNO,10/18/2025 20:55,-119.7711,39.4839,1345,1017.4
RNO,10/18/2025 21:55,-119.7711,39.4839,1345,1016.7
RNO,10/18/2025 22:55,-119.7711,39.4839,1345,1016.4
RNO,10/18/2025 23:55,-119.7711,39.4839,1345,1016.1
RNO,10/19/2025 0:55,-119.7711,39.4839,1345,1016.2
RNO,10/19/2025 1:55,-119.7711,39.4839,1345,1017.1
RNO,10/19/2025 2:55,-119.7711,39.4839,1345,1018.4
RNO,10/19/2025 3:55,-119.7711,39.4839,1345,1018.5
RNO,10/19/2025 4:55,-119.7711,39.4839,1345,1018.6
RNO,10/19/2025 5:55,-119.7711,39.4839,1345,1018.2
RNO,10/19/2025 6:55,-119.7711,39.4839,1345,1017.8
RNO,10/19/2025 7:55,-119.7711,39.4839,1345,1017
RNO,10/19/2025 8:55,-119.7711,39.4839,1345,1016.8
RNO,10/19/2025 9:55,-119.7711,39.4839,1345,1016.4
RNO,10/19/2025 10:55,-119.7711,39.4839,1345,1016.3
RNO,10/19/2025 11:55,-119.7711,39.4839,1345,1016.4
RNO,10/19/2025 12:55,-119.7711,39.4839,1345,1017.1
RNO,10/19/2025 13:55,-119.7711,39.4839,1345,1017.4
RNO,10/19/2025 14:55,-119.7711,39.4839,1345,1017.8
RNO,10/19/2025 15:55,-119.7711,39.4839,1345,1018.1
RNO,10/19/2025 16:55,-119.7711,39.4839,1345,1016.8
RNO,10/19/2025 17:55,-119.7711,39.4839,1345,1016.1
RNO,10/19/2025 18:55,-119.7711,39.4839,1345,1015.5
RNO,10/19/2025 19:55,-119.7711,39.4839,1345,1014.9
RNO,10/19/2025 20:55,-119.7711,39.4839,1345,1014.6
RNO,10/19/2025 21:55,-119.7711,39.4839,1345,1015
RNO,10/19/2025 22:55,-119.7711,39.4839,1345,1015.3
RNO,10/19/2025 23:55,-119.7711,39.4839,1345,1015.5
RNO,10/20/2025 0:55,-119.7711,39.4839,1345,1016
RNO,10/20/2025 1:55,-119.7711,39.4839,1345,1017.3
RNO,10/20/2025 2:55,-119.7711,39.4839,1345,1018.6
RNO,10/20/2025 3:55,-119.7711,39.4839,1345,1019.2
RNO,10/20/2025 4:55,-119.7711,39.4839,1345,1019.5
RNO,10/20/2025 5:55,-119.7711,39.4839,1345,1019.5
RNO,10/20/2025 6:55,-119.7711,39.4839,1345,1019.3
RNO,10/20/2025 7:55,-119.7711,39.4839,1345,1020.3
RNO,10/20/2025 8:55,-119.7711,39.4839,1345,1021
RNO,10/20/2025 9:55,-119.7711,39.4839,1345,1021.1
RNO,10/20/2025 10:55,-119.7711,39.4839,1345,1021.3
RNO,10/20/2025 11:55,-119.7711,39.4839,1345,1022.1
RNO,10/20/2025 12:55,-119.7711,39.4839,1345,1022.6
RNO,10/20/2025 13:55,-119.7711,39.4839,1345,1023.5
RNO,10/20/2025 14:55,-119.7711,39.4839,1345,1023.9
RNO,10/20/2025 15:55,-119.7711,39.4839,1345,1025
RNO,10/20/2025 16:55,-119.7711,39.4839,1345,1025.2
RNO,10/20/2025 17:55,-119.7711,39.4839,1345,1024.8
RNO,10/20/2025 18:55,-119.7711,39.4839,1345,1023.9
RNO,10/20/2025 19:55,-119.7711,39.4839,1345,1023.6
RNO,10/20/2025 20:55,-119.7711,39.4839,1345,1023
RNO,10/20/2025 21:55,-119.7711,39.4839,1345,1022.2
RNO,10/20/2025 22:55,-119.7711,39.4839,1345,1022.6
RNO,10/20/2025 23:55,-119.7711,39.4839,1345,1022.3
RNO,10/21/2025 0:55,-119.7711,39.4839,1345,1022.4
RNO,10/21/2025 1:55,-119.7711,39.4839,1345,1023
RNO,10/21/2025 2:55,-119.7711,39.4839,1345,1023.7
RNO,10/21/2025 3:55,-119.7711,39.4839,1345,1024.1
RNO,10/21/2025 4:55,-119.7711,39.4839,1345,1024
RNO,10/21/2025 5:55,-119.7711,39.4839,1345,1024
RNO,10/21/2025 6:55,-119.7711,39.4839,1345,1023.8
RNO,10/21/2025 7:55,-119.7711,39.4839,1345,1023.6
RNO,10/21/2025 8:55,-119.7711,39.4839,1345,1023.4
RNO,10/21/2025 9:55,-119.7711,39.4839,1345,1023
RNO,10/21/2025 10:55,-119.7711,39.4839,1345,1022.9
RNO,10/21/2025 11:55,-119.7711,39.4839,1345,1023.3
RNO,10/21/2025 12:55,-119.7711,39.4839,1345,1023.5
RNO,10/21/2025 13:55,-119.7711,39.4839,1345,1024.1
RNO,10/21/2025 14:55,-119.7711,39.4839,1345,1024.3
RNO,10/21/2025 15:55,-119.7711,39.4839,1345,1024.6
RNO,10/21/2025 16:55,-119.7711,39.4839,1345,1024.1
RNO,10/21/2025 17:55,-119.7711,39.4839,1345,1023.4
RNO,10/21/2025 18:55,-119.7711,39.4839,1345,1022.3
RNO,10/21/2025 19:55,-119.7711,39.4839,1345,1020.9
RNO,10/21/2025 20:55,-119.7711,39.4839,1345,1019.6
RNO,10/21/2025 21:55,-119.7711,39.4839,1345,1018.5
RNO,10/21/2025 22:55,-119.7711,39.4839,1345,1017.6
RNO,10/21/2025 23:55,-119.7711,39.4839,1345,1017.3
RNO,10/22/2025 0:55,-119.7711,39.4839,1345,1016.8
RNO,10/22/2025 1:55,-119.7711,39.4839,1345,1018.1
RNO,10/22/2025 2:55,-119.7711,39.4839,1345,1018.7
RNO,10/22/2025 3:55,-119.7711,39.4839,1345,1018.7
RNO,10/22/2025 4:55,-119.7711,39.4839,1345,1018.5
RNO,10/22/2025 5:55,-119.7711,39.4839,1345,1018.4
RNO,10/22/2025 6:55,-119.7711,39.4839,1345,1018.2
RNO,10/22/2025 7:55,-119.7711,39.4839,1345,1017.6
RNO,10/22/2025 8:55,-119.7711,39.4839,1345,1017.3
RNO,10/22/2025 9:55,-119.7711,39.4839,1345,1017.2
RNO,10/22/2025 10:55,-119.7711,39.4839,1345,1016.5
RNO,10/22/2025 11:55,-119.7711,39.4839,1345,1016.7
RNO,10/22/2025 12:55,-119.7711,39.4839,1345,1017.1
RNO,10/22/2025 13:55,-119.7711,39.4839,1345,1017.1
RNO,10/22/2025 14:55,-119.7711,39.4839,1345,1017.8
RNO,10/22/2025 15:55,-119.7711,39.4839,1345,1018.6
RNO,10/22/2025 16:55,-119.7711,39.4839,1345,1019
RNO,10/22/2025 17:55,-119.7711,39.4839,1345,1018.3
RNO,10/22/2025 18:55,-119.7711,39.4839,1345,1017.9
RNO,10/22/2025 19:55,-119.7711,39.4839,1345,1017.2
RNO,10/22/2025 20:55,-119.7711,39.4839,1345,1016.7
RNO,10/22/2025 21:55,-119.7711,39.4839,1345,1016.5
RNO,10/22/2025 22:55,-119.7711,39.4839,1345,1016.4
RNO,10/22/2025 23:55,-119.7711,39.4839,1345,1017
RNO,10/23/2025 0:55,-119.7711,39.4839,1345,1017.2
RNO,10/23/2025 1:55,-119.7711,39.4839,1345,1017.2
RNO,10/23/2025 2:55,-119.7711,39.4839,1345,1017.9
RNO,10/23/2025 3:55,-119.7711,39.4839,1345,1018.5
RNO,10/23/2025 4:55,-119.7711,39.4839,1345,1018.8
RNO,10/23/2025 5:55,-119.7711,39.4839,1345,1018.9
RNO,10/23/2025 6:55,-119.7711,39.4839,1345,1019.6
RNO,10/23/2025 7:55,-119.7711,39.4839,1345,1019.4
RNO,10/23/2025 8:55,-119.7711,39.4839,1345,1019.5
RNO,10/23/2025 9:55,-119.7711,39.4839,1345,1019.6
RNO,10/23/2025 10:55,-119.7711,39.4839,1345,1019.9
RNO,10/23/2025 11:55,-119.7711,39.4839,1345,1020.1
RNO,10/23/2025 12:55,-119.7711,39.4839,1345,1020.4
RNO,10/23/2025 13:55,-119.7711,39.4839,1345,1020.8
RNO,10/23/2025 14:55,-119.7711,39.4839,1345,1021.4
RNO,10/23/2025 15:55,-119.7711,39.4839,1345,1021.5
RNO,10/23/2025 16:55,-119.7711,39.4839,1345,1021.4
RNO,10/23/2025 17:55,-119.7711,39.4839,1345,1020.9
RNO,10/23/2025 18:55,-119.7711,39.4839,1345,1020.4
RNO,10/23/2025 19:55,-119.7711,39.4839,1345,1019.6
RNO,10/23/2025 20:55,-119.7711,39.4839,1345,1018.9
RNO,10/23/2025 21:55,-119.7711,39.4839,1345,1018.4
RNO,10/23/2025 22:55,-119.7711,39.4839,1345,1018.2
RNO,10/23/2025 23:55,-119.7711,39.4839,1345,1018
RNO,10/24/2025 0:55,-119.7711,39.4839,1345,1018.2
RNO,10/24/2025 1:55,-119.7711,39.4839,1345,1019.2
RNO,10/24/2025 2:55,-119.7711,39.4839,1345,1019.7
RNO,10/24/2025 3:55,-119.7711,39.4839,1345,1019.9
RNO,10/24/2025 4:55,-119.7711,39.4839,1345,1020
RNO,10/24/2025 5:55,-119.7711,39.4839,1345,1020
RNO,10/24/2025 6:55,-119.7711,39.4839,1345,1019.9
RNO,10/24/2025 7:55,-119.7711,39.4839,1345,1019.6
RNO,10/24/2025 8:55,-119.7711,39.4839,1345,1019.3
RNO,10/24/2025 9:55,-119.7711,39.4839,1345,1018.9
RNO,10/24/2025 10:55,-119.7711,39.4839,1345,1018.4
RNO,10/24/2025 11:55,-119.7711,39.4839,1345,1018.5
RNO,10/24/2025 12:55,-119.7711,39.4839,1345,1018.6
RNO,10/24/2025 13:55,-119.7711,39.4839,1345,1019.1
RNO,10/24/2025 14:55,-119.7711,39.4839,1345,1019.3
RNO,10/24/2025 15:55,-119.7711,39.4839,1345,1019.3
RNO,10/24/2025 16:55,-119.7711,39.4839,1345,1018.9
RNO,10/24/2025 17:55,-119.7711,39.4839,1345,1017.9
RNO,10/24/2025 18:55,-119.7711,39.4839,1345,1017.2
RNO,10/24/2025 19:55,-119.7711,39.4839,1345,1016
RNO,10/24/2025 20:55,-119.7711,39.4839,1345,1014.8
RNO,10/24/2025 21:55,-119.7711,39.4839,1345,1013.8
RNO,10/24/2025 22:55,-119.7711,39.4839,1345,1013.3
RNO,10/24/2025 23:55,-119.7711,39.4839,1345,1013.3
RNO,10/25/2025 0:55,-119.7711,39.4839,1345,1013.9
RNO,10/25/2025 1:55,-119.7711,39.4839,1345,1014.9
RNO,10/25/2025 2:55,-119.7711,39.4839,1345,1014.9
RNO,10/25/2025 3:55,-119.7711,39.4839,1345,1014.4
RNO,10/25/2025 4:55,-119.7711,39.4839,1345,1014.3
RNO,10/25/2025 5:55,-119.7711,39.4839,1345,1014.3
RNO,10/25/2025 6:55,-119.7711,39.4839,1345,1013.7
RNO,10/25/2025 7:55,-119.7711,39.4839,1345,1013.1
RNO,10/25/2025 8:55,-119.7711,39.4839,1345,1012.8
RNO,10/25/2025 9:55,-119.7711,39.4839,1345,1010.6
RNO,10/25/2025 10:55,-119.7711,39.4839,1345,1010.6
RNO,10/25/2025 11:55,-119.7711,39.4839,1345,1010.4
RNO,10/25/2025 12:55,-119.7711,39.4839,1345,1011.3
RNO,10/25/2025 13:28,-119.7711,39.4839,1345,M
RNO,10/25/2025 13:55,-119.7711,39.4839,1345,1011.8
RNO,10/25/2025 14:55,-119.7711,39.4839,1345,1012.1
RNO,10/25/2025 15:05,-119.7711,39.4839,1345,M
RNO,10/25/2025 15:55,-119.7711,39.4839,1345,1011.9
RNO,10/25/2025 16:55,-119.7711,39.4839,1345,1010.8
RNO,10/25/2025 17:55,-119.7711,39.4839,1345,1011
RNO,10/25/2025 18:55,-119.7711,39.4839,1345,1011.1
RNO,10/25/2025 19:55,-119.7711,39.4839,1345,1010.6
RNO,10/25/2025 20:55,-119.7711,39.4839,1345,1011.2
RNO,10/25/2025 21:55,-119.7711,39.4839,1345,1009.7
RNO,10/25/2025 22:55,-119.7711,39.4839,1345,1008.7
RNO,10/25/2025 23:55,-119.7711,39.4839,1345,1010.2
RNO,10/26/2025 0:55,-119.7711,39.4839,1345,1010.9
RNO,10/26/2025 1:55,-119.7711,39.4839,1345,1011.8
RNO,10/26/2025 2:55,-119.7711,39.4839,1345,1012.3
RNO,10/26/2025 3:55,-119.7711,39.4839,1345,1012.4
RNO,10/26/2025 4:55,-119.7711,39.4839,1345,1011.7
RNO,10/26/2025 5:55,-119.7711,39.4839,1345,1012.4
RNO,10/26/2025 6:55,-119.7711,39.4839,1345,1012.7
RNO,10/26/2025 7:55,-119.7711,39.4839,1345,1012.3
RNO,10/26/2025 8:55,-119.7711,39.4839,1345,1012.6
RNO,10/26/2025 9:55,-119.7711,39.4839,1345,1012.6
RNO,10/26/2025 10:47,-119.7711,39.4839,1345,M
RNO,10/26/2025 10:55,-119.7711,39.4839,1345,1012.2
RNO,10/26/2025 11:55,-119.7711,39.4839,1345,1012.8
RNO,10/26/2025 12:55,-119.7711,39.4839,1345,1012.8
RNO,10/26/2025 13:55,-119.7711,39.4839,1345,1012.6
RNO,10/26/2025 14:55,-119.7711,39.4839,1345,1013.4
RNO,10/26/2025 15:55,-119.7711,39.4839,1345,1012.8
RNO,10/26/2025 16:55,-119.7711,39.4839,1345,1012.7
RNO,10/26/2025 17:55,-119.7711,39.4839,1345,1011.5
RNO,10/26/2025 18:55,-119.7711,39.4839,1345,1010.5
RNO,10/26/2025 19:55,-119.7711,39.4839,1345,1009.6
RNO,10/26/2025 20:55,-119.7711,39.4839,1345,1009.9
RNO,10/26/2025 21:55,-119.7711,39.4839,1345,1007.8
RNO,10/26/2025 22:55,-119.7711,39.4839,1345,1008.1
RNO,10/26/2025 23:55,-119.7711,39.4839,1345,1007.3
RNO,10/27/2025 0:55,-119.7711,39.4839,1345,1007.4
RNO,10/27/2025 1:55,-119.7711,39.4839,1345,1009.3
RNO,10/27/2025 2:55,-119.7711,39.4839,1345,1010.8
RNO,10/27/2025 3:55,-119.7711,39.4839,1345,1012.3
RNO,10/27/2025 4:55,-119.7711,39.4839,1345,1014
RNO,10/27/2025 5:55,-119.7711,39.4839,1345,1014.1
RNO,10/27/2025 6:55,-119.7711,39.4839,1345,1015.8
RNO,10/27/2025 7:55,-119.7711,39.4839,1345,1016.3
RNO,10/27/2025 8:55,-119.7711,39.4839,1345,1016.4
RNO,10/27/2025 9:55,-119.7711,39.4839,1345,1017.5
RNO,10/27/2025 10:55,-119.7711,39.4839,1345,1018
RNO,10/27/2025 11:55,-119.7711,39.4839,1345,1018.4
RNO,10/27/2025 12:55,-119.7711,39.4839,1345,1019.9
RNO,10/27/2025 13:55,-119.7711,39.4839,1345,1021
RNO,10/27/2025 14:55,-119.7711,39.4839,1345,1022.2
RNO,10/27/2025 15:55,-119.7711,39.4839,1345,1023.1
RNO,10/27/2025 16:55,-119.7711,39.4839,1345,1023
RNO,10/27/2025 17:55,-119.7711,39.4839,1345,1022.4
RNO,10/27/2025 18:55,-119.7711,39.4839,1345,1022.7
RNO,10/27/2025 19:55,-119.7711,39.4839,1345,1021.6
RNO,10/27/2025 20:55,-119.7711,39.4839,1345,1020.7
RNO,10/27/2025 21:55,-119.7711,39.4839,1345,1020.4
RNO,10/27/2025 22:55,-119.7711,39.4839,1345,1020.9
RNO,10/27/2025 23:55,-119.7711,39.4839,1345,1021
RNO,10/28/2025 0:55,-119.7711,39.4839,1345,1022.4
RNO,10/28/2025 1:55,-119.7711,39.4839,1345,1023.7
RNO,10/28/2025 2:55,-119.7711,39.4839,1345,1024.8
RNO,10/28/2025 3:55,-119.7711,39.4839,1345,1024.9
RNO,10/28/2025 4:55,-119.7711,39.4839,1345,1025
RNO,10/28/2025 5:55,-119.7711,39.4839,1345,1025.5
RNO,10/28/2025 6:55,-119.7711,39.4839,1345,1025.3
RNO,10/28/2025 7:55,-119.7711,39.4839,1345,1025.2
RNO,10/28/2025 8:55,-119.7711,39.4839,1345,1025.4
RNO,10/28/2025 9:55,-119.7711,39.4839,1345,1025.3
RNO,10/28/2025 10:55,-119.7711,39.4839,1345,1025
RNO,10/28/2025 11:55,-119.7711,39.4839,1345,1025.3
RNO,10/28/2025 12:55,-119.7711,39.4839,1345,1026.3
RNO,10/28/2025 13:55,-119.7711,39.4839,1345,1026.9
RNO,10/28/2025 14:55,-119.7711,39.4839,1345,1027.4
RNO,10/28/2025 15:55,-119.7711,39.4839,1345,1027.8
RNO,10/28/2025 16:55,-119.7711,39.4839,1345,1027.6
RNO,10/28/2025 17:55,-119.7711,39.4839,1345,1027.3
RNO,10/28/2025 18:55,-119.7711,39.4839,1345,1026.4
RNO,10/28/2025 19:55,-119.7711,39.4839,1345,1025.6
RNO,10/28/2025 20:55,-119.7711,39.4839,1345,1024.4
RNO,10/28/2025 21:55,-119.7711,39.4839,1345,1023.8
RNO,10/28/2025 22:55,-119.7711,39.4839,1345,1023.7
RNO,10/28/2025 23:55,-119.7711,39.4839,1345,1023.8
RNO,10/29/2025 0:55,-119.7711,39.4839,1345,1024.1
RNO,10/29/2025 1:55,-119.7711,39.4839,1345,1025.2
RNO,10/29/2025 2:55,-119.7711,39.4839,1345,1025.7
RNO,10/29/2025 3:55,-119.7711,39.4839,1345,1025.8
RNO,10/29/2025 4:55,-119.7711,39.4839,1345,1026.2
RNO,10/29/2025 5:55,-119.7711,39.4839,1345,1025.9
RNO,10/29/2025 6:55,-119.7711,39.4839,1345,1026
RNO,10/29/2025 7:55,-119.7711,39.4839,1345,1025.8
RNO,10/29/2025 8:55,-119.7711,39.4839,1345,1025.7
RNO,10/29/2025 9:55,-119.7711,39.4839,1345,1026
RNO,10/29/2025 10:55,-119.7711,39.4839,1345,1026
RNO,10/29/2025 11:55,-119.7711,39.4839,1345,1026
RNO,10/29/2025 12:55,-119.7711,39.4839,1345,1026.6
RNO,10/29/2025 13:55,-119.7711,39.4839,1345,1027.3
RNO,10/29/2025 14:55,-119.7711,39.4839,1345,1027.4
RNO,10/29/2025 15:55,-119.7711,39.4839,1345,1027.9
RNO,10/29/2025 16:55,-119.7711,39.4839,1345,1027.7
RNO,10/29/2025 17:55,-119.7711,39.4839,1345,1026.6
RNO,10/29/2025 18:55,-119.7711,39.4839,1345,1025.6
RNO,10/29/2025 19:55,-119.7711,39.4839,1345,1024.4
RNO,10/29/2025 20:55,-119.7711,39.4839,1345,1023.2
RNO,10/29/2025 21:55,-119.7711,39.4839,1345,1022.1
RNO,10/29/2025 22:55,-119.7711,39.4839,1345,1021.5
RNO,10/29/2025 23:55,-119.7711,39.4839,1345,1021.7
RNO,10/30/2025 0:55,-119.7711,39.4839,1345,1022.1
RNO,10/30/2025 1:55,-119.7711,39.4839,1345,1023.2
RNO,10/30/2025 2:55,-119.7711,39.4839,1345,1023.5
RNO,10/30/2025 3:55,-119.7711,39.4839,1345,1023.8
RNO,10/30/2025 4:55,-119.7711,39.4839,1345,1023.7
RNO,10/30/2025 5:55,-119.7711,39.4839,1345,1023.5
RNO,10/30/2025 6:55,-119.7711,39.4839,1345,1022.7
RNO,10/30/2025 7:55,-119.7711,39.4839,1345,1022.3
RNO,10/30/2025 8:55,-119.7711,39.4839,1345,1022.1
RNO,10/30/2025 9:55,-119.7711,39.4839,1345,1022.2
RNO,10/30/2025 10:55,-119.7711,39.4839,1345,1022
RNO,10/30/2025 11:55,-119.7711,39.4839,1345,1021.9
RNO,10/30/2025 12:55,-119.7711,39.4839,1345,1022.6
RNO,10/30/2025 13:55,-119.7711,39.4839,1345,1023
RNO,10/30/2025 14:55,-119.7711,39.4839,1345,1023.4
RNO,10/30/2025 15:55,-119.7711,39.4839,1345,1023.6
RNO,10/30/2025 16:55,-119.7711,39.4839,1345,1022.8
RNO,10/30/2025 17:55,-119.7711,39.4839,1345,1021.9
RNO,10/30/2025 18:55,-119.7711,39.4839,1345,1020.7
RNO,10/30/2025 19:55,-119.7711,39.4839,1345,1019
RNO,10/30/2025 20:55,-119.7711,39.4839,1345,1017.7
RNO,10/30/2025 21:55,-119.7711,39.4839,1345,1016.7
RNO,10/30/2025 22:55,-119.7711,39.4839,1345,1016.6
RNO,10/30/2025 23:55,-119.7711,39.4839,1345,1016.4
RNO,10/31/2025 0:55,-119.7711,39.4839,1345,1016.9
RNO,10/31/2025 1:55,-119.7711,39.4839,1345,1017.9
RNO,10/31/2025 2:55,-119.7711,39.4839,1345,1018.9
RNO,10/31/2025 3:55,-119.7711,39.4839,1345,1018.8
RNO,10/31/2025 4:55,-119.7711,39.4839,1345,1018.6
RNO,10/31/2025 5:55,-119.7711,39.4839,1345,1018.4
RNO,10/31/2025 6:55,-119.7711,39.4839,1345,1018.1
RNO,10/31/2025 7:55,-119.7711,39.4839,1345,1018.7
RNO,10/31/2025 8:55,-119.7711,39.4839,1345,1018.4
RNO,10/31/2025 9:55,-119.7711,39.4839,1345,1018.6
RNO,10/31/2025 10:55,-119.7711,39.4839,1345,1018.1
RNO,10/31/2025 11:55,-119.7711,39.4839,1345,1018.7
RNO,10/31/2025 12:55,-119.7711,39.4839,1345,1019.2
RNO,10/31/2025 13:55,-119.7711,39.4839,1345,1020.4
RNO,10/31/2025 14:55,-119.7711,39.4839,1345,1021.5
RNO,10/31/2025 15:55,-119.7711,39.4839,1345,1021.8
RNO,10/31/2025 16:55,-119.7711,39.4839,1345,1021.9
RNO,10/31/2025 17:55,-119.7711,39.4839,1345,1021.6
RNO,10/31/2025 18:55,-119.7711,39.4839,1345,1020.8
RNO,10/31/2025 19:55,-119.7711,39.4839,1345,1019.7
RNO,10/31/2025 20:55,-119.7711,39.4839,1345,1018.6
RNO,10/31/2025 21:55,-119.7711,39.4839,1345,1017.6
RNO,10/31/2025 22:55,-119.7711,39.4839,1345,1017.4
RNO,10/31/2025 23:55,-119.7711,39.4839,1345,1017.4
RNO,11/1/2025 0:55,-119.7711,39.4839,1345,1017.9
RNO,11/1/2025 1:55,-119.7711,39.4839,1345,1019
RNO,11/1/2025 2:55,-119.7711,39.4839,1345,1020.1
RNO,11/1/2025 3:55,-119.7711,39.4839,1345,1020.7
RNO,11/1/2025 4:55,-119.7711,39.4839,1345,1021.1
RNO,11/1/2025 5:55,-119.7711,39.4839,1345,1021
RNO,11/1/2025 6:55,-119.7711,39.4839,1345,1020.6
RNO,11/1/2025 7:55,-119.7711,39.4839,1345,1020.3
RNO,11/1/2025 8:55,-119.7711,39.4839,1345,1020.1
RNO,11/1/2025 9:55,-119.7711,39.4839,1345,1019.9
RNO,11/1/2025 10:55,-119.7711,39.4839,1345,1019.5
RNO,11/1/2025 11:55,-119.7711,39.4839,1345,1019.7
RNO,11/1/2025 12:55,-119.7711,39.4839,1345,1020.6
RNO,11/1/2025 13:55,-119.7711,39.4839,1345,1021.5
RNO,11/1/2025 14:55,-119.7711,39.4839,1345,1022.5
RNO,11/1/2025 15:55,-119.7711,39.4839,1345,1023.1
RNO,11/1/2025 16:55,-119.7711,39.4839,1345,1023.1
RNO,11/1/2025 17:55,-119.7711,39.4839,1345,1022.3
RNO,11/1/2025 18:55,-119.7711,39.4839,1345,1021.5
RNO,11/1/2025 19:55,-119.7711,39.4839,1345,1020.3
RNO,11/1/2025 20:55,-119.7711,39.4839,1345,1019.1
RNO,11/1/2025 21:55,-119.7711,39.4839,1345,1018
RNO,11/1/2025 22:55,-119.7711,39.4839,1345,1017.6
RNO,11/1/2025 23:55,-119.7711,39.4839,1345,1017.6
RNO,11/2/2025 0:55,-119.7711,39.4839,1345,1018.4
RNO,11/2/2025 1:55,-119.7711,39.4839,1345,1019.6
RNO,11/2/2025 2:55,-119.7711,39.4839,1345,1020.5
RNO,11/2/2025 3:55,-119.7711,39.4839,1345,1021.4
RNO,11/2/2025 4:55,-119.7711,39.4839,1345,1021.6
RNO,11/2/2025 5:55,-119.7711,39.4839,1345,1021.5
RNO,11/2/2025 6:55,-119.7711,39.4839,1345,1021.3
RNO,11/2/2025 7:55,-119.7711,39.4839,1345,1021.1
RNO,11/2/2025 8:55,-119.7711,39.4839,1345,1021.1
RNO,11/2/2025 9:55,-119.7711,39.4839,1345,1020.8
RNO,11/2/2025 10:55,-119.7711,39.4839,1345,1020.8
RNO,11/2/2025 11:55,-119.7711,39.4839,1345,1021.2
RNO,11/2/2025 12:55,-119.7711,39.4839,1345,1022.2
RNO,11/2/2025 13:55,-119.7711,39.4839,1345,1022.7
RNO,11/2/2025 14:55,-119.7711,39.4839,1345,1023
RNO,11/2/2025 15:55,-119.7711,39.4839,1345,1023.9
RNO,11/2/2025 16:55,-119.7711,39.4839,1345,1023.8
RNO,11/2/2025 17:55,-119.7711,39.4839,1345,1023.4
RNO,11/2/2025 18:55,-119.7711,39.4839,1345,1022.4
RNO,11/2/2025 19:55,-119.7711,39.4839,1345,1020.9
RNO,11/2/2025 20:55,-119.7711,39.4839,1345,1019.5
RNO,11/2/2025 21:55,-119.7711,39.4839,1345,1018.5
RNO,11/2/2025 22:55,-119.7711,39.4839,1345,1017.8
RNO,11/2/2025 23:55,-119.7711,39.4839,1345,1018
RNO,11/3/2025 0:55,-119.7711,39.4839,1345,1018.1
RNO,11/3/2025 1:55,-119.7711,39.4839,1345,1018.6
RNO,11/3/2025 2:55,-119.7711,39.4839,1345,1019.3
RNO,11/3/2025 3:55,-119.7711,39.4839,1345,1019.4
RNO,11/3/2025 4:55,-119.7711,39.4839,1345,1018.9
RNO,11/3/2025 5:55,-119.7711,39.4839,1345,1018.6
RNO,11/3/2025 6:55,-119.7711,39.4839,1345,1017.7
RNO,11/3/2025 7:55,-119.7711,39.4839,1345,1017.2
RNO,11/3/2025 8:55,-119.7711,39.4839,1345,1016.9
RNO,11/3/2025 9:55,-119.7711,39.4839,1345,1016.6
RNO,11/3/2025 10:55,-119.7711,39.4839,1345,1016.5
RNO,11/3/2025 11:55,-119.7711,39.4839,1345,1016
RNO,11/3/2025 12:55,-119.7711,39.4839,1345,1016.4
RNO,11/3/2025 13:55,-119.7711,39.4839,1345,1016.7
RNO,11/3/2025 14:55,-119.7711,39.4839,1345,1017.7
RNO,11/3/2025 15:55,-119.7711,39.4839,1345,1018
RNO,11/3/2025 16:55,-119.7711,39.4839,1345,1017.4
RNO,11/3/2025 17:55,-119.7711,39.4839,1345,1016.7
RNO,11/3/2025 18:55,-119.7711,39.4839,1345,1015.7
RNO,11/3/2025 19:55,-119.7711,39.4839,1345,1014.1
RNO,11/3/2025 20:55,-119.7711,39.4839,1345,1013.4
RNO,11/3/2025 21:55,-119.7711,39.4839,1345,1013.4
RNO,11/3/2025 22:55,-119.7711,39.4839,1345,1013.3
RNO,11/3/2025 23:55,-119.7711,39.4839,1345,1013.6
RNO,11/4/2025 0:55,-119.7711,39.4839,1345,1014.2
RNO,11/4/2025 1:55,-119.7711,39.4839,1345,1015.3
RNO,11/4/2025 2:55,-119.7711,39.4839,1345,1014.6
RNO,11/4/2025 3:55,-119.7711,39.4839,1345,1014.5
RNO,11/4/2025 4:55,-119.7711,39.4839,1345,1014.9
RNO,11/4/2025 5:55,-119.7711,39.4839,1345,1015.3
RNO,11/4/2025 6:55,-119.7711,39.4839,1345,1014.5
RNO,11/4/2025 7:55,-119.7711,39.4839,1345,1014.6
RNO,11/4/2025 8:55,-119.7711,39.4839,1345,1014.9
RNO,11/4/2025 9:55,-119.7711,39.4839,1345,1014.8
RNO,11/4/2025 10:55,-119.7711,39.4839,1345,1015.4
RNO,11/4/2025 11:55,-119.7711,39.4839,1345,1015.8
RNO,11/4/2025 12:55,-119.7711,39.4839,1345,1016.1
RNO,11/4/2025 13:55,-119.7711,39.4839,1345,1016.3
RNO,11/4/2025 14:55,-119.7711,39.4839,1345,1016.6
RNO,11/4/2025 15:55,-119.7711,39.4839,1345,1017.4
RNO,11/4/2025 16:55,-119.7711,39.4839,1345,1017.5
RNO,11/4/2025 17:55,-119.7711,39.4839,1345,1017
RNO,11/4/2025 18:55,-119.7711,39.4839,1345,1015.6
RNO,11/4/2025 19:55,-119.7711,39.4839,1345,1015.1
RNO,11/4/2025 20:55,-119.7711,39.4839,1345,1014.2
RNO,11/4/2025 21:55,-119.7711,39.4839,1345,1013.2
RNO,11/4/2025 22:55,-119.7711,39.4839,1345,1012.7
RNO,11/4/2025 23:55,-119.7711,39.4839,1345,1012.8
RNO,11/5/2025 0:55,-119.7711,39.4839,1345,1013.2
RNO,11/5/2025 1:55,-119.7711,39.4839,1345,1013.3
RNO,11/5/2025 2:55,-119.7711,39.4839,1345,1013.4
RNO,11/5/2025 3:55,-119.7711,39.4839,1345,1013.9
RNO,11/5/2025 4:55,-119.7711,39.4839,1345,1013.6
RNO,11/5/2025 5:55,-119.7711,39.4839,1345,1013.4
RNO,11/5/2025 6:55,-119.7711,39.4839,1345,1012.4
RNO,11/5/2025 7:55,-119.7711,39.4839,1345,1011.8
RNO,11/5/2025 8:55,-119.7711,39.4839,1345,1011.2
RNO,11/5/2025 9:55,-119.7711,39.4839,1345,1010.7
RNO,11/5/2025 10:55,-119.7711,39.4839,1345,1008.7
RNO,11/5/2025 11:55,-119.7711,39.4839,1345,1007.4
RNO,11/5/2025 12:55,-119.7711,39.4839,1345,1006.2
RNO,11/5/2025 13:55,-119.7711,39.4839,1345,1006.9
RNO,11/5/2025 14:55,-119.7711,39.4839,1345,1007.7
RNO,11/5/2025 15:55,-119.7711,39.4839,1345,1011.5
RNO,11/5/2025 16:55,-119.7711,39.4839,1345,1013.7
RNO,11/5/2025 17:55,-119.7711,39.4839,1345,1015.1
RNO,11/5/2025 18:55,-119.7711,39.4839,1345,1015.3
RNO,11/5/2025 19:55,-119.7711,39.4839,1345,1014.5
RNO,11/5/2025 20:55,-119.7711,39.4839,1345,1014.5
RNO,11/5/2025 21:55,-119.7711,39.4839,1345,1013.9
RNO,11/5/2025 22:55,-119.7711,39.4839,1345,1013.1
RNO,11/5/2025 23:55,-119.7711,39.4839,1345,1014.2
RNO,11/6/2025 0:55,-119.7711,39.4839,1345,1015.7
RNO,11/6/2025 1:07,-119.7711,39.4839,1345,M
RNO,11/6/2025 1:55,-119.7711,39.4839,1345,1016.4
RNO,11/6/2025 2:55,-119.7711,39.4839,1345,1017.1
RNO,11/6/2025 3:55,-119.7711,39.4839,1345,1018.4
RNO,11/6/2025 4:55,-119.7711,39.4839,1345,1019.5
RNO,11/6/2025 5:55,-119.7711,39.4839,1345,1020.4
RNO,11/6/2025 6:55,-119.7711,39.4839,1345,1020.2
RNO,11/6/2025 7:55,-119.7711,39.4839,1345,1020.5
RNO,11/6/2025 8:55,-119.7711,39.4839,1345,1020.3
RNO,11/6/2025 9:55,-119.7711,39.4839,1345,1020.3
RNO,11/6/2025 10:55,-119.7711,39.4839,1345,1020.5
RNO,11/6/2025 11:55,-119.7711,39.4839,1345,1020.9
RNO,11/6/2025 12:55,-119.7711,39.4839,1345,1021.6
RNO,11/6/2025 13:55,-119.7711,39.4839,1345,1022.4
RNO,11/6/2025 14:55,-119.7711,39.4839,1345,1023
RNO,11/6/2025 15:55,-119.7711,39.4839,1345,1023.6
RNO,11/6/2025 16:55,-119.7711,39.4839,1345,1023.5
RNO,11/6/2025 17:55,-119.7711,39.4839,1345,1023.3
RNO,11/6/2025 18:55,-119.7711,39.4839,1345,1022.1
RNO,11/6/2025 19:55,-119.7711,39.4839,1345,1021.4
RNO,11/6/2025 20:55,-119.7711,39.4839,1345,1019.9
RNO,11/6/2025 21:55,-119.7711,39.4839,1345,1019.2
RNO,11/6/2025 22:55,-119.7711,39.4839,1345,1019.2
RNO,11/6/2025 23:55,-119.7711,39.4839,1345,1018.8
RNO,11/7/2025 0:55,-119.7711,39.4839,1345,1018.9
RNO,11/7/2025 1:55,-119.7711,39.4839,1345,1019.7
RNO,11/7/2025 2:55,-119.7711,39.4839,1345,1020.2
RNO,11/7/2025 3:55,-119.7711,39.4839,1345,1020.2
RNO,11/7/2025 4:55,-119.7711,39.4839,1345,1020.6
RNO,11/7/2025 5:55,-119.7711,39.4839,1345,1020.5
RNO,11/7/2025 6:55,-119.7711,39.4839,1345,1019.9
RNO,11/7/2025 7:55,-119.7711,39.4839,1345,1020.3
RNO,11/7/2025 8:55,-119.7711,39.4839,1345,1019.7
RNO,11/7/2025 9:55,-119.7711,39.4839,1345,1019.7
RNO,11/7/2025 10:55,-119.7711,39.4839,1345,1019.5
RNO,11/7/2025 11:55,-119.7711,39.4839,1345,1019.3
RNO,11/7/2025 12:55,-119.7711,39.4839,1345,1018.4
RNO,11/7/2025 13:55,-119.7711,39.4839,1345,1018.7
RNO,11/7/2025 14:55,-119.7711,39.4839,1345,1019.2
RNO,11/7/2025 15:55,-119.7711,39.4839,1345,1019.6
RNO,11/7/2025 16:55,-119.7711,39.4839,1345,1019.5
RNO,11/7/2025 17:55,-119.7711,39.4839,1345,1019.9
RNO,11/7/2025 18:55,-119.7711,39.4839,1345,1019.7
RNO,11/7/2025 19:55,-119.7711,39.4839,1345,1019
RNO,11/7/2025 20:55,-119.7711,39.4839,1345,1018.1
RNO,11/7/2025 21:55,-119.7711,39.4839,1345,1017.3
RNO,11/7/2025 22:55,-119.7711,39.4839,1345,1017.2
RNO,11/7/2025 23:55,-119.7711,39.4839,1345,1017.5
RNO,11/8/2025 0:55,-119.7711,39.4839,1345,1018
RNO,11/8/2025 1:55,-119.7711,39.4839,1345,1018.6
RNO,11/8/2025 2:55,-119.7711,39.4839,1345,1018.9
RNO,11/8/2025 3:55,-119.7711,39.4839,1345,1019.4
RNO,11/8/2025 4:55,-119.7711,39.4839,1345,1019.9
RNO,11/8/2025 5:55,-119.7711,39.4839,1345,1020
RNO,11/8/2025 6:55,-119.7711,39.4839,1345,1020.1
RNO,11/8/2025 7:55,-119.7711,39.4839,1345,1020.1
RNO,11/8/2025 8:55,-119.7711,39.4839,1345,1019.9
RNO,11/8/2025 9:55,-119.7711,39.4839,1345,1020.2
RNO,11/8/2025 10:55,-119.7711,39.4839,1345,1020.9
RNO,11/8/2025 11:55,-119.7711,39.4839,1345,1020.2
RNO,11/8/2025 12:55,-119.7711,39.4839,1345,1021.4
RNO,11/8/2025 13:55,-119.7711,39.4839,1345,1022.5
RNO,11/8/2025 14:55,-119.7711,39.4839,1345,1022.8
RNO,11/8/2025 15:55,-119.7711,39.4839,1345,1023.3
RNO,11/8/2025 16:55,-119.7711,39.4839,1345,1023.5
RNO,11/8/2025 17:55,-119.7711,39.4839,1345,1023.2
RNO,11/8/2025 18:55,-119.7711,39.4839,1345,1022.7
RNO,11/8/2025 19:55,-119.7711,39.4839,1345,1021.7
RNO,11/8/2025 20:55,-119.7711,39.4839,1345,1020.8
RNO,11/8/2025 21:55,-119.7711,39.4839,1345,1020.1
RNO,11/8/2025 22:55,-119.7711,39.4839,1345,1020.2
RNO,11/8/2025 23:55,-119.7711,39.4839,1345,1020.3
RNO,11/9/2025 0:55,-119.7711,39.4839,1345,1021.2
RNO,11/9/2025 1:55,-119.7711,39.4839,1345,1022.4
RNO,11/9/2025 2:55,-119.7711,39.4839,1345,1023.5
RNO,11/9/2025 3:55,-119.7711,39.4839,1345,1024.4
RNO,11/9/2025 4:55,-119.7711,39.4839,1345,1024.9
RNO,11/9/2025 5:55,-119.7711,39.4839,1345,1025.1
RNO,11/9/2025 6:55,-119.7711,39.4839,1345,1025
RNO,11/9/2025 7:55,-119.7711,39.4839,1345,1024.9
RNO,11/9/2025 8:55,-119.7711,39.4839,1345,1025
RNO,11/9/2025 9:55,-119.7711,39.4839,1345,1025
RNO,11/9/2025 10:55,-119.7711,39.4839,1345,1025.4
RNO,11/9/2025 11:55,-119.7711,39.4839,1345,1025.7
RNO,11/9/2025 12:55,-119.7711,39.4839,1345,1026.6
RNO,11/9/2025 13:55,-119.7711,39.4839,1345,1027.4
RNO,11/9/2025 14:55,-119.7711,39.4839,1345,1028.4
RNO,11/9/2025 15:55,-119.7711,39.4839,1345,1029.1
RNO,11/9/2025 16:55,-119.7711,39.4839,1345,1029.1
RNO,11/9/2025 17:55,-119.7711,39.4839,1345,1028.7
RNO,11/9/2025 18:55,-119.7711,39.4839,1345,1027.8
RNO,11/9/2025 19:55,-119.7711,39.4839,1345,1026.9
RNO,11/9/2025 20:55,-119.7711,39.4839,1345,1026.1
RNO,11/9/2025 21:55,-119.7711,39.4839,1345,1025.5
RNO,11/9/2025 22:55,-119.7711,39.4839,1345,1025.5
RNO,11/9/2025 23:55,-119.7711,39.4839,1345,1025.3
RNO,11/10/2025 0:55,-119.7711,39.4839,1345,1025.7
RNO,11/10/2025 1:55,-119.7711,39.4839,1345,1026.8
RNO,11/10/2025 2:55,-119.7711,39.4839,1345,1027.7
RNO,11/10/2025 3:55,-119.7711,39.4839,1345,1027.8
RNO,11/10/2025 4:55,-119.7711,39.4839,1345,1028.1
RNO,11/10/2025 5:55,-119.7711,39.4839,1345,1027.9
RNO,11/10/2025 6:55,-119.7711,39.4839,1345,1027.9
RNO,11/10/2025 7:55,-119.7711,39.4839,1345,1027.6
RNO,11/10/2025 8:55,-119.7711,39.4839,1345,1027.5
RNO,11/10/2025 9:55,-119.7711,39.4839,1345,1027.3
RNO,11/10/2025 10:55,-119.7711,39.4839,1345,1027.1
RNO,11/10/2025 11:55,-119.7711,39.4839,1345,1027.3
RNO,11/10/2025 12:55,-119.7711,39.4839,1345,1027.6
RNO,11/10/2025 13:55,-119.7711,39.4839,1345,1028.2
RNO,11/10/2025 14:55,-119.7711,39.4839,1345,1028.8
RNO,11/10/2025 15:55,-119.7711,39.4839,1345,1029.1
RNO,11/10/2025 16:55,-119.7711,39.4839,1345,1029.2
RNO,11/10/2025 17:55,-119.7711,39.4839,1345,1028.5
RNO,11/10/2025 18:55,-119.7711,39.4839,1345,1027.7
RNO,11/10/2025 19:55,-119.7711,39.4839,1345,1026.2
RNO,11/10/2025 20:55,-119.7711,39.4839,1345,1025.2
RNO,11/10/2025 21:55,-119.7711,39.4839,1345,1023.8
RNO,11/10/2025 22:55,-119.7711,39.4839,1345,1023.5
RNO,11/10/2025 23:55,-119.7711,39.4839,1345,1023.4
RNO,11/11/2025 0:55,-119.7711,39.4839,1345,1023.7
RNO,11/11/2025 1:55,-119.7711,39.4839,1345,1024.4
RNO,11/11/2025 2:55,-119.7711,39.4839,1345,1024.9
RNO,11/11/2025 3:55,-119.7711,39.4839,1345,1025.7
RNO,11/11/2025 4:55,-119.7711,39.4839,1345,1025.6
RNO,11/11/2025 5:55,-119.7711,39.4839,1345,1025.2
RNO,11/11/2025 6:55,-119.7711,39.4839,1345,1024.7
RNO,11/11/2025 7:55,-119.7711,39.4839,1345,1024.3
RNO,11/11/2025 8:55,-119.7711,39.4839,1345,1024.1
RNO,11/11/2025 9:55,-119.7711,39.4839,1345,1024
RNO,11/11/2025 10:55,-119.7711,39.4839,1345,1023.7
RNO,11/11/2025 11:55,-119.7711,39.4839,1345,1023.5
RNO,11/11/2025 12:55,-119.7711,39.4839,1345,1024.2
RNO,11/11/2025 13:55,-119.7711,39.4839,1345,1024.1
RNO,11/11/2025 14:55,-119.7711,39.4839,1345,1024.6
RNO,11/11/2025 15:55,-119.7711,39.4839,1345,1024.8
RNO,11/11/2025 16:55,-119.7711,39.4839,1345,1024.5
RNO,11/11/2025 17:55,-119.7711,39.4839,1345,1023.6
RNO,11/11/2025 18:55,-119.7711,39.4839,1345,1022.3
RNO,11/11/2025 19:55,-119.7711,39.4839,1345,1021
RNO,11/11/2025 20:55,-119.7711,39.4839,1345,1019.3
RNO,11/11/2025 21:55,-119.7711,39.4839,1345,1018.2
RNO,11/11/2025 22:55,-119.7711,39.4839,1345,1018.3
RNO,11/11/2025 23:55,-119.7711,39.4839,1345,1017.7
RNO,11/12/2025 0:55,-119.7711,39.4839,1345,1017.6
RNO,11/12/2025 1:55,-119.7711,39.4839,1345,1018.1
RNO,11/12/2025 2:55,-119.7711,39.4839,1345,1018.9
RNO,11/12/2025 3:55,-119.7711,39.4839,1345,1018.6
RNO,11/12/2025 4:55,-119.7711,39.4839,1345,1018.7
RNO,11/12/2025 5:55,-119.7711,39.4839,1345,1018.3
RNO,11/12/2025 6:55,-119.7711,39.4839,1345,1017.8
RNO,11/12/2025 7:55,-119.7711,39.4839,1345,1017.3
RNO,11/12/2025 8:55,-119.7711,39.4839,1345,1016.7
RNO,11/12/2025 9:55,-119.7711,39.4839,1345,1016.5
RNO,11/12/2025 10:55,-119.7711,39.4839,1345,1016.2
RNO,11/12/2025 11:55,-119.7711,39.4839,1345,1016
RNO,11/12/2025 12:55,-119.7711,39.4839,1345,1016.2
RNO,11/12/2025 13:55,-119.7711,39.4839,1345,1016.2
RNO,11/12/2025 14:55,-119.7711,39.4839,1345,1016.7
RNO,11/12/2025 15:55,-119.7711,39.4839,1345,1017
RNO,11/12/2025 16:55,-119.7711,39.4839,1345,1016.9
RNO,11/12/2025 17:55,-119.7711,39.4839,1345,1016.6
RNO,11/12/2025 18:55,-119.7711,39.4839,1345,1015.8
RNO,11/12/2025 19:55,-119.7711,39.4839,1345,1015
RNO,11/12/2025 20:55,-119.7711,39.4839,1345,1013.9
RNO,11/12/2025 21:55,-119.7711,39.4839,1345,1013.1
RNO,11/12/2025 22:55,-119.7711,39.4839,1345,1012.1
RNO,11/12/2025 23:55,-119.7711,39.4839,1345,1012.1
RNO,11/13/2025 0:55,-119.7711,39.4839,1345,1012.5
RNO,11/13/2025 1:55,-119.7711,39.4839,1345,1013.2
RNO,11/13/2025 2:55,-119.7711,39.4839,1345,1013.4
RNO,11/13/2025 3:55,-119.7711,39.4839,1345,1013.3
RNO,11/13/2025 4:55,-119.7711,39.4839,1345,1013.1
RNO,11/13/2025 5:55,-119.7711,39.4839,1345,1012.7
RNO,11/13/2025 6:55,-119.7711,39.4839,1345,1012.7
RNO,11/13/2025 7:55,-119.7711,39.4839,1345,1012.5
RNO,11/13/2025 8:55,-119.7711,39.4839,1345,1012
RNO,11/13/2025 9:55,-119.7711,39.4839,1345,1011.5
RNO,11/13/2025 10:55,-119.7711,39.4839,1345,1009.8
RNO,11/13/2025 11:55,-119.7711,39.4839,1345,1009.7
RNO,11/13/2025 12:55,-119.7711,39.4839,1345,1009.2
RNO,11/13/2025 13:55,-119.7711,39.4839,1345,1009.2
RNO,11/13/2025 14:55,-119.7711,39.4839,1345,1008.9
RNO,11/13/2025 15:55,-119.7711,39.4839,1345,1009.1
RNO,11/13/2025 16:55,-119.7711,39.4839,1345,1008.9
RNO,11/13/2025 17:55,-119.7711,39.4839,1345,1009
RNO,11/13/2025 18:55,-119.7711,39.4839,1345,1009.4
RNO,11/13/2025 19:55,-119.7711,39.4839,1345,1008.5
RNO,11/13/2025 20:55,-119.7711,39.4839,1345,1007.7
RNO,11/13/2025 21:55,-119.7711,39.4839,1345,1006.4
RNO,11/13/2025 22:55,-119.7711,39.4839,1345,1005.6
RNO,11/13/2025 23:55,-119.7711,39.4839,1345,1006.4
RNO,11/14/2025 0:55,-119.7711,39.4839,1345,1006.7
RNO,11/14/2025 1:55,-119.7711,39.4839,1345,1007.2
RNO,11/14/2025 2:55,-119.7711,39.4839,1345,1007.9
RNO,11/14/2025 3:55,-119.7711,39.4839,1345,1008.1
RNO,11/14/2025 4:55,-119.7711,39.4839,1345,1008.8
RNO,11/14/2025 5:55,-119.7711,39.4839,1345,1009.1
RNO,11/14/2025 6:55,-119.7711,39.4839,1345,1009.7
RNO,11/14/2025 7:55,-119.7711,39.4839,1345,1010.2
RNO,11/14/2025 8:55,-119.7711,39.4839,1345,1010.4
RNO,11/14/2025 9:55,-119.7711,39.4839,1345,1011.2
RNO,11/14/2025 10:55,-119.7711,39.4839,1345,1011.4
RNO,11/14/2025 11:55,-119.7711,39.4839,1345,1011.9
RNO,11/14/2025 12:55,-119.7711,39.4839,1345,1012.3
RNO,11/14/2025 13:55,-119.7711,39.4839,1345,1013
RNO,11/14/2025 14:55,-119.7711,39.4839,1345,1014.1
RNO,11/14/2025 15:55,-119.7711,39.4839,1345,1014.7
RNO,11/14/2025 16:55,-119.7711,39.4839,1345,1014.6
RNO,11/14/2025 17:55,-119.7711,39.4839,1345,1014.8
RNO,11/14/2025 18:55,-119.7711,39.4839,1345,1014.5
RNO,11/14/2025 19:55,-119.7711,39.4839,1345,1014.4
RNO,11/14/2025 20:55,-119.7711,39.4839,1345,1012.9
RNO,11/14/2025 21:55,-119.7711,39.4839,1345,1011.9
RNO,11/14/2025 22:55,-119.7711,39.4839,1345,1012.6
RNO,11/14/2025 23:55,-119.7711,39.4839,1345,1013.1
RNO,11/15/2025 0:55,-119.7711,39.4839,1345,1013.8
RNO,11/15/2025 1:55,-119.7711,39.4839,1345,1014.6
RNO,11/15/2025 2:55,-119.7711,39.4839,1345,1015.6
RNO,11/15/2025 3:55,-119.7711,39.4839,1345,1016.3
RNO,11/15/2025 4:55,-119.7711,39.4839,1345,1016.3
RNO,11/15/2025 5:55,-119.7711,39.4839,1345,1016.8
RNO,11/15/2025 6:55,-119.7711,39.4839,1345,1017.3
RNO,11/15/2025 7:55,-119.7711,39.4839,1345,1017.3
RNO,11/15/2025 8:55,-119.7711,39.4839,1345,1016.9
RNO,11/15/2025 9:55,-119.7711,39.4839,1345,1017
RNO,11/15/2025 10:55,-119.7711,39.4839,1345,1016.2
RNO,11/15/2025 11:55,-119.7711,39.4839,1345,1015.3
RNO,11/15/2025 12:55,-119.7711,39.4839,1345,1015.9
RNO,11/15/2025 13:55,-119.7711,39.4839,1345,1016.2
RNO,11/15/2025 14:55,-119.7711,39.4839,1345,1015.8
RNO,11/15/2025 15:55,-119.7711,39.4839,1345,1015.8
RNO,11/15/2025 16:55,-119.7711,39.4839,1345,1015.3
RNO,11/15/2025 17:55,-119.7711,39.4839,1345,1014.1
RNO,11/15/2025 18:55,-119.7711,39.4839,1345,1012.4
RNO,11/15/2025 19:55,-119.7711,39.4839,1345,1011.4
RNO,11/15/2025 20:55,-119.7711,39.4839,1345,1010.1
RNO,11/15/2025 21:55,-119.7711,39.4839,1345,1009.4
RNO,11/15/2025 22:55,-119.7711,39.4839,1345,1008.8
RNO,11/15/2025 23:55,-119.7711,39.4839,1345,1008.2
RNO,11/16/2025 0:55,-119.7711,39.4839,1345,1007.8
RNO,11/16/2025 1:55,-119.7711,39.4839,1345,1007.7
RNO,11/16/2025 2:55,-119.7711,39.4839,1345,1006.9
RNO,11/16/2025 3:55,-119.7711,39.4839,1345,1007.2
RNO,11/16/2025 4:55,-119.7711,39.4839,1345,1007
RNO,11/16/2025 5:55,-119.7711,39.4839,1345,1005.9
RNO,11/16/2025 6:55,-119.7711,39.4839,1345,1005.3
RNO,11/16/2025 7:55,-119.7711,39.4839,1345,1004.5
RNO,11/16/2025 8:55,-119.7711,39.4839,1345,1003.6
RNO,11/16/2025 9:55,-119.7711,39.4839,1345,1003.7
RNO,11/16/2025 10:31,-119.7711,39.4839,1345,M
RNO,11/16/2025 10:55,-119.7711,39.4839,1345,1003.7
RNO,11/16/2025 11:15,-119.7711,39.4839,1345,M
RNO,11/16/2025 11:55,-119.7711,39.4839,1345,1003.9
RNO,11/16/2025 12:55,-119.7711,39.4839,1345,1004.5
RNO,11/16/2025 13:55,-119.7711,39.4839,1345,1005.1
RNO,11/16/2025 14:55,-119.7711,39.4839,1345,1005.5
RNO,11/16/2025 15:55,-119.7711,39.4839,1345,1006.1
RNO,11/16/2025 16:55,-119.7711,39.4839,1345,1006.5
RNO,11/16/2025 17:55,-119.7711,39.4839,1345,1006.6
RNO,11/16/2025 18:55,-119.7711,39.4839,1345,1006.7
RNO,11/16/2025 19:55,-119.7711,39.4839,1345,1006.3
RNO,11/16/2025 20:55,-119.7711,39.4839,1345,1005.4
RNO,11/16/2025 21:55,-119.7711,39.4839,1345,1005.4
RNO,11/16/2025 22:55,-119.7711,39.4839,1345,1005.4
RNO,11/16/2025 23:55,-119.7711,39.4839,1345,1005.7
RNO,11/17/2025 0:55,-119.7711,39.4839,1345,1006.3
RNO,11/17/2025 1:55,-119.7711,39.4839,1345,1006.7
RNO,11/17/2025 2:55,-119.7711,39.4839,1345,1006.7
RNO,11/17/2025 3:55,-119.7711,39.4839,1345,1006.9
RNO,11/17/2025 4:55,-119.7711,39.4839,1345,1007.4
RNO,11/17/2025 5:55,-119.7711,39.4839,1345,1007.3
RNO,11/17/2025 6:55,-119.7711,39.4839,1345,1007.2
RNO,11/17/2025 7:55,-119.7711,39.4839,1345,1007
RNO,11/17/2025 8:55,-119.7711,39.4839,1345,1006.5
RNO,11/17/2025 9:55,-119.7711,39.4839,1345,1006.4
RNO,11/17/2025 10:55,-119.7711,39.4839,1345,1006.4
RNO,11/17/2025 11:55,-119.7711,39.4839,1345,1005.8
RNO,11/17/2025 12:55,-119.7711,39.4839,1345,1005.8
RNO,11/17/2025 13:55,-119.7711,39.4839,1345,1006.3
RNO,11/17/2025 14:55,-119.7711,39.4839,1345,1006.5
RNO,11/17/2025 15:55,-119.7711,39.4839,1345,1007.1
RNO,11/17/2025 16:55,-119.7711,39.4839,1345,1006.9
RNO,11/17/2025 17:55,-119.7711,39.4839,1345,1007.5
RNO,11/17/2025 18:55,-119.7711,39.4839,1345,1006.9
RNO,11/17/2025 19:55,-119.7711,39.4839,1345,1007.6
RNO,11/17/2025 20:55,-119.7711,39.4839,1345,1007.3
RNO,11/17/2025 21:55,-119.7711,39.4839,1345,1007.3
RNO,11/17/2025 22:12,-119.7711,39.4839,1345,M
RNO,11/17/2025 22:21,-119.7711,39.4839,1345,M
RNO,11/17/2025 22:45,-119.7711,39.4839,1345,M
RNO,11/17/2025 22:55,-119.7711,39.4839,1345,1008.7
RNO,11/17/2025 23:42,-119.7711,39.4839,1345,M
RNO,11/17/2025 23:55,-119.7711,39.4839,1345,1009.4
RNO,11/18/2025 0:55,-119.7711,39.4839,1345,1009.7
RNO,11/18/2025 1:55,-119.7711,39.4839,1345,1011
RNO,11/18/2025 2:55,-119.7711,39.4839,1345,1011.3
RNO,11/18/2025 3:55,-119.7711,39.4839,1345,1012
RNO,11/18/2025 4:55,-119.7711,39.4839,1345,1012.3
RNO,11/18/2025 5:55,-119.7711,39.4839,1345,1012.9
RNO,11/18/2025 6:55,-119.7711,39.4839,1345,1012.6
RNO,11/18/2025 7:55,-119.7711,39.4839,1345,1013.2
RNO,11/18/2025 8:32,-119.7711,39.4839,1345,M
RNO,11/18/2025 8:55,-119.7711,39.4839,1345,1012.9
RNO,11/18/2025 9:55,-119.7711,39.4839,1345,1013
RNO,11/18/2025 10:55,-119.7711,39.4839,1345,1013.2
RNO,11/18/2025 11:55,-119.7711,39.4839,1345,1013.4
RNO,11/18/2025 12:55,-119.7711,39.4839,1345,1013.5
RNO,11/18/2025 13:55,-119.7711,39.4839,1345,1013.9
RNO,11/18/2025 14:55,-119.7711,39.4839,1345,1014.4
RNO,11/18/2025 15:55,-119.7711,39.4839,1345,1015
RNO,11/18/2025 16:55,-119.7711,39.4839,1345,1015.3
RNO,11/18/2025 17:55,-119.7711,39.4839,1345,1016
RNO,11/18/2025 18:55,-119.7711,39.4839,1345,1016
RNO,11/18/2025 19:55,-119.7711,39.4839,1345,1015.2
RNO,11/18/2025 20:45,-119.7711,39.4839,1345,M
RNO,11/18/2025 20:55,-119.7711,39.4839,1345,1014.5
RNO,11/18/2025 21:55,-119.7711,39.4839,1345,1013.9
RNO,11/18/2025 22:55,-119.7711,39.4839,1345,1014.4
RNO,11/18/2025 23:55,-119.7711,39.4839,1345,1014.3
RNO,11/19/2025 0:55,-119.7711,39.4839,1345,1014.3
RNO,11/19/2025 1:55,-119.7711,39.4839,1345,1014.7
RNO,11/19/2025 2:55,-119.7711,39.4839,1345,1015.1
RNO,11/19/2025 3:55,-119.7711,39.4839,1345,1015.5
RNO,11/19/2025 4:55,-119.7711,39.4839,1345,1015.6
RNO,11/19/2025 5:55,-119.7711,39.4839,1345,1015.6
RNO,11/19/2025 6:55,-119.7711,39.4839,1345,1015.5
RNO,11/19/2025 7:55,-119.7711,39.4839,1345,1015.1
RNO,11/19/2025 8:55,-119.7711,39.4839,1345,1015.7
RNO,11/19/2025 9:55,-119.7711,39.4839,1345,1016
RNO,11/19/2025 10:55,-119.7711,39.4839,1345,1015.7
RNO,11/19/2025 11:55,-119.7711,39.4839,1345,1015
RNO,11/19/2025 12:55,-119.7711,39.4839,1345,1015.4
RNO,11/19/2025 13:55,-119.7711,39.4839,1345,1016.1
RNO,11/19/2025 14:55,-119.7711,39.4839,1345,1016.7
RNO,11/19/2025 14:59,-119.7711,39.4839,1345,M
RNO,11/19/2025 15:55,-119.7711,39.4839,1345,1017.4
RNO,11/19/2025 16:55,-119.7711,39.4839,1345,1017.5
RNO,11/19/2025 17:55,-119.7711,39.4839,1345,1017.3
RNO,11/19/2025 18:55,-119.7711,39.4839,1345,1016.1
RNO,11/19/2025 19:55,-119.7711,39.4839,1345,1014.4
RNO,11/19/2025 20:55,-119.7711,39.4839,1345,1013.7
RNO,11/19/2025 21:55,-119.7711,39.4839,1345,1012.9
RNO,11/19/2025 22:55,-119.7711,39.4839,1345,1012.8
RNO,11/19/2025 23:55,-119.7711,39.4839,1345,1013
RNO,11/20/2025 0:55,-119.7711,39.4839,1345,1013.8
RNO,11/20/2025 1:55,-119.7711,39.4839,1345,1014.6
RNO,11/20/2025 2:55,-119.7711,39.4839,1345,1014.9
RNO,11/20/2025 3:55,-119.7711,39.4839,1345,1015.2
RNO,11/20/2025 4:55,-119.7711,39.4839,1345,1015
RNO,11/20/2025 5:55,-119.7711,39.4839,1345,1013.8
RNO,11/20/2025 6:55,-119.7711,39.4839,1345,1013.1
RNO,11/20/2025 7:55,-119.7711,39.4839,1345,1012.7
RNO,11/20/2025 8:55,-119.7711,39.4839,1345,1012.6
RNO,11/20/2025 9:55,-119.7711,39.4839,1345,1012.7
RNO,11/20/2025 10:55,-119.7711,39.4839,1345,1012.2
RNO,11/20/2025 11:55,-119.7711,39.4839,1345,1012.1
RNO,11/20/2025 12:55,-119.7711,39.4839,1345,1012.6
RNO,11/20/2025 13:55,-119.7711,39.4839,1345,1013.2
RNO,11/20/2025 14:25,-119.7711,39.4839,1345,M
RNO,11/20/2025 14:55,-119.7711,39.4839,1345,1013.7
RNO,11/20/2025 15:55,-119.7711,39.4839,1345,1014.3
RNO,11/20/2025 16:55,-119.7711,39.4839,1345,1014.9
RNO,11/20/2025 17:55,-119.7711,39.4839,1345,1015.2
RNO,11/20/2025 18:55,-119.7711,39.4839,1345,1015
RNO,11/20/2025 19:55,-119.7711,39.4839,1345,1014.4
RNO,11/20/2025 20:55,-119.7711,39.4839,1345,1014
RNO,11/20/2025 21:25,-119.7711,39.4839,1345,M
RNO,11/20/2025 21:55,-119.7711,39.4839,1345,1013.7
RNO,11/20/2025 22:55,-119.7711,39.4839,1345,1013.5
RNO,11/20/2025 23:55,-119.7711,39.4839,1345,1013.8
RNO,11/21/2025 0:55,-119.7711,39.4839,1345,1013.5
RNO,11/21/2025 1:55,-119.7711,39.4839,1345,1014.2
RNO,11/21/2025 2:55,-119.7711,39.4839,1345,1014.3
RNO,11/21/2025 3:55,-119.7711,39.4839,1345,1014.6
RNO,11/21/2025 4:55,-119.7711,39.4839,1345,1014.8
RNO,11/21/2025 5:55,-119.7711,39.4839,1345,1015.5
RNO,11/21/2025 6:55,-119.7711,39.4839,1345,1015.7
RNO,11/21/2025 7:55,-119.7711,39.4839,1345,1016.3
RNO,11/21/2025 8:55,-119.7711,39.4839,1345,1016.9
RNO,11/21/2025 9:55,-119.7711,39.4839,1345,1017.1
RNO,11/21/2025 10:55,-119.7711,39.4839,1345,1017.3
RNO,11/21/2025 11:42,-119.7711,39.4839,1345,M
RNO,11/21/2025 11:55,-119.7711,39.4839,1345,1018
RNO,11/21/2025 12:55,-119.7711,39.4839,1345,1018.5
RNO,11/21/2025 13:55,-119.7711,39.4839,1345,1019.8
RNO,11/21/2025 14:55,-119.7711,39.4839,1345,1020.2
RNO,11/21/2025 15:03,-119.7711,39.4839,1345,M
RNO,11/21/2025 15:55,-119.7711,39.4839,1345,1020.6
RNO,11/21/2025 16:55,-119.7711,39.4839,1345,1020.9
RNO,11/21/2025 17:55,-119.7711,39.4839,1345,1020.8
RNO,11/21/2025 18:55,-119.7711,39.4839,1345,1020.4
RNO,11/21/2025 19:55,-119.7711,39.4839,1345,1020.1
RNO,11/21/2025 20:55,-119.7711,39.4839,1345,1019.6
RNO,11/21/2025 21:55,-119.7711,39.4839,1345,1019.6
RNO,11/21/2025 22:55,-119.7711,39.4839,1345,1019.9
RNO,11/21/2025 23:55,-119.7711,39.4839,1345,1020.2
RNO,11/22/2025 0:55,-119.7711,39.4839,1345,1020.9
RNO,11/22/2025 1:55,-119.7711,39.4839,1345,1021.8
RNO,11/22/2025 2:55,-119.7711,39.4839,1345,1022.4
RNO,11/22/2025 3:55,-119.7711,39.4839,1345,1023.1
RNO,11/22/2025 4:55,-119.7711,39.4839,1345,1023.8
RNO,11/22/2025 5:55,-119.7711,39.4839,1345,1024.3
RNO,11/22/2025 6:55,-119.7711,39.4839,1345,1023.9
RNO,11/22/2025 7:55,-119.7711,39.4839,1345,1023.4
RNO,11/22/2025 8:55,-119.7711,39.4839,1345,1023.2
RNO,11/22/2025 9:55,-119.7711,39.4839,1345,1023.8
RNO,11/22/2025 10:55,-119.7711,39.4839,1345,1024.1
RNO,11/22/2025 11:55,-119.7711,39.4839,1345,1023.7
RNO,11/22/2025 12:55,-119.7711,39.4839,1345,1024
RNO,11/22/2025 13:55,-119.7711,39.4839,1345,1024.3
RNO,11/22/2025 14:55,-119.7711,39.4839,1345,1024.8
RNO,11/22/2025 15:55,-119.7711,39.4839,1345,1024.5
RNO,11/22/2025 16:55,-119.7711,39.4839,1345,1023.9
RNO,11/22/2025 17:55,-119.7711,39.4839,1345,1023.2
RNO,11/22/2025 18:55,-119.7711,39.4839,1345,1022.6
RNO,11/22/2025 19:55,-119.7711,39.4839,1345,1021
RNO,11/22/2025 20:55,-119.7711,39.4839,1345,1020.1
RNO,11/22/2025 21:55,-119.7711,39.4839,1345,1019.8
RNO,11/22/2025 22:55,-119.7711,39.4839,1345,1019.7
RNO,11/22/2025 23:55,-119.7711,39.4839,1345,1019.8
RNO,11/23/2025 0:55,-119.7711,39.4839,1345,1020.6
RNO,11/23/2025 1:55,-119.7711,39.4839,1345,1021.1
RNO,11/23/2025 2:55,-119.7711,39.4839,1345,1021.6
RNO,11/23/2025 3:55,-119.7711,39.4839,1345,1022
RNO,11/23/2025 4:55,-119.7711,39.4839,1345,1021.4
RNO,11/23/2025 5:55,-119.7711,39.4839,1345,1020.7
RNO,11/23/2025 6:55,-119.7711,39.4839,1345,1020.6
RNO,11/23/2025 7:55,-119.7711,39.4839,1345,1020.4
RNO,11/23/2025 8:55,-119.7711,39.4839,1345,1020.5
RNO,11/23/2025 9:55,-119.7711,39.4839,1345,1020.5
RNO,11/23/2025 10:55,-119.7711,39.4839,1345,1020.7
RNO,11/23/2025 11:55,-119.7711,39.4839,1345,1020.8
RNO,11/23/2025 12:55,-119.7711,39.4839,1345,1021
RNO,11/23/2025 13:55,-119.7711,39.4839,1345,1021.4
RNO,11/23/2025 14:55,-119.7711,39.4839,1345,1021.7
RNO,11/23/2025 15:55,-119.7711,39.4839,1345,1022.6
RNO,11/23/2025 16:55,-119.7711,39.4839,1345,1022.5
RNO,11/23/2025 17:55,-119.7711,39.4839,1345,1022.3
RNO,11/23/2025 18:55,-119.7711,39.4839,1345,1021.5
RNO,11/23/2025 19:55,-119.7711,39.4839,1345,1020.2
RNO,11/23/2025 20:55,-119.7711,39.4839,1345,1019.4
RNO,11/23/2025 21:55,-119.7711,39.4839,1345,1018.8
RNO,11/23/2025 22:55,-119.7711,39.4839,1345,1019.4
RNO,11/23/2025 23:55,-119.7711,39.4839,1345,1019.6
RNO,11/24/2025 0:55,-119.7711,39.4839,1345,1019.9
RNO,11/24/2025 1:55,-119.7711,39.4839,1345,1020.9
RNO,11/24/2025 2:55,-119.7711,39.4839,1345,1021.2
RNO,11/24/2025 3:55,-119.7711,39.4839,1345,1021.4
RNO,11/24/2025 4:55,-119.7711,39.4839,1345,1021.8
RNO,11/24/2025 5:55,-119.7711,39.4839,1345,1022
RNO,11/24/2025 6:55,-119.7711,39.4839,1345,1022.2
RNO,11/24/2025 7:55,-119.7711,39.4839,1345,1022.1
RNO,11/24/2025 8:55,-119.7711,39.4839,1345,1022.3
RNO,11/24/2025 9:55,-119.7711,39.4839,1345,1022.7
RNO,11/24/2025 10:55,-119.7711,39.4839,1345,1022.7
RNO,11/24/2025 11:55,-119.7711,39.4839,1345,1022.9
RNO,11/24/2025 12:55,-119.7711,39.4839,1345,1023.3
RNO,11/24/2025 13:55,-119.7711,39.4839,1345,1024.2
RNO,11/24/2025 14:55,-119.7711,39.4839,1345,1025.4
RNO,11/24/2025 15:55,-119.7711,39.4839,1345,1025.9
RNO,11/24/2025 16:55,-119.7711,39.4839,1345,1026.1
RNO,11/24/2025 17:55,-119.7711,39.4839,1345,1026
RNO,11/24/2025 18:55,-119.7711,39.4839,1345,1025.1
RNO,11/24/2025 19:55,-119.7711,39.4839,1345,1024.1
RNO,11/24/2025 20:55,-119.7711,39.4839,1345,1023.3
RNO,11/24/2025 21:55,-119.7711,39.4839,1345,1022.6
RNO,11/24/2025 22:55,-119.7711,39.4839,1345,1022.5
RNO,11/24/2025 23:55,-119.7711,39.4839,1345,1022.9
RNO,11/25/2025 0:55,-119.7711,39.4839,1345,1023.5
RNO,11/25/2025 1:55,-119.7711,39.4839,1345,1024
RNO,11/25/2025 2:55,-119.7711,39.4839,1345,1024.3
RNO,11/25/2025 3:55,-119.7711,39.4839,1345,1024.2
RNO,11/25/2025 4:55,-119.7711,39.4839,1345,1024.8
RNO,11/25/2025 5:55,-119.7711,39.4839,1345,1025.6
RNO,11/25/2025 6:55,-119.7711,39.4839,1345,1025.3
RNO,11/25/2025 7:55,-119.7711,39.4839,1345,1025.1
RNO,11/25/2025 8:55,-119.7711,39.4839,1345,1024.9
RNO,11/25/2025 9:55,-119.7711,39.4839,1345,1025.3
RNO,11/25/2025 10:55,-119.7711,39.4839,1345,1025.2
RNO,11/25/2025 11:55,-119.7711,39.4839,1345,1024.9
RNO,11/25/2025 12:55,-119.7711,39.4839,1345,1025.7
RNO,11/25/2025 13:55,-119.7711,39.4839,1345,1026.3
RNO,11/25/2025 14:55,-119.7711,39.4839,1345,1027.3
RNO,11/25/2025 15:55,-119.7711,39.4839,1345,1028.1
RNO,11/25/2025 16:55,-119.7711,39.4839,1345,1028.1
RNO,11/25/2025 17:55,-119.7711,39.4839,1345,1028.1
RNO,11/25/2025 18:55,-119.7711,39.4839,1345,1027.2
RNO,11/25/2025 19:55,-119.7711,39.4839,1345,1025.7
RNO,11/25/2025 20:55,-119.7711,39.4839,1345,1024.5
RNO,11/25/2025 21:55,-119.7711,39.4839,1345,1024
RNO,11/25/2025 22:55,-119.7711,39.4839,1345,1024.1
RNO,11/25/2025 23:55,-119.7711,39.4839,1345,1024.1
RNO,11/26/2025 0:55,-119.7711,39.4839,1345,1024.8
RNO,11/26/2025 1:55,-119.7711,39.4839,1345,1025.8
RNO,11/26/2025 2:55,-119.7711,39.4839,1345,1025.7
RNO,11/26/2025 3:55,-119.7711,39.4839,1345,1025.7
RNO,11/26/2025 4:55,-119.7711,39.4839,1345,1026.8
RNO,11/26/2025 5:55,-119.7711,39.4839,1345,1026.6
RNO,11/26/2025 6:55,-119.7711,39.4839,1345,1026.4
RNO,11/26/2025 7:55,-119.7711,39.4839,1345,1026.5
RNO,11/26/2025 8:55,-119.7711,39.4839,1345,1026.1
RNO,11/26/2025 9:55,-119.7711,39.4839,1345,1026.7
RNO,11/26/2025 10:55,-119.7711,39.4839,1345,1026.3
RNO,11/26/2025 11:55,-119.7711,39.4839,1345,1026.2
RNO,11/26/2025 12:55,-119.7711,39.4839,1345,1027
RNO,11/26/2025 13:55,-119.7711,39.4839,1345,1028
RNO,11/26/2025 14:55,-119.7711,39.4839,1345,1028.5
RNO,11/26/2025 15:55,-119.7711,39.4839,1345,1029
RNO,11/26/2025 16:55,-119.7711,39.4839,1345,1029.2
RNO,11/26/2025 17:55,-119.7711,39.4839,1345,1028.9
RNO,11/26/2025 18:55,-119.7711,39.4839,1345,1027.8
RNO,11/26/2025 19:55,-119.7711,39.4839,1345,1026.9
RNO,11/26/2025 20:55,-119.7711,39.4839,1345,1025.7
RNO,11/26/2025 21:55,-119.7711,39.4839,1345,1025
RNO,11/26/2025 22:55,-119.7711,39.4839,1345,1024.4
RNO,11/26/2025 23:55,-119.7711,39.4839,1345,1024.4
RNO,11/27/2025 0:55,-119.7711,39.4839,1345,1024.9
RNO,11/27/2025 1:55,-119.7711,39.4839,1345,1025.8
RNO,11/27/2025 2:55,-119.7711,39.4839,1345,1026.6
RNO,11/27/2025 3:55,-119.7711,39.4839,1345,1027.3
RNO,11/27/2025 4:55,-119.7711,39.4839,1345,1027.7
RNO,11/27/2025 5:55,-119.7711,39.4839,1345,1027.6
RNO,11/27/2025 6:55,-119.7711,39.4839,1345,1027.5
RNO,11/27/2025 7:55,-119.7711,39.4839,1345,1027.1
RNO,11/27/2025 8:55,-119.7711,39.4839,1345,1026.3
RNO,11/27/2025 9:55,-119.7711,39.4839,1345,1026.4
RNO,11/27/2025 10:55,-119.7711,39.4839,1345,1025.5
RNO,11/27/2025 11:55,-119.7711,39.4839,1345,1025.5
RNO,11/27/2025 12:55,-119.7711,39.4839,1345,1025.7
RNO,11/27/2025 13:55,-119.7711,39.4839,1345,1026.5
RNO,11/27/2025 14:55,-119.7711,39.4839,1345,1026.6
RNO,11/27/2025 15:55,-119.7711,39.4839,1345,1026.7
RNO,11/27/2025 16:55,-119.7711,39.4839,1345,1026.4
RNO,11/27/2025 17:55,-119.7711,39.4839,1345,1026.4
RNO,11/27/2025 18:55,-119.7711,39.4839,1345,1025.1
RNO,11/27/2025 19:55,-119.7711,39.4839,1345,1024.1
RNO,11/27/2025 20:55,-119.7711,39.4839,1345,1022.8
RNO,11/27/2025 21:55,-119.7711,39.4839,1345,1021.4
RNO,11/27/2025 22:55,-119.7711,39.4839,1345,1020.9
RNO,11/27/2025 23:55,-119.7711,39.4839,1345,1020.4
RNO,11/28/2025 0:55,-119.7711,39.4839,1345,1021
RNO,11/28/2025 1:55,-119.7711,39.4839,1345,1021.8
RNO,11/28/2025 2:55,-119.7711,39.4839,1345,1021.9
RNO,11/28/2025 3:55,-119.7711,39.4839,1345,1021.7
RNO,11/28/2025 4:55,-119.7711,39.4839,1345,1021.4
RNO,11/28/2025 5:55,-119.7711,39.4839,1345,1021.2
RNO,11/28/2025 6:55,-119.7711,39.4839,1345,1020.5
RNO,11/28/2025 7:55,-119.7711,39.4839,1345,1019.9
RNO,11/28/2025 8:55,-119.7711,39.4839,1345,1019.1
RNO,11/28/2025 9:55,-119.7711,39.4839,1345,1019.1
RNO,11/28/2025 10:55,-119.7711,39.4839,1345,1018.5
RNO,11/28/2025 11:55,-119.7711,39.4839,1345,1018.7
RNO,11/28/2025 12:55,-119.7711,39.4839,1345,1019.3
RNO,11/28/2025 13:55,-119.7711,39.4839,1345,1020.1
RNO,11/28/2025 14:55,-119.7711,39.4839,1345,1019.9
RNO,11/28/2025 15:55,-119.7711,39.4839,1345,1019.8
RNO,11/28/2025 16:55,-119.7711,39.4839,1345,1019.9
RNO,11/28/2025 17:55,-119.7711,39.4839,1345,1019.1
RNO,11/28/2025 18:55,-119.7711,39.4839,1345,1018.1
RNO,11/28/2025 19:55,-119.7711,39.4839,1345,1017.3
RNO,11/28/2025 20:55,-119.7711,39.4839,1345,1016.4
RNO,11/28/2025 21:55,-119.7711,39.4839,1345,1015.6
RNO,11/28/2025 22:55,-119.7711,39.4839,1345,1015.9
RNO,11/28/2025 23:55,-119.7711,39.4839,1345,1016.7
RNO,11/29/2025 0:55,-119.7711,39.4839,1345,1018
RNO,11/29/2025 1:55,-119.7711,39.4839,1345,1019.3
RNO,11/29/2025 2:55,-119.7711,39.4839,1345,1020.2
RNO,11/29/2025 3:55,-119.7711,39.4839,1345,1020.5
RNO,11/29/2025 4:55,-119.7711,39.4839,1345,1020.6
RNO,11/29/2025 5:55,-119.7711,39.4839,1345,1020.4
RNO,11/29/2025 6:55,-119.7711,39.4839,1345,1021
RNO,11/29/2025 7:55,-119.7711,39.4839,1345,1020.8
RNO,11/29/2025 8:55,-119.7711,39.4839,1345,1021.1
RNO,11/29/2025 9:55,-119.7711,39.4839,1345,1020.9
RNO,11/29/2025 10:55,-119.7711,39.4839,1345,1020.9
RNO,11/29/2025 11:55,-119.7711,39.4839,1345,1020.8
RNO,11/29/2025 12:55,-119.7711,39.4839,1345,1021.5
RNO,11/29/2025 13:55,-119.7711,39.4839,1345,1022.3
RNO,11/29/2025 14:55,-119.7711,39.4839,1345,1022.5
RNO,11/29/2025 15:55,-119.7711,39.4839,1345,1022.7
RNO,11/29/2025 16:55,-119.7711,39.4839,1345,1022.1
RNO,11/29/2025 17:55,-119.7711,39.4839,1345,1022.5
RNO,11/29/2025 18:55,-119.7711,39.4839,1345,1021.5
RNO,11/29/2025 19:55,-119.7711,39.4839,1345,1019.9
RNO,11/29/2025 20:55,-119.7711,39.4839,1345,1018.3
RNO,11/29/2025 21:55,-119.7711,39.4839,1345,1017.2
RNO,11/29/2025 22:55,-119.7711,39.4839,1345,1016.7
RNO,11/29/2025 23:55,-119.7711,39.4839,1345,1016.5
RNO,11/30/2025 0:55,-119.7711,39.4839,1345,1017.1
RNO,11/30/2025 1:55,-119.7711,39.4839,1345,1018
RNO,11/30/2025 2:55,-119.7711,39.4839,1345,1018.5
RNO,11/30/2025 3:55,-119.7711,39.4839,1345,1018.5
RNO,11/30/2025 4:55,-119.7711,39.4839,1345,1017.5
RNO,11/30/2025 5:55,-119.7711,39.4839,1345,1017.6
RNO,11/30/2025 6:55,-119.7711,39.4839,1345,1017.3
RNO,11/30/2025 7:55,-119.7711,39.4839,1345,1017
RNO,11/30/2025 8:55,-119.7711,39.4839,1345,1016.2
RNO,11/30/2025 9:55,-119.7711,39.4839,1345,1015.6
RNO,11/30/2025 10:55,-119.7711,39.4839,1345,1015.6
RNO,11/30/2025 11:55,-119.7711,39.4839,1345,1015
RNO,11/30/2025 12:55,-119.7711,39.4839,1345,1014.4
RNO,11/30/2025 13:55,-119.7711,39.4839,1345,1015.4
RNO,11/30/2025 14:55,-119.7711,39.4839,1345,1015.2
RNO,11/30/2025 15:55,-119.7711,39.4839,1345,1016.6
RNO,11/30/2025 16:55,-119.7711,39.4839,1345,1018.1
RNO,11/30/2025 17:55,-119.7711,39.4839,1345,1019.1
RNO,11/30/2025 18:55,-119.7711,39.4839,1345,1018.8
RNO,11/30/2025 19:55,-119.7711,39.4839,1345,1018.1
RNO,11/30/2025 20:55,-119.7711,39.4839,1345,1016.9
RNO,11/30/2025 21:55,-119.7711,39.4839,1345,1017
RNO,11/30/2025 22:55,-119.7711,39.4839,1345,1017.4
RNO,11/30/2025 23:55,-119.7711,39.4839,1345,1017.7
RNO,12/1/2025 0:55,-119.7711,39.4839,1345,1018.4
RNO,12/1/2025 1:55,-119.7711,39.4839,1345,1019.8
RNO,12/1/2025 2:55,-119.7711,39.4839,1345,1019.7
RNO,12/1/2025 3:55,-119.7711,39.4839,1345,1021.1
RNO,12/1/2025 4:55,-119.7711,39.4839,1345,1022
RNO,12/1/2025 5:55,-119.7711,39.4839,1345,1022.8
RNO,12/1/2025 6:55,-119.7711,39.4839,1345,1022.5
RNO,12/1/2025 7:55,-119.7711,39.4839,1345,1022.5
RNO,12/1/2025 8:55,-119.7711,39.4839,1345,1022.2
RNO,12/1/2025 9:55,-119.7711,39.4839,1345,1022.5
RNO,12/1/2025 10:55,-119.7711,39.4839,1345,1022.6
RNO,12/1/2025 11:55,-119.7711,39.4839,1345,1023.2
RNO,12/1/2025 12:55,-119.7711,39.4839,1345,1024
RNO,12/1/2025 13:55,-119.7711,39.4839,1345,1024.5
RNO,12/1/2025 14:55,-119.7711,39.4839,1345,1025
RNO,12/1/2025 15:55,-119.7711,39.4839,1345,1025.6
RNO,12/1/2025 16:55,-119.7711,39.4839,1345,1025.5
RNO,12/1/2025 17:55,-119.7711,39.4839,1345,1025.4
RNO,12/1/2025 18:55,-119.7711,39.4839,1345,1024.7
RNO,12/1/2025 19:55,-119.7711,39.4839,1345,1023.6
RNO,12/1/2025 20:55,-119.7711,39.4839,1345,1022.4
RNO,12/1/2025 21:55,-119.7711,39.4839,1345,1022.1
RNO,12/1/2025 22:55,-119.7711,39.4839,1345,1021.8
RNO,12/1/2025 23:55,-119.7711,39.4839,1345,1021.5
RNO,12/2/2025 0:55,-119.7711,39.4839,1345,1022.8
RNO,12/2/2025 1:55,-119.7711,39.4839,1345,1023
RNO,12/2/2025 2:55,-119.7711,39.4839,1345,1023.1
RNO,12/2/2025 3:55,-119.7711,39.4839,1345,1023.1
RNO,12/2/2025 4:55,-119.7711,39.4839,1345,1023.2
RNO,12/2/2025 5:55,-119.7711,39.4839,1345,1022.8
RNO,12/2/2025 6:55,-119.7711,39.4839,1345,1022.2
RNO,12/2/2025 7:55,-119.7711,39.4839,1345,1021.9
RNO,12/2/2025 8:55,-119.7711,39.4839,1345,1021.2
RNO,12/2/2025 9:55,-119.7711,39.4839,1345,1021.2
RNO,12/2/2025 10:55,-119.7711,39.4839,1345,1021.4
RNO,12/2/2025 11:55,-119.7711,39.4839,1345,1020.9
RNO,12/2/2025 12:55,-119.7711,39.4839,1345,1021.1
RNO,12/2/2025 13:55,-119.7711,39.4839,1345,1021.3
RNO,12/2/2025 14:55,-119.7711,39.4839,1345,1021.5
RNO,12/2/2025 15:55,-119.7711,39.4839,1345,1021.2
RNO,12/2/2025 16:55,-119.7711,39.4839,1345,1020.8
RNO,12/2/2025 17:55,-119.7711,39.4839,1345,1019.6
RNO,12/2/2025 18:55,-119.7711,39.4839,1345,1018.6
RNO,12/2/2025 19:55,-119.7711,39.4839,1345,1016.9
RNO,12/2/2025 20:55,-119.7711,39.4839,1345,1014.6
RNO,12/2/2025 21:55,-119.7711,39.4839,1345,1012.9
RNO,12/2/2025 22:55,-119.7711,39.4839,1345,1011.9
RNO,12/2/2025 23:55,-119.7711,39.4839,1345,1013
RNO,12/3/2025 0:55,-119.7711,39.4839,1345,1013.9
RNO,12/3/2025 1:55,-119.7711,39.4839,1345,1015.4
RNO,12/3/2025 2:55,-119.7711,39.4839,1345,1016.9
RNO,12/3/2025 3:55,-119.7711,39.4839,1345,1018.1
RNO,12/3/2025 4:55,-119.7711,39.4839,1345,1018.9
RNO,12/3/2025 5:55,-119.7711,39.4839,1345,1019.2
RNO,12/3/2025 6:55,-119.7711,39.4839,1345,1020
RNO,12/3/2025 7:55,-119.7711,39.4839,1345,1019.6
RNO,12/3/2025 8:55,-119.7711,39.4839,1345,1019.8
RNO,12/3/2025 9:55,-119.7711,39.4839,1345,1020
RNO,12/3/2025 10:55,-119.7711,39.4839,1345,1020.9
RNO,12/3/2025 11:55,-119.7711,39.4839,1345,1021.6
RNO,12/3/2025 12:55,-119.7711,39.4839,1345,1022.6
RNO,12/3/2025 13:55,-119.7711,39.4839,1345,1023.8
RNO,12/3/2025 14:55,-119.7711,39.4839,1345,1024.5
RNO,12/3/2025 15:55,-119.7711,39.4839,1345,1024.6
RNO,12/3/2025 16:55,-119.7711,39.4839,1345,1025.1
RNO,12/3/2025 17:55,-119.7711,39.4839,1345,1025.5
RNO,12/3/2025 18:55,-119.7711,39.4839,1345,1025.2
RNO,12/3/2025 19:55,-119.7711,39.4839,1345,1024.8
RNO,12/3/2025 20:55,-119.7711,39.4839,1345,1023.9
RNO,12/3/2025 21:55,-119.7711,39.4839,1345,1023
RNO,12/3/2025 22:55,-119.7711,39.4839,1345,1023
RNO,12/3/2025 23:55,-119.7711,39.4839,1345,1023.6
RNO,12/4/2025 0:55,-119.7711,39.4839,1345,1024.4
RNO,12/4/2025 1:55,-119.7711,39.4839,1345,1025.8
RNO,12/4/2025 2:55,-119.7711,39.4839,1345,1026.1
RNO,12/4/2025 3:55,-119.7711,39.4839,1345,1026.7
RNO,12/4/2025 4:55,-119.7711,39.4839,1345,1026.8
RNO,12/4/2025 5:55,-119.7711,39.4839,1345,1026.9
RNO,12/4/2025 6:55,-119.7711,39.4839,1345,1026.6
RNO,12/4/2025 7:55,-119.7711,39.4839,1345,1027.1
RNO,12/4/2025 8:55,-119.7711,39.4839,1345,1026.9
RNO,12/4/2025 9:55,-119.7711,39.4839,1345,1027.4
RNO,12/4/2025 10:55,-119.7711,39.4839,1345,1027.7
RNO,12/4/2025 11:55,-119.7711,39.4839,1345,1027.3
RNO,12/4/2025 12:55,-119.7711,39.4839,1345,1027.4
RNO,12/4/2025 13:55,-119.7711,39.4839,1345,1028.1
RNO,12/4/2025 14:55,-119.7711,39.4839,1345,1028.9
RNO,12/4/2025 15:55,-119.7711,39.4839,1345,1029.4
RNO,12/4/2025 16:55,-119.7711,39.4839,1345,1029.8
RNO,12/4/2025 17:55,-119.7711,39.4839,1345,1029.7
RNO,12/4/2025 18:55,-119.7711,39.4839,1345,1029.1
RNO,12/4/2025 19:55,-119.7711,39.4839,1345,1027.6
RNO,12/4/2025 20:55,-119.7711,39.4839,1345,1026.3
RNO,12/4/2025 21:55,-119.7711,39.4839,1345,1025.6
RNO,12/4/2025 22:55,-119.7711,39.4839,1345,1025.4
RNO,12/4/2025 23:55,-119.7711,39.4839,1345,1025.7
RNO,12/5/2025 0:55,-119.7711,39.4839,1345,1026.2
RNO,12/5/2025 1:55,-119.7711,39.4839,1345,1026.7
RNO,12/5/2025 2:55,-119.7711,39.4839,1345,1027.3
RNO,12/5/2025 3:55,-119.7711,39.4839,1345,1027.6
RNO,12/5/2025 4:55,-119.7711,39.4839,1345,1027.3
RNO,12/5/2025 5:55,-119.7711,39.4839,1345,1027.3
RNO,12/5/2025 6:55,-119.7711,39.4839,1345,1027.4
RNO,12/5/2025 7:55,-119.7711,39.4839,1345,1026.8
RNO,12/5/2025 8:55,-119.7711,39.4839,1345,1026.2
RNO,12/5/2025 9:55,-119.7711,39.4839,1345,1026.2
RNO,12/5/2025 10:55,-119.7711,39.4839,1345,1025.5
RNO,12/5/2025 11:55,-119.7711,39.4839,1345,1024.7
RNO,12/5/2025 12:55,-119.7711,39.4839,1345,1024.7
RNO,12/5/2025 13:55,-119.7711,39.4839,1345,1025.7
RNO,12/5/2025 14:55,-119.7711,39.4839,1345,1025.8
RNO,12/5/2025 15:55,-119.7711,39.4839,1345,1026.2
RNO,12/5/2025 16:55,-119.7711,39.4839,1345,1025
RNO,12/5/2025 17:55,-119.7711,39.4839,1345,1025.2
RNO,12/5/2025 18:55,-119.7711,39.4839,1345,1024.4
RNO,12/5/2025 19:55,-119.7711,39.4839,1345,1023.1
RNO,12/5/2025 20:55,-119.7711,39.4839,1345,1021.2
RNO,12/5/2025 21:55,-119.7711,39.4839,1345,1020.8
RNO,12/5/2025 22:55,-119.7711,39.4839,1345,1019.6
RNO,12/5/2025 23:55,-119.7711,39.4839,1345,1019.6
RNO,12/6/2025 0:55,-119.7711,39.4839,1345,1019.3
RNO,12/6/2025 1:55,-119.7711,39.4839,1345,1020
RNO,12/6/2025 2:55,-119.7711,39.4839,1345,1020
RNO,12/6/2025 3:55,-119.7711,39.4839,1345,1019.8
RNO,12/6/2025 4:55,-119.7711,39.4839,1345,1019.9
RNO,12/6/2025 5:55,-119.7711,39.4839,1345,1019.4
RNO,12/6/2025 6:55,-119.7711,39.4839,1345,1019.1
RNO,12/6/2025 7:55,-119.7711,39.4839,1345,1018.6
RNO,12/6/2025 8:55,-119.7711,39.4839,1345,1019
RNO,12/6/2025 9:55,-119.7711,39.4839,1345,1018.6
RNO,12/6/2025 10:55,-119.7711,39.4839,1345,1017.9
RNO,12/6/2025 11:55,-119.7711,39.4839,1345,1018.6
RNO,12/6/2025 12:55,-119.7711,39.4839,1345,1019.5
RNO,12/6/2025 13:55,-119.7711,39.4839,1345,1021.4
RNO,12/6/2025 14:55,-119.7711,39.4839,1345,1022.2
RNO,12/6/2025 15:55,-119.7711,39.4839,1345,1022.6
RNO,12/6/2025 16:55,-119.7711,39.4839,1345,1022.9
RNO,12/6/2025 17:55,-119.7711,39.4839,1345,1023
RNO,12/6/2025 18:55,-119.7711,39.4839,1345,1022.2
RNO,12/6/2025 19:55,-119.7711,39.4839,1345,1020.8
RNO,12/6/2025 20:55,-119.7711,39.4839,1345,1020.5
RNO,12/6/2025 21:55,-119.7711,39.4839,1345,1020.5
RNO,12/6/2025 22:55,-119.7711,39.4839,1345,1020
RNO,12/6/2025 23:55,-119.7711,39.4839,1345,1020.4
RNO,12/7/2025 0:55,-119.7711,39.4839,1345,1021.3
RNO,12/7/2025 1:55,-119.7711,39.4839,1345,1021.8
RNO,12/7/2025 2:55,-119.7711,39.4839,1345,1022.6
RNO,12/7/2025 3:55,-119.7711,39.4839,1345,1022.9
RNO,12/7/2025 4:55,-119.7711,39.4839,1345,1023.1
RNO,12/7/2025 5:55,-119.7711,39.4839,1345,1023.5
RNO,12/7/2025 6:55,-119.7711,39.4839,1345,1023.6
RNO,12/7/2025 7:55,-119.7711,39.4839,1345,1023.3
RNO,12/7/2025 8:55,-119.7711,39.4839,1345,1023.2
RNO,12/7/2025 9:55,-119.7711,39.4839,1345,1023.4
RNO,12/7/2025 10:55,-119.7711,39.4839,1345,1023.4
RNO,12/7/2025 11:55,-119.7711,39.4839,1345,1023.8
RNO,12/7/2025 12:55,-119.7711,39.4839,1345,1024.6
RNO,12/7/2025 13:55,-119.7711,39.4839,1345,1025.3
RNO,12/7/2025 14:55,-119.7711,39.4839,1345,1026.2
RNO,12/7/2025 15:55,-119.7711,39.4839,1345,1026.7
RNO,12/7/2025 16:55,-119.7711,39.4839,1345,1027
RNO,12/7/2025 17:55,-119.7711,39.4839,1345,1027.2
RNO,12/7/2025 18:55,-119.7711,39.4839,1345,1026.5
RNO,12/7/2025 19:55,-119.7711,39.4839,1345,1025
RNO,12/7/2025 20:55,-119.7711,39.4839,1345,1024
RNO,12/7/2025 21:55,-119.7711,39.4839,1345,1023.3
RNO,12/7/2025 22:55,-119.7711,39.4839,1345,1023.1
RNO,12/7/2025 23:55,-119.7711,39.4839,1345,1023.3
RNO,12/8/2025 0:55,-119.7711,39.4839,1345,1024.4
RNO,12/8/2025 1:55,-119.7711,39.4839,1345,1025.6
RNO,12/8/2025 2:55,-119.7711,39.4839,1345,1026.7
RNO,12/8/2025 3:55,-119.7711,39.4839,1345,1026.9
RNO,12/8/2025 4:55,-119.7711,39.4839,1345,1027.3
RNO,12/8/2025 5:55,-119.7711,39.4839,1345,1027.7
RNO,12/8/2025 6:55,-119.7711,39.4839,1345,1027.9
RNO,12/8/2025 7:55,-119.7711,39.4839,1345,1027.8
RNO,12/8/2025 8:55,-119.7711,39.4839,1345,1027.3
RNO,12/8/2025 9:55,-119.7711,39.4839,1345,1027.5
RNO,12/8/2025 10:55,-119.7711,39.4839,1345,1027.6
RNO,12/8/2025 11:55,-119.7711,39.4839,1345,1027.7
RNO,12/8/2025 12:55,-119.7711,39.4839,1345,1028.4
RNO,12/8/2025 13:55,-119.7711,39.4839,1345,1029.1
RNO,12/8/2025 14:55,-119.7711,39.4839,1345,1029.7
RNO,12/8/2025 15:55,-119.7711,39.4839,1345,1029.7
RNO,12/8/2025 16:55,-119.7711,39.4839,1345,1030
RNO,12/8/2025 17:55,-119.7711,39.4839,1345,1029.9
RNO,12/8/2025 18:55,-119.7711,39.4839,1345,1028.3
RNO,12/8/2025 19:55,-119.7711,39.4839,1345,1028
RNO,12/8/2025 20:55,-119.7711,39.4839,1345,1027
RNO,12/8/2025 21:55,-119.7711,39.4839,1345,1025.8
RNO,12/8/2025 22:55,-119.7711,39.4839,1345,1025.9
RNO,12/8/2025 23:55,-119.7711,39.4839,1345,1026.1
RNO,12/9/2025 0:55,-119.7711,39.4839,1345,1026.1
RNO,12/9/2025 1:55,-119.7711,39.4839,1345,1027
RNO,12/9/2025 2:55,-119.7711,39.4839,1345,1028.1
RNO,12/9/2025 3:55,-119.7711,39.4839,1345,1028.5
RNO,12/9/2025 4:55,-119.7711,39.4839,1345,1028.4
RNO,12/9/2025 5:55,-119.7711,39.4839,1345,1028.2
RNO,12/9/2025 6:55,-119.7711,39.4839,1345,1027.8
RNO,12/9/2025 7:55,-119.7711,39.4839,1345,1027.4
RNO,12/9/2025 8:55,-119.7711,39.4839,1345,1026.9
RNO,12/9/2025 9:55,-119.7711,39.4839,1345,1026.7
RNO,12/9/2025 10:55,-119.7711,39.4839,1345,1026.7
RNO,12/9/2025 11:55,-119.7711,39.4839,1345,1026.4
RNO,12/9/2025 12:55,-119.7711,39.4839,1345,1026.5
RNO,12/9/2025 13:55,-119.7711,39.4839,1345,1027.3
RNO,12/9/2025 14:55,-119.7711,39.4839,1345,1027.8
RNO,12/9/2025 15:55,-119.7711,39.4839,1345,1028.3
RNO,12/9/2025 16:55,-119.7711,39.4839,1345,1028.2
RNO,12/9/2025 17:55,-119.7711,39.4839,1345,1028.5
RNO,12/9/2025 18:55,-119.7711,39.4839,1345,1027
RNO,12/9/2025 19:55,-119.7711,39.4839,1345,1025.2
RNO,12/9/2025 20:55,-119.7711,39.4839,1345,1024.2
RNO,12/9/2025 21:55,-119.7711,39.4839,1345,1023.3
RNO,12/9/2025 22:55,-119.7711,39.4839,1345,1022.8
RNO,12/9/2025 23:55,-119.7711,39.4839,1345,1023.4
RNO,12/10/2025 0:55,-119.7711,39.4839,1345,1024.3
RNO,12/10/2025 1:55,-119.7711,39.4839,1345,1025.4
RNO,12/10/2025 2:55,-119.7711,39.4839,1345,1026.3
RNO,12/10/2025 3:55,-119.7711,39.4839,1345,1026.9
RNO,12/10/2025 4:55,-119.7711,39.4839,1345,1026.9
RNO,12/10/2025 5:55,-119.7711,39.4839,1345,1027.8
RNO,12/10/2025 6:55,-119.7711,39.4839,1345,1027.2
RNO,12/10/2025 7:55,-119.7711,39.4839,1345,1026.4
RNO,12/10/2025 8:55,-119.7711,39.4839,1345,1026.3
RNO,12/10/2025 9:55,-119.7711,39.4839,1345,1026
RNO,12/10/2025 10:55,-119.7711,39.4839,1345,1026.5
RNO,12/10/2025 11:55,-119.7711,39.4839,1345,1026.6
RNO,12/10/2025 12:55,-119.7711,39.4839,1345,1027
RNO,12/10/2025 13:55,-119.7711,39.4839,1345,1027.7
RNO,12/10/2025 14:55,-119.7711,39.4839,1345,1028.3
RNO,12/10/2025 15:55,-119.7711,39.4839,1345,1028
RNO,12/10/2025 16:55,-119.7711,39.4839,1345,1028.1
RNO,12/10/2025 17:55,-119.7711,39.4839,1345,1028.2
RNO,12/10/2025 18:55,-119.7711,39.4839,1345,1027.2
RNO,12/10/2025 19:55,-119.7711,39.4839,1345,1025.8
RNO,12/10/2025 20:55,-119.7711,39.4839,1345,1024.5
RNO,12/10/2025 21:55,-119.7711,39.4839,1345,1024
RNO,12/10/2025 22:55,-119.7711,39.4839,1345,1023.9
RNO,12/10/2025 23:55,-119.7711,39.4839,1345,1024.1
RNO,12/11/2025 0:55,-119.7711,39.4839,1345,1024.5
RNO,12/11/2025 1:55,-119.7711,39.4839,1345,1025.3
RNO,12/11/2025 2:55,-119.7711,39.4839,1345,1026
RNO,12/11/2025 3:55,-119.7711,39.4839,1345,1026.5
RNO,12/11/2025 4:55,-119.7711,39.4839,1345,1026.1
RNO,12/11/2025 5:55,-119.7711,39.4839,1345,1026.2
RNO,12/11/2025 6:55,-119.7711,39.4839,1345,1026.8
RNO,12/11/2025 7:55,-119.7711,39.4839,1345,1026.2
RNO,12/11/2025 8:55,-119.7711,39.4839,1345,1025.7
RNO,12/11/2025 9:55,-119.7711,39.4839,1345,1025.3
RNO,12/11/2025 10:55,-119.7711,39.4839,1345,1025.3
RNO,12/11/2025 11:55,-119.7711,39.4839,1345,1025.1
RNO,12/11/2025 12:55,-119.7711,39.4839,1345,1025.4
RNO,12/11/2025 13:55,-119.7711,39.4839,1345,1026.2
RNO,12/11/2025 14:55,-119.7711,39.4839,1345,1026.7
RNO,12/11/2025 15:55,-119.7711,39.4839,1345,1027.5
RNO,12/11/2025 16:55,-119.7711,39.4839,1345,1027.2
RNO,12/11/2025 17:55,-119.7711,39.4839,1345,1027
RNO,12/11/2025 18:55,-119.7711,39.4839,1345,1026.3
RNO,12/11/2025 19:55,-119.7711,39.4839,1345,1024.7
RNO,12/11/2025 20:55,-119.7711,39.4839,1345,1023.3
RNO,12/11/2025 21:55,-119.7711,39.4839,1345,1022.6
RNO,12/11/2025 22:55,-119.7711,39.4839,1345,1022.3
RNO,12/11/2025 23:55,-119.7711,39.4839,1345,1022.5
RNO,12/12/2025 0:55,-119.7711,39.4839,1345,1023.4
RNO,12/12/2025 1:55,-119.7711,39.4839,1345,1024.5
RNO,12/12/2025 2:55,-119.7711,39.4839,1345,1025
RNO,12/12/2025 3:55,-119.7711,39.4839,1345,1026.1
RNO,12/12/2025 4:55,-119.7711,39.4839,1345,1025.8
RNO,12/12/2025 5:55,-119.7711,39.4839,1345,1025.6
RNO,12/12/2025 6:55,-119.7711,39.4839,1345,1025.7
RNO,12/12/2025 7:55,-119.7711,39.4839,1345,1025.9
RNO,12/12/2025 8:55,-119.7711,39.4839,1345,1025.5
RNO,12/12/2025 9:55,-119.7711,39.4839,1345,1025.4
RNO,12/12/2025 10:55,-119.7711,39.4839,1345,1025.2
RNO,12/12/2025 11:55,-119.7711,39.4839,1345,1025.3
RNO,12/12/2025 12:55,-119.7711,39.4839,1345,1026.4
RNO,12/12/2025 13:55,-119.7711,39.4839,1345,1027.1
RNO,12/12/2025 14:55,-119.7711,39.4839,1345,1027.2
RNO,12/12/2025 15:55,-119.7711,39.4839,1345,1028
RNO,12/12/2025 16:55,-119.7711,39.4839,1345,1027.7
RNO,12/12/2025 17:55,-119.7711,39.4839,1345,1027.3
RNO,12/12/2025 18:55,-119.7711,39.4839,1345,1026.5
RNO,12/12/2025 19:55,-119.7711,39.4839,1345,1025.3
RNO,12/12/2025 20:55,-119.7711,39.4839,1345,1023.8
RNO,12/12/2025 21:55,-119.7711,39.4839,1345,1022.7
RNO,12/12/2025 22:55,-119.7711,39.4839,1345,1022.4
RNO,12/12/2025 23:55,-119.7711,39.4839,1345,1022.2
RNO,12/13/2025 0:55,-119.7711,39.4839,1345,1023
RNO,12/13/2025 1:55,-119.7711,39.4839,1345,1024
RNO,12/13/2025 2:55,-119.7711,39.4839,1345,1024.7
RNO,12/13/2025 3:55,-119.7711,39.4839,1345,1025.1
RNO,12/13/2025 4:55,-119.7711,39.4839,1345,1024.8
RNO,12/13/2025 5:55,-119.7711,39.4839,1345,1025.4
RNO,12/13/2025 6:55,-119.7711,39.4839,1345,1025.2
RNO,12/13/2025 7:55,-119.7711,39.4839,1345,1024.9
RNO,12/13/2025 8:55,-119.7711,39.4839,1345,1024.3
RNO,12/13/2025 9:55,-119.7711,39.4839,1345,1024.1
RNO,12/13/2025 10:55,-119.7711,39.4839,1345,1024.1
RNO,12/13/2025 11:55,-119.7711,39.4839,1345,1023.8
RNO,12/13/2025 12:55,-119.7711,39.4839,1345,1024.4
RNO,12/13/2025 13:55,-119.7711,39.4839,1345,1024.9
RNO,12/13/2025 14:55,-119.7711,39.4839,1345,1025.3
RNO,12/13/2025 15:55,-119.7711,39.4839,1345,1025.8
RNO,12/13/2025 16:55,-119.7711,39.4839,1345,1025.7
RNO,12/13/2025 17:55,-119.7711,39.4839,1345,1025.7
RNO,12/13/2025 18:55,-119.7711,39.4839,1345,1024.7
RNO,12/13/2025 19:55,-119.7711,39.4839,1345,1023.6
RNO,12/13/2025 20:55,-119.7711,39.4839,1345,1022.2
RNO,12/13/2025 21:55,-119.7711,39.4839,1345,1021.4
RNO,12/13/2025 22:55,-119.7711,39.4839,1345,1021.2
RNO,12/13/2025 23:55,-119.7711,39.4839,1345,1021.1
RNO,12/14/2025 0:55,-119.7711,39.4839,1345,1022.1
RNO,12/14/2025 1:55,-119.7711,39.4839,1345,1022.9
RNO,12/14/2025 2:55,-119.7711,39.4839,1345,1023.5
RNO,12/14/2025 3:55,-119.7711,39.4839,1345,1024
RNO,12/14/2025 4:55,-119.7711,39.4839,1345,1024
RNO,12/14/2025 5:55,-119.7711,39.4839,1345,1024.4
RNO,12/14/2025 6:55,-119.7711,39.4839,1345,1024.2
RNO,12/14/2025 7:55,-119.7711,39.4839,1345,1023.9
RNO,12/14/2025 8:55,-119.7711,39.4839,1345,1023.2
RNO,12/14/2025 9:55,-119.7711,39.4839,1345,1023.2
RNO,12/14/2025 10:55,-119.7711,39.4839,1345,1023.3
RNO,12/14/2025 11:55,-119.7711,39.4839,1345,1023.4
RNO,12/14/2025 12:55,-119.7711,39.4839,1345,1023.7
RNO,12/14/2025 13:55,-119.7711,39.4839,1345,1024.6
RNO,12/14/2025 14:55,-119.7711,39.4839,1345,1025.7
RNO,12/14/2025 15:55,-119.7711,39.4839,1345,1026.2
RNO,12/14/2025 16:55,-119.7711,39.4839,1345,1026.3
RNO,12/14/2025 17:55,-119.7711,39.4839,1345,1026.3
RNO,12/14/2025 18:55,-119.7711,39.4839,1345,1025.8
RNO,12/14/2025 19:55,-119.7711,39.4839,1345,1024.7
RNO,12/14/2025 20:55,-119.7711,39.4839,1345,1023.7
RNO,12/14/2025 21:55,-119.7711,39.4839,1345,1023.4
RNO,12/14/2025 22:55,-119.7711,39.4839,1345,1022.8
RNO,12/14/2025 23:55,-119.7711,39.4839,1345,1023.1
RNO,12/15/2025 0:55,-119.7711,39.4839,1345,1023.5
RNO,12/15/2025 1:55,-119.7711,39.4839,1345,1024.7
RNO,12/15/2025 2:55,-119.7711,39.4839,1345,1025
RNO,12/15/2025 3:55,-119.7711,39.4839,1345,1026.1
RNO,12/15/2025 4:55,-119.7711,39.4839,1345,1026.3
RNO,12/15/2025 5:55,-119.7711,39.4839,1345,1027.1
RNO,12/15/2025 6:55,-119.7711,39.4839,1345,1026.3
RNO,12/15/2025 7:55,-119.7711,39.4839,1345,1026.4
RNO,12/15/2025 8:55,-119.7711,39.4839,1345,1026.6
RNO,12/15/2025 9:55,-119.7711,39.4839,1345,1026.4
RNO,12/15/2025 10:55,-119.7711,39.4839,1345,1026.6
RNO,12/15/2025 11:55,-119.7711,39.4839,1345,1026.6
RNO,12/15/2025 12:55,-119.7711,39.4839,1345,1027.6
RNO,12/15/2025 13:55,-119.7711,39.4839,1345,1027.9
RNO,12/15/2025 14:55,-119.7711,39.4839,1345,1028.1
RNO,12/15/2025 15:55,-119.7711,39.4839,1345,1028.9
RNO,12/15/2025 16:55,-119.7711,39.4839,1345,1029.1
RNO,12/15/2025 17:55,-119.7711,39.4839,1345,1029.1
RNO,12/15/2025 18:55,-119.7711,39.4839,1345,1028.3
RNO,12/15/2025 19:55,-119.7711,39.4839,1345,1027.1
RNO,12/15/2025 20:55,-119.7711,39.4839,1345,1026.3
RNO,12/15/2025 21:55,-119.7711,39.4839,1345,1025.6
RNO,12/15/2025 22:55,-119.7711,39.4839,1345,1025.2
RNO,12/15/2025 23:55,-119.7711,39.4839,1345,1025
RNO,12/16/2025 0:55,-119.7711,39.4839,1345,1025.7
RNO,12/16/2025 1:55,-119.7711,39.4839,1345,1026
RNO,12/16/2025 2:55,-119.7711,39.4839,1345,1026.4
RNO,12/16/2025 3:55,-119.7711,39.4839,1345,1026.4
RNO,12/16/2025 4:55,-119.7711,39.4839,1345,1026.7
RNO,12/16/2025 5:55,-119.7711,39.4839,1345,1026.9
RNO,12/16/2025 6:55,-119.7711,39.4839,1345,1026.1
RNO,12/16/2025 7:55,-119.7711,39.4839,1345,1026
RNO,12/16/2025 8:55,-119.7711,39.4839,1345,1025
RNO,12/16/2025 9:55,-119.7711,39.4839,1345,1025.6
RNO,12/16/2025 10:55,-119.7711,39.4839,1345,1025.4
RNO,12/16/2025 11:55,-119.7711,39.4839,1345,1025.4
RNO,12/16/2025 12:55,-119.7711,39.4839,1345,1025.2
RNO,12/16/2025 13:55,-119.7711,39.4839,1345,1025.9
RNO,12/16/2025 14:55,-119.7711,39.4839,1345,1026.7
RNO,12/16/2025 15:55,-119.7711,39.4839,1345,1027
RNO,12/16/2025 16:55,-119.7711,39.4839,1345,1027.4
RNO,12/16/2025 17:55,-119.7711,39.4839,1345,1026.9
RNO,12/16/2025 18:55,-119.7711,39.4839,1345,1024.2
RNO,12/16/2025 19:55,-119.7711,39.4839,1345,1023.1
RNO,12/16/2025 20:55,-119.7711,39.4839,1345,1022
RNO,12/16/2025 21:55,-119.7711,39.4839,1345,1021.2
RNO,12/16/2025 22:55,-119.7711,39.4839,1345,1020.6
RNO,12/16/2025 23:55,-119.7711,39.4839,1345,1020.6
RNO,12/17/2025 0:55,-119.7711,39.4839,1345,1020.7
RNO,12/17/2025 1:55,-119.7711,39.4839,1345,1022.2
RNO,12/17/2025 2:55,-119.7711,39.4839,1345,1021.8
RNO,12/17/2025 3:55,-119.7711,39.4839,1345,1021.1
RNO,12/17/2025 4:55,-119.7711,39.4839,1345,1020.6
RNO,12/17/2025 5:55,-119.7711,39.4839,1345,1019.6
RNO,12/17/2025 6:55,-119.7711,39.4839,1345,1018.3
RNO,12/17/2025 7:55,-119.7711,39.4839,1345,1016.8
RNO,12/17/2025 8:55,-119.7711,39.4839,1345,1014.6
RNO,12/17/2025 9:55,-119.7711,39.4839,1345,1014.4
RNO,12/17/2025 10:55,-119.7711,39.4839,1345,1012.7
RNO,12/17/2025 11:55,-119.7711,39.4839,1345,1012.6
RNO,12/17/2025 12:55,-119.7711,39.4839,1345,1013.9
RNO,12/17/2025 13:55,-119.7711,39.4839,1345,1013.7
RNO,12/17/2025 14:55,-119.7711,39.4839,1345,1014.5
RNO,12/17/2025 15:55,-119.7711,39.4839,1345,1015.2
RNO,12/17/2025 16:55,-119.7711,39.4839,1345,1016.3
RNO,12/17/2025 17:55,-119.7711,39.4839,1345,1017.1
RNO,12/17/2025 18:55,-119.7711,39.4839,1345,1017.8
RNO,12/17/2025 19:55,-119.7711,39.4839,1345,1015.6
RNO,12/17/2025 20:55,-119.7711,39.4839,1345,1014.7
RNO,12/17/2025 21:55,-119.7711,39.4839,1345,1016
RNO,12/17/2025 22:55,-119.7711,39.4839,1345,1016.5
RNO,12/17/2025 23:55,-119.7711,39.4839,1345,1016.9
RNO,12/18/2025 0:55,-119.7711,39.4839,1345,1017.1
RNO,12/18/2025 1:55,-119.7711,39.4839,1345,1018.4
RNO,12/18/2025 2:55,-119.7711,39.4839,1345,1019.1
RNO,12/18/2025 3:55,-119.7711,39.4839,1345,1019.5
RNO,12/18/2025 4:55,-119.7711,39.4839,1345,1020.3
RNO,12/18/2025 5:55,-119.7711,39.4839,1345,1020.1
RNO,12/18/2025 6:55,-119.7711,39.4839,1345,1020
RNO,12/18/2025 7:55,-119.7711,39.4839,1345,1019.2
RNO,12/18/2025 8:55,-119.7711,39.4839,1345,1019.2
RNO,12/18/2025 9:55,-119.7711,39.4839,1345,1018.9
RNO,12/18/2025 10:55,-119.7711,39.4839,1345,1018.7
RNO,12/18/2025 11:55,-119.7711,39.4839,1345,1017.9
RNO,12/18/2025 12:55,-119.7711,39.4839,1345,1018.4
RNO,12/18/2025 13:55,-119.7711,39.4839,1345,1018.9
RNO,12/18/2025 14:55,-119.7711,39.4839,1345,1018.8
RNO,12/18/2025 15:55,-119.7711,39.4839,1345,1019.2
RNO,12/18/2025 16:55,-119.7711,39.4839,1345,1019.3
RNO,12/18/2025 17:55,-119.7711,39.4839,1345,1018.9
RNO,12/18/2025 18:55,-119.7711,39.4839,1345,1018.2
RNO,12/18/2025 19:55,-119.7711,39.4839,1345,1017.3
RNO,12/18/2025 20:55,-119.7711,39.4839,1345,1016.4
RNO,12/18/2025 21:55,-119.7711,39.4839,1345,1015.2
RNO,12/18/2025 22:55,-119.7711,39.4839,1345,1015.6
RNO,12/18/2025 23:08,-119.7711,39.4839,1345,M
RNO,12/18/2025 23:55,-119.7711,39.4839,1345,1015.9
RNO,12/19/2025 0:55,-119.7711,39.4839,1345,1016
RNO,12/19/2025 1:55,-119.7711,39.4839,1345,1016.2
RNO,12/19/2025 2:55,-119.7711,39.4839,1345,1015.6
RNO,12/19/2025 3:55,-119.7711,39.4839,1345,1014.8
RNO,12/19/2025 4:55,-119.7711,39.4839,1345,1014.3
RNO,12/19/2025 5:55,-119.7711,39.4839,1345,1013.2
RNO,12/19/2025 6:55,-119.7711,39.4839,1345,1012.9
RNO,12/19/2025 7:55,-119.7711,39.4839,1345,1012
RNO,12/19/2025 8:55,-119.7711,39.4839,1345,1010.9
RNO,12/19/2025 9:55,-119.7711,39.4839,1345,1009.4
RNO,12/19/2025 10:55,-119.7711,39.4839,1345,1008.4
RNO,12/19/2025 11:55,-119.7711,39.4839,1345,1009.2
RNO,12/19/2025 12:55,-119.7711,39.4839,1345,1009.4
RNO,12/19/2025 13:55,-119.7711,39.4839,1345,1008.9
RNO,12/19/2025 14:55,-119.7711,39.4839,1345,1009.1
RNO,12/19/2025 15:55,-119.7711,39.4839,1345,1008.7
RNO,12/19/2025 16:55,-119.7711,39.4839,1345,1009.1
RNO,12/19/2025 17:55,-119.7711,39.4839,1345,1010
RNO,12/19/2025 18:55,-119.7711,39.4839,1345,1008.9
RNO,12/19/2025 19:55,-119.7711,39.4839,1345,1008.5
RNO,12/19/2025 20:12,-119.7711,39.4839,1345,M
RNO,12/19/2025 20:55,-119.7711,39.4839,1345,1008.8
RNO,12/19/2025 21:55,-119.7711,39.4839,1345,1010.9
RNO,12/19/2025 22:55,-119.7711,39.4839,1345,1011.3
RNO,12/19/2025 23:55,-119.7711,39.4839,1345,1011.7
RNO,12/20/2025 0:15,-119.7711,39.4839,1345,M
RNO,12/20/2025 0:55,-119.7711,39.4839,1345,1013
RNO,12/20/2025 1:55,-119.7711,39.4839,1345,1012.6
RNO,12/20/2025 2:55,-119.7711,39.4839,1345,1012.5
RNO,12/20/2025 3:55,-119.7711,39.4839,1345,1013.1
RNO,12/20/2025 4:55,-119.7711,39.4839,1345,1012.7
RNO,12/20/2025 5:55,-119.7711,39.4839,1345,1012.8
RNO,12/20/2025 6:55,-119.7711,39.4839,1345,1012.7
RNO,12/20/2025 7:55,-119.7711,39.4839,1345,1012.8
RNO,12/20/2025 8:55,-119.7711,39.4839,1345,1012.8
RNO,12/20/2025 9:55,-119.7711,39.4839,1345,1012.9
RNO,12/20/2025 10:55,-119.7711,39.4839,1345,1013.8
RNO,12/20/2025 11:55,-119.7711,39.4839,1345,1013.5
RNO,12/20/2025 12:55,-119.7711,39.4839,1345,1013.8
RNO,12/20/2025 13:55,-119.7711,39.4839,1345,1014.7
RNO,12/20/2025 14:55,-119.7711,39.4839,1345,1015.4
RNO,12/20/2025 15:55,-119.7711,39.4839,1345,1015.1
RNO,12/20/2025 16:55,-119.7711,39.4839,1345,1016.5
RNO,12/20/2025 17:55,-119.7711,39.4839,1345,1016.5
RNO,12/20/2025 18:55,-119.7711,39.4839,1345,1015.5
RNO,12/20/2025 19:55,-119.7711,39.4839,1345,1015.3
RNO,12/20/2025 20:55,-119.7711,39.4839,1345,1014.3
RNO,12/20/2025 21:55,-119.7711,39.4839,1345,1014.5
RNO,12/20/2025 22:55,-119.7711,39.4839,1345,1013.9
RNO,12/20/2025 23:55,-119.7711,39.4839,1345,1014.2
RNO,12/21/2025 0:55,-119.7711,39.4839,1345,1013.9
RNO,12/21/2025 1:55,-119.7711,39.4839,1345,1014.2
RNO,12/21/2025 2:55,-119.7711,39.4839,1345,1014
RNO,12/21/2025 3:55,-119.7711,39.4839,1345,1014.3
RNO,12/21/2025 4:55,-119.7711,39.4839,1345,1014
RNO,12/21/2025 5:55,-119.7711,39.4839,1345,1013.5
RNO,12/21/2025 6:55,-119.7711,39.4839,1345,1012.8
RNO,12/21/2025 7:55,-119.7711,39.4839,1345,1011.6
RNO,12/21/2025 8:55,-119.7711,39.4839,1345,1010.4
RNO,12/21/2025 9:53,-119.7711,39.4839,1345,M
RNO,12/21/2025 9:55,-119.7711,39.4839,1345,1009.3
RNO,12/21/2025 10:55,-119.7711,39.4839,1345,1009.1
RNO,12/21/2025 11:55,-119.7711,39.4839,1345,1008.4
RNO,12/21/2025 12:55,-119.7711,39.4839,1345,1008.7
RNO,12/21/2025 13:55,-119.7711,39.4839,1345,1008.3
RNO,12/21/2025 14:55,-119.7711,39.4839,1345,1008.5
RNO,12/21/2025 15:55,-119.7711,39.4839,1345,1008.4
RNO,12/21/2025 16:55,-119.7711,39.4839,1345,1008.1
RNO,12/21/2025 17:55,-119.7711,39.4839,1345,1008.1
RNO,12/21/2025 18:55,-119.7711,39.4839,1345,1009.1
RNO,12/21/2025 19:55,-119.7711,39.4839,1345,1007.7
RNO,12/21/2025 20:55,-119.7711,39.4839,1345,1007
RNO,12/21/2025 21:55,-119.7711,39.4839,1345,1008.5
RNO,12/21/2025 22:55,-119.7711,39.4839,1345,1007.1
RNO,12/21/2025 23:55,-119.7711,39.4839,1345,1006.5
RNO,12/22/2025 0:55,-119.7711,39.4839,1345,1009.2
RNO,12/22/2025 1:55,-119.7711,39.4839,1345,1007.7
RNO,12/22/2025 2:55,-119.7711,39.4839,1345,1011.7
RNO,12/22/2025 3:55,-119.7711,39.4839,1345,1011.9
RNO,12/22/2025 4:55,-119.7711,39.4839,1345,1010.8
RNO,12/22/2025 5:55,-119.7711,39.4839,1345,1011.1
RNO,12/22/2025 6:55,-119.7711,39.4839,1345,1011.2
RNO,12/22/2025 7:55,-119.7711,39.4839,1345,1011.2
RNO,12/22/2025 8:55,-119.7711,39.4839,1345,1011.7
RNO,12/22/2025 9:55,-119.7711,39.4839,1345,1012.9
RNO,12/22/2025 10:55,-119.7711,39.4839,1345,1012.7
RNO,12/22/2025 11:55,-119.7711,39.4839,1345,1012.3
RNO,12/22/2025 12:55,-119.7711,39.4839,1345,1012.7
RNO,12/22/2025 13:55,-119.7711,39.4839,1345,1013.4
RNO,12/22/2025 14:55,-119.7711,39.4839,1345,1013.6
RNO,12/22/2025 15:55,-119.7711,39.4839,1345,1014.8
RNO,12/22/2025 16:55,-119.7711,39.4839,1345,1015.9
RNO,12/22/2025 17:55,-119.7711,39.4839,1345,1015.7
RNO,12/22/2025 18:55,-119.7711,39.4839,1345,1017.1
RNO,12/22/2025 19:55,-119.7711,39.4839,1345,1016.3
RNO,12/22/2025 20:55,-119.7711,39.4839,1345,1015.6
RNO,12/22/2025 21:42,-119.7711,39.4839,1345,M
RNO,12/22/2025 21:52,-119.7711,39.4839,1345,M
RNO,12/22/2025 21:55,-119.7711,39.4839,1345,1014.7
RNO,12/22/2025 22:55,-119.7711,39.4839,1345,1015
RNO,12/22/2025 23:55,-119.7711,39.4839,1345,1014.5
RNO,12/23/2025 0:55,-119.7711,39.4839,1345,1013.7
RNO,12/23/2025 1:55,-119.7711,39.4839,1345,1013.1
RNO,12/23/2025 2:55,-119.7711,39.4839,1345,1013
RNO,12/23/2025 3:55,-119.7711,39.4839,1345,1013.5
RNO,12/23/2025 4:55,-119.7711,39.4839,1345,1013
RNO,12/23/2025 5:55,-119.7711,39.4839,1345,1012.7
RNO,12/23/2025 6:55,-119.7711,39.4839,1345,1012.6
RNO,12/23/2025 7:55,-119.7711,39.4839,1345,1012.1
RNO,12/23/2025 8:55,-119.7711,39.4839,1345,1012.2
RNO,12/23/2025 9:55,-119.7711,39.4839,1345,1012.1
RNO,12/23/2025 10:55,-119.7711,39.4839,1345,1011.4
RNO,12/23/2025 11:55,-119.7711,39.4839,1345,1010.9
RNO,12/23/2025 12:55,-119.7711,39.4839,1345,1010.9
RNO,12/23/2025 13:55,-119.7711,39.4839,1345,1010.3
RNO,12/23/2025 14:55,-119.7711,39.4839,1345,1009.5
RNO,12/23/2025 15:55,-119.7711,39.4839,1345,1009.3
RNO,12/23/2025 16:55,-119.7711,39.4839,1345,1008.9
RNO,12/23/2025 17:55,-119.7711,39.4839,1345,1007.8
RNO,12/23/2025 18:55,-119.7711,39.4839,1345,1006.9
RNO,12/23/2025 19:55,-119.7711,39.4839,1345,1005.8
RNO,12/23/2025 20:55,-119.7711,39.4839,1345,1004.9
RNO,12/23/2025 21:55,-119.7711,39.4839,1345,1004.7
RNO,12/23/2025 22:55,-119.7711,39.4839,1345,1004
RNO,12/23/2025 23:55,-119.7711,39.4839,1345,1004.6
RNO,12/24/2025 0:55,-119.7711,39.4839,1345,1004.3
RNO,12/24/2025 1:55,-119.7711,39.4839,1345,1004.6
RNO,12/24/2025 2:55,-119.7711,39.4839,1345,1003.8
RNO,12/24/2025 3:55,-119.7711,39.4839,1345,1003.9
RNO,12/24/2025 4:55,-119.7711,39.4839,1345,1003.1
RNO,12/24/2025 5:55,-119.7711,39.4839,1345,1001.6
RNO,12/24/2025 6:55,-119.7711,39.4839,1345,1001.2
RNO,12/24/2025 7:55,-119.7711,39.4839,1345,1000.9
RNO,12/24/2025 8:55,-119.7711,39.4839,1345,1000.5
RNO,12/24/2025 9:55,-119.7711,39.4839,1345,1000.9
RNO,12/24/2025 10:55,-119.7711,39.4839,1345,1001.4
RNO,12/24/2025 11:55,-119.7711,39.4839,1345,1001.1
RNO,12/24/2025 12:55,-119.7711,39.4839,1345,1002.1
RNO,12/24/2025 13:55,-119.7711,39.4839,1345,1002.3
RNO,12/24/2025 14:55,-119.7711,39.4839,1345,1001.4
RNO,12/24/2025 15:55,-119.7711,39.4839,1345,1002.2
RNO,12/24/2025 16:55,-119.7711,39.4839,1345,1003.8
RNO,12/24/2025 17:55,-119.7711,39.4839,1345,1004.4
RNO,12/24/2025 18:55,-119.7711,39.4839,1345,1004.1
RNO,12/24/2025 19:55,-119.7711,39.4839,1345,1004
RNO,12/24/2025 20:55,-119.7711,39.4839,1345,1004.1
RNO,12/24/2025 21:14,-119.7711,39.4839,1345,M
RNO,12/24/2025 21:55,-119.7711,39.4839,1345,1004.6
RNO,12/24/2025 22:41,-119.7711,39.4839,1345,M
RNO,12/24/2025 22:55,-119.7711,39.4839,1345,1004.8
RNO,12/24/2025 23:55,-119.7711,39.4839,1345,1004.8
RNO,12/25/2025 0:55,-119.7711,39.4839,1345,1005.8
RNO,12/25/2025 1:55,-119.7711,39.4839,1345,1006.7
RNO,12/25/2025 2:16,-119.7711,39.4839,1345,M
RNO,12/25/2025 2:55,-119.7711,39.4839,1345,1006.3
RNO,12/25/2025 3:55,-119.7711,39.4839,1345,1005.9
RNO,12/25/2025 4:24,-119.7711,39.4839,1345,M
RNO,12/25/2025 4:55,-119.7711,39.4839,1345,1005.9
RNO,12/25/2025 5:55,-119.7711,39.4839,1345,1005.3
RNO,12/25/2025 6:55,-119.7711,39.4839,1345,1004.8
RNO,12/25/2025 7:55,-119.7711,39.4839,1345,1004.4
RNO,12/25/2025 8:55,-119.7711,39.4839,1345,1003.8
RNO,12/25/2025 9:55,-119.7711,39.4839,1345,1004.6
RNO,12/25/2025 10:55,-119.7711,39.4839,1345,1004
RNO,12/25/2025 11:55,-119.7711,39.4839,1345,1003.1
RNO,12/25/2025 12:55,-119.7711,39.4839,1345,1003.6
RNO,12/25/2025 13:55,-119.7711,39.4839,1345,1005.6
RNO,12/25/2025 14:12,-119.7711,39.4839,1345,M
RNO,12/25/2025 14:35,-119.7711,39.4839,1345,M
RNO,12/25/2025 14:55,-119.7711,39.4839,1345,1005.2
RNO,12/25/2025 15:38,-119.7711,39.4839,1345,M
RNO,12/25/2025 15:55,-119.7711,39.4839,1345,1006.7
RNO,12/25/2025 16:55,-119.7711,39.4839,1345,1007.7
RNO,12/25/2025 17:08,-119.7711,39.4839,1345,M
RNO,12/25/2025 17:55,-119.7711,39.4839,1345,1007.7
RNO,12/25/2025 18:55,-119.7711,39.4839,1345,1006.9
RNO,12/25/2025 19:55,-119.7711,39.4839,1345,1006.2
RNO,12/25/2025 20:55,-119.7711,39.4839,1345,1006.2
RNO,12/25/2025 21:55,-119.7711,39.4839,1345,1006
RNO,12/25/2025 22:55,-119.7711,39.4839,1345,1007.1
RNO,12/25/2025 23:55,-119.7711,39.4839,1345,1007.7
RNO,12/26/2025 0:10,-119.7711,39.4839,1345,M
RNO,12/26/2025 0:55,-119.7711,39.4839,1345,1007.3
RNO,12/26/2025 1:55,-119.7711,39.4839,1345,1006.9
RNO,12/26/2025 2:55,-119.7711,39.4839,1345,1006.7
RNO,12/26/2025 3:55,-119.7711,39.4839,1345,1007
RNO,12/26/2025 4:55,-119.7711,39.4839,1345,1006.5
RNO,12/26/2025 5:55,-119.7711,39.4839,1345,1006.6
RNO,12/26/2025 6:55,-119.7711,39.4839,1345,1005.8
RNO,12/26/2025 7:55,-119.7711,39.4839,1345,1005.7
RNO,12/26/2025 8:55,-119.7711,39.4839,1345,1006.1
RNO,12/26/2025 9:55,-119.7711,39.4839,1345,1007.1
RNO,12/26/2025 10:55,-119.7711,39.4839,1345,1008
RNO,12/26/2025 11:36,-119.7711,39.4839,1345,M
RNO,12/26/2025 11:55,-119.7711,39.4839,1345,1008.8
RNO,12/26/2025 12:37,-119.7711,39.4839,1345,M
RNO,12/26/2025 12:49,-119.7711,39.4839,1345,M
RNO,12/26/2025 12:55,-119.7711,39.4839,1345,1009.7
RNO,12/26/2025 13:43,-119.7711,39.4839,1345,M
RNO,12/26/2025 13:55,-119.7711,39.4839,1345,1010
RNO,12/26/2025 14:30,-119.7711,39.4839,1345,M
RNO,12/26/2025 14:55,-119.7711,39.4839,1345,1011.1
RNO,12/26/2025 15:06,-119.7711,39.4839,1345,M
RNO,12/26/2025 15:45,-119.7711,39.4839,1345,M
RNO,12/26/2025 15:55,-119.7711,39.4839,1345,1011.1
RNO,12/26/2025 16:29,-119.7711,39.4839,1345,M
RNO,12/26/2025 16:55,-119.7711,39.4839,1345,1012.1
RNO,12/26/2025 17:55,-119.7711,39.4839,1345,1012.2
RNO,12/26/2025 18:55,-119.7711,39.4839,1345,1011.6
RNO,12/26/2025 19:55,-119.7711,39.4839,1345,1010
RNO,12/26/2025 20:55,-119.7711,39.4839,1345,1007.4
RNO,12/26/2025 21:34,-119.7711,39.4839,1345,M
RNO,12/26/2025 21:55,-119.7711,39.4839,1345,1008
RNO,12/26/2025 22:12,-119.7711,39.4839,1345,M
RNO,12/26/2025 22:55,-119.7711,39.4839,1345,1008
RNO,12/26/2025 23:55,-119.7711,39.4839,1345,1008.4
RNO,12/27/2025 0:55,-119.7711,39.4839,1345,1009.3
RNO,12/27/2025 1:55,-119.7711,39.4839,1345,1010.1
RNO,12/27/2025 2:55,-119.7711,39.4839,1345,1010.5
RNO,12/27/2025 3:55,-119.7711,39.4839,1345,1010.5
RNO,12/27/2025 4:55,-119.7711,39.4839,1345,1011.2
RNO,12/27/2025 5:55,-119.7711,39.4839,1345,1011.1
RNO,12/27/2025 6:55,-119.7711,39.4839,1345,1011.9
RNO,12/27/2025 7:55,-119.7711,39.4839,1345,1012.4
RNO,12/27/2025 8:55,-119.7711,39.4839,1345,1012.6
RNO,12/27/2025 9:55,-119.7711,39.4839,1345,1013.6
RNO,12/27/2025 10:55,-119.7711,39.4839,1345,1013.9
RNO,12/27/2025 11:55,-119.7711,39.4839,1345,1014.3
RNO,12/27/2025 12:55,-119.7711,39.4839,1345,1015.2
RNO,12/27/2025 13:55,-119.7711,39.4839,1345,1016.3
RNO,12/27/2025 14:55,-119.7711,39.4839,1345,1017.7
RNO,12/27/2025 15:55,-119.7711,39.4839,1345,1018.9
RNO,12/27/2025 16:55,-119.7711,39.4839,1345,1019.3
RNO,12/27/2025 17:55,-119.7711,39.4839,1345,1019.9
RNO,12/27/2025 18:55,-119.7711,39.4839,1345,1020
RNO,12/27/2025 19:55,-119.7711,39.4839,1345,1019.2
RNO,12/27/2025 20:55,-119.7711,39.4839,1345,1019
RNO,12/27/2025 21:55,-119.7711,39.4839,1345,1019.1
RNO,12/27/2025 22:55,-119.7711,39.4839,1345,1019.9
RNO,12/27/2025 23:55,-119.7711,39.4839,1345,1020.7
RNO,12/28/2025 0:55,-119.7711,39.4839,1345,1022.2
RNO,12/28/2025 1:55,-119.7711,39.4839,1345,1023
RNO,12/28/2025 2:55,-119.7711,39.4839,1345,1024.6
RNO,12/28/2025 3:55,-119.7711,39.4839,1345,1025.4
RNO,12/28/2025 4:55,-119.7711,39.4839,1345,1026.4
RNO,12/28/2025 5:55,-119.7711,39.4839,1345,1026.7
RNO,12/28/2025 6:55,-119.7711,39.4839,1345,1027
RNO,12/28/2025 7:55,-119.7711,39.4839,1345,1027
RNO,12/28/2025 8:55,-119.7711,39.4839,1345,1027.2
RNO,12/28/2025 9:55,-119.7711,39.4839,1345,1027.5
RNO,12/28/2025 10:55,-119.7711,39.4839,1345,1028
RNO,12/28/2025 11:55,-119.7711,39.4839,1345,1028.9
RNO,12/28/2025 12:55,-119.7711,39.4839,1345,1029.8
RNO,12/28/2025 13:55,-119.7711,39.4839,1345,1030.3
RNO,12/28/2025 14:55,-119.7711,39.4839,1345,1030.1
RNO,12/28/2025 15:55,-119.7711,39.4839,1345,1031.5
RNO,12/28/2025 16:55,-119.7711,39.4839,1345,1032.3
RNO,12/28/2025 17:55,-119.7711,39.4839,1345,1032.6
RNO,12/28/2025 18:55,-119.7711,39.4839,1345,1031.9
RNO,12/28/2025 19:55,-119.7711,39.4839,1345,1031.3
RNO,12/28/2025 20:55,-119.7711,39.4839,1345,1030.8
RNO,12/28/2025 21:55,-119.7711,39.4839,1345,1030.4
RNO,12/28/2025 22:55,-119.7711,39.4839,1345,1030.9
RNO,12/28/2025 23:55,-119.7711,39.4839,1345,1031.2
RNO,12/29/2025 0:55,-119.7711,39.4839,1345,1032.3
RNO,12/29/2025 1:55,-119.7711,39.4839,1345,1033
RNO,12/29/2025 2:55,-119.7711,39.4839,1345,1033.4
RNO,12/29/2025 3:55,-119.7711,39.4839,1345,1034.5
RNO,12/29/2025 4:55,-119.7711,39.4839,1345,1034.9
RNO,12/29/2025 5:55,-119.7711,39.4839,1345,1034.7
RNO,12/29/2025 6:55,-119.7711,39.4839,1345,1034.7
RNO,12/29/2025 7:55,-119.7711,39.4839,1345,1035.2
RNO,12/29/2025 8:55,-119.7711,39.4839,1345,1035.1
RNO,12/29/2025 9:55,-119.7711,39.4839,1345,1035.4
RNO,12/29/2025 10:55,-119.7711,39.4839,1345,1035.2
RNO,12/29/2025 11:55,-119.7711,39.4839,1345,1034.9
RNO,12/29/2025 12:55,-119.7711,39.4839,1345,1035.7
RNO,12/29/2025 13:55,-119.7711,39.4839,1345,1036.4
RNO,12/29/2025 14:55,-119.7711,39.4839,1345,1037
RNO,12/29/2025 15:55,-119.7711,39.4839,1345,1037.2
RNO,12/29/2025 16:55,-119.7711,39.4839,1345,1037
RNO,12/29/2025 17:55,-119.7711,39.4839,1345,1037.1
RNO,12/29/2025 18:55,-119.7711,39.4839,1345,1035.6
RNO,12/29/2025 19:55,-119.7711,39.4839,1345,1034.3
RNO,12/29/2025 20:55,-119.7711,39.4839,1345,1032.9
RNO,12/29/2025 21:55,-119.7711,39.4839,1345,1032.1
RNO,12/29/2025 22:55,-119.7711,39.4839,1345,1031.8
RNO,12/29/2025 23:55,-119.7711,39.4839,1345,1032.1
RNO,12/30/2025 0:55,-119.7711,39.4839,1345,1032.3
RNO,12/30/2025 1:55,-119.7711,39.4839,1345,1033.2
RNO,12/30/2025 2:55,-119.7711,39.4839,1345,1033.9
RNO,12/30/2025 3:55,-119.7711,39.4839,1345,1034.1
RNO,12/30/2025 4:55,-119.7711,39.4839,1345,1033.7
RNO,12/30/2025 5:55,-119.7711,39.4839,1345,1033.9
RNO,12/30/2025 6:55,-119.7711,39.4839,1345,1033.4
RNO,12/30/2025 7:55,-119.7711,39.4839,1345,1033.1
RNO,12/30/2025 8:55,-119.7711,39.4839,1345,1032.5
RNO,12/30/2025 9:55,-119.7711,39.4839,1345,1032.3
RNO,12/30/2025 10:55,-119.7711,39.4839,1345,1031.9
RNO,12/30/2025 11:55,-119.7711,39.4839,1345,1031.9
RNO,12/30/2025 12:55,-119.7711,39.4839,1345,1032
RNO,12/30/2025 13:55,-119.7711,39.4839,1345,1032.2
RNO,12/30/2025 14:55,-119.7711,39.4839,1345,1032.4
RNO,12/30/2025 15:55,-119.7711,39.4839,1345,1032.5
RNO,12/30/2025 16:55,-119.7711,39.4839,1345,1032.9
RNO,12/30/2025 17:55,-119.7711,39.4839,1345,1032.9
RNO,12/30/2025 18:55,-119.7711,39.4839,1345,1031.5
RNO,12/30/2025 19:55,-119.7711,39.4839,1345,1030
RNO,12/30/2025 20:55,-119.7711,39.4839,1345,1028.8
RNO,12/30/2025 21:55,-119.7711,39.4839,1345,1028.1
RNO,12/30/2025 22:55,-119.7711,39.4839,1345,1028.2
RNO,12/30/2025 23:55,-119.7711,39.4839,1345,1028.5
RNO,12/31/2025 0:55,-119.7711,39.4839,1345,1028.4
RNO,12/31/2025 1:55,-119.7711,39.4839,1345,1029
RNO,12/31/2025 2:55,-119.7711,39.4839,1345,1029
RNO,12/31/2025 3:55,-119.7711,39.4839,1345,1029
RNO,12/31/2025 4:55,-119.7711,39.4839,1345,1028.9
RNO,12/31/2025 5:55,-119.7711,39.4839,1345,1028.6
RNO,12/31/2025 6:55,-119.7711,39.4839,1345,1028.5
RNO,12/31/2025 7:55,-119.7711,39.4839,1345,1027.8
RNO,12/31/2025 8:55,-119.7711,39.4839,1345,1027
RNO,12/31/2025 9:55,-119.7711,39.4839,1345,1026.9
RNO,12/31/2025 10:55,-119.7711,39.4839,1345,1026.3
RNO,12/31/2025 11:55,-119.7711,39.4839,1345,1025.7
RNO,12/31/2025 12:55,-119.7711,39.4839,1345,1025.7
RNO,12/31/2025 13:55,-119.7711,39.4839,1345,1025.9
RNO,12/31/2025 14:55,-119.7711,39.4839,1345,1025.7
RNO,12/31/2025 15:55,-119.7711,39.4839,1345,1025.8
RNO,12/31/2025 16:55,-119.7711,39.4839,1345,1025.3
RNO,12/31/2025 17:55,-119.7711,39.4839,1345,1025.2
RNO,12/31/2025 18:55,-119.7711,39.4839,1345,1023.9
RNO,12/31/2025 19:55,-119.7711,39.4839,1345,1022.2
RNO,12/31/2025 20:55,-119.7711,39.4839,1345,1020.9
RNO,12/31/2025 21:55,-119.7711,39.4839,1345,1020.1
RNO,12/31/2025 22:55,-119.7711,39.4839,1345,1019.4
RNO,12/31/2025 23:55,-119.7711,39.4839,1345,1018.8
RNO,1/1/2026 0:55,-119.7711,39.4839,1345,1018.2
RNO,1/1/2026 1:55,-119.7711,39.4839,1345,1018.3
RNO,1/1/2026 2:55,-119.7711,39.4839,1345,1018.2
RNO,1/1/2026 3:55,-119.7711,39.4839,1345,1018.3
RNO,1/1/2026 4:55,-119.7711,39.4839,1345,1018
RNO,1/1/2026 5:55,-119.7711,39.4839,1345,1017.7
RNO,1/1/2026 6:55,-119.7711,39.4839,1345,1017.3
RNO,1/1/2026 7:55,-119.7711,39.4839,1345,1016.4
RNO,1/1/2026 8:55,-119.7711,39.4839,1345,1015.6
RNO,1/1/2026 9:55,-119.7711,39.4839,1345,1015.3
RNO,1/1/2026 10:55,-119.7711,39.4839,1345,1014.7
RNO,1/1/2026 11:55,-119.7711,39.4839,1345,1014.3
RNO,1/1/2026 12:55,-119.7711,39.4839,1345,1013.8
RNO,1/1/2026 13:55,-119.7711,39.4839,1345,1013.6
RNO,1/1/2026 14:55,-119.7711,39.4839,1345,1014.1
RNO,1/1/2026 15:55,-119.7711,39.4839,1345,1014.1
RNO,1/1/2026 16:55,-119.7711,39.4839,1345,1014.4
RNO,1/1/2026 17:55,-119.7711,39.4839,1345,1014.5
RNO,1/1/2026 18:55,-119.7711,39.4839,1345,1014.4
RNO,1/1/2026 19:55,-119.7711,39.4839,1345,1014.1
RNO,1/1/2026 20:55,-119.7711,39.4839,1345,1011.8
RNO,1/1/2026 21:55,-119.7711,39.4839,1345,1011.7
RNO,1/1/2026 22:55,-119.7711,39.4839,1345,1011.5
RNO,1/1/2026 23:55,-119.7711,39.4839,1345,1011.8
RNO,1/2/2026 0:55,-119.7711,39.4839,1345,1012.4
RNO,1/2/2026 1:55,-119.7711,39.4839,1345,1013.2
RNO,1/2/2026 2:55,-119.7711,39.4839,1345,1014
RNO,1/2/2026 3:55,-119.7711,39.4839,1345,1014.6
RNO,1/2/2026 4:55,-119.7711,39.4839,1345,1015.1
RNO,1/2/2026 5:55,-119.7711,39.4839,1345,1015.8
RNO,1/2/2026 6:55,-119.7711,39.4839,1345,1016.1
RNO,1/2/2026 7:55,-119.7711,39.4839,1345,1016.2
RNO,1/2/2026 8:55,-119.7711,39.4839,1345,1016
RNO,1/2/2026 9:55,-119.7711,39.4839,1345,1016.4
RNO,1/2/2026 10:55,-119.7711,39.4839,1345,1016.5
RNO,1/2/2026 11:55,-119.7711,39.4839,1345,1016.3
RNO,1/2/2026 12:55,-119.7711,39.4839,1345,1016.5
RNO,1/2/2026 13:55,-119.7711,39.4839,1345,1016.8
RNO,1/2/2026 14:55,-119.7711,39.4839,1345,1017
RNO,1/2/2026 15:55,-119.7711,39.4839,1345,1016.7
RNO,1/2/2026 16:55,-119.7711,39.4839,1345,1016.8
RNO,1/2/2026 17:55,-119.7711,39.4839,1345,1016.9
RNO,1/2/2026 18:55,-119.7711,39.4839,1345,1015.8
RNO,1/2/2026 19:55,-119.7711,39.4839,1345,1014.9
RNO,1/2/2026 20:55,-119.7711,39.4839,1345,1013.6
RNO,1/2/2026 21:55,-119.7711,39.4839,1345,1013.4
RNO,1/2/2026 22:55,-119.7711,39.4839,1345,1012.8
RNO,1/2/2026 23:55,-119.7711,39.4839,1345,1012.4
RNO,1/3/2026 0:55,-119.7711,39.4839,1345,1012.2
RNO,1/3/2026 1:55,-119.7711,39.4839,1345,1012
RNO,1/3/2026 2:55,-119.7711,39.4839,1345,1012
RNO,1/3/2026 3:55,-119.7711,39.4839,1345,1011.2
RNO,1/3/2026 4:55,-119.7711,39.4839,1345,1011.6
RNO,1/3/2026 5:55,-119.7711,39.4839,1345,1011.7
RNO,1/3/2026 6:55,-119.7711,39.4839,1345,1010
RNO,1/3/2026 7:55,-119.7711,39.4839,1345,1009.2
RNO,1/3/2026 8:55,-119.7711,39.4839,1345,1008.5
RNO,1/3/2026 9:55,-119.7711,39.4839,1345,1007.7
RNO,1/3/2026 10:55,-119.7711,39.4839,1345,1008.7
RNO,1/3/2026 11:55,-119.7711,39.4839,1345,1008.8
RNO,1/3/2026 12:55,-119.7711,39.4839,1345,1008.4
RNO,1/3/2026 13:55,-119.7711,39.4839,1345,1008.8
RNO,1/3/2026 14:55,-119.7711,39.4839,1345,1009.2
RNO,1/3/2026 15:55,-119.7711,39.4839,1345,1009.5
RNO,1/3/2026 16:55,-119.7711,39.4839,1345,1009.6
RNO,1/3/2026 17:55,-119.7711,39.4839,1345,1009.3
RNO,1/3/2026 18:55,-119.7711,39.4839,1345,1007.7
RNO,1/3/2026 19:55,-119.7711,39.4839,1345,1005.3
RNO,1/3/2026 20:55,-119.7711,39.4839,1345,1006.8
RNO,1/3/2026 21:06,-119.7711,39.4839,1345,M
RNO,1/3/2026 21:13,-119.7711,39.4839,1345,M
RNO,1/3/2026 21:55,-119.7711,39.4839,1345,1006.2
RNO,1/3/2026 22:55,-119.7711,39.4839,1345,1006.9
RNO,1/3/2026 23:55,-119.7711,39.4839,1345,1008
RNO,1/4/2026 0:55,-119.7711,39.4839,1345,1008.9
RNO,1/4/2026 1:11,-119.7711,39.4839,1345,M
RNO,1/4/2026 1:55,-119.7711,39.4839,1345,1008.9
RNO,1/4/2026 2:55,-119.7711,39.4839,1345,1008.9
RNO,1/4/2026 3:55,-119.7711,39.4839,1345,1009.2
RNO,1/4/2026 4:55,-119.7711,39.4839,1345,1008.2
RNO,1/4/2026 5:55,-119.7711,39.4839,1345,1008.4
RNO,1/4/2026 6:55,-119.7711,39.4839,1345,1008.2
RNO,1/4/2026 7:55,-119.7711,39.4839,1345,1008.4
RNO,1/4/2026 8:55,-119.7711,39.4839,1345,1008.2
RNO,1/4/2026 9:55,-119.7711,39.4839,1345,1008.3
RNO,1/4/2026 10:55,-119.7711,39.4839,1345,1008.2
RNO,1/4/2026 11:55,-119.7711,39.4839,1345,1006.8
RNO,1/4/2026 12:55,-119.7711,39.4839,1345,1006.2
RNO,1/4/2026 13:55,-119.7711,39.4839,1345,1006.3
RNO,1/4/2026 14:55,-119.7711,39.4839,1345,1007.7
RNO,1/4/2026 15:55,-119.7711,39.4839,1345,1008.8
RNO,1/4/2026 16:55,-119.7711,39.4839,1345,1009.4
RNO,1/4/2026 17:55,-119.7711,39.4839,1345,1009.9
RNO,1/4/2026 18:55,-119.7711,39.4839,1345,1009.1
RNO,1/4/2026 19:55,-119.7711,39.4839,1345,1008.3
RNO,1/4/2026 20:55,-119.7711,39.4839,1345,1007.5
RNO,1/4/2026 21:55,-119.7711,39.4839,1345,1007.6
RNO,1/4/2026 22:31,-119.7711,39.4839,1345,M
RNO,1/4/2026 22:50,-119.7711,39.4839,1345,M
RNO,1/4/2026 22:55,-119.7711,39.4839,1345,1007.8
RNO,1/4/2026 23:55,-119.7711,39.4839,1345,1007.3
RNO,1/5/2026 0:55,-119.7711,39.4839,1345,1007.2
RNO,1/5/2026 1:39,-119.7711,39.4839,1345,M
RNO,1/5/2026 1:55,-119.7711,39.4839,1345,1008.1
RNO,1/5/2026 2:14,-119.7711,39.4839,1345,M
RNO,1/5/2026 2:55,-119.7711,39.4839,1345,1008.4
RNO,1/5/2026 3:55,-119.7711,39.4839,1345,1008.7
RNO,1/5/2026 4:55,-119.7711,39.4839,1345,1008.7
RNO,1/5/2026 5:55,-119.7711,39.4839,1345,1009.5
RNO,1/5/2026 6:55,-119.7711,39.4839,1345,1009.7
RNO,1/5/2026 7:55,-119.7711,39.4839,1345,1009.3
RNO,1/5/2026 8:55,-119.7711,39.4839,1345,1009.4
RNO,1/5/2026 9:55,-119.7711,39.4839,1345,1009.7
RNO,1/5/2026 10:55,-119.7711,39.4839,1345,1010.1
RNO,1/5/2026 11:55,-119.7711,39.4839,1345,1009.7
RNO,1/5/2026 12:55,-119.7711,39.4839,1345,1010.1
RNO,1/5/2026 13:55,-119.7711,39.4839,1345,1010.2
RNO,1/5/2026 14:55,-119.7711,39.4839,1345,1010.9
RNO,1/5/2026 15:55,-119.7711,39.4839,1345,1011.6
RNO,1/5/2026 16:55,-119.7711,39.4839,1345,1011.8
RNO,1/5/2026 17:55,-119.7711,39.4839,1345,1012
RNO,1/5/2026 18:55,-119.7711,39.4839,1345,1011.9
RNO,1/5/2026 19:55,-119.7711,39.4839,1345,1011
RNO,1/5/2026 20:55,-119.7711,39.4839,1345,1011.1
RNO,1/5/2026 21:55,-119.7711,39.4839,1345,1011.3
RNO,1/5/2026 22:55,-119.7711,39.4839,1345,1011.4
RNO,1/5/2026 23:55,-119.7711,39.4839,1345,1012.3
RNO,1/6/2026 0:55,-119.7711,39.4839,1345,1013.1
RNO,1/6/2026 1:55,-119.7711,39.4839,1345,1013.6
RNO,1/6/2026 2:55,-119.7711,39.4839,1345,1015
RNO,1/6/2026 3:55,-119.7711,39.4839,1345,1016.2
RNO,1/6/2026 4:55,-119.7711,39.4839,1345,1015.9
RNO,1/6/2026 5:55,-119.7711,39.4839,1345,1016
RNO,1/6/2026 6:55,-119.7711,39.4839,1345,1016.3
RNO,1/6/2026 7:55,-119.7711,39.4839,1345,1016
RNO,1/6/2026 8:55,-119.7711,39.4839,1345,1016.2
RNO,1/6/2026 9:55,-119.7711,39.4839,1345,1017.7
RNO,1/6/2026 10:55,-119.7711,39.4839,1345,1018
RNO,1/6/2026 11:55,-119.7711,39.4839,1345,1018.7
RNO,1/6/2026 12:55,-119.7711,39.4839,1345,1018.8
RNO,1/6/2026 13:55,-119.7711,39.4839,1345,1019.6
RNO,1/6/2026 14:55,-119.7711,39.4839,1345,1020.3
RNO,1/6/2026 15:55,-119.7711,39.4839,1345,1020.4
RNO,1/6/2026 16:55,-119.7711,39.4839,1345,1020.4
RNO,1/6/2026 17:55,-119.7711,39.4839,1345,1020.4
RNO,1/6/2026 18:55,-119.7711,39.4839,1345,1020
RNO,1/6/2026 19:55,-119.7711,39.4839,1345,1019.2
RNO,1/6/2026 20:55,-119.7711,39.4839,1345,1017.9
RNO,1/6/2026 21:55,-119.7711,39.4839,1345,1017
RNO,1/6/2026 22:55,-119.7711,39.4839,1345,1017
RNO,1/6/2026 23:55,-119.7711,39.4839,1345,1016.9
RNO,1/7/2026 0:55,-119.7711,39.4839,1345,1017.4
RNO,1/7/2026 1:55,-119.7711,39.4839,1345,1017.3
RNO,1/7/2026 2:55,-119.7711,39.4839,1345,1017.8
RNO,1/7/2026 3:55,-119.7711,39.4839,1345,1017.1
RNO,1/7/2026 4:55,-119.7711,39.4839,1345,1016.5
RNO,1/7/2026 5:55,-119.7711,39.4839,1345,1015.7
RNO,1/7/2026 6:55,-119.7711,39.4839,1345,1015.5
RNO,1/7/2026 7:55,-119.7711,39.4839,1345,1015.2
RNO,1/7/2026 8:55,-119.7711,39.4839,1345,1014.6
RNO,1/7/2026 9:55,-119.7711,39.4839,1345,1014.5
RNO,1/7/2026 10:55,-119.7711,39.4839,1345,1013.9
RNO,1/7/2026 11:55,-119.7711,39.4839,1345,1013.1
RNO,1/7/2026 12:55,-119.7711,39.4839,1345,1013.1
RNO,1/7/2026 13:55,-119.7711,39.4839,1345,1013.5
RNO,1/7/2026 14:55,-119.7711,39.4839,1345,1014.2
RNO,1/7/2026 15:55,-119.7711,39.4839,1345,1013.9
RNO,1/7/2026 16:55,-119.7711,39.4839,1345,1014.3
RNO,1/7/2026 17:55,-119.7711,39.4839,1345,1014.3
RNO,1/7/2026 18:55,-119.7711,39.4839,1345,1014
RNO,1/7/2026 19:55,-119.7711,39.4839,1345,1012.4
RNO,1/7/2026 20:30,-119.7711,39.4839,1345,M
RNO,1/7/2026 20:55,-119.7711,39.4839,1345,1011.2
RNO,1/7/2026 21:55,-119.7711,39.4839,1345,1011
RNO,1/7/2026 22:55,-119.7711,39.4839,1345,1010.7
RNO,1/7/2026 23:27,-119.7711,39.4839,1345,M
RNO,1/7/2026 23:55,-119.7711,39.4839,1345,1011.5
RNO,1/8/2026 0:55,-119.7711,39.4839,1345,1010.6
RNO,1/8/2026 1:55,-119.7711,39.4839,1345,1011
RNO,1/8/2026 2:55,-119.7711,39.4839,1345,1010.6
RNO,1/8/2026 3:55,-119.7711,39.4839,1345,1010.5
RNO,1/8/2026 4:55,-119.7711,39.4839,1345,1009.5
RNO,1/8/2026 5:55,-119.7711,39.4839,1345,1009.9
RNO,1/8/2026 6:55,-119.7711,39.4839,1345,1009.5
RNO,1/8/2026 7:55,-119.7711,39.4839,1345,1009.3
RNO,1/8/2026 8:55,-119.7711,39.4839,1345,1010.6
RNO,1/8/2026 8:58,-119.7711,39.4839,1345,M
RNO,1/8/2026 9:04,-119.7711,39.4839,1345,M
RNO,1/8/2026 9:19,-119.7711,39.4839,1345,M
RNO,1/8/2026 9:42,-119.7711,39.4839,1345,M
RNO,1/8/2026 9:50,-119.7711,39.4839,1345,M
RNO,1/8/2026 9:55,-119.7711,39.4839,1345,1012.9
RNO,1/8/2026 10:14,-119.7711,39.4839,1345,M
RNO,1/8/2026 10:31,-119.7711,39.4839,1345,M
RNO,1/8/2026 10:35,-119.7711,39.4839,1345,M
RNO,1/8/2026 10:43,-119.7711,39.4839,1345,M
RNO,1/8/2026 10:55,-119.7711,39.4839,1345,1015.3
RNO,1/8/2026 11:03,-119.7711,39.4839,1345,M
RNO,1/8/2026 11:15,-119.7711,39.4839,1345,M
RNO,1/8/2026 11:34,-119.7711,39.4839,1345,M
RNO,1/8/2026 11:45,-119.7711,39.4839,1345,M
RNO,1/8/2026 11:55,-119.7711,39.4839,1345,1016
RNO,1/8/2026 12:55,-119.7711,39.4839,1345,1017.2
RNO,1/8/2026 13:55,-119.7711,39.4839,1345,1018.6
RNO,1/8/2026 14:55,-119.7711,39.4839,1345,1019.7
RNO,1/8/2026 15:55,-119.7711,39.4839,1345,1020.4
RNO,1/8/2026 16:55,-119.7711,39.4839,1345,1022.3
RNO,1/8/2026 17:55,-119.7711,39.4839,1345,1023.3
RNO,1/8/2026 18:55,-119.7711,39.4839,1345,1023.9
RNO,1/8/2026 19:55,-119.7711,39.4839,1345,1023.8
RNO,1/8/2026 20:55,-119.7711,39.4839,1345,1023.3
RNO,1/8/2026 21:55,-119.7711,39.4839,1345,1024.1
RNO,1/8/2026 22:55,-119.7711,39.4839,1345,1025.3
RNO,1/8/2026 23:55,-119.7711,39.4839,1345,1025.8
RNO,1/9/2026 0:55,-119.7711,39.4839,1345,1026.7
RNO,1/9/2026 1:55,-119.7711,39.4839,1345,1028.1
RNO,1/9/2026 2:55,-119.7711,39.4839,1345,1029.3
RNO,1/9/2026 3:55,-119.7711,39.4839,1345,1030.6
RNO,1/9/2026 4:55,-119.7711,39.4839,1345,1031.1
RNO,1/9/2026 5:55,-119.7711,39.4839,1345,1031.9
RNO,1/9/2026 6:55,-119.7711,39.4839,1345,1032.4
RNO,1/9/2026 7:55,-119.7711,39.4839,1345,1033
RNO,1/9/2026 8:55,-119.7711,39.4839,1345,1033
RNO,1/9/2026 9:55,-119.7711,39.4839,1345,1033.6
RNO,1/9/2026 10:55,-119.7711,39.4839,1345,1034.5
RNO,1/9/2026 11:55,-119.7711,39.4839,1345,1034.6
RNO,1/9/2026 12:55,-119.7711,39.4839,1345,1035.4
RNO,1/9/2026 13:55,-119.7711,39.4839,1345,1036.3
RNO,1/9/2026 14:55,-119.7711,39.4839,1345,1037.2
RNO,1/9/2026 15:55,-119.7711,39.4839,1345,1037.6
RNO,1/9/2026 16:55,-119.7711,39.4839,1345,1037.7
RNO,1/9/2026 17:55,-119.7711,39.4839,1345,1038.3
RNO,1/9/2026 18:55,-119.7711,39.4839,1345,1037.9
RNO,1/9/2026 19:55,-119.7711,39.4839,1345,1037.3
RNO,1/9/2026 20:55,-119.7711,39.4839,1345,1036.3
RNO,1/9/2026 21:55,-119.7711,39.4839,1345,1036.1
RNO,1/9/2026 22:55,-119.7711,39.4839,1345,1036.1
RNO,1/9/2026 23:55,-119.7711,39.4839,1345,1036.3
RNO,1/10/2026 0:55,-119.7711,39.4839,1345,1036.6
RNO,1/10/2026 1:55,-119.7711,39.4839,1345,1038.1
RNO,1/10/2026 2:55,-119.7711,39.4839,1345,1038.5
RNO,1/10/2026 3:55,-119.7711,39.4839,1345,1039.3
RNO,1/10/2026 4:55,-119.7711,39.4839,1345,1039.6
RNO,1/10/2026 5:55,-119.7711,39.4839,1345,1040
RNO,1/10/2026 6:55,-119.7711,39.4839,1345,1039.9
RNO,1/10/2026 7:55,-119.7711,39.4839,1345,1039.7
RNO,1/10/2026 8:55,-119.7711,39.4839,1345,1039.8
RNO,1/10/2026 9:55,-119.7711,39.4839,1345,1040.1
RNO,1/10/2026 10:55,-119.7711,39.4839,1345,1040.2
RNO,1/10/2026 11:55,-119.7711,39.4839,1345,1039.8
RNO,1/10/2026 12:55,-119.7711,39.4839,1345,1039.6
RNO,1/10/2026 13:55,-119.7711,39.4839,1345,1040.3
RNO,1/10/2026 14:55,-119.7711,39.4839,1345,1040.8
RNO,1/10/2026 15:55,-119.7711,39.4839,1345,1040.8
RNO,1/10/2026 16:55,-119.7711,39.4839,1345,1041.3
RNO,1/10/2026 17:55,-119.7711,39.4839,1345,1041
RNO,1/10/2026 18:55,-119.7711,39.4839,1345,1040
RNO,1/10/2026 19:55,-119.7711,39.4839,1345,1038.8
RNO,1/10/2026 20:55,-119.7711,39.4839,1345,1037.6
RNO,1/10/2026 21:55,-119.7711,39.4839,1345,1036.3
RNO,1/10/2026 22:55,-119.7711,39.4839,1345,1035.9
RNO,1/10/2026 23:55,-119.7711,39.4839,1345,1036.2
RNO,1/11/2026 0:55,-119.7711,39.4839,1345,1036.4
RNO,1/11/2026 1:55,-119.7711,39.4839,1345,1037.2
RNO,1/11/2026 2:55,-119.7711,39.4839,1345,1037.8
RNO,1/11/2026 3:55,-119.7711,39.4839,1345,1038.1
RNO,1/11/2026 4:55,-119.7711,39.4839,1345,1037.9
RNO,1/11/2026 5:55,-119.7711,39.4839,1345,1037.6
RNO,1/11/2026 6:55,-119.7711,39.4839,1345,1037.3
RNO,1/11/2026 7:55,-119.7711,39.4839,1345,1037
RNO,1/11/2026 8:55,-119.7711,39.4839,1345,1036.5
RNO,1/11/2026 9:55,-119.7711,39.4839,1345,1036.2
RNO,1/11/2026 10:55,-119.7711,39.4839,1345,1036.1
RNO,1/11/2026 11:55,-119.7711,39.4839,1345,1035.7
RNO,1/11/2026 12:55,-119.7711,39.4839,1345,1036.1
RNO,1/11/2026 13:55,-119.7711,39.4839,1345,1036.4
RNO,1/11/2026 14:55,-119.7711,39.4839,1345,1037.4
RNO,1/11/2026 15:55,-119.7711,39.4839,1345,1037.9
RNO,1/11/2026 16:55,-119.7711,39.4839,1345,1038.1
RNO,1/11/2026 17:55,-119.7711,39.4839,1345,1037.9
RNO,1/11/2026 18:55,-119.7711,39.4839,1345,1037.1
RNO,1/11/2026 19:55,-119.7711,39.4839,1345,1035.9
RNO,1/11/2026 20:55,-119.7711,39.4839,1345,1034.4
RNO,1/11/2026 21:55,-119.7711,39.4839,1345,1033.9
RNO,1/11/2026 22:55,-119.7711,39.4839,1345,1033.6
RNO,1/11/2026 23:55,-119.7711,39.4839,1345,1033.8
RNO,1/12/2026 0:55,-119.7711,39.4839,1345,1034.2
RNO,1/12/2026 1:55,-119.7711,39.4839,1345,1034.9
RNO,1/12/2026 2:55,-119.7711,39.4839,1345,1035.5
RNO,1/12/2026 3:55,-119.7711,39.4839,1345,1036
RNO,1/12/2026 4:55,-119.7711,39.4839,1345,1036
RNO,1/12/2026 5:55,-119.7711,39.4839,1345,1036
RNO,1/12/2026 6:55,-119.7711,39.4839,1345,1035.8
RNO,1/12/2026 7:55,-119.7711,39.4839,1345,1035.3
RNO,1/12/2026 8:55,-119.7711,39.4839,1345,1035
RNO,1/12/2026 9:55,-119.7711,39.4839,1345,1035.2
RNO,1/12/2026 10:55,-119.7711,39.4839,1345,1035.4
RNO,1/12/2026 11:55,-119.7711,39.4839,1345,1035.4
RNO,1/12/2026 12:55,-119.7711,39.4839,1345,1035.9
RNO,1/12/2026 13:55,-119.7711,39.4839,1345,1036.5
RNO,1/12/2026 14:55,-119.7711,39.4839,1345,1037.4
RNO,1/12/2026 15:55,-119.7711,39.4839,1345,1037.8
RNO,1/12/2026 16:55,-119.7711,39.4839,1345,1037.9
RNO,1/12/2026 17:55,-119.7711,39.4839,1345,1037.7
RNO,1/12/2026 18:55,-119.7711,39.4839,1345,1037.1
RNO,1/12/2026 19:55,-119.7711,39.4839,1345,1035.8
RNO,1/12/2026 20:55,-119.7711,39.4839,1345,1034.3
RNO,1/12/2026 21:55,-119.7711,39.4839,1345,1033.4
RNO,1/12/2026 22:55,-119.7711,39.4839,1345,1033.1
RNO,1/12/2026 23:55,-119.7711,39.4839,1345,1032.6
RNO,1/13/2026 0:55,-119.7711,39.4839,1345,1032.7
RNO,1/13/2026 1:55,-119.7711,39.4839,1345,1033.1
RNO,1/13/2026 2:55,-119.7711,39.4839,1345,1035.6
RNO,1/13/2026 3:55,-119.7711,39.4839,1345,1036.8
RNO,1/13/2026 4:55,-119.7711,39.4839,1345,1037
RNO,1/13/2026 5:55,-119.7711,39.4839,1345,1036.9
RNO,1/13/2026 6:55,-119.7711,39.4839,1345,1036.8
RNO,1/13/2026 7:55,-119.7711,39.4839,1345,1036
RNO,1/13/2026 8:55,-119.7711,39.4839,1345,1035.2
RNO,1/13/2026 9:55,-119.7711,39.4839,1345,1035
RNO,1/13/2026 10:55,-119.7711,39.4839,1345,1035.1
RNO,1/13/2026 11:55,-119.7711,39.4839,1345,1034.9
RNO,1/13/2026 12:55,-119.7711,39.4839,1345,1035.2
RNO,1/13/2026 13:55,-119.7711,39.4839,1345,1036.3
RNO,1/13/2026 14:55,-119.7711,39.4839,1345,1037
RNO,1/13/2026 15:55,-119.7711,39.4839,1345,1037.7
RNO,1/13/2026 16:55,-119.7711,39.4839,1345,1037.9
RNO,1/13/2026 17:55,-119.7711,39.4839,1345,1037.4
RNO,1/13/2026 18:55,-119.7711,39.4839,1345,1036.5
RNO,1/13/2026 19:55,-119.7711,39.4839,1345,1035.1
RNO,1/13/2026 20:55,-119.7711,39.4839,1345,1034.1
RNO,1/13/2026 21:55,-119.7711,39.4839,1345,1033.7
RNO,1/13/2026 22:55,-119.7711,39.4839,1345,1033.5
RNO,1/13/2026 23:55,-119.7711,39.4839,1345,1033.4
RNO,1/14/2026 0:55,-119.7711,39.4839,1345,1034
RNO,1/14/2026 1:55,-119.7711,39.4839,1345,1035.2
RNO,1/14/2026 2:55,-119.7711,39.4839,1345,1035.6
RNO,1/14/2026 3:55,-119.7711,39.4839,1345,1036.7
RNO,1/14/2026 4:55,-119.7711,39.4839,1345,1037
RNO,1/14/2026 5:55,-119.7711,39.4839,1345,1037
RNO,1/14/2026 6:55,-119.7711,39.4839,1345,1036.6
RNO,1/14/2026 7:55,-119.7711,39.4839,1345,1036.1
RNO,1/14/2026 8:55,-119.7711,39.4839,1345,1035.9
RNO,1/14/2026 9:55,-119.7711,39.4839,1345,1035.9
RNO,1/14/2026 10:55,-119.7711,39.4839,1345,1035.9
RNO,1/14/2026 11:55,-119.7711,39.4839,1345,1035.5
RNO,1/14/2026 12:55,-119.7711,39.4839,1345,1035.3
RNO,1/14/2026 13:55,-119.7711,39.4839,1345,1036.2
RNO,1/14/2026 14:55,-119.7711,39.4839,1345,1036.6
RNO,1/14/2026 15:55,-119.7711,39.4839,1345,1036.6
RNO,1/14/2026 16:55,-119.7711,39.4839,1345,1036.9
RNO,1/14/2026 17:55,-119.7711,39.4839,1345,1037
RNO,1/14/2026 18:55,-119.7711,39.4839,1345,1036.5
RNO,1/14/2026 19:55,-119.7711,39.4839,1345,1035.1
RNO,1/14/2026 20:55,-119.7711,39.4839,1345,1033.7
RNO,1/14/2026 21:55,-119.7711,39.4839,1345,1032.8
RNO,1/14/2026 22:55,-119.7711,39.4839,1345,1032.3
RNO,1/14/2026 23:55,-119.7711,39.4839,1345,1032.1
RNO,1/15/2026 0:55,-119.7711,39.4839,1345,1032
RNO,1/15/2026 1:55,-119.7711,39.4839,1345,1032.5
RNO,1/15/2026 2:55,-119.7711,39.4839,1345,1033.1
RNO,1/15/2026 3:55,-119.7711,39.4839,1345,1033.1
RNO,1/15/2026 4:55,-119.7711,39.4839,1345,1032.7
RNO,1/15/2026 5:55,-119.7711,39.4839,1345,1032.4
RNO,1/15/2026 6:55,-119.7711,39.4839,1345,1032.2
RNO,1/15/2026 7:55,-119.7711,39.4839,1345,1032
RNO,1/15/2026 8:55,-119.7711,39.4839,1345,1031.3
RNO,1/15/2026 9:55,-119.7711,39.4839,1345,1031.4
RNO,1/15/2026 10:55,-119.7711,39.4839,1345,1030.9
RNO,1/15/2026 11:55,-119.7711,39.4839,1345,1030.4
RNO,1/15/2026 12:55,-119.7711,39.4839,1345,1029.9
RNO,1/15/2026 13:55,-119.7711,39.4839,1345,1030.6
RNO,1/15/2026 14:55,-119.7711,39.4839,1345,1031.7
RNO,1/15/2026 15:55,-119.7711,39.4839,1345,1032.3
RNO,1/15/2026 16:55,-119.7711,39.4839,1345,1032.3
RNO,1/15/2026 17:55,-119.7711,39.4839,1345,1031.6
RNO,1/15/2026 18:55,-119.7711,39.4839,1345,1030.6
RNO,1/15/2026 19:55,-119.7711,39.4839,1345,1029.7
RNO,1/15/2026 20:55,-119.7711,39.4839,1345,1028.5
RNO,1/15/2026 21:55,-119.7711,39.4839,1345,1028.2
RNO,1/15/2026 22:55,-119.7711,39.4839,1345,1027.8
RNO,1/15/2026 23:55,-119.7711,39.4839,1345,1027.6
RNO,1/16/2026 0:55,-119.7711,39.4839,1345,1027.4
RNO,1/16/2026 1:55,-119.7711,39.4839,1345,1028.1
RNO,1/16/2026 2:55,-119.7711,39.4839,1345,1028.9
RNO,1/16/2026 3:55,-119.7711,39.4839,1345,1029.1
RNO,1/16/2026 4:55,-119.7711,39.4839,1345,1029
RNO,1/16/2026 5:55,-119.7711,39.4839,1345,1028.6
RNO,1/16/2026 6:55,-119.7711,39.4839,1345,1029
RNO,1/16/2026 7:55,-119.7711,39.4839,1345,1029
RNO,1/16/2026 8:55,-119.7711,39.4839,1345,1029.5
RNO,1/16/2026 9:55,-119.7711,39.4839,1345,1029.3
RNO,1/16/2026 10:55,-119.7711,39.4839,1345,1029.3
RNO,1/16/2026 11:55,-119.7711,39.4839,1345,1029.7
RNO,1/16/2026 12:55,-119.7711,39.4839,1345,1030.1
RNO,1/16/2026 13:55,-119.7711,39.4839,1345,1030.1
RNO,1/16/2026 14:55,-119.7711,39.4839,1345,1031
RNO,1/16/2026 15:55,-119.7711,39.4839,1345,1031.3
RNO,1/16/2026 16:55,-119.7711,39.4839,1345,1031.4
RNO,1/16/2026 17:55,-119.7711,39.4839,1345,1031.1
RNO,1/16/2026 18:55,-119.7711,39.4839,1345,1030.4
RNO,1/16/2026 19:55,-119.7711,39.4839,1345,1029.1
RNO,1/16/2026 20:55,-119.7711,39.4839,1345,1027.9
RNO,1/16/2026 21:55,-119.7711,39.4839,1345,1026.6
RNO,1/16/2026 22:55,-119.7711,39.4839,1345,1026.2
RNO,1/16/2026 23:55,-119.7711,39.4839,1345,1026.6
RNO,1/17/2026 0:55,-119.7711,39.4839,1345,1027.3
RNO,1/17/2026 1:55,-119.7711,39.4839,1345,1028.2
RNO,1/17/2026 2:55,-119.7711,39.4839,1345,1028.6
RNO,1/17/2026 3:55,-119.7711,39.4839,1345,1029
RNO,1/17/2026 4:55,-119.7711,39.4839,1345,1029.5
RNO,1/17/2026 5:55,-119.7711,39.4839,1345,1029.5
RNO,1/17/2026 6:55,-119.7711,39.4839,1345,1029.2
RNO,1/17/2026 7:55,-119.7711,39.4839,1345,1029.3
RNO,1/17/2026 8:55,-119.7711,39.4839,1345,1029.1
RNO,1/17/2026 9:55,-119.7711,39.4839,1345,1029.2
RNO,1/17/2026 10:55,-119.7711,39.4839,1345,1029.3
RNO,1/17/2026 11:55,-119.7711,39.4839,1345,1029
RNO,1/17/2026 12:55,-119.7711,39.4839,1345,1029.3
RNO,1/17/2026 13:55,-119.7711,39.4839,1345,1030
RNO,1/17/2026 14:55,-119.7711,39.4839,1345,1030.5
RNO,1/17/2026 15:55,-119.7711,39.4839,1345,1031.3
RNO,1/17/2026 16:55,-119.7711,39.4839,1345,1031.6
RNO,1/17/2026 17:55,-119.7711,39.4839,1345,1031.4
RNO,1/17/2026 18:55,-119.7711,39.4839,1345,1030.9
RNO,1/17/2026 19:55,-119.7711,39.4839,1345,1029.7
RNO,1/17/2026 20:55,-119.7711,39.4839,1345,1028.7
RNO,1/17/2026 21:55,-119.7711,39.4839,1345,1027.5
RNO,1/17/2026 22:55,-119.7711,39.4839,1345,1027.1
RNO,1/17/2026 23:55,-119.7711,39.4839,1345,1026.5
RNO,1/18/2026 0:55,-119.7711,39.4839,1345,1027
RNO,1/18/2026 1:55,-119.7711,39.4839,1345,1027.8
RNO,1/18/2026 2:55,-119.7711,39.4839,1345,1028.4
RNO,1/18/2026 3:55,-119.7711,39.4839,1345,1028.5
RNO,1/18/2026 4:55,-119.7711,39.4839,1345,1028.1
RNO,1/18/2026 5:55,-119.7711,39.4839,1345,1028.4
RNO,1/18/2026 6:55,-119.7711,39.4839,1345,1028.3
RNO,1/18/2026 7:55,-119.7711,39.4839,1345,1028.1
RNO,1/18/2026 8:55,-119.7711,39.4839,1345,1027.6
RNO,1/18/2026 9:55,-119.7711,39.4839,1345,1027.6
RNO,1/18/2026 10:55,-119.7711,39.4839,1345,1027.4
RNO,1/18/2026 11:55,-119.7711,39.4839,1345,1027.2
RNO,1/18/2026 12:55,-119.7711,39.4839,1345,1027
RNO,1/18/2026 13:55,-119.7711,39.4839,1345,1027.5
RNO,1/18/2026 14:55,-119.7711,39.4839,1345,1028
RNO,1/18/2026 15:55,-119.7711,39.4839,1345,1028.4
RNO,1/18/2026 16:55,-119.7711,39.4839,1345,1028.8
RNO,1/18/2026 17:55,-119.7711,39.4839,1345,1029.1
RNO,1/18/2026 18:55,-119.7711,39.4839,1345,1028.3
RNO,1/18/2026 19:55,-119.7711,39.4839,1345,1026.6
RNO,1/18/2026 20:55,-119.7711,39.4839,1345,1024.9
RNO,1/18/2026 21:55,-119.7711,39.4839,1345,1024.3
RNO,1/18/2026 22:55,-119.7711,39.4839,1345,1023.6
RNO,1/18/2026 23:55,-119.7711,39.4839,1345,1023.2
RNO,1/19/2026 0:55,-119.7711,39.4839,1345,1023.3
RNO,1/19/2026 1:55,-119.7711,39.4839,1345,1024
RNO,1/19/2026 2:55,-119.7711,39.4839,1345,1025
RNO,1/19/2026 3:55,-119.7711,39.4839,1345,1025.5
RNO,1/19/2026 4:55,-119.7711,39.4839,1345,1025.5
RNO,1/19/2026 5:55,-119.7711,39.4839,1345,1026
RNO,1/19/2026 6:55,-119.7711,39.4839,1345,1025.9
RNO,1/19/2026 7:55,-119.7711,39.4839,1345,1026.1
RNO,1/19/2026 8:55,-119.7711,39.4839,1345,1025.9
RNO,1/19/2026 9:55,-119.7711,39.4839,1345,1025.6
RNO,1/19/2026 10:55,-119.7711,39.4839,1345,1025.5
RNO,1/19/2026 11:55,-119.7711,39.4839,1345,1025.4
RNO,1/19/2026 12:55,-119.7711,39.4839,1345,1025.5
RNO,1/19/2026 13:55,-119.7711,39.4839,1345,1026.5
RNO,1/19/2026 14:55,-119.7711,39.4839,1345,1027.5
RNO,1/19/2026 15:55,-119.7711,39.4839,1345,1028.1
RNO,1/19/2026 16:55,-119.7711,39.4839,1345,1028.8
RNO,1/19/2026 17:55,-119.7711,39.4839,1345,1028.9
RNO,1/19/2026 18:55,-119.7711,39.4839,1345,1028.4
RNO,1/19/2026 19:55,-119.7711,39.4839,1345,1027.2
RNO,1/19/2026 20:55,-119.7711,39.4839,1345,1025.8
RNO,1/19/2026 21:55,-119.7711,39.4839,1345,1024.8
RNO,1/19/2026 22:55,-119.7711,39.4839,1345,1024.3
RNO,1/19/2026 23:55,-119.7711,39.4839,1345,1024.4
RNO,1/20/2026 0:55,-119.7711,39.4839,1345,1024.6
RNO,1/20/2026 1:55,-119.7711,39.4839,1345,1025.5
RNO,1/20/2026 2:55,-119.7711,39.4839,1345,1026.2
RNO,1/20/2026 3:55,-119.7711,39.4839,1345,1027.1
RNO,1/20/2026 4:55,-119.7711,39.4839,1345,1027
RNO,1/20/2026 5:55,-119.7711,39.4839,1345,1027.1
RNO,1/20/2026 6:55,-119.7711,39.4839,1345,1027
RNO,1/20/2026 7:55,-119.7711,39.4839,1345,1026.8
RNO,1/20/2026 8:55,-119.7711,39.4839,1345,1026.4
RNO,1/20/2026 9:55,-119.7711,39.4839,1345,1026.2
RNO,1/20/2026 10:55,-119.7711,39.4839,1345,1026.1
RNO,1/20/2026 11:55,-119.7711,39.4839,1345,1026.1
RNO,1/20/2026 12:55,-119.7711,39.4839,1345,1026.6
RNO,1/20/2026 13:55,-119.7711,39.4839,1345,1026.7
RNO,1/20/2026 14:55,-119.7711,39.4839,1345,1027.1
RNO,1/20/2026 15:55,-119.7711,39.4839,1345,1027.4
RNO,1/20/2026 16:55,-119.7711,39.4839,1345,1027.6
RNO,1/20/2026 17:55,-119.7711,39.4839,1345,1027.5
RNO,1/20/2026 18:55,-119.7711,39.4839,1345,1026.6
RNO,1/20/2026 19:55,-119.7711,39.4839,1345,1025.6
RNO,1/20/2026 20:55,-119.7711,39.4839,1345,1024.6
RNO,1/20/2026 21:55,-119.7711,39.4839,1345,1023.8
RNO,1/20/2026 22:55,-119.7711,39.4839,1345,1023.6
RNO,1/20/2026 23:55,-119.7711,39.4839,1345,1024
RNO,1/21/2026 0:55,-119.7711,39.4839,1345,1024.1
RNO,1/21/2026 1:55,-119.7711,39.4839,1345,1024.9
RNO,1/21/2026 2:55,-119.7711,39.4839,1345,1025.5
RNO,1/21/2026 3:55,-119.7711,39.4839,1345,1025.1
RNO,1/21/2026 4:55,-119.7711,39.4839,1345,1025
RNO,1/21/2026 5:55,-119.7711,39.4839,1345,1024.2
RNO,1/21/2026 6:55,-119.7711,39.4839,1345,1024.4
RNO,1/21/2026 7:55,-119.7711,39.4839,1345,1024.2
RNO,1/21/2026 8:55,-119.7711,39.4839,1345,1023.7
RNO,1/21/2026 9:55,-119.7711,39.4839,1345,1023.5
RNO,1/21/2026 10:55,-119.7711,39.4839,1345,1023.7
RNO,1/21/2026 11:55,-119.7711,39.4839,1345,1023.6
RNO,1/21/2026 12:55,-119.7711,39.4839,1345,1023.3
RNO,1/21/2026 13:55,-119.7711,39.4839,1345,1023.8
RNO,1/21/2026 14:55,-119.7711,39.4839,1345,1024.3
RNO,1/21/2026 15:55,-119.7711,39.4839,1345,1024.5
RNO,1/21/2026 16:55,-119.7711,39.4839,1345,1024.6
RNO,1/21/2026 17:55,-119.7711,39.4839,1345,1024.5
RNO,1/21/2026 18:55,-119.7711,39.4839,1345,1024.2
RNO,1/21/2026 19:55,-119.7711,39.4839,1345,1022.8
RNO,1/21/2026 20:55,-119.7711,39.4839,1345,1022.4
RNO,1/21/2026 21:55,-119.7711,39.4839,1345,1021.5
RNO,1/21/2026 22:55,-119.7711,39.4839,1345,1020.8
RNO,1/21/2026 23:55,-119.7711,39.4839,1345,1020.7
RNO,1/22/2026 0:55,-119.7711,39.4839,1345,1020.8
RNO,1/22/2026 1:55,-119.7711,39.4839,1345,1020.7
RNO,1/22/2026 2:55,-119.7711,39.4839,1345,1021.7
RNO,1/22/2026 3:55,-119.7711,39.4839,1345,1021.7
RNO,1/22/2026 4:55,-119.7711,39.4839,1345,1021.4
RNO,1/22/2026 5:55,-119.7711,39.4839,1345,1021.4
RNO,1/22/2026 6:55,-119.7711,39.4839,1345,1021
RNO,1/22/2026 7:55,-119.7711,39.4839,1345,1020.9
RNO,1/22/2026 8:55,-119.7711,39.4839,1345,1020.4
RNO,1/22/2026 9:55,-119.7711,39.4839,1345,1020.1
RNO,1/22/2026 10:55,-119.7711,39.4839,1345,1019.8
RNO,1/22/2026 11:55,-119.7711,39.4839,1345,1019.4
RNO,1/22/2026 12:55,-119.7711,39.4839,1345,1019.3
RNO,1/22/2026 13:55,-119.7711,39.4839,1345,1019.6
RNO,1/22/2026 14:55,-119.7711,39.4839,1345,1019.9
RNO,1/22/2026 15:55,-119.7711,39.4839,1345,1020.3
RNO,1/22/2026 16:55,-119.7711,39.4839,1345,1020.1
RNO,1/22/2026 17:55,-119.7711,39.4839,1345,1019.8
RNO,1/22/2026 18:55,-119.7711,39.4839,1345,1018.9
RNO,1/22/2026 19:55,-119.7711,39.4839,1345,1017.3
RNO,1/22/2026 20:55,-119.7711,39.4839,1345,1015.9
RNO,1/22/2026 21:55,-119.7711,39.4839,1345,1015.1
RNO,1/22/2026 22:55,-119.7711,39.4839,1345,1014.4
RNO,1/22/2026 23:55,-119.7711,39.4839,1345,1014.2
RNO,1/23/2026 0:55,-119.7711,39.4839,1345,1014.3
RNO,1/23/2026 1:55,-119.7711,39.4839,1345,1014.8
RNO,1/23/2026 2:55,-119.7711,39.4839,1345,1015.7
RNO,1/23/2026 3:55,-119.7711,39.4839,1345,1016.1
RNO,1/23/2026 4:55,-119.7711,39.4839,1345,1016.2
RNO,1/23/2026 5:55,-119.7711,39.4839,1345,1016
RNO,1/23/2026 6:55,-119.7711,39.4839,1345,1016
RNO,1/23/2026 7:55,-119.7711,39.4839,1345,1015.7
RNO,1/23/2026 8:55,-119.7711,39.4839,1345,1015
RNO,1/23/2026 9:55,-119.7711,39.4839,1345,1014.8
RNO,1/23/2026 10:55,-119.7711,39.4839,1345,1014.9
RNO,1/23/2026 11:55,-119.7711,39.4839,1345,1015
RNO,1/23/2026 12:55,-119.7711,39.4839,1345,1014.2
RNO,1/23/2026 13:55,-119.7711,39.4839,1345,1014.9
RNO,1/23/2026 14:55,-119.7711,39.4839,1345,1015.5
RNO,1/23/2026 15:55,-119.7711,39.4839,1345,1016
RNO,1/23/2026 16:55,-119.7711,39.4839,1345,1016.1
RNO,1/23/2026 17:55,-119.7711,39.4839,1345,1015.9
RNO,1/23/2026 18:55,-119.7711,39.4839,1345,1015.1
RNO,1/23/2026 19:55,-119.7711,39.4839,1345,1014.3
RNO,1/23/2026 20:55,-119.7711,39.4839,1345,1012.9
RNO,1/23/2026 21:55,-119.7711,39.4839,1345,1012.1
RNO,1/23/2026 22:55,-119.7711,39.4839,1345,1011.8
RNO,1/23/2026 23:55,-119.7711,39.4839,1345,1012.7
RNO,1/24/2026 0:55,-119.7711,39.4839,1345,1013.2
RNO,1/24/2026 1:55,-119.7711,39.4839,1345,1014.1
RNO,1/24/2026 2:55,-119.7711,39.4839,1345,1014.9
RNO,1/24/2026 3:55,-119.7711,39.4839,1345,1015.8
RNO,1/24/2026 4:55,-119.7711,39.4839,1345,1016
RNO,1/24/2026 5:55,-119.7711,39.4839,1345,1016
RNO,1/24/2026 6:55,-119.7711,39.4839,1345,1016.1
RNO,1/24/2026 7:55,-119.7711,39.4839,1345,1016.2
RNO,1/24/2026 8:55,-119.7711,39.4839,1345,1016.5
RNO,1/24/2026 9:55,-119.7711,39.4839,1345,1016.5
RNO,1/24/2026 10:55,-119.7711,39.4839,1345,1017
RNO,1/24/2026 11:55,-119.7711,39.4839,1345,1017.7
RNO,1/24/2026 12:55,-119.7711,39.4839,1345,1018.7
RNO,1/24/2026 13:55,-119.7711,39.4839,1345,1019.6
RNO,1/24/2026 14:55,-119.7711,39.4839,1345,1020.7
RNO,1/24/2026 15:55,-119.7711,39.4839,1345,1021.5
RNO,1/24/2026 16:55,-119.7711,39.4839,1345,1021.8
RNO,1/24/2026 17:55,-119.7711,39.4839,1345,1022.4
RNO,1/24/2026 18:55,-119.7711,39.4839,1345,1022.2
RNO,1/24/2026 19:55,-119.7711,39.4839,1345,1021.4
RNO,1/24/2026 20:55,-119.7711,39.4839,1345,1020.3
RNO,1/24/2026 21:55,-119.7711,39.4839,1345,1019.6
RNO,1/24/2026 22:55,-119.7711,39.4839,1345,1019.2
RNO,1/24/2026 23:55,-119.7711,39.4839,1345,1019.6
RNO,1/25/2026 0:55,-119.7711,39.4839,1345,1020.4
RNO,1/25/2026 1:55,-119.7711,39.4839,1345,1021.8
RNO,1/25/2026 2:55,-119.7711,39.4839,1345,1022.5
RNO,1/25/2026 3:55,-119.7711,39.4839,1345,1023.5
RNO,1/25/2026 4:55,-119.7711,39.4839,1345,1023.8
RNO,1/25/2026 5:55,-119.7711,39.4839,1345,1023.7
RNO,1/25/2026 6:55,-119.7711,39.4839,1345,1024.1
RNO,1/25/2026 7:55,-119.7711,39.4839,1345,1024.2
RNO,1/25/2026 8:55,-119.7711,39.4839,1345,1024.4
RNO,1/25/2026 9:55,-119.7711,39.4839,1345,1024.4
RNO,1/25/2026 10:55,-119.7711,39.4839,1345,1024.5
RNO,1/25/2026 11:55,-119.7711,39.4839,1345,1024.3
RNO,1/25/2026 12:55,-119.7711,39.4839,1345,1025
RNO,1/25/2026 13:55,-119.7711,39.4839,1345,1025.8
RNO,1/25/2026 14:55,-119.7711,39.4839,1345,1026.6
RNO,1/25/2026 15:55,-119.7711,39.4839,1345,1027
RNO,1/25/2026 16:55,-119.7711,39.4839,1345,1027.1
RNO,1/25/2026 17:55,-119.7711,39.4839,1345,1026.7
RNO,1/25/2026 18:55,-119.7711,39.4839,1345,1026.4
RNO,1/25/2026 19:55,-119.7711,39.4839,1345,1025.1
RNO,1/25/2026 20:55,-119.7711,39.4839,1345,1024.3
RNO,1/25/2026 21:55,-119.7711,39.4839,1345,1023.4
RNO,1/25/2026 22:55,-119.7711,39.4839,1345,1023.4
RNO,1/25/2026 23:55,-119.7711,39.4839,1345,1023.4
RNO,1/26/2026 0:55,-119.7711,39.4839,1345,1024.2
RNO,1/26/2026 1:55,-119.7711,39.4839,1345,1025.2
RNO,1/26/2026 2:55,-119.7711,39.4839,1345,1026
RNO,1/26/2026 3:55,-119.7711,39.4839,1345,1026.6
RNO,1/26/2026 4:55,-119.7711,39.4839,1345,1026.4
RNO,1/26/2026 5:55,-119.7711,39.4839,1345,1027
RNO,1/26/2026 6:55,-119.7711,39.4839,1345,1027
RNO,1/26/2026 7:55,-119.7711,39.4839,1345,1026.6
RNO,1/26/2026 8:55,-119.7711,39.4839,1345,1026.6
RNO,1/26/2026 9:55,-119.7711,39.4839,1345,1026.3
RNO,1/26/2026 10:55,-119.7711,39.4839,1345,1026.4
RNO,1/26/2026 11:55,-119.7711,39.4839,1345,1026.3
RNO,1/26/2026 12:55,-119.7711,39.4839,1345,1026.7
RNO,1/26/2026 13:55,-119.7711,39.4839,1345,1027.3
RNO,1/26/2026 14:55,-119.7711,39.4839,1345,1028.2
RNO,1/26/2026 15:55,-119.7711,39.4839,1345,1028.7
RNO,1/26/2026 16:55,-119.7711,39.4839,1345,1028.8
RNO,1/26/2026 17:55,-119.7711,39.4839,1345,1028.8
RNO,1/26/2026 18:55,-119.7711,39.4839,1345,1027.8
RNO,1/26/2026 19:55,-119.7711,39.4839,1345,1026.4
RNO,1/26/2026 20:55,-119.7711,39.4839,1345,1025.1
RNO,1/26/2026 21:55,-119.7711,39.4839,1345,1024.3
RNO,1/26/2026 22:55,-119.7711,39.4839,1345,1024.2
RNO,1/26/2026 23:55,-119.7711,39.4839,1345,1024.3
RNO,1/27/2026 0:55,-119.7711,39.4839,1345,1024.6
RNO,1/27/2026 1:55,-119.7711,39.4839,1345,1025.5
RNO,1/27/2026 2:55,-119.7711,39.4839,1345,1026.8
RNO,1/27/2026 3:55,-119.7711,39.4839,1345,1027.3
RNO,1/27/2026 4:55,-119.7711,39.4839,1345,1027.9
RNO,1/27/2026 5:55,-119.7711,39.4839,1345,1027.4
RNO,1/27/2026 6:55,-119.7711,39.4839,1345,1027.2
RNO,1/27/2026 7:55,-119.7711,39.4839,1345,1026.9
RNO,1/27/2026 8:55,-119.7711,39.4839,1345,1026.7
RNO,1/27/2026 9:55,-119.7711,39.4839,1345,1027
RNO,1/27/2026 10:55,-119.7711,39.4839,1345,1026.9
RNO,1/27/2026 11:55,-119.7711,39.4839,1345,1026.6
RNO,1/27/2026 12:55,-119.7711,39.4839,1345,1026.7
RNO,1/27/2026 13:55,-119.7711,39.4839,1345,1027.5
RNO,1/27/2026 14:55,-119.7711,39.4839,1345,1028.1
RNO,1/27/2026 15:55,-119.7711,39.4839,1345,1028.4
RNO,1/27/2026 16:55,-119.7711,39.4839,1345,1028.9
RNO,1/27/2026 17:55,-119.7711,39.4839,1345,1028.3
RNO,1/27/2026 18:55,-119.7711,39.4839,1345,1027.3
RNO,1/27/2026 19:55,-119.7711,39.4839,1345,1026
RNO,1/27/2026 20:55,-119.7711,39.4839,1345,1024.8
RNO,1/27/2026 21:55,-119.7711,39.4839,1345,1023.9
RNO,1/27/2026 22:55,-119.7711,39.4839,1345,1022.9
RNO,1/27/2026 23:55,-119.7711,39.4839,1345,1022.6
RNO,1/28/2026 0:55,-119.7711,39.4839,1345,1022.9
RNO,1/28/2026 1:55,-119.7711,39.4839,1345,1023.7
RNO,1/28/2026 2:55,-119.7711,39.4839,1345,1024.3
RNO,1/28/2026 3:55,-119.7711,39.4839,1345,1023.8
RNO,1/28/2026 4:55,-119.7711,39.4839,1345,1023.8
RNO,1/28/2026 5:55,-119.7711,39.4839,1345,1024
RNO,1/28/2026 6:55,-119.7711,39.4839,1345,1024.8
RNO,1/28/2026 7:23,-119.7711,39.4839,1345,M
RNO,1/28/2026 7:55,-119.7711,39.4839,1345,1024.6
RNO,1/28/2026 8:55,-119.7711,39.4839,1345,1026.4
RNO,1/28/2026 9:55,-119.7711,39.4839,1345,1025.4
RNO,1/28/2026 10:55,-119.7711,39.4839,1345,1026.1
RNO,1/28/2026 11:55,-119.7711,39.4839,1345,1026.2
RNO,1/28/2026 12:55,-119.7711,39.4839,1345,1027.4
RNO,1/28/2026 13:55,-119.7711,39.4839,1345,1027.7
RNO,1/28/2026 14:55,-119.7711,39.4839,1345,1029.1
RNO,1/28/2026 15:55,-119.7711,39.4839,1345,1029.5
RNO,1/28/2026 16:55,-119.7711,39.4839,1345,1030.2
RNO,1/28/2026 17:55,-119.7711,39.4839,1345,1030.3
RNO,1/28/2026 18:55,-119.7711,39.4839,1345,1029.9
RNO,1/28/2026 19:55,-119.7711,39.4839,1345,1028.6
RNO,1/28/2026 20:55,-119.7711,39.4839,1345,1028
RNO,1/28/2026 21:55,-119.7711,39.4839,1345,1027.6
RNO,1/28/2026 22:55,-119.7711,39.4839,1345,1027.4
RNO,1/28/2026 23:55,-119.7711,39.4839,1345,1027.2
RNO,1/29/2026 0:55,-119.7711,39.4839,1345,1027.1
RNO,1/29/2026 1:55,-119.7711,39.4839,1345,1027.7
RNO,1/29/2026 2:55,-119.7711,39.4839,1345,1028.4
RNO,1/29/2026 3:55,-119.7711,39.4839,1345,1028.9
RNO,1/29/2026 4:55,-119.7711,39.4839,1345,1028.8
RNO,1/29/2026 5:55,-119.7711,39.4839,1345,1028.7
RNO,1/29/2026 6:55,-119.7711,39.4839,1345,1029.2
RNO,1/29/2026 7:55,-119.7711,39.4839,1345,1029.5
RNO,1/29/2026 8:55,-119.7711,39.4839,1345,1029.1
RNO,1/29/2026 9:55,-119.7711,39.4839,1345,1029.4
RNO,1/29/2026 10:55,-119.7711,39.4839,1345,1029.7
RNO,1/29/2026 11:55,-119.7711,39.4839,1345,1029.5
RNO,1/29/2026 12:55,-119.7711,39.4839,1345,1030.3
RNO,1/29/2026 13:55,-119.7711,39.4839,1345,1030.5
RNO,1/29/2026 14:55,-119.7711,39.4839,1345,1031.2
RNO,1/29/2026 15:55,-119.7711,39.4839,1345,1032.3
RNO,1/29/2026 16:55,-119.7711,39.4839,1345,1032.6
RNO,1/29/2026 17:55,-119.7711,39.4839,1345,1032.6
RNO,1/29/2026 18:55,-119.7711,39.4839,1345,1032.8
RNO,1/29/2026 19:55,-119.7711,39.4839,1345,1030.9
RNO,1/29/2026 20:55,-119.7711,39.4839,1345,1029
RNO,1/29/2026 21:55,-119.7711,39.4839,1345,1028.2
RNO,1/29/2026 22:55,-119.7711,39.4839,1345,1028.7
RNO,1/29/2026 23:55,-119.7711,39.4839,1345,1028.3
RNO,1/30/2026 0:55,-119.7711,39.4839,1345,1028.6
RNO,1/30/2026 1:55,-119.7711,39.4839,1345,1028.7
RNO,1/30/2026 2:55,-119.7711,39.4839,1345,1029.7
RNO,1/30/2026 3:55,-119.7711,39.4839,1345,1030.5
RNO,1/30/2026 4:55,-119.7711,39.4839,1345,1030.2
RNO,1/30/2026 5:55,-119.7711,39.4839,1345,1031
RNO,1/30/2026 6:55,-119.7711,39.4839,1345,1031.6
RNO,1/30/2026 7:55,-119.7711,39.4839,1345,1030.9
RNO,1/30/2026 8:55,-119.7711,39.4839,1345,1030.6
RNO,1/30/2026 9:55,-119.7711,39.4839,1345,1030.5
RNO,1/30/2026 10:55,-119.7711,39.4839,1345,1030.1
RNO,1/30/2026 11:55,-119.7711,39.4839,1345,1030.1
RNO,1/30/2026 12:55,-119.7711,39.4839,1345,1030.4
RNO,1/30/2026 13:55,-119.7711,39.4839,1345,1031
RNO,1/30/2026 14:55,-119.7711,39.4839,1345,1031.9
RNO,1/30/2026 15:55,-119.7711,39.4839,1345,1032.1
RNO,1/30/2026 16:55,-119.7711,39.4839,1345,1032.1
RNO,1/30/2026 17:55,-119.7711,39.4839,1345,1031.9
RNO,1/30/2026 18:55,-119.7711,39.4839,1345,1031.4
RNO,1/30/2026 19:55,-119.7711,39.4839,1345,1029.5
RNO,1/30/2026 20:55,-119.7711,39.4839,1345,1028.9
RNO,1/30/2026 21:55,-119.7711,39.4839,1345,1027.7
RNO,1/30/2026 22:55,-119.7711,39.4839,1345,1027.5
RNO,1/30/2026 23:55,-119.7711,39.4839,1345,1027
RNO,1/31/2026 0:55,-119.7711,39.4839,1345,1027.1
RNO,1/31/2026 1:55,-119.7711,39.4839,1345,1028
RNO,1/31/2026 2:55,-119.7711,39.4839,1345,1029.2
RNO,1/31/2026 3:55,-119.7711,39.4839,1345,1029.3
RNO,1/31/2026 4:55,-119.7711,39.4839,1345,1029.1
RNO,1/31/2026 5:55,-119.7711,39.4839,1345,1028.6
RNO,1/31/2026 6:55,-119.7711,39.4839,1345,1028.5
RNO,1/31/2026 7:55,-119.7711,39.4839,1345,1028.5
RNO,1/31/2026 8:55,-119.7711,39.4839,1345,1028.3
RNO,1/31/2026 9:55,-119.7711,39.4839,1345,1028.1
RNO,1/31/2026 10:55,-119.7711,39.4839,1345,1027.6
RNO,1/31/2026 11:55,-119.7711,39.4839,1345,1027.4
RNO,1/31/2026 12:55,-119.7711,39.4839,1345,1027.9
RNO,1/31/2026 13:55,-119.7711,39.4839,1345,1028
RNO,1/31/2026 14:55,-119.7711,39.4839,1345,1028.6
RNO,1/31/2026 15:55,-119.7711,39.4839,1345,1029.1
RNO,1/31/2026 16:55,-119.7711,39.4839,1345,1029.1
RNO,1/31/2026 17:55,-119.7711,39.4839,1345,1028.4
RNO,1/31/2026 18:55,-119.7711,39.4839,1345,1027.5
RNO,1/31/2026 19:55,-119.7711,39.4839,1345,1026
RNO,1/31/2026 20:55,-119.7711,39.4839,1345,1024
RNO,1/31/2026 21:55,-119.7711,39.4839,1345,1023
RNO,1/31/2026 22:55,-119.7711,39.4839,1345,1022.5
RNO,1/31/2026 23:55,-119.7711,39.4839,1345,1022.5
RNO,2/1/2026 0:55,-119.7711,39.4839,1345,1022.5
RNO,2/1/2026 1:55,-119.7711,39.4839,1345,1022.6
RNO,2/1/2026 2:55,-119.7711,39.4839,1345,1023.2
RNO,2/1/2026 3:55,-119.7711,39.4839,1345,1023.6
RNO,2/1/2026 4:55,-119.7711,39.4839,1345,1023.7
RNO,2/1/2026 5:55,-119.7711,39.4839,1345,1023.2
RNO,2/1/2026 6:55,-119.7711,39.4839,1345,1022.3
RNO,2/1/2026 7:55,-119.7711,39.4839,1345,1022.1
RNO,2/1/2026 8:55,-119.7711,39.4839,1345,1021.9
RNO,2/1/2026 9:55,-119.7711,39.4839,1345,1021.3
RNO,2/1/2026 10:55,-119.7711,39.4839,1345,1021.3
RNO,2/1/2026 11:55,-119.7711,39.4839,1345,1021.7
RNO,2/1/2026 12:55,-119.7711,39.4839,1345,1021.8
RNO,2/1/2026 13:55,-119.7711,39.4839,1345,1022.8
RNO,2/1/2026 14:55,-119.7711,39.4839,1345,1023.8
RNO,2/1/2026 15:55,-119.7711,39.4839,1345,1024.3
RNO,2/1/2026 16:55,-119.7711,39.4839,1345,1025
RNO,2/1/2026 17:55,-119.7711,39.4839,1345,1024.7
RNO,2/1/2026 18:55,-119.7711,39.4839,1345,1023.5
RNO,2/1/2026 19:55,-119.7711,39.4839,1345,1022.5
RNO,2/1/2026 20:55,-119.7711,39.4839,1345,1021.2
RNO,2/1/2026 21:55,-119.7711,39.4839,1345,1020.1
RNO,2/1/2026 22:55,-119.7711,39.4839,1345,1019.9
RNO,2/1/2026 23:55,-119.7711,39.4839,1345,1020
RNO,2/2/2026 0:55,-119.7711,39.4839,1345,1020.4
RNO,2/2/2026 1:55,-119.7711,39.4839,1345,1021.5
RNO,2/2/2026 2:55,-119.7711,39.4839,1345,1022.2
RNO,2/2/2026 3:55,-119.7711,39.4839,1345,1023.3
RNO,2/2/2026 4:55,-119.7711,39.4839,1345,1023.2
RNO,2/2/2026 5:55,-119.7711,39.4839,1345,1023.6
RNO,2/2/2026 6:55,-119.7711,39.4839,1345,1023.6
RNO,2/2/2026 7:55,-119.7711,39.4839,1345,1023.6
RNO,2/2/2026 8:55,-119.7711,39.4839,1345,1023.5
RNO,2/2/2026 9:55,-119.7711,39.4839,1345,1023.9
RNO,2/2/2026 10:55,-119.7711,39.4839,1345,1023.7
RNO,2/2/2026 11:55,-119.7711,39.4839,1345,1024
RNO,2/2/2026 12:55,-119.7711,39.4839,1345,1024.8
RNO,2/2/2026 13:55,-119.7711,39.4839,1345,1025.7
RNO,2/2/2026 14:55,-119.7711,39.4839,1345,1026.7
RNO,2/2/2026 15:55,-119.7711,39.4839,1345,1027.5
RNO,2/2/2026 16:55,-119.7711,39.4839,1345,1027.4
RNO,2/2/2026 17:55,-119.7711,39.4839,1345,1027.9
RNO,2/2/2026 18:55,-119.7711,39.4839,1345,1027.7
RNO,2/2/2026 19:55,-119.7711,39.4839,1345,1026.3
RNO,2/2/2026 20:55,-119.7711,39.4839,1345,1025.7
RNO,2/2/2026 21:55,-119.7711,39.4839,1345,1024.6
RNO,2/2/2026 22:55,-119.7711,39.4839,1345,1024.2
RNO,2/2/2026 23:55,-119.7711,39.4839,1345,1024.4
RNO,2/3/2026 0:55,-119.7711,39.4839,1345,1025.4
RNO,2/3/2026 1:55,-119.7711,39.4839,1345,1026.2
RNO,2/3/2026 2:55,-119.7711,39.4839,1345,1026.9
RNO,2/3/2026 3:55,-119.7711,39.4839,1345,1027.6
RNO,2/3/2026 4:55,-119.7711,39.4839,1345,1027.8
RNO,2/3/2026 5:55,-119.7711,39.4839,1345,1028.6
RNO,2/3/2026 6:55,-119.7711,39.4839,1345,1029
RNO,2/3/2026 7:55,-119.7711,39.4839,1345,1029.1
RNO,2/3/2026 8:55,-119.7711,39.4839,1345,1029.1
RNO,2/3/2026 9:55,-119.7711,39.4839,1345,1029.1
RNO,2/3/2026 10:55,-119.7711,39.4839,1345,1029.7
RNO,2/3/2026 11:55,-119.7711,39.4839,1345,1029.7
RNO,2/3/2026 12:55,-119.7711,39.4839,1345,1030.9
RNO,2/3/2026 13:55,-119.7711,39.4839,1345,1031.8
RNO,2/3/2026 14:55,-119.7711,39.4839,1345,1032.6
RNO,2/3/2026 15:55,-119.7711,39.4839,1345,1033.6
RNO,2/3/2026 16:55,-119.7711,39.4839,1345,1033.7
RNO,2/3/2026 17:55,-119.7711,39.4839,1345,1034.2
RNO,2/3/2026 18:55,-119.7711,39.4839,1345,1033.9
RNO,2/3/2026 19:55,-119.7711,39.4839,1345,1032.8
RNO,2/3/2026 20:55,-119.7711,39.4839,1345,1031.3
RNO,2/3/2026 21:55,-119.7711,39.4839,1345,1030.6
RNO,2/3/2026 22:55,-119.7711,39.4839,1345,1030.1
RNO,2/3/2026 23:55,-119.7711,39.4839,1345,1030.1
RNO,2/4/2026 0:55,-119.7711,39.4839,1345,1030.2
RNO,2/4/2026 1:55,-119.7711,39.4839,1345,1031.1
RNO,2/4/2026 2:55,-119.7711,39.4839,1345,1031.7
RNO,2/4/2026 3:55,-119.7711,39.4839,1345,1032.3
RNO,2/4/2026 4:55,-119.7711,39.4839,1345,1032.7
RNO,2/4/2026 5:55,-119.7711,39.4839,1345,1033
RNO,2/4/2026 6:55,-119.7711,39.4839,1345,1033.1
RNO,2/4/2026 7:55,-119.7711,39.4839,1345,1032.7
RNO,2/4/2026 8:55,-119.7711,39.4839,1345,1033
RNO,2/4/2026 9:55,-119.7711,39.4839,1345,1032.7
RNO,2/4/2026 10:55,-119.7711,39.4839,1345,1032.2
RNO,2/4/2026 11:55,-119.7711,39.4839,1345,1032.1
RNO,2/4/2026 12:55,-119.7711,39.4839,1345,1032.3
RNO,2/4/2026 13:55,-119.7711,39.4839,1345,1033.2
RNO,2/4/2026 14:55,-119.7711,39.4839,1345,1033.8
RNO,2/4/2026 15:55,-119.7711,39.4839,1345,1034.2
RNO,2/4/2026 16:55,-119.7711,39.4839,1345,1034.2
RNO,2/4/2026 17:55,-119.7711,39.4839,1345,1033.9
RNO,2/4/2026 18:55,-119.7711,39.4839,1345,1033.4
RNO,2/4/2026 19:55,-119.7711,39.4839,1345,1032
RNO,2/4/2026 20:55,-119.7711,39.4839,1345,1030.4
RNO,2/4/2026 21:55,-119.7711,39.4839,1345,1028.9
RNO,2/4/2026 22:55,-119.7711,39.4839,1345,1028.4
RNO,2/4/2026 23:55,-119.7711,39.4839,1345,1028.2
RNO,2/5/2026 0:55,-119.7711,39.4839,1345,1028.6
RNO,2/5/2026 1:55,-119.7711,39.4839,1345,1028.9
RNO,2/5/2026 2:55,-119.7711,39.4839,1345,1029.3
RNO,2/5/2026 3:55,-119.7711,39.4839,1345,1029.6
RNO,2/5/2026 4:55,-119.7711,39.4839,1345,1029.5
RNO,2/5/2026 5:55,-119.7711,39.4839,1345,1028.9
RNO,2/5/2026 6:55,-119.7711,39.4839,1345,1028.5
RNO,2/5/2026 7:55,-119.7711,39.4839,1345,1027.8
RNO,2/5/2026 8:55,-119.7711,39.4839,1345,1027.2
RNO,2/5/2026 9:55,-119.7711,39.4839,1345,1026.7
RNO,2/5/2026 10:55,-119.7711,39.4839,1345,1026
RNO,2/5/2026 11:55,-119.7711,39.4839,1345,1025.9
RNO,2/5/2026 12:55,-119.7711,39.4839,1345,1025.7
RNO,2/5/2026 13:55,-119.7711,39.4839,1345,1026
RNO,2/5/2026 14:55,-119.7711,39.4839,1345,1026
RNO,2/5/2026 15:55,-119.7711,39.4839,1345,1026.7
RNO,2/5/2026 16:55,-119.7711,39.4839,1345,1026.4
RNO,2/5/2026 17:55,-119.7711,39.4839,1345,1025.9
RNO,2/5/2026 18:55,-119.7711,39.4839,1345,1025.3
RNO,2/5/2026 19:55,-119.7711,39.4839,1345,1023.8
RNO,2/5/2026 20:55,-119.7711,39.4839,1345,1022.3
RNO,2/5/2026 21:55,-119.7711,39.4839,1345,1021.3
RNO,2/5/2026 22:55,-119.7711,39.4839,1345,1020.1
RNO,2/5/2026 23:55,-119.7711,39.4839,1345,1019.9
RNO,2/6/2026 0:55,-119.7711,39.4839,1345,1019.8
RNO,2/6/2026 1:55,-119.7711,39.4839,1345,1020.6
RNO,2/6/2026 2:55,-119.7711,39.4839,1345,1021.4
RNO,2/6/2026 3:55,-119.7711,39.4839,1345,1021.7
RNO,2/6/2026 4:55,-119.7711,39.4839,1345,1021.7
RNO,2/6/2026 5:55,-119.7711,39.4839,1345,1021.6
RNO,2/6/2026 6:55,-119.7711,39.4839,1345,1021.5
RNO,2/6/2026 7:55,-119.7711,39.4839,1345,1021.4
RNO,2/6/2026 8:55,-119.7711,39.4839,1345,1020.6
RNO,2/6/2026 9:55,-119.7711,39.4839,1345,1020.7
RNO,2/6/2026 10:55,-119.7711,39.4839,1345,1020.4
RNO,2/6/2026 11:55,-119.7711,39.4839,1345,1020
RNO,2/6/2026 12:55,-119.7711,39.4839,1345,1020.3
RNO,2/6/2026 13:55,-119.7711,39.4839,1345,1021.2
RNO,2/6/2026 14:55,-119.7711,39.4839,1345,1022
RNO,2/6/2026 15:55,-119.7711,39.4839,1345,1022.5
RNO,2/6/2026 16:55,-119.7711,39.4839,1345,1022.5
RNO,2/6/2026 17:55,-119.7711,39.4839,1345,1022.8
RNO,2/6/2026 18:55,-119.7711,39.4839,1345,1022.8
RNO,2/6/2026 19:55,-119.7711,39.4839,1345,1022
RNO,2/6/2026 20:55,-119.7711,39.4839,1345,1020.8
RNO,2/6/2026 21:55,-119.7711,39.4839,1345,1020.3
RNO,2/6/2026 22:55,-119.7711,39.4839,1345,1020.6
RNO,2/6/2026 23:10,-119.7711,39.4839,1345,M
RNO,2/6/2026 23:55,-119.7711,39.4839,1345,1020.8
RNO,2/7/2026 0:55,-119.7711,39.4839,1345,1021.7
RNO,2/7/2026 1:55,-119.7711,39.4839,1345,1022.9
RNO,2/7/2026 2:55,-119.7711,39.4839,1345,1023.2
RNO,2/7/2026 3:55,-119.7711,39.4839,1345,1023.6
RNO,2/7/2026 4:55,-119.7711,39.4839,1345,1024.4
RNO,2/7/2026 5:55,-119.7711,39.4839,1345,1024.6
RNO,2/7/2026 6:55,-119.7711,39.4839,1345,1025.3
RNO,2/7/2026 7:55,-119.7711,39.4839,1345,1025.2
RNO,2/7/2026 8:55,-119.7711,39.4839,1345,1025.2
RNO,2/7/2026 9:55,-119.7711,39.4839,1345,1025.9
RNO,2/7/2026 10:55,-119.7711,39.4839,1345,1025.7
RNO,2/7/2026 11:55,-119.7711,39.4839,1345,1026.3
RNO,2/7/2026 12:55,-119.7711,39.4839,1345,1026.8
RNO,2/7/2026 13:55,-119.7711,39.4839,1345,1026.9
RNO,2/7/2026 14:55,-119.7711,39.4839,1345,1027.6
RNO,2/7/2026 15:55,-119.7711,39.4839,1345,1027.9
RNO,2/7/2026 16:55,-119.7711,39.4839,1345,1028
RNO,2/7/2026 17:55,-119.7711,39.4839,1345,1028.1
RNO,2/7/2026 18:55,-119.7711,39.4839,1345,1027
RNO,2/7/2026 19:55,-119.7711,39.4839,1345,1025.7
RNO,2/7/2026 20:55,-119.7711,39.4839,1345,1024.6
RNO,2/7/2026 21:55,-119.7711,39.4839,1345,1024.1
RNO,2/7/2026 22:55,-119.7711,39.4839,1345,1024.8
RNO,2/7/2026 23:55,-119.7711,39.4839,1345,1024.6
RNO,2/8/2026 0:55,-119.7711,39.4839,1345,1025.3
RNO,2/8/2026 1:55,-119.7711,39.4839,1345,1026.2
RNO,2/8/2026 2:55,-119.7711,39.4839,1345,1027.8
RNO,2/8/2026 3:55,-119.7711,39.4839,1345,1027.9
RNO,2/8/2026 4:55,-119.7711,39.4839,1345,1027.6
RNO,2/8/2026 5:55,-119.7711,39.4839,1345,1027.8
RNO,2/8/2026 6:55,-119.7711,39.4839,1345,1027.4
RNO,2/8/2026 7:55,-119.7711,39.4839,1345,1026.7
RNO,2/8/2026 8:55,-119.7711,39.4839,1345,1025.5
RNO,2/8/2026 9:55,-119.7711,39.4839,1345,1025.7
RNO,2/8/2026 10:55,-119.7711,39.4839,1345,1025.9
RNO,2/8/2026 11:55,-119.7711,39.4839,1345,1026.7
RNO,2/8/2026 12:55,-119.7711,39.4839,1345,1026.7
RNO,2/8/2026 13:55,-119.7711,39.4839,1345,1026.9
RNO,2/8/2026 14:55,-119.7711,39.4839,1345,1027.8
RNO,2/8/2026 15:55,-119.7711,39.4839,1345,1028.3
RNO,2/8/2026 16:55,-119.7711,39.4839,1345,1027.5
RNO,2/8/2026 17:55,-119.7711,39.4839,1345,1026.5
RNO,2/8/2026 18:55,-119.7711,39.4839,1345,1026.5
RNO,2/8/2026 19:55,-119.7711,39.4839,1345,1024.2
RNO,2/8/2026 20:55,-119.7711,39.4839,1345,1022.4
RNO,2/8/2026 21:55,-119.7711,39.4839,1345,1020.6
RNO,2/8/2026 22:55,-119.7711,39.4839,1345,1021
RNO,2/8/2026 23:55,-119.7711,39.4839,1345,1021.4
RNO,2/9/2026 0:55,-119.7711,39.4839,1345,1020.9
RNO,2/9/2026 1:55,-119.7711,39.4839,1345,1021.3
RNO,2/9/2026 2:55,-119.7711,39.4839,1345,1022.3
RNO,2/9/2026 3:55,-119.7711,39.4839,1345,1022.8
RNO,2/9/2026 4:55,-119.7711,39.4839,1345,1021.4
RNO,2/9/2026 5:55,-119.7711,39.4839,1345,1021.8
RNO,2/9/2026 6:55,-119.7711,39.4839,1345,1021
RNO,2/9/2026 7:55,-119.7711,39.4839,1345,1020.6
RNO,2/9/2026 8:55,-119.7711,39.4839,1345,1020.2
RNO,2/9/2026 9:55,-119.7711,39.4839,1345,1020.2
RNO,2/9/2026 10:55,-119.7711,39.4839,1345,1020.8
RNO,2/9/2026 11:55,-119.7711,39.4839,1345,1022.1
RNO,2/9/2026 12:55,-119.7711,39.4839,1345,1023.3
RNO,2/9/2026 13:55,-119.7711,39.4839,1345,1024.6
RNO,2/9/2026 14:55,-119.7711,39.4839,1345,1025.7
RNO,2/9/2026 15:55,-119.7711,39.4839,1345,1026.1
RNO,2/9/2026 16:55,-119.7711,39.4839,1345,1025.9
RNO,2/9/2026 17:55,-119.7711,39.4839,1345,1025.8
RNO,2/9/2026 18:55,-119.7711,39.4839,1345,1025.3
RNO,2/9/2026 19:55,-119.7711,39.4839,1345,1023.7
RNO,2/9/2026 20:55,-119.7711,39.4839,1345,1021.8
RNO,2/9/2026 21:55,-119.7711,39.4839,1345,1020.7
RNO,2/9/2026 22:55,-119.7711,39.4839,1345,1019.9
RNO,2/9/2026 23:55,-119.7711,39.4839,1345,1019.7
RNO,2/10/2026 0:55,-119.7711,39.4839,1345,1019.8
RNO,2/10/2026 1:55,-119.7711,39.4839,1345,1019.9
RNO,2/10/2026 2:55,-119.7711,39.4839,1345,1020.1
RNO,2/10/2026 3:55,-119.7711,39.4839,1345,1020.1
RNO,2/10/2026 4:55,-119.7711,39.4839,1345,1019.5
RNO,2/10/2026 5:55,-119.7711,39.4839,1345,1018.8
RNO,2/10/2026 6:55,-119.7711,39.4839,1345,1018.1
RNO,2/10/2026 7:55,-119.7711,39.4839,1345,1017.4
RNO,2/10/2026 8:55,-119.7711,39.4839,1345,1016.8
RNO,2/10/2026 9:55,-119.7711,39.4839,1345,1015.8
RNO,2/10/2026 10:55,-119.7711,39.4839,1345,1014.8
RNO,2/10/2026 11:55,-119.7711,39.4839,1345,1014.1
RNO,2/10/2026 12:55,-119.7711,39.4839,1345,1014.3
RNO,2/10/2026 13:55,-119.7711,39.4839,1345,1014.2
RNO,2/10/2026 14:55,-119.7711,39.4839,1345,1014
RNO,2/10/2026 15:55,-119.7711,39.4839,1345,1014.2
RNO,2/10/2026 16:55,-119.7711,39.4839,1345,1013.4
RNO,2/10/2026 17:55,-119.7711,39.4839,1345,1012.5
RNO,2/10/2026 18:55,-119.7711,39.4839,1345,1011.5
RNO,2/10/2026 19:55,-119.7711,39.4839,1345,1010.1
RNO,2/10/2026 20:55,-119.7711,39.4839,1345,1008.9
RNO,2/10/2026 21:55,-119.7711,39.4839,1345,1008.3
RNO,2/10/2026 22:55,-119.7711,39.4839,1345,1007.4
RNO,2/10/2026 23:55,-119.7711,39.4839,1345,1007.3
RNO,2/11/2026 0:55,-119.7711,39.4839,1345,1007.2
RNO,2/11/2026 1:55,-119.7711,39.4839,1345,1008
RNO,2/11/2026 2:55,-119.7711,39.4839,1345,1007.7
RNO,2/11/2026 3:55,-119.7711,39.4839,1345,1008.2
RNO,2/11/2026 4:55,-119.7711,39.4839,1345,1009.4
RNO,2/11/2026 5:55,-119.7711,39.4839,1345,1010.4
RNO,2/11/2026 6:55,-119.7711,39.4839,1345,1011
RNO,2/11/2026 7:55,-119.7711,39.4839,1345,1010.4
RNO,2/11/2026 8:55,-119.7711,39.4839,1345,1010.9
RNO,2/11/2026 9:55,-119.7711,39.4839,1345,1010.8
RNO,2/11/2026 10:55,-119.7711,39.4839,1345,1010.7
RNO,2/11/2026 11:55,-119.7711,39.4839,1345,1010.9
RNO,2/11/2026 12:55,-119.7711,39.4839,1345,1011.3
RNO,2/11/2026 13:55,-119.7711,39.4839,1345,1012
RNO,2/11/2026 14:55,-119.7711,39.4839,1345,1012.5
RNO,2/11/2026 15:55,-119.7711,39.4839,1345,1013.8
RNO,2/11/2026 16:55,-119.7711,39.4839,1345,1014.6
RNO,2/11/2026 17:55,-119.7711,39.4839,1345,1015.4
RNO,2/11/2026 18:20,-119.7711,39.4839,1345,M
RNO,2/11/2026 18:55,-119.7711,39.4839,1345,1015.8
RNO,2/11/2026 19:55,-119.7711,39.4839,1345,1015.3
RNO,2/11/2026 20:55,-119.7711,39.4839,1345,1014.8
RNO,2/11/2026 21:55,-119.7711,39.4839,1345,1014.8
RNO,2/11/2026 22:55,-119.7711,39.4839,1345,1014.9
RNO,2/11/2026 23:55,-119.7711,39.4839,1345,1015.3
RNO,2/12/2026 0:55,-119.7711,39.4839,1345,1016.3
RNO,2/12/2026 1:55,-119.7711,39.4839,1345,1017.3
RNO,2/12/2026 2:55,-119.7711,39.4839,1345,1018.4
RNO,2/12/2026 3:55,-119.7711,39.4839,1345,1019.3
RNO,2/12/2026 4:55,-119.7711,39.4839,1345,1020.1
RNO,2/12/2026 5:55,-119.7711,39.4839,1345,1020.8
RNO,2/12/2026 6:55,-119.7711,39.4839,1345,1020.6
RNO,2/12/2026 7:55,-119.7711,39.4839,1345,1021.2
RNO,2/12/2026 8:55,-119.7711,39.4839,1345,1021.2
RNO,2/12/2026 9:55,-119.7711,39.4839,1345,1021.7
RNO,2/12/2026 10:55,-119.7711,39.4839,1345,1021.6
RNO,2/12/2026 11:55,-119.7711,39.4839,1345,1021.5
RNO,2/12/2026 12:42,-119.7711,39.4839,1345,M
RNO,2/12/2026 12:55,-119.7711,39.4839,1345,1022.3
RNO,2/12/2026 13:55,-119.7711,39.4839,1345,1022.5
RNO,2/12/2026 14:55,-119.7711,39.4839,1345,1023.1
RNO,2/12/2026 15:55,-119.7711,39.4839,1345,1024
RNO,2/12/2026 16:55,-119.7711,39.4839,1345,1024.1
RNO,2/12/2026 17:03,-119.7711,39.4839,1345,M
RNO,2/12/2026 17:55,-119.7711,39.4839,1345,1024.3
RNO,2/12/2026 18:55,-119.7711,39.4839,1345,1023.8
RNO,2/12/2026 19:55,-119.7711,39.4839,1345,1022.8
RNO,2/12/2026 20:55,-119.7711,39.4839,1345,1022
RNO,2/12/2026 21:55,-119.7711,39.4839,1345,1021.3
RNO,2/12/2026 22:55,-119.7711,39.4839,1345,1021.1
RNO,2/12/2026 23:55,-119.7711,39.4839,1345,1021.6
RNO,2/13/2026 0:55,-119.7711,39.4839,1345,1022
RNO,2/13/2026 1:55,-119.7711,39.4839,1345,1022.4
RNO,2/13/2026 2:55,-119.7711,39.4839,1345,1022.6
RNO,2/13/2026 3:55,-119.7711,39.4839,1345,1022.8
RNO,2/13/2026 4:55,-119.7711,39.4839,1345,1023.1
RNO,2/13/2026 5:55,-119.7711,39.4839,1345,1023.2
RNO,2/13/2026 6:55,-119.7711,39.4839,1345,1022.7
RNO,2/13/2026 7:55,-119.7711,39.4839,1345,1022.3
RNO,2/13/2026 8:55,-119.7711,39.4839,1345,1022.1
RNO,2/13/2026 9:55,-119.7711,39.4839,1345,1021.8
RNO,2/13/2026 10:55,-119.7711,39.4839,1345,1022.1
RNO,2/13/2026 11:55,-119.7711,39.4839,1345,1022.8
RNO,2/13/2026 12:55,-119.7711,39.4839,1345,1021.8
RNO,2/13/2026 13:55,-119.7711,39.4839,1345,1022.2
RNO,2/13/2026 14:55,-119.7711,39.4839,1345,1022.8
RNO,2/13/2026 15:55,-119.7711,39.4839,1345,1023
RNO,2/13/2026 16:55,-119.7711,39.4839,1345,1023.3
RNO,2/13/2026 17:55,-119.7711,39.4839,1345,1022
RNO,2/13/2026 18:55,-119.7711,39.4839,1345,1021.2
RNO,2/13/2026 19:55,-119.7711,39.4839,1345,1020.3
RNO,2/13/2026 20:55,-119.7711,39.4839,1345,1018.9
RNO,2/13/2026 21:55,-119.7711,39.4839,1345,1017.8
RNO,2/13/2026 22:55,-119.7711,39.4839,1345,1017.2
RNO,2/13/2026 23:55,-119.7711,39.4839,1345,1017
RNO,2/14/2026 0:55,-119.7711,39.4839,1345,1016.7
RNO,2/14/2026 1:55,-119.7711,39.4839,1345,1017.4
RNO,2/14/2026 2:55,-119.7711,39.4839,1345,1017.8
RNO,2/14/2026 3:55,-119.7711,39.4839,1345,1018.6
RNO,2/14/2026 4:55,-119.7711,39.4839,1345,1018.7
RNO,2/14/2026 5:55,-119.7711,39.4839,1345,1018.9
RNO,2/14/2026 6:55,-119.7711,39.4839,1345,1018.1
RNO,2/14/2026 7:55,-119.7711,39.4839,1345,1017.2
RNO,2/14/2026 8:55,-119.7711,39.4839,1345,1017.5
RNO,2/14/2026 9:55,-119.7711,39.4839,1345,1017.4
RNO,2/14/2026 10:55,-119.7711,39.4839,1345,1017.1
RNO,2/14/2026 11:55,-119.7711,39.4839,1345,1017
RNO,2/14/2026 12:55,-119.7711,39.4839,1345,1017
RNO,2/14/2026 13:55,-119.7711,39.4839,1345,1017.4
RNO,2/14/2026 14:55,-119.7711,39.4839,1345,1017.5
RNO,2/14/2026 15:55,-119.7711,39.4839,1345,1017.9
RNO,2/14/2026 16:55,-119.7711,39.4839,1345,1017.6
RNO,2/14/2026 17:55,-119.7711,39.4839,1345,1017.4
RNO,2/14/2026 18:55,-119.7711,39.4839,1345,1016.6
RNO,2/14/2026 19:55,-119.7711,39.4839,1345,1015.4
RNO,2/14/2026 20:55,-119.7711,39.4839,1345,1014.1
RNO,2/14/2026 21:55,-119.7711,39.4839,1345,1012.3
RNO,2/14/2026 22:55,-119.7711,39.4839,1345,1011.2
RNO,2/14/2026 23:55,-119.7711,39.4839,1345,1011.1
RNO,2/15/2026 0:55,-119.7711,39.4839,1345,1011.1
RNO,2/15/2026 1:55,-119.7711,39.4839,1345,1011.7
RNO,2/15/2026 2:55,-119.7711,39.4839,1345,1012
RNO,2/15/2026 3:55,-119.7711,39.4839,1345,1012.7
RNO,2/15/2026 4:55,-119.7711,39.4839,1345,1012.3
RNO,2/15/2026 5:55,-119.7711,39.4839,1345,1012
RNO,2/15/2026 6:55,-119.7711,39.4839,1345,1011.9
RNO,2/15/2026 7:55,-119.7711,39.4839,1345,1010.8
RNO,2/15/2026 8:55,-119.7711,39.4839,1345,1010.7
RNO,2/15/2026 9:55,-119.7711,39.4839,1345,1011
RNO,2/15/2026 10:55,-119.7711,39.4839,1345,1010.6
RNO,2/15/2026 11:55,-119.7711,39.4839,1345,1010.4
RNO,2/15/2026 12:55,-119.7711,39.4839,1345,1011
RNO,2/15/2026 13:55,-119.7711,39.4839,1345,1011.1
RNO,2/15/2026 14:55,-119.7711,39.4839,1345,1012.1
RNO,2/15/2026 15:55,-119.7711,39.4839,1345,1012.7
RNO,2/15/2026 16:55,-119.7711,39.4839,1345,1012.5
RNO,2/15/2026 17:55,-119.7711,39.4839,1345,1012.3
RNO,2/15/2026 18:55,-119.7711,39.4839,1345,1011.6
RNO,2/15/2026 19:55,-119.7711,39.4839,1345,1010.6
RNO,2/15/2026 20:55,-119.7711,39.4839,1345,1009.6
RNO,2/15/2026 21:55,-119.7711,39.4839,1345,1008.5
RNO,2/15/2026 22:55,-119.7711,39.4839,1345,1007.7
RNO,2/15/2026 23:55,-119.7711,39.4839,1345,1007
RNO,2/16/2026 0:55,-119.7711,39.4839,1345,1006.3
RNO,2/16/2026 1:55,-119.7711,39.4839,1345,1007.4
RNO,2/16/2026 2:55,-119.7711,39.4839,1345,1007.8
RNO,2/16/2026 3:55,-119.7711,39.4839,1345,1007.4
RNO,2/16/2026 4:55,-119.7711,39.4839,1345,1007.5
RNO,2/16/2026 5:55,-119.7711,39.4839,1345,1006.8
RNO,2/16/2026 6:55,-119.7711,39.4839,1345,1005.5
RNO,2/16/2026 7:55,-119.7711,39.4839,1345,1005.1
RNO,2/16/2026 8:55,-119.7711,39.4839,1345,1004.2
RNO,2/16/2026 9:55,-119.7711,39.4839,1345,1003.9
RNO,2/16/2026 10:55,-119.7711,39.4839,1345,1003.4
RNO,2/16/2026 11:55,-119.7711,39.4839,1345,1002.5
RNO,2/16/2026 12:55,-119.7711,39.4839,1345,1001.6
RNO,2/16/2026 13:55,-119.7711,39.4839,1345,1001.8
RNO,2/16/2026 14:55,-119.7711,39.4839,1345,1000.8
RNO,2/16/2026 15:55,-119.7711,39.4839,1345,1000.4
RNO,2/16/2026 16:55,-119.7711,39.4839,1345,1000.9
RNO,2/16/2026 17:55,-119.7711,39.4839,1345,1000.5
RNO,2/16/2026 18:55,-119.7711,39.4839,1345,999.5
RNO,2/16/2026 19:55,-119.7711,39.4839,1345,997.9
RNO,2/16/2026 20:55,-119.7711,39.4839,1345,997
RNO,2/16/2026 21:14,-119.7711,39.4839,1345,M
RNO,2/16/2026 21:55,-119.7711,39.4839,1345,996
RNO,2/16/2026 22:55,-119.7711,39.4839,1345,994.7
RNO,2/16/2026 23:41,-119.7711,39.4839,1345,M
RNO,2/16/2026 23:55,-119.7711,39.4839,1345,994.1
RNO,2/17/2026 0:55,-119.7711,39.4839,1345,993.6
RNO,2/17/2026 1:55,-119.7711,39.4839,1345,992.8
RNO,2/17/2026 2:55,-119.7711,39.4839,1345,993.9
RNO,2/17/2026 3:55,-119.7711,39.4839,1345,994.6
RNO,2/17/2026 4:55,-119.7711,39.4839,1345,994.9
RNO,2/17/2026 5:55,-119.7711,39.4839,1345,995.3
RNO,2/17/2026 6:15,-119.7711,39.4839,1345,M
RNO,2/17/2026 6:55,-119.7711,39.4839,1345,996.7
RNO,2/17/2026 7:55,-119.7711,39.4839,1345,998
RNO,2/17/2026 8:51,-119.7711,39.4839,1345,M
RNO,2/17/2026 8:55,-119.7711,39.4839,1345,999.7
RNO,2/17/2026 9:55,-119.7711,39.4839,1345,1000.2
RNO,2/17/2026 10:55,-119.7711,39.4839,1345,1000.7
RNO,2/17/2026 11:40,-119.7711,39.4839,1345,M
RNO,2/17/2026 11:42,-119.7711,39.4839,1345,M
RNO,2/17/2026 11:49,-119.7711,39.4839,1345,M
RNO,2/17/2026 11:55,-119.7711,39.4839,1345,1002.6
RNO,2/17/2026 11:58,-119.7711,39.4839,1345,M
RNO,2/17/2026 12:55,-119.7711,39.4839,1345,1003
RNO,2/17/2026 13:52,-119.7711,39.4839,1345,M
RNO,2/17/2026 13:55,-119.7711,39.4839,1345,1002.4
RNO,2/17/2026 13:59,-119.7711,39.4839,1345,M
RNO,2/17/2026 14:04,-119.7711,39.4839,1345,M
RNO,2/17/2026 14:33,-119.7711,39.4839,1345,M
RNO,2/17/2026 14:36,-119.7711,39.4839,1345,M
RNO,2/17/2026 14:41,-119.7711,39.4839,1345,M
RNO,2/17/2026 14:55,-119.7711,39.4839,1345,1002.6
RNO,2/17/2026 15:00,-119.7711,39.4839,1345,M
RNO,2/17/2026 15:18,-119.7711,39.4839,1345,M
RNO,2/17/2026 15:37,-119.7711,39.4839,1345,M
RNO,2/17/2026 15:55,-119.7711,39.4839,1345,1002
RNO,2/17/2026 16:08,-119.7711,39.4839,1345,M
RNO,2/17/2026 16:42,-119.7711,39.4839,1345,M
RNO,2/17/2026 16:55,-119.7711,39.4839,1345,1002
RNO,2/17/2026 17:55,-119.7711,39.4839,1345,1001.6
RNO,2/17/2026 17:59,-119.7711,39.4839,1345,M
RNO,2/17/2026 18:46,-119.7711,39.4839,1345,M
RNO,2/17/2026 18:55,-119.7711,39.4839,1345,1001.2
RNO,2/17/2026 19:36,-119.7711,39.4839,1345,M
RNO,2/17/2026 19:55,-119.7711,39.4839,1345,1000.1
RNO,2/17/2026 20:06,-119.7711,39.4839,1345,M
RNO,2/17/2026 20:38,-119.7711,39.4839,1345,M
RNO,2/17/2026 20:55,-119.7711,39.4839,1345,1000.7
RNO,2/17/2026 21:34,-119.7711,39.4839,1345,M
RNO,2/17/2026 21:45,-119.7711,39.4839,1345,M
RNO,2/17/2026 21:55,-119.7711,39.4839,1345,999.3
RNO,2/17/2026 22:02,-119.7711,39.4839,1345,M
RNO,2/17/2026 22:14,-119.7711,39.4839,1345,M
RNO,2/17/2026 22:35,-119.7711,39.4839,1345,M
RNO,2/17/2026 22:55,-119.7711,39.4839,1345,999
RNO,2/17/2026 23:05,-119.7711,39.4839,1345,M
RNO,2/17/2026 23:26,-119.7711,39.4839,1345,M
RNO,2/17/2026 23:48,-119.7711,39.4839,1345,M
RNO,2/17/2026 23:55,-119.7711,39.4839,1345,999.1
RNO,2/18/2026 0:07,-119.7711,39.4839,1345,M
RNO,2/18/2026 0:55,-119.7711,39.4839,1345,999.2
RNO,2/18/2026 1:55,-119.7711,39.4839,1345,999.2
RNO,2/18/2026 2:10,-119.7711,39.4839,1345,M
RNO,2/18/2026 2:55,-119.7711,39.4839,1345,999.2
RNO,2/18/2026 3:14,-119.7711,39.4839,1345,M
RNO,2/18/2026 3:38,-119.7711,39.4839,1345,M
RNO,2/18/2026 3:55,-119.7711,39.4839,1345,999.4
RNO,2/18/2026 4:17,-119.7711,39.4839,1345,M
RNO,2/18/2026 4:55,-119.7711,39.4839,1345,999.9
RNO,2/18/2026 5:12,-119.7711,39.4839,1345,M
RNO,2/18/2026 5:19,-119.7711,39.4839,1345,M
RNO,2/18/2026 5:55,-119.7711,39.4839,1345,1001
RNO,2/18/2026 6:12,-119.7711,39.4839,1345,M
RNO,2/18/2026 6:51,-119.7711,39.4839,1345,M
RNO,2/18/2026 6:53,-119.7711,39.4839,1345,M
RNO,2/18/2026 6:55,-119.7711,39.4839,1345,1001.5
RNO,2/18/2026 7:07,-119.7711,39.4839,1345,M
RNO,2/18/2026 7:15,-119.7711,39.4839,1345,M
RNO,2/18/2026 7:43,-119.7711,39.4839,1345,M
RNO,2/18/2026 7:48,-119.7711,39.4839,1345,M
RNO,2/18/2026 7:55,-119.7711,39.4839,1345,1001.8
RNO,2/18/2026 8:24,-119.7711,39.4839,1345,M
RNO,2/18/2026 8:55,-119.7711,39.4839,1345,1002
RNO,2/18/2026 9:55,-119.7711,39.4839,1345,1002.3
RNO,2/18/2026 10:55,-119.7711,39.4839,1345,1003
RNO,2/18/2026 11:55,-119.7711,39.4839,1345,1003.6
RNO,2/18/2026 12:55,-119.7711,39.4839,1345,1005.1
RNO,2/18/2026 13:55,-119.7711,39.4839,1345,1006.4
RNO,2/18/2026 14:55,-119.7711,39.4839,1345,1007
RNO,2/18/2026 15:55,-119.7711,39.4839,1345,1008.8
RNO,2/18/2026 16:55,-119.7711,39.4839,1345,1008.9
RNO,2/18/2026 17:55,-119.7711,39.4839,1345,1009.8
RNO,2/18/2026 18:55,-119.7711,39.4839,1345,1009.7
RNO,2/18/2026 19:55,-119.7711,39.4839,1345,1009.3
RNO,2/18/2026 20:55,-119.7711,39.4839,1345,1009.1
RNO,2/18/2026 21:55,-119.7711,39.4839,1345,1009.1
RNO,2/18/2026 22:55,-119.7711,39.4839,1345,1009.3
RNO,2/18/2026 23:55,-119.7711,39.4839,1345,1009.5
RNO,2/19/2026 0:55,-119.7711,39.4839,1345,1009.3
RNO,2/19/2026 1:55,-119.7711,39.4839,1345,1010
RNO,2/19/2026 2:55,-119.7711,39.4839,1345,1009.9
RNO,2/19/2026 3:55,-119.7711,39.4839,1345,1010.3
RNO,2/19/2026 4:55,-119.7711,39.4839,1345,1010.6
RNO,2/19/2026 5:55,-119.7711,39.4839,1345,1010.6
RNO,2/19/2026 6:55,-119.7711,39.4839,1345,1010
RNO,2/19/2026 7:55,-119.7711,39.4839,1345,1009.6
RNO,2/19/2026 8:11,-119.7711,39.4839,1345,M
RNO,2/19/2026 8:55,-119.7711,39.4839,1345,1008.9
RNO,2/19/2026 9:55,-119.7711,39.4839,1345,1008.1
RNO,2/19/2026 10:11,-119.7711,39.4839,1345,M
RNO,2/19/2026 10:55,-119.7711,39.4839,1345,1007.1
RNO,2/19/2026 11:55,-119.7711,39.4839,1345,1006.6
RNO,2/19/2026 12:03,-119.7711,39.4839,1345,M
RNO,2/19/2026 12:55,-119.7711,39.4839,1345,1005.7
RNO,2/19/2026 13:55,-119.7711,39.4839,1345,1005
RNO,2/19/2026 14:12,-119.7711,39.4839,1345,M
RNO,2/19/2026 14:55,-119.7711,39.4839,1345,1004.2
RNO,2/19/2026 15:02,-119.7711,39.4839,1345,M
RNO,2/19/2026 15:25,-119.7711,39.4839,1345,M
RNO,2/19/2026 15:38,-119.7711,39.4839,1345,M
RNO,2/19/2026 15:55,-119.7711,39.4839,1345,1003.7
RNO,2/19/2026 16:09,-119.7711,39.4839,1345,M
RNO,2/19/2026 16:25,-119.7711,39.4839,1345,M
RNO,2/19/2026 16:45,-119.7711,39.4839,1345,M
RNO,2/19/2026 16:55,-119.7711,39.4839,1345,1003.3
RNO,2/19/2026 17:11,-119.7711,39.4839,1345,M
RNO,2/19/2026 17:13,-119.7711,39.4839,1345,M
RNO,2/19/2026 17:35,-119.7711,39.4839,1345,M
RNO,2/19/2026 17:55,-119.7711,39.4839,1345,1002.6
RNO,2/19/2026 17:59,-119.7711,39.4839,1345,M
RNO,2/19/2026 18:12,-119.7711,39.4839,1345,M
RNO,2/19/2026 18:55,-119.7711,39.4839,1345,1002.3
RNO,2/19/2026 18:59,-119.7711,39.4839,1345,M
RNO,2/19/2026 19:43,-119.7711,39.4839,1345,M
RNO,2/19/2026 19:49,-119.7711,39.4839,1345,M
RNO,2/19/2026 19:55,-119.7711,39.4839,1345,1002
RNO,2/19/2026 20:29,-119.7711,39.4839,1345,M
RNO,2/19/2026 20:37,-119.7711,39.4839,1345,M
RNO,2/19/2026 20:55,-119.7711,39.4839,1345,1001.8
RNO,2/19/2026 21:06,-119.7711,39.4839,1345,M
RNO,2/19/2026 21:26,-119.7711,39.4839,1345,M
RNO,2/19/2026 21:32,-119.7711,39.4839,1345,M
RNO,2/19/2026 21:55,-119.7711,39.4839,1345,1001.2
RNO,2/19/2026 22:40,-119.7711,39.4839,1345,M
RNO,2/19/2026 22:55,-119.7711,39.4839,1345,1001.6
RNO,2/19/2026 23:02,-119.7711,39.4839,1345,M
RNO,2/19/2026 23:19,-119.7711,39.4839,1345,M
RNO,2/19/2026 23:55,-119.7711,39.4839,1345,1002.5
RNO,2/20/2026 0:20,-119.7711,39.4839,1345,M
RNO,2/20/2026 0:55,-119.7711,39.4839,1345,1003.3
RNO,2/20/2026 1:01,-119.7711,39.4839,1345,M
RNO,2/20/2026 1:55,-119.7711,39.4839,1345,1004.2
RNO,2/20/2026 2:55,-119.7711,39.4839,1345,1005.3
RNO,2/20/2026 3:55,-119.7711,39.4839,1345,1006.4
RNO,2/20/2026 4:55,-119.7711,39.4839,1345,1007.1
RNO,2/20/2026 5:55,-119.7711,39.4839,1345,1008
RNO,2/20/2026 6:55,-119.7711,39.4839,1345,1009
RNO,2/20/2026 7:55,-119.7711,39.4839,1345,1009.8
RNO,2/20/2026 8:55,-119.7711,39.4839,1345,1010.9
RNO,2/20/2026 8:59,-119.7711,39.4839,1345,M
RNO,2/20/2026 9:44,-119.7711,39.4839,1345,M
RNO,2/20/2026 9:55,-119.7711,39.4839,1345,1011.4
RNO,2/20/2026 10:55,-119.7711,39.4839,1345,1011.9
RNO,2/20/2026 11:55,-119.7711,39.4839,1345,1012.8
RNO,2/20/2026 12:55,-119.7711,39.4839,1345,1013.7
RNO,2/20/2026 13:55,-119.7711,39.4839,1345,1014.9
RNO,2/20/2026 14:55,-119.7711,39.4839,1345,1016
RNO,2/20/2026 15:55,-119.7711,39.4839,1345,1017.2
RNO,2/20/2026 16:55,-119.7711,39.4839,1345,1017.4
RNO,2/20/2026 17:55,-119.7711,39.4839,1345,1017.5
RNO,2/20/2026 18:55,-119.7711,39.4839,1345,1018.3
RNO,2/20/2026 19:55,-119.7711,39.4839,1345,1017.1
RNO,2/20/2026 20:55,-119.7711,39.4839,1345,1016.7
RNO,2/20/2026 21:55,-119.7711,39.4839,1345,1016.2
RNO,2/20/2026 22:55,-119.7711,39.4839,1345,1016.3
RNO,2/20/2026 23:55,-119.7711,39.4839,1345,1016.1
RNO,2/21/2026 0:55,-119.7711,39.4839,1345,1016.7
RNO,2/21/2026 1:55,-119.7711,39.4839,1345,1017.1
RNO,2/21/2026 2:55,-119.7711,39.4839,1345,1018
RNO,2/21/2026 3:55,-119.7711,39.4839,1345,1018.5
RNO,2/21/2026 4:55,-119.7711,39.4839,1345,1018.8
RNO,2/21/2026 5:55,-119.7711,39.4839,1345,1019
RNO,2/21/2026 6:55,-119.7711,39.4839,1345,1019.8
RNO,2/21/2026 7:55,-119.7711,39.4839,1345,1019.4
RNO,2/21/2026 8:55,-119.7711,39.4839,1345,1020.3
RNO,2/21/2026 9:55,-119.7711,39.4839,1345,1020.4
RNO,2/21/2026 10:55,-119.7711,39.4839,1345,1020.5
RNO,2/21/2026 11:55,-119.7711,39.4839,1345,1020.5
RNO,2/21/2026 12:55,-119.7711,39.4839,1345,1021.5
RNO,2/21/2026 13:55,-119.7711,39.4839,1345,1021.9
RNO,2/21/2026 14:55,-119.7711,39.4839,1345,1022.4
RNO,2/21/2026 15:55,-119.7711,39.4839,1345,1022.7
RNO,2/21/2026 16:55,-119.7711,39.4839,1345,1022.8
RNO,2/21/2026 17:55,-119.7711,39.4839,1345,1023.4
RNO,2/21/2026 18:55,-119.7711,39.4839,1345,1023.6
RNO,2/21/2026 19:55,-119.7711,39.4839,1345,1023.1
RNO,2/21/2026 20:55,-119.7711,39.4839,1345,1022.3
RNO,2/21/2026 21:55,-119.7711,39.4839,1345,1021.8
RNO,2/21/2026 22:55,-119.7711,39.4839,1345,1021.8
RNO,2/21/2026 23:55,-119.7711,39.4839,1345,1021.2
RNO,2/22/2026 0:55,-119.7711,39.4839,1345,1021.3
RNO,2/22/2026 1:55,-119.7711,39.4839,1345,1021.5
RNO,2/22/2026 2:55,-119.7711,39.4839,1345,1022
RNO,2/22/2026 3:55,-119.7711,39.4839,1345,1022.2
RNO,2/22/2026 4:55,-119.7711,39.4839,1345,1022.9
RNO,2/22/2026 5:55,-119.7711,39.4839,1345,1023.9
RNO,2/22/2026 6:55,-119.7711,39.4839,1345,1024.7
RNO,2/22/2026 7:55,-119.7711,39.4839,1345,1024.6
RNO,2/22/2026 8:55,-119.7711,39.4839,1345,1024.3
RNO,2/22/2026 9:55,-119.7711,39.4839,1345,1024.3
RNO,2/22/2026 10:55,-119.7711,39.4839,1345,1023.6
RNO,2/22/2026 11:55,-119.7711,39.4839,1345,1023.4
RNO,2/22/2026 12:55,-119.7711,39.4839,1345,1023.7
RNO,2/22/2026 13:55,-119.7711,39.4839,1345,1024.7
RNO,2/22/2026 14:55,-119.7711,39.4839,1345,1026.2
RNO,2/22/2026 15:55,-119.7711,39.4839,1345,1026.8
RNO,2/22/2026 16:55,-119.7711,39.4839,1345,1027
RNO,2/22/2026 17:55,-119.7711,39.4839,1345,1026.8
RNO,2/22/2026 18:55,-119.7711,39.4839,1345,1026.6
RNO,2/22/2026 19:55,-119.7711,39.4839,1345,1025.6
RNO,2/22/2026 20:55,-119.7711,39.4839,1345,1024.6
RNO,2/22/2026 21:55,-119.7711,39.4839,1345,1024.3
RNO,2/22/2026 22:55,-119.7711,39.4839,1345,1024
RNO,2/22/2026 23:55,-119.7711,39.4839,1345,1024
RNO,2/23/2026 0:55,-119.7711,39.4839,1345,1024.1
RNO,2/23/2026 1:55,-119.7711,39.4839,1345,1025
RNO,2/23/2026 2:55,-119.7711,39.4839,1345,1025.2
RNO,2/23/2026 3:55,-119.7711,39.4839,1345,1025.8
RNO,2/23/2026 4:55,-119.7711,39.4839,1345,1026
RNO,2/23/2026 5:55,-119.7711,39.4839,1345,1026.6
RNO,2/23/2026 6:55,-119.7711,39.4839,1345,1026.3
RNO,2/23/2026 7:55,-119.7711,39.4839,1345,1026.6
RNO,2/23/2026 8:55,-119.7711,39.4839,1345,1026.9
RNO,2/23/2026 9:55,-119.7711,39.4839,1345,1027.1
RNO,2/23/2026 10:55,-119.7711,39.4839,1345,1026
RNO,2/23/2026 11:55,-119.7711,39.4839,1345,1025.4
RNO,2/23/2026 12:55,-119.7711,39.4839,1345,1026
RNO,2/23/2026 13:55,-119.7711,39.4839,1345,1026.4
RNO,2/23/2026 14:55,-119.7711,39.4839,1345,1026.5
RNO,2/23/2026 15:55,-119.7711,39.4839,1345,1027.1
RNO,2/23/2026 16:55,-119.7711,39.4839,1345,1027
RNO,2/23/2026 17:55,-119.7711,39.4839,1345,1026.4
RNO,2/23/2026 18:55,-119.7711,39.4839,1345,1025.5
RNO,2/23/2026 19:55,-119.7711,39.4839,1345,1023.9
RNO,2/23/2026 20:55,-119.7711,39.4839,1345,1022.7
RNO,2/23/2026 21:55,-119.7711,39.4839,1345,1021.2
RNO,2/23/2026 22:55,-119.7711,39.4839,1345,1020.1
RNO,2/23/2026 23:55,-119.7711,39.4839,1345,1019.2
RNO,2/24/2026 0:55,-119.7711,39.4839,1345,1019
RNO,2/24/2026 1:55,-119.7711,39.4839,1345,1019.8
RNO,2/24/2026 2:55,-119.7711,39.4839,1345,1020.4
RNO,2/24/2026 3:55,-119.7711,39.4839,1345,1020.2
RNO,2/24/2026 4:55,-119.7711,39.4839,1345,1019.3
RNO,2/24/2026 5:55,-119.7711,39.4839,1345,1018.7
RNO,2/24/2026 6:55,-119.7711,39.4839,1345,1018.2
RNO,2/24/2026 7:55,-119.7711,39.4839,1345,1017.2
RNO,2/24/2026 8:55,-119.7711,39.4839,1345,1016.4
RNO,2/24/2026 9:55,-119.7711,39.4839,1345,1014.4
RNO,2/24/2026 10:55,-119.7711,39.4839,1345,1014
RNO,2/24/2026 11:55,-119.7711,39.4839,1345,1012.7
RNO,2/24/2026 12:55,-119.7711,39.4839,1345,1012.4
RNO,2/24/2026 13:55,-119.7711,39.4839,1345,1012.5
RNO,2/24/2026 14:55,-119.7711,39.4839,1345,1013.2
RNO,2/24/2026 15:55,-119.7711,39.4839,1345,1013.4
RNO,2/24/2026 16:55,-119.7711,39.4839,1345,1013.3
RNO,2/24/2026 17:55,-119.7711,39.4839,1345,1012.9
RNO,2/24/2026 18:55,-119.7711,39.4839,1345,1012.5
RNO,2/24/2026 19:55,-119.7711,39.4839,1345,1012.2
RNO,2/24/2026 20:55,-119.7711,39.4839,1345,1011.6
RNO,2/24/2026 21:55,-119.7711,39.4839,1345,1011.8
RNO,2/24/2026 22:55,-119.7711,39.4839,1345,1010.9
RNO,2/24/2026 23:55,-119.7711,39.4839,1345,1011
RNO,2/25/2026 0:55,-119.7711,39.4839,1345,1009.8
RNO,2/25/2026 1:55,-119.7711,39.4839,1345,1011.4
RNO,2/25/2026 2:55,-119.7711,39.4839,1345,1012.2
RNO,2/25/2026 3:02,-119.7711,39.4839,1345,M
RNO,2/25/2026 3:55,-119.7711,39.4839,1345,1012.4
RNO,2/25/2026 4:55,-119.7711,39.4839,1345,1012.5
RNO,2/25/2026 5:55,-119.7711,39.4839,1345,1014
RNO,2/25/2026 6:55,-119.7711,39.4839,1345,1014.1
RNO,2/25/2026 7:55,-119.7711,39.4839,1345,1014
RNO,2/25/2026 8:55,-119.7711,39.4839,1345,1014.6
RNO,2/25/2026 9:55,-119.7711,39.4839,1345,1014.1
RNO,2/25/2026 10:55,-119.7711,39.4839,1345,1013.6
RNO,2/25/2026 11:55,-119.7711,39.4839,1345,1014.2
RNO,2/25/2026 12:55,-119.7711,39.4839,1345,1014.6
RNO,2/25/2026 13:55,-119.7711,39.4839,1345,1015
RNO,2/25/2026 14:55,-119.7711,39.4839,1345,1015.5
RNO,2/25/2026 15:55,-119.7711,39.4839,1345,1016.2
RNO,2/25/2026 16:55,-119.7711,39.4839,1345,1016.6
RNO,2/25/2026 17:55,-119.7711,39.4839,1345,1016.6
RNO,2/25/2026 18:55,-119.7711,39.4839,1345,1017.1
RNO,2/25/2026 19:55,-119.7711,39.4839,1345,1016.6
RNO,2/25/2026 20:55,-119.7711,39.4839,1345,1016
RNO,2/25/2026 21:55,-119.7711,39.4839,1345,1015.8
RNO,2/25/2026 22:55,-119.7711,39.4839,1345,1015.4
RNO,2/25/2026 23:55,-119.7711,39.4839,1345,1016.1
RNO,2/26/2026 0:55,-119.7711,39.4839,1345,1016.8
RNO,2/26/2026 1:55,-119.7711,39.4839,1345,1017.2
RNO,2/26/2026 2:55,-119.7711,39.4839,1345,1018.2
RNO,2/26/2026 3:55,-119.7711,39.4839,1345,1018.6
RNO,2/26/2026 4:55,-119.7711,39.4839,1345,1019.1
RNO,2/26/2026 5:55,-119.7711,39.4839,1345,1019.7
RNO,2/26/2026 6:55,-119.7711,39.4839,1345,1019.9
RNO,2/26/2026 7:55,-119.7711,39.4839,1345,1019.9
RNO,2/26/2026 8:55,-119.7711,39.4839,1345,1020.3
RNO,2/26/2026 9:55,-119.7711,39.4839,1345,1020.4
RNO,2/26/2026 10:55,-119.7711,39.4839,1345,1020.4
RNO,2/26/2026 11:55,-119.7711,39.4839,1345,1020.9
RNO,2/26/2026 12:55,-119.7711,39.4839,1345,1021.9
RNO,2/26/2026 13:55,-119.7711,39.4839,1345,1022.7
RNO,2/26/2026 14:55,-119.7711,39.4839,1345,1023.5
RNO,2/26/2026 15:55,-119.7711,39.4839,1345,1024.5
RNO,2/26/2026 16:55,-119.7711,39.4839,1345,1024.7
RNO,2/26/2026 17:55,-119.7711,39.4839,1345,1024.8
RNO,2/26/2026 18:55,-119.7711,39.4839,1345,1024.4
RNO,2/26/2026 19:55,-119.7711,39.4839,1345,1023.1
RNO,2/26/2026 20:55,-119.7711,39.4839,1345,1021.9
RNO,2/26/2026 21:55,-119.7711,39.4839,1345,1021.2
RNO,2/26/2026 22:55,-119.7711,39.4839,1345,1020.8
RNO,2/26/2026 23:55,-119.7711,39.4839,1345,1020.5
RNO,2/27/2026 0:55,-119.7711,39.4839,1345,1021.1
RNO,2/27/2026 1:55,-119.7711,39.4839,1345,1021.7
RNO,2/27/2026 2:55,-119.7711,39.4839,1345,1022.5
RNO,2/27/2026 3:55,-119.7711,39.4839,1345,1023.2
RNO,2/27/2026 4:55,-119.7711,39.4839,1345,1023.8
RNO,2/27/2026 5:55,-119.7711,39.4839,1345,1024
RNO,2/27/2026 6:55,-119.7711,39.4839,1345,1023.9
RNO,2/27/2026 7:55,-119.7711,39.4839,1345,1023.8
RNO,2/27/2026 8:55,-119.7711,39.4839,1345,1023.4
RNO,2/27/2026 9:55,-119.7711,39.4839,1345,1023.1
RNO,2/27/2026 10:55,-119.7711,39.4839,1345,1022.7
RNO,2/27/2026 11:55,-119.7711,39.4839,1345,1023
RNO,2/27/2026 12:55,-119.7711,39.4839,1345,1023.3
RNO,2/27/2026 13:55,-119.7711,39.4839,1345,1023.8
RNO,2/27/2026 14:55,-119.7711,39.4839,1345,1024.4
RNO,2/27/2026 15:55,-119.7711,39.4839,1345,1024.8
RNO,2/27/2026 16:55,-119.7711,39.4839,1345,1025
RNO,2/27/2026 17:55,-119.7711,39.4839,1345,1024.8
RNO,2/27/2026 18:55,-119.7711,39.4839,1345,1024.1
RNO,2/27/2026 19:55,-119.7711,39.4839,1345,1023.3
RNO,2/27/2026 20:55,-119.7711,39.4839,1345,1021.3
RNO,2/27/2026 21:55,-119.7711,39.4839,1345,1020.1
RNO,2/27/2026 22:55,-119.7711,39.4839,1345,1019.7
RNO,2/27/2026 23:55,-119.7711,39.4839,1345,1019.5
RNO,2/28/2026 0:55,-119.7711,39.4839,1345,1019.3
RNO,2/28/2026 1:55,-119.7711,39.4839,1345,1019.4
RNO,2/28/2026 2:55,-119.7711,39.4839,1345,1020.4
RNO,2/28/2026 3:55,-119.7711,39.4839,1345,1020.3
RNO,2/28/2026 4:55,-119.7711,39.4839,1345,1020.4
RNO,2/28/2026 5:55,-119.7711,39.4839,1345,1019.8
RNO,2/28/2026 6:55,-119.7711,39.4839,1345,1019.3
RNO,2/28/2026 7:55,-119.7711,39.4839,1345,1019.3
RNO,2/28/2026 8:55,-119.7711,39.4839,1345,1018.5
RNO,2/28/2026 9:55,-119.7711,39.4839,1345,1017.4
RNO,2/28/2026 10:55,-119.7711,39.4839,1345,1016.8
RNO,2/28/2026 11:55,-119.7711,39.4839,1345,1016.1
RNO,2/28/2026 12:55,-119.7711,39.4839,1345,1016
RNO,2/28/2026 13:55,-119.7711,39.4839,1345,1016.4
RNO,2/28/2026 14:55,-119.7711,39.4839,1345,1016.4
RNO,2/28/2026 15:55,-119.7711,39.4839,1345,1017.2
RNO,2/28/2026 16:55,-119.7711,39.4839,1345,1017.1
RNO,2/28/2026 17:55,-119.7711,39.4839,1345,1016.4
RNO,2/28/2026 18:55,-119.7711,39.4839,1345,1015.9
RNO,2/28/2026 19:55,-119.7711,39.4839,1345,1015.1
RNO,2/28/2026 20:55,-119.7711,39.4839,1345,1013.9
RNO,2/28/2026 21:55,-119.7711,39.4839,1345,1013.4
RNO,2/28/2026 22:55,-119.7711,39.4839,1345,1012.8
RNO,2/28/2026 23:55,-119.7711,39.4839,1345,1012.7
RNO,3/1/2026 0:55,-119.7711,39.4839,1345,1012.8
RNO,3/1/2026 1:55,-119.7711,39.4839,1345,1013.4
RNO,3/1/2026 2:55,-119.7711,39.4839,1345,1014.2
RNO,3/1/2026 3:55,-119.7711,39.4839,1345,1014.7
RNO,3/1/2026 4:55,-119.7711,39.4839,1345,1014.9
RNO,3/1/2026 5:55,-119.7711,39.4839,1345,1014.9
RNO,3/1/2026 6:55,-119.7711,39.4839,1345,1014.8
RNO,3/1/2026 7:55,-119.7711,39.4839,1345,1014.4
RNO,3/1/2026 8:55,-119.7711,39.4839,1345,1014.3
RNO,3/1/2026 9:55,-119.7711,39.4839,1345,1014
RNO,3/1/2026 10:55,-119.7711,39.4839,1345,1013.4
RNO,3/1/2026 11:55,-119.7711,39.4839,1345,1013.2
RNO,3/1/2026 12:55,-119.7711,39.4839,1345,1013.7
RNO,3/1/2026 13:55,-119.7711,39.4839,1345,1014.4
RNO,3/1/2026 14:55,-119.7711,39.4839,1345,1014.9
RNO,3/1/2026 15:55,-119.7711,39.4839,1345,1014.7
RNO,3/1/2026 16:55,-119.7711,39.4839,1345,1014.5
RNO,3/1/2026 17:55,-119.7711,39.4839,1345,1014.4
RNO,3/1/2026 18:55,-119.7711,39.4839,1345,1014
RNO,3/1/2026 19:55,-119.7711,39.4839,1345,1014.4
RNO,3/1/2026 20:55,-119.7711,39.4839,1345,1014.4
RNO,3/1/2026 21:55,-119.7711,39.4839,1345,1013.6
RNO,3/1/2026 22:55,-119.7711,39.4839,1345,1013.5
RNO,3/1/2026 23:55,-119.7711,39.4839,1345,1013.3
RNO,3/2/2026 0:55,-119.7711,39.4839,1345,1013
RNO,3/2/2026 1:55,-119.7711,39.4839,1345,1013.9
RNO,3/2/2026 2:55,-119.7711,39.4839,1345,1014.1
RNO,3/2/2026 3:55,-119.7711,39.4839,1345,1014.3
RNO,3/2/2026 4:55,-119.7711,39.4839,1345,1014.4
RNO,3/2/2026 5:55,-119.7711,39.4839,1345,1013.9
RNO,3/2/2026 6:55,-119.7711,39.4839,1345,1013.7
RNO,3/2/2026 7:55,-119.7711,39.4839,1345,1014
RNO,3/2/2026 8:55,-119.7711,39.4839,1345,1014.3
RNO,3/2/2026 9:55,-119.7711,39.4839,1345,1014.5
RNO,3/2/2026 10:55,-119.7711,39.4839,1345,1014.3
RNO,3/2/2026 11:55,-119.7711,39.4839,1345,1014.6
RNO,3/2/2026 12:55,-119.7711,39.4839,1345,1014.7
RNO,3/2/2026 13:55,-119.7711,39.4839,1345,1015.5
RNO,3/2/2026 14:55,-119.7711,39.4839,1345,1015.9
RNO,3/2/2026 15:55,-119.7711,39.4839,1345,1016.7
RNO,3/2/2026 16:55,-119.7711,39.4839,1345,1017.1
RNO,3/2/2026 17:55,-119.7711,39.4839,1345,1016.6
RNO,3/2/2026 18:55,-119.7711,39.4839,1345,1016.4
RNO,3/2/2026 19:55,-119.7711,39.4839,1345,1016.5
RNO,3/2/2026 20:55,-119.7711,39.4839,1345,1015.8
RNO,3/2/2026 21:55,-119.7711,39.4839,1345,1015.8
RNO,3/2/2026 22:55,-119.7711,39.4839,1345,1015.6
RNO,3/2/2026 23:55,-119.7711,39.4839,1345,1015.6
RNO,3/3/2026 0:55,-119.7711,39.4839,1345,1016.1
RNO,3/3/2026 1:55,-119.7711,39.4839,1345,1017.1
RNO,3/3/2026 2:55,-119.7711,39.4839,1345,1018.2
RNO,3/3/2026 3:55,-119.7711,39.4839,1345,1018.6
RNO,3/3/2026 4:55,-119.7711,39.4839,1345,1018.9
RNO,3/3/2026 5:55,-119.7711,39.4839,1345,1019
RNO,3/3/2026 6:55,-119.7711,39.4839,1345,1019.3
RNO,3/3/2026 7:55,-119.7711,39.4839,1345,1019.6
RNO,3/3/2026 8:55,-119.7711,39.4839,1345,1019.6
RNO,3/3/2026 9:55,-119.7711,39.4839,1345,1019.8
RNO,3/3/2026 10:55,-119.7711,39.4839,1345,1019.9
RNO,3/3/2026 11:55,-119.7711,39.4839,1345,1020.4
RNO,3/3/2026 12:55,-119.7711,39.4839,1345,1020.6
RNO,3/3/2026 13:55,-119.7711,39.4839,1345,1021.6
RNO,3/3/2026 14:55,-119.7711,39.4839,1345,1022.6
RNO,3/3/2026 15:55,-119.7711,39.4839,1345,1022.8
RNO,3/3/2026 16:55,-119.7711,39.4839,1345,1022.8
RNO,3/3/2026 17:55,-119.7711,39.4839,1345,1022.3
RNO,3/3/2026 18:55,-119.7711,39.4839,1345,1021.3
RNO,3/3/2026 19:55,-119.7711,39.4839,1345,1020.6
RNO,3/3/2026 20:55,-119.7711,39.4839,1345,1018.8
RNO,3/3/2026 21:55,-119.7711,39.4839,1345,1018
RNO,3/3/2026 22:55,-119.7711,39.4839,1345,1017.5
RNO,3/3/2026 23:55,-119.7711,39.4839,1345,1017.3
RNO,3/4/2026 0:55,-119.7711,39.4839,1345,1016.8
RNO,3/4/2026 1:55,-119.7711,39.4839,1345,1017.1
RNO,3/4/2026 2:55,-119.7711,39.4839,1345,1018
RNO,3/4/2026 3:55,-119.7711,39.4839,1345,1017.9
RNO,3/4/2026 4:55,-119.7711,39.4839,1345,1017.8
RNO,3/4/2026 5:55,-119.7711,39.4839,1345,1017.8
RNO,3/4/2026 6:55,-119.7711,39.4839,1345,1017.5
RNO,3/4/2026 7:55,-119.7711,39.4839,1345,1017
RNO,3/4/2026 8:55,-119.7711,39.4839,1345,1016.9
RNO,3/4/2026 9:55,-119.7711,39.4839,1345,1016.4
RNO,3/4/2026 10:55,-119.7711,39.4839,1345,1015.8
RNO,3/4/2026 11:55,-119.7711,39.4839,1345,1014.9
RNO,3/4/2026 12:55,-119.7711,39.4839,1345,1013.5
RNO,3/4/2026 13:55,-119.7711,39.4839,1345,1014.3
RNO,3/4/2026 14:55,-119.7711,39.4839,1345,1014.4
RNO,3/4/2026 15:55,-119.7711,39.4839,1345,1013.7
RNO,3/4/2026 16:55,-119.7711,39.4839,1345,1012.2
RNO,3/4/2026 17:55,-119.7711,39.4839,1345,1013.3
RNO,3/4/2026 18:55,-119.7711,39.4839,1345,1013.5
RNO,3/4/2026 19:55,-119.7711,39.4839,1345,1014.5
RNO,3/4/2026 20:55,-119.7711,39.4839,1345,1014.1
RNO,3/4/2026 21:55,-119.7711,39.4839,1345,1014.5
RNO,3/4/2026 22:55,-119.7711,39.4839,1345,1014.4
RNO,3/4/2026 23:55,-119.7711,39.4839,1345,1014.6
RNO,3/5/2026 0:55,-119.7711,39.4839,1345,1015.1
RNO,3/5/2026 1:55,-119.7711,39.4839,1345,1016.6
RNO,3/5/2026 2:55,-119.7711,39.4839,1345,1017
RNO,3/5/2026 3:55,-119.7711,39.4839,1345,1017.3
RNO,3/5/2026 4:55,-119.7711,39.4839,1345,1017
RNO,3/5/2026 5:55,-119.7711,39.4839,1345,1017.5
RNO,3/5/2026 6:55,-119.7711,39.4839,1345,1018.9
RNO,3/5/2026 7:55,-119.7711,39.4839,1345,1018.8
RNO,3/5/2026 8:55,-119.7711,39.4839,1345,1019.4
RNO,3/5/2026 9:55,-119.7711,39.4839,1345,1019.7
RNO,3/5/2026 10:55,-119.7711,39.4839,1345,1019.8
RNO,3/5/2026 11:55,-119.7711,39.4839,1345,1019.6
RNO,3/5/2026 12:55,-119.7711,39.4839,1345,1020.8
RNO,3/5/2026 13:55,-119.7711,39.4839,1345,1022
RNO,3/5/2026 14:55,-119.7711,39.4839,1345,1022.6
RNO,3/5/2026 15:55,-119.7711,39.4839,1345,1023
RNO,3/5/2026 16:55,-119.7711,39.4839,1345,1023.4
RNO,3/5/2026 17:55,-119.7711,39.4839,1345,1023.1
RNO,3/5/2026 18:55,-119.7711,39.4839,1345,1023
RNO,3/5/2026 19:55,-119.7711,39.4839,1345,1021.9
RNO,3/5/2026 20:55,-119.7711,39.4839,1345,1021
RNO,3/5/2026 21:55,-119.7711,39.4839,1345,1020.5
RNO,3/5/2026 22:55,-119.7711,39.4839,1345,1019.9
RNO,3/5/2026 23:55,-119.7711,39.4839,1345,1020.2
RNO,3/6/2026 0:55,-119.7711,39.4839,1345,1020.3
RNO,3/6/2026 1:55,-119.7711,39.4839,1345,1020.9
RNO,3/6/2026 2:55,-119.7711,39.4839,1345,1021.7
RNO,3/6/2026 3:55,-119.7711,39.4839,1345,1022.2
RNO,3/6/2026 4:55,-119.7711,39.4839,1345,1022.6
RNO,3/6/2026 5:55,-119.7711,39.4839,1345,1023
RNO,3/6/2026 6:55,-119.7711,39.4839,1345,1023.8
RNO,3/6/2026 7:55,-119.7711,39.4839,1345,1023.4
RNO,3/6/2026 8:55,-119.7711,39.4839,1345,1023.3
RNO,3/6/2026 9:55,-119.7711,39.4839,1345,1023.7
RNO,3/6/2026 10:55,-119.7711,39.4839,1345,1023.3
RNO,3/6/2026 11:55,-119.7711,39.4839,1345,1024.2
RNO,3/6/2026 12:55,-119.7711,39.4839,1345,1024.1
RNO,3/6/2026 13:55,-119.7711,39.4839,1345,1025
RNO,3/6/2026 14:55,-119.7711,39.4839,1345,1025.5
RNO,3/6/2026 15:55,-119.7711,39.4839,1345,1025.3
RNO,3/6/2026 16:55,-119.7711,39.4839,1345,1026.4
RNO,3/6/2026 17:55,-119.7711,39.4839,1345,1026.2
RNO,3/6/2026 18:55,-119.7711,39.4839,1345,1026.4
RNO,3/6/2026 19:55,-119.7711,39.4839,1345,1025.6
RNO,3/6/2026 20:55,-119.7711,39.4839,1345,1024.6
RNO,3/6/2026 21:55,-119.7711,39.4839,1345,1023.8
RNO,3/6/2026 22:55,-119.7711,39.4839,1345,1023.9
RNO,3/6/2026 23:55,-119.7711,39.4839,1345,1023.7
RNO,3/7/2026 0:55,-119.7711,39.4839,1345,1024.1
RNO,3/7/2026 1:55,-119.7711,39.4839,1345,1025.1
RNO,3/7/2026 2:55,-119.7711,39.4839,1345,1026.4
RNO,3/7/2026 3:55,-119.7711,39.4839,1345,1026.2
RNO,3/7/2026 4:55,-119.7711,39.4839,1345,1026.6
RNO,3/7/2026 5:55,-119.7711,39.4839,1345,1026.9
RNO,3/7/2026 6:55,-119.7711,39.4839,1345,1026.9
RNO,3/7/2026 7:55,-119.7711,39.4839,1345,1026.8
RNO,3/7/2026 8:55,-119.7711,39.4839,1345,1026.7
RNO,3/7/2026 9:55,-119.7711,39.4839,1345,1026.7
RNO,3/7/2026 10:55,-119.7711,39.4839,1345,1026.6
RNO,3/7/2026 11:55,-119.7711,39.4839,1345,1026.2
RNO,3/7/2026 12:55,-119.7711,39.4839,1345,1026.6
RNO,3/7/2026 13:55,-119.7711,39.4839,1345,1027.4
RNO,3/7/2026 14:55,-119.7711,39.4839,1345,1028.3
RNO,3/7/2026 15:55,-119.7711,39.4839,1345,1028.6
RNO,3/7/2026 16:55,-119.7711,39.4839,1345,1028.9
RNO,3/7/2026 17:55,-119.7711,39.4839,1345,1028.6
RNO,3/7/2026 18:55,-119.7711,39.4839,1345,1027.8
RNO,3/7/2026 19:55,-119.7711,39.4839,1345,1026.6
RNO,3/7/2026 20:55,-119.7711,39.4839,1345,1025.6
RNO,3/7/2026 21:55,-119.7711,39.4839,1345,1024.6
RNO,3/7/2026 22:55,-119.7711,39.4839,1345,1024.6
RNO,3/7/2026 23:55,-119.7711,39.4839,1345,1025
RNO,3/8/2026 0:55,-119.7711,39.4839,1345,1025
RNO,3/8/2026 1:55,-119.7711,39.4839,1345,1025.4
RNO,3/8/2026 2:55,-119.7711,39.4839,1345,1025.9
RNO,3/8/2026 3:55,-119.7711,39.4839,1345,1026
RNO,3/8/2026 4:55,-119.7711,39.4839,1345,1026.3
RNO,3/8/2026 5:55,-119.7711,39.4839,1345,1025.7
RNO,3/8/2026 6:55,-119.7711,39.4839,1345,1025.6
RNO,3/8/2026 7:55,-119.7711,39.4839,1345,1025.3
RNO,3/8/2026 8:55,-119.7711,39.4839,1345,1025
RNO,3/8/2026 9:55,-119.7711,39.4839,1345,1024.7
RNO,3/8/2026 10:55,-119.7711,39.4839,1345,1023.8
RNO,3/8/2026 11:55,-119.7711,39.4839,1345,1023.1
RNO,3/8/2026 12:55,-119.7711,39.4839,1345,1023
RNO,3/8/2026 13:55,-119.7711,39.4839,1345,1023.4
RNO,3/8/2026 14:55,-119.7711,39.4839,1345,1024
RNO,3/8/2026 15:55,-119.7711,39.4839,1345,1023.1
RNO,3/8/2026 16:55,-119.7711,39.4839,1345,1022.4
RNO,3/8/2026 17:55,-119.7711,39.4839,1345,1020.6
RNO,3/8/2026 18:55,-119.7711,39.4839,1345,1018.9
RNO,3/8/2026 19:55,-119.7711,39.4839,1345,1017.3
RNO,3/8/2026 20:55,-119.7711,39.4839,1345,1015.8
RNO,3/8/2026 21:55,-119.7711,39.4839,1345,1014.3
RNO,3/8/2026 22:55,-119.7711,39.4839,1345,1013.5
RNO,3/8/2026 23:55,-119.7711,39.4839,1345,1012.3
RNO,3/9/2026 0:55,-119.7711,39.4839,1345,1011.6
RNO,3/9/2026 1:55,-119.7711,39.4839,1345,1011.7
RNO,3/9/2026 2:55,-119.7711,39.4839,1345,1012.7
RNO,3/9/2026 3:55,-119.7711,39.4839,1345,1012.9
RNO,3/9/2026 4:55,-119.7711,39.4839,1345,1012.6
RNO,3/9/2026 5:55,-119.7711,39.4839,1345,1012.7
RNO,3/9/2026 6:55,-119.7711,39.4839,1345,1012.4
RNO,3/9/2026 7:55,-119.7711,39.4839,1345,1012.4
RNO,3/9/2026 8:55,-119.7711,39.4839,1345,1012.3
RNO,3/9/2026 9:55,-119.7711,39.4839,1345,1011.4
RNO,3/9/2026 10:55,-119.7711,39.4839,1345,1011
RNO,3/9/2026 11:55,-119.7711,39.4839,1345,1010.6
RNO,3/9/2026 12:55,-119.7711,39.4839,1345,1011.4
RNO,3/9/2026 13:55,-119.7711,39.4839,1345,1011.6
RNO,3/9/2026 14:55,-119.7711,39.4839,1345,1012.8
RNO,3/9/2026 15:55,-119.7711,39.4839,1345,1012.5
RNO,3/9/2026 16:55,-119.7711,39.4839,1345,1012.2
RNO,3/9/2026 17:55,-119.7711,39.4839,1345,1011.3
RNO,3/9/2026 18:55,-119.7711,39.4839,1345,1010.4
RNO,3/9/2026 19:55,-119.7711,39.4839,1345,1009.4
RNO,3/9/2026 20:55,-119.7711,39.4839,1345,1008.5
RNO,3/9/2026 21:55,-119.7711,39.4839,1345,1008.1
RNO,3/9/2026 22:55,-119.7711,39.4839,1345,1007.4
RNO,3/9/2026 23:55,-119.7711,39.4839,1345,1007
RNO,3/10/2026 0:55,-119.7711,39.4839,1345,1007.4
RNO,3/10/2026 1:55,-119.7711,39.4839,1345,1008.5
RNO,3/10/2026 2:55,-119.7711,39.4839,1345,1009.9
RNO,3/10/2026 3:55,-119.7711,39.4839,1345,1010.5
RNO,3/10/2026 4:55,-119.7711,39.4839,1345,1011.2
RNO,3/10/2026 5:55,-119.7711,39.4839,1345,1010.9
RNO,3/10/2026 6:55,-119.7711,39.4839,1345,1011
RNO,3/10/2026 7:55,-119.7711,39.4839,1345,1010.8
RNO,3/10/2026 8:55,-119.7711,39.4839,1345,1011.3
RNO,3/10/2026 9:55,-119.7711,39.4839,1345,1011.4
RNO,3/10/2026 10:55,-119.7711,39.4839,1345,1011.2
RNO,3/10/2026 11:55,-119.7711,39.4839,1345,1011.7
RNO,3/10/2026 12:55,-119.7711,39.4839,1345,1012.1
RNO,3/10/2026 13:55,-119.7711,39.4839,1345,1013.2
RNO,3/10/2026 14:55,-119.7711,39.4839,1345,1013.6
RNO,3/10/2026 15:55,-119.7711,39.4839,1345,1014.1
RNO,3/10/2026 16:55,-119.7711,39.4839,1345,1013.6
RNO,3/10/2026 17:55,-119.7711,39.4839,1345,1014.4
RNO,3/10/2026 18:55,-119.7711,39.4839,1345,1015
RNO,3/10/2026 19:55,-119.7711,39.4839,1345,1015.3
RNO,3/10/2026 20:55,-119.7711,39.4839,1345,1015.6
RNO,3/10/2026 21:55,-119.7711,39.4839,1345,1015.5
RNO,3/10/2026 22:55,-119.7711,39.4839,1345,1016.4
RNO,3/10/2026 23:55,-119.7711,39.4839,1345,1017.3
RNO,3/11/2026 0:55,-119.7711,39.4839,1345,1018.5
RNO,3/11/2026 1:55,-119.7711,39.4839,1345,1020
RNO,3/11/2026 2:55,-119.7711,39.4839,1345,1020.9
RNO,3/11/2026 3:55,-119.7711,39.4839,1345,1021.2
RNO,3/11/2026 4:55,-119.7711,39.4839,1345,1021.6
RNO,3/11/2026 5:55,-119.7711,39.4839,1345,1022.6
RNO,3/11/2026 6:55,-119.7711,39.4839,1345,1023.2
RNO,3/11/2026 7:55,-119.7711,39.4839,1345,1023.8
RNO,3/11/2026 8:55,-119.7711,39.4839,1345,1024.6
RNO,3/11/2026 9:55,-119.7711,39.4839,1345,1025.7
RNO,3/11/2026 10:55,-119.7711,39.4839,1345,1025.7
RNO,3/11/2026 11:55,-119.7711,39.4839,1345,1026
RNO,3/11/2026 12:55,-119.7711,39.4839,1345,1026.9
RNO,3/11/2026 13:55,-119.7711,39.4839,1345,1027.4
RNO,3/11/2026 14:55,-119.7711,39.4839,1345,1028.7
RNO,3/11/2026 15:55,-119.7711,39.4839,1345,1029.5
RNO,3/11/2026 16:55,-119.7711,39.4839,1345,1030.2
RNO,3/11/2026 17:55,-119.7711,39.4839,1345,1030.2
RNO,3/11/2026 18:55,-119.7711,39.4839,1345,1029.8
RNO,3/11/2026 19:55,-119.7711,39.4839,1345,1029.3
RNO,3/11/2026 20:55,-119.7711,39.4839,1345,1028
RNO,3/11/2026 21:55,-119.7711,39.4839,1345,1027.2
RNO,3/11/2026 22:55,-119.7711,39.4839,1345,1026.3
RNO,3/11/2026 23:55,-119.7711,39.4839,1345,1026
RNO,3/12/2026 0:55,-119.7711,39.4839,1345,1026.2
RNO,3/12/2026 1:55,-119.7711,39.4839,1345,1027
RNO,3/12/2026 2:55,-119.7711,39.4839,1345,1028.1
RNO,3/12/2026 3:55,-119.7711,39.4839,1345,1028.6
RNO,3/12/2026 4:55,-119.7711,39.4839,1345,1028.5
RNO,3/12/2026 5:55,-119.7711,39.4839,1345,1029
RNO,3/12/2026 6:55,-119.7711,39.4839,1345,1029.2
RNO,3/12/2026 7:55,-119.7711,39.4839,1345,1028.7
RNO,3/12/2026 8:55,-119.7711,39.4839,1345,1029.1
RNO,3/12/2026 9:55,-119.7711,39.4839,1345,1028.9
RNO,3/12/2026 10:55,-119.7711,39.4839,1345,1028.5
RNO,3/12/2026 11:55,-119.7711,39.4839,1345,1028.8
RNO,3/12/2026 12:55,-119.7711,39.4839,1345,1029
RNO,3/12/2026 13:55,-119.7711,39.4839,1345,1029.5
RNO,3/12/2026 14:55,-119.7711,39.4839,1345,1030
RNO,3/12/2026 15:55,-119.7711,39.4839,1345,1030.2
RNO,3/12/2026 16:55,-119.7711,39.4839,1345,1029.6
RNO,3/12/2026 17:55,-119.7711,39.4839,1345,1028.8
RNO,3/12/2026 18:55,-119.7711,39.4839,1345,1027.7
RNO,3/12/2026 19:55,-119.7711,39.4839,1345,1026.4
RNO,3/12/2026 20:55,-119.7711,39.4839,1345,1024.7
RNO,3/12/2026 21:55,-119.7711,39.4839,1345,1023.8
RNO,3/12/2026 22:55,-119.7711,39.4839,1345,1023.2
RNO,3/12/2026 23:55,-119.7711,39.4839,1345,1022.7
RNO,3/13/2026 0:55,-119.7711,39.4839,1345,1022.2
RNO,3/13/2026 1:55,-119.7711,39.4839,1345,1022.7
RNO,3/13/2026 2:55,-119.7711,39.4839,1345,1023.1
RNO,3/13/2026 3:55,-119.7711,39.4839,1345,1023.4
RNO,3/13/2026 4:55,-119.7711,39.4839,1345,1023.7
RNO,3/13/2026 5:55,-119.7711,39.4839,1345,1023.1
RNO,3/13/2026 6:55,-119.7711,39.4839,1345,1023
RNO,3/13/2026 7:55,-119.7711,39.4839,1345,1022.6
RNO,3/13/2026 8:55,-119.7711,39.4839,1345,1022.1
RNO,3/13/2026 9:55,-119.7711,39.4839,1345,1021.6
RNO,3/13/2026 10:55,-119.7711,39.4839,1345,1021.2
RNO,3/13/2026 11:55,-119.7711,39.4839,1345,1020.8
RNO,3/13/2026 12:55,-119.7711,39.4839,1345,1021.1
RNO,3/13/2026 13:55,-119.7711,39.4839,1345,1021.5
RNO,3/13/2026 14:55,-119.7711,39.4839,1345,1022.3
RNO,3/13/2026 15:55,-119.7711,39.4839,1345,1022.5
RNO,3/13/2026 16:55,-119.7711,39.4839,1345,1022.1
RNO,3/13/2026 17:55,-119.7711,39.4839,1345,1020.6
RNO,3/13/2026 18:55,-119.7711,39.4839,1345,1019.5
RNO,3/13/2026 19:55,-119.7711,39.4839,1345,1018.5
RNO,3/13/2026 20:55,-119.7711,39.4839,1345,1016.9
RNO,3/13/2026 21:55,-119.7711,39.4839,1345,1015.8
RNO,3/13/2026 22:55,-119.7711,39.4839,1345,1015.5
RNO,3/13/2026 23:55,-119.7711,39.4839,1345,1015.2
RNO,3/14/2026 0:55,-119.7711,39.4839,1345,1014.9
RNO,3/14/2026 1:55,-119.7711,39.4839,1345,1015.1
RNO,3/14/2026 2:55,-119.7711,39.4839,1345,1016.1
RNO,3/14/2026 3:55,-119.7711,39.4839,1345,1015.9
RNO,3/14/2026 4:55,-119.7711,39.4839,1345,1015.7
RNO,3/14/2026 5:55,-119.7711,39.4839,1345,1016.1
RNO,3/14/2026 6:55,-119.7711,39.4839,1345,1015.6
RNO,3/14/2026 7:55,-119.7711,39.4839,1345,1015.5
RNO,3/14/2026 8:55,-119.7711,39.4839,1345,1015.3
RNO,3/14/2026 9:55,-119.7711,39.4839,1345,1014.8
RNO,3/14/2026 10:55,-119.7711,39.4839,1345,1014.2
RNO,3/14/2026 11:55,-119.7711,39.4839,1345,1014.5
RNO,3/14/2026 12:55,-119.7711,39.4839,1345,1014.1
RNO,3/14/2026 13:55,-119.7711,39.4839,1345,1014.5
RNO,3/14/2026 14:55,-119.7711,39.4839,1345,1014.8
RNO,3/14/2026 15:55,-119.7711,39.4839,1345,1014.7
RNO,3/14/2026 16:55,-119.7711,39.4839,1345,1015.1
RNO,3/14/2026 17:55,-119.7711,39.4839,1345,1015.1
RNO,3/14/2026 18:55,-119.7711,39.4839,1345,1015
RNO,3/14/2026 19:55,-119.7711,39.4839,1345,1015.1
RNO,3/14/2026 20:55,-119.7711,39.4839,1345,1014.7
RNO,3/14/2026 21:55,-119.7711,39.4839,1345,1013.8
RNO,3/14/2026 22:40,-119.7711,39.4839,1345,M
RNO,3/14/2026 22:55,-119.7711,39.4839,1345,1013.6
RNO,3/14/2026 23:55,-119.7711,39.4839,1345,1014.3
RNO,3/15/2026 0:55,-119.7711,39.4839,1345,1014.3
RNO,3/15/2026 1:55,-119.7711,39.4839,1345,1015.2
RNO,3/15/2026 2:55,-119.7711,39.4839,1345,1016.5
RNO,3/15/2026 3:55,-119.7711,39.4839,1345,1017.6
RNO,3/15/2026 4:55,-119.7711,39.4839,1345,1019.1
RNO,3/15/2026 5:55,-119.7711,39.4839,1345,1019.6
RNO,3/15/2026 6:55,-119.7711,39.4839,1345,1019.7
RNO,3/15/2026 7:55,-119.7711,39.4839,1345,1020.1
RNO,3/15/2026 8:55,-119.7711,39.4839,1345,1020.6
RNO,3/15/2026 9:55,-119.7711,39.4839,1345,1021.9
RNO,3/15/2026 10:55,-119.7711,39.4839,1345,1021.9
RNO,3/15/2026 11:55,-119.7711,39.4839,1345,1021.8
RNO,3/15/2026 12:55,-119.7711,39.4839,1345,1022.8
RNO,3/15/2026 13:55,-119.7711,39.4839,1345,1024
RNO,3/15/2026 14:55,-119.7711,39.4839,1345,1024.7
RNO,3/15/2026 15:55,-119.7711,39.4839,1345,1025.4
RNO,3/15/2026 16:55,-119.7711,39.4839,1345,1025.4
RNO,3/15/2026 17:55,-119.7711,39.4839,1345,1025.6
RNO,3/15/2026 18:55,-119.7711,39.4839,1345,1025
RNO,3/15/2026 19:55,-119.7711,39.4839,1345,1024.4
RNO,3/15/2026 20:55,-119.7711,39.4839,1345,1023.5
RNO,3/15/2026 21:55,-119.7711,39.4839,1345,1022.7
RNO,3/15/2026 22:55,-119.7711,39.4839,1345,1022.2
RNO,3/15/2026 23:55,-119.7711,39.4839,1345,1021.9
RNO,3/16/2026 0:55,-119.7711,39.4839,1345,1021.8
RNO,3/16/2026 1:55,-119.7711,39.4839,1345,1022.3
RNO,3/16/2026 2:55,-119.7711,39.4839,1345,1022.9
RNO,3/16/2026 3:55,-119.7711,39.4839,1345,1023.3
RNO,3/16/2026 4:55,-119.7711,39.4839,1345,1023.8
RNO,3/16/2026 5:55,-119.7711,39.4839,1345,1023.5
RNO,3/16/2026 6:55,-119.7711,39.4839,1345,1023.9
RNO,3/16/2026 7:55,-119.7711,39.4839,1345,1023.7
RNO,3/16/2026 8:55,-119.7711,39.4839,1345,1023.3
RNO,3/16/2026 9:55,-119.7711,39.4839,1345,1023.1
RNO,3/16/2026 10:55,-119.7711,39.4839,1345,1022.7
RNO,3/16/2026 11:55,-119.7711,39.4839,1345,1023
RNO,3/16/2026 12:55,-119.7711,39.4839,1345,1023.6
RNO,3/16/2026 13:55,-119.7711,39.4839,1345,1024.3
RNO,3/16/2026 14:55,-119.7711,39.4839,1345,1025
RNO,3/16/2026 15:55,-119.7711,39.4839,1345,1025.1
RNO,3/16/2026 16:55,-119.7711,39.4839,1345,1024.5
RNO,3/16/2026 17:55,-119.7711,39.4839,1345,1024.1
RNO,3/16/2026 18:55,-119.7711,39.4839,1345,1023.7
RNO,3/16/2026 19:55,-119.7711,39.4839,1345,1022.8
RNO,3/16/2026 20:55,-119.7711,39.4839,1345,1021.8
RNO,3/16/2026 21:55,-119.7711,39.4839,1345,1020.7
RNO,3/16/2026 22:55,-119.7711,39.4839,1345,1020.1
RNO,3/16/2026 23:55,-119.7711,39.4839,1345,1019.7
RNO,3/17/2026 0:55,-119.7711,39.4839,1345,1019.8
RNO,3/17/2026 1:55,-119.7711,39.4839,1345,1020.3
RNO,3/17/2026 2:55,-119.7711,39.4839,1345,1021.1
RNO,3/17/2026 3:55,-119.7711,39.4839,1345,1021.5
RNO,3/17/2026 4:55,-119.7711,39.4839,1345,1021.8
RNO,3/17/2026 5:55,-119.7711,39.4839,1345,1021.8
RNO,3/17/2026 6:55,-119.7711,39.4839,1345,1022
RNO,3/17/2026 7:55,-119.7711,39.4839,1345,1021.4
RNO,3/17/2026 8:55,-119.7711,39.4839,1345,1021.9
RNO,3/17/2026 9:55,-119.7711,39.4839,1345,1021.9
RNO,3/17/2026 10:55,-119.7711,39.4839,1345,1021.7
RNO,3/17/2026 11:55,-119.7711,39.4839,1345,1021.7
RNO,3/17/2026 12:55,-119.7711,39.4839,1345,1021.7
RNO,3/17/2026 13:55,-119.7711,39.4839,1345,1022.1
RNO,3/17/2026 14:55,-119.7711,39.4839,1345,1022.7
RNO,3/17/2026 15:55,-119.7711,39.4839,1345,1023
RNO,3/17/2026 16:55,-119.7711,39.4839,1345,1022.7
RNO,3/17/2026 17:55,-119.7711,39.4839,1345,1022.4
RNO,3/17/2026 18:55,-119.7711,39.4839,1345,1021.3
RNO,3/17/2026 19:55,-119.7711,39.4839,1345,1020.4
RNO,3/17/2026 20:55,-119.7711,39.4839,1345,1019.3
RNO,3/17/2026 21:55,-119.7711,39.4839,1345,1018
RNO,3/17/2026 22:55,-119.7711,39.4839,1345,1017.3
RNO,3/17/2026 23:55,-119.7711,39.4839,1345,1017
RNO,3/18/2026 0:55,-119.7711,39.4839,1345,1017
RNO,3/18/2026 1:55,-119.7711,39.4839,1345,1017.4
RNO,3/18/2026 2:55,-119.7711,39.4839,1345,1018.4
RNO,3/18/2026 3:55,-119.7711,39.4839,1345,1018.7
RNO,3/18/2026 4:55,-119.7711,39.4839,1345,1019.1
RNO,3/18/2026 5:55,-119.7711,39.4839,1345,1019.5
RNO,3/18/2026 6:55,-119.7711,39.4839,1345,1019.2
RNO,3/18/2026 7:55,-119.7711,39.4839,1345,1019.3
RNO,3/18/2026 8:55,-119.7711,39.4839,1345,1019.9
RNO,3/18/2026 9:55,-119.7711,39.4839,1345,1019.8
RNO,3/18/2026 10:55,-119.7711,39.4839,1345,1019.6
RNO,3/18/2026 11:55,-119.7711,39.4839,1345,1019.9
RNO,3/18/2026 12:55,-119.7711,39.4839,1345,1020.3
RNO,3/18/2026 13:55,-119.7711,39.4839,1345,1021
RNO,3/18/2026 14:55,-119.7711,39.4839,1345,1021.5
RNO,3/18/2026 15:55,-119.7711,39.4839,1345,1022.1
RNO,3/18/2026 16:55,-119.7711,39.4839,1345,1022.1
RNO,3/18/2026 17:55,-119.7711,39.4839,1345,1022.2
RNO,3/18/2026 18:55,-119.7711,39.4839,1345,1021.4
RNO,3/18/2026 19:55,-119.7711,39.4839,1345,1020.6
RNO,3/18/2026 20:55,-119.7711,39.4839,1345,1019.8
RNO,3/18/2026 21:55,-119.7711,39.4839,1345,1018.2
RNO,3/18/2026 22:55,-119.7711,39.4839,1345,1017.8
RNO,3/18/2026 23:55,-119.7711,39.4839,1345,1017.6
RNO,3/19/2026 0:55,-119.7711,39.4839,1345,1018.5
RNO,3/19/2026 1:55,-119.7711,39.4839,1345,1019.4
RNO,3/19/2026 2:55,-119.7711,39.4839,1345,1020.5
RNO,3/19/2026 3:55,-119.7711,39.4839,1345,1021.4
RNO,3/19/2026 4:55,-119.7711,39.4839,1345,1021.6
RNO,3/19/2026 5:55,-119.7711,39.4839,1345,1022.2
RNO,3/19/2026 6:55,-119.7711,39.4839,1345,1022.4
RNO,3/19/2026 7:55,-119.7711,39.4839,1345,1022.6
RNO,3/19/2026 8:55,-119.7711,39.4839,1345,1022.5
RNO,3/19/2026 9:55,-119.7711,39.4839,1345,1022.4
RNO,3/19/2026 10:55,-119.7711,39.4839,1345,1022.2
RNO,3/19/2026 11:55,-119.7711,39.4839,1345,1022.1
RNO,3/19/2026 12:55,-119.7711,39.4839,1345,1022.7
RNO,3/19/2026 13:55,-119.7711,39.4839,1345,1023.9
RNO,3/19/2026 14:55,-119.7711,39.4839,1345,1024.8
RNO,3/19/2026 15:55,-119.7711,39.4839,1345,1024.9
RNO,3/19/2026 16:55,-119.7711,39.4839,1345,1025.3
RNO,3/19/2026 17:55,-119.7711,39.4839,1345,1025.3
RNO,3/19/2026 18:55,-119.7711,39.4839,1345,1024.4
RNO,3/19/2026 19:55,-119.7711,39.4839,1345,1023.5
RNO,3/19/2026 20:55,-119.7711,39.4839,1345,1022.2
RNO,3/19/2026 21:55,-119.7711,39.4839,1345,1020.8
RNO,3/19/2026 22:55,-119.7711,39.4839,1345,1020
RNO,3/19/2026 23:55,-119.7711,39.4839,1345,1019.5
RNO,3/20/2026 0:55,-119.7711,39.4839,1345,1019.5
RNO,3/20/2026 1:55,-119.7711,39.4839,1345,1020.1
RNO,3/20/2026 2:55,-119.7711,39.4839,1345,1021.4
RNO,3/20/2026 3:55,-119.7711,39.4839,1345,1022
RNO,3/20/2026 4:55,-119.7711,39.4839,1345,1022.5
RNO,3/20/2026 5:55,-119.7711,39.4839,1345,1022.4
RNO,3/20/2026 6:55,-119.7711,39.4839,1345,1022.3
RNO,3/20/2026 7:55,-119.7711,39.4839,1345,1022
RNO,3/20/2026 8:55,-119.7711,39.4839,1345,1022.1
RNO,3/20/2026 9:55,-119.7711,39.4839,1345,1022.1
RNO,3/20/2026 10:55,-119.7711,39.4839,1345,1022
RNO,3/20/2026 11:55,-119.7711,39.4839,1345,1021.8
RNO,3/20/2026 12:55,-119.7711,39.4839,1345,1021.9
RNO,3/20/2026 13:55,-119.7711,39.4839,1345,1022.4
RNO,3/20/2026 14:55,-119.7711,39.4839,1345,1022.4
RNO,3/20/2026 15:55,-119.7711,39.4839,1345,1022.5
RNO,3/20/2026 16:55,-119.7711,39.4839,1345,1022.3
RNO,3/20/2026 17:55,-119.7711,39.4839,1345,1021.4
RNO,3/20/2026 18:55,-119.7711,39.4839,1345,1020.1
RNO,3/20/2026 19:55,-119.7711,39.4839,1345,1018.8
RNO,3/20/2026 20:55,-119.7711,39.4839,1345,1017.1
RNO,3/20/2026 21:55,-119.7711,39.4839,1345,1015.6
RNO,3/20/2026 22:55,-119.7711,39.4839,1345,1014.5
RNO,3/20/2026 23:55,-119.7711,39.4839,1345,1013.6
RNO,3/21/2026 0:55,-119.7711,39.4839,1345,1013
RNO,3/21/2026 1:55,-119.7711,39.4839,1345,1013.6
RNO,3/21/2026 2:55,-119.7711,39.4839,1345,1013.7
RNO,3/21/2026 3:55,-119.7711,39.4839,1345,1014.8
RNO,3/21/2026 4:55,-119.7711,39.4839,1345,1015.3
RNO,3/21/2026 5:55,-119.7711,39.4839,1345,1015.2
RNO,3/21/2026 6:55,-119.7711,39.4839,1345,1014.9
RNO,3/21/2026 7:55,-119.7711,39.4839,1345,1014.5
RNO,3/21/2026 8:55,-119.7711,39.4839,1345,1014.3
RNO,3/21/2026 9:55,-119.7711,39.4839,1345,1014.1
RNO,3/21/2026 10:55,-119.7711,39.4839,1345,1013.5
RNO,3/21/2026 11:55,-119.7711,39.4839,1345,1013.3
RNO,3/21/2026 12:55,-119.7711,39.4839,1345,1013.6
RNO,3/21/2026 13:55,-119.7711,39.4839,1345,1013.7
RNO,3/21/2026 14:55,-119.7711,39.4839,1345,1014.5
RNO,3/21/2026 15:55,-119.7711,39.4839,1345,1014.8
RNO,3/21/2026 16:55,-119.7711,39.4839,1345,1015
RNO,3/21/2026 17:55,-119.7711,39.4839,1345,1014.3
RNO,3/21/2026 18:55,-119.7711,39.4839,1345,1013.7
RNO,3/21/2026 19:55,-119.7711,39.4839,1345,1012.8
RNO,3/21/2026 20:55,-119.7711,39.4839,1345,1012.7
RNO,3/21/2026 21:55,-119.7711,39.4839,1345,1012.5
RNO,3/21/2026 22:55,-119.7711,39.4839,1345,1012.3
RNO,3/21/2026 23:55,-119.7711,39.4839,1345,1012.4
RNO,3/22/2026 0:55,-119.7711,39.4839,1345,1012.9
RNO,3/22/2026 1:55,-119.7711,39.4839,1345,1014.1
RNO,3/22/2026 2:55,-119.7711,39.4839,1345,1014.6
RNO,3/22/2026 3:55,-119.7711,39.4839,1345,1015.4
RNO,3/22/2026 4:55,-119.7711,39.4839,1345,1015.6
RNO,3/22/2026 5:55,-119.7711,39.4839,1345,1015.4
RNO,3/22/2026 6:55,-119.7711,39.4839,1345,1015.8
RNO,3/22/2026 7:55,-119.7711,39.4839,1345,1016.1
RNO,3/22/2026 8:55,-119.7711,39.4839,1345,1016.5
RNO,3/22/2026 9:55,-119.7711,39.4839,1345,1016.8
RNO,3/22/2026 10:55,-119.7711,39.4839,1345,1016.5
RNO,3/22/2026 11:55,-119.7711,39.4839,1345,1017.1
RNO,3/22/2026 12:55,-119.7711,39.4839,1345,1017.6
RNO,3/22/2026 13:55,-119.7711,39.4839,1345,1018.2
RNO,3/22/2026 14:55,-119.7711,39.4839,1345,1019.1
RNO,3/22/2026 15:55,-119.7711,39.4839,1345,1019.3
RNO,3/22/2026 16:55,-119.7711,39.4839,1345,1018.8
RNO,3/22/2026 17:55,-119.7711,39.4839,1345,1018.1
RNO,3/22/2026 18:55,-119.7711,39.4839,1345,1017
RNO,3/22/2026 19:55,-119.7711,39.4839,1345,1016.3
RNO,3/22/2026 20:55,-119.7711,39.4839,1345,1015.2
RNO,3/22/2026 21:55,-119.7711,39.4839,1345,1013.9
RNO,3/22/2026 22:55,-119.7711,39.4839,1345,1013
RNO,3/22/2026 23:55,-119.7711,39.4839,1345,1012.3
RNO,3/23/2026 0:55,-119.7711,39.4839,1345,1012.3
RNO,3/23/2026 1:55,-119.7711,39.4839,1345,1012.5
RNO,3/23/2026 2:55,-119.7711,39.4839,1345,1013.5
RNO,3/23/2026 3:55,-119.7711,39.4839,1345,1013.7
RNO,3/23/2026 4:55,-119.7711,39.4839,1345,1014
RNO,3/23/2026 5:55,-119.7711,39.4839,1345,1013.7
RNO,3/23/2026 6:55,-119.7711,39.4839,1345,1013.1
RNO,3/23/2026 7:55,-119.7711,39.4839,1345,1012.9
RNO,3/23/2026 8:55,-119.7711,39.4839,1345,1013.3
RNO,3/23/2026 9:55,-119.7711,39.4839,1345,1013.8
RNO,3/23/2026 10:55,-119.7711,39.4839,1345,1013.7
RNO,3/23/2026 11:55,-119.7711,39.4839,1345,1013.6
RNO,3/23/2026 12:55,-119.7711,39.4839,1345,1014.3
RNO,3/23/2026 13:55,-119.7711,39.4839,1345,1014.5
RNO,3/23/2026 14:55,-119.7711,39.4839,1345,1015
RNO,3/23/2026 15:55,-119.7711,39.4839,1345,1015.1
RNO,3/23/2026 16:55,-119.7711,39.4839,1345,1014.5
RNO,3/23/2026 17:55,-119.7711,39.4839,1345,1014.6
RNO,3/23/2026 18:55,-119.7711,39.4839,1345,1013.7
RNO,3/23/2026 19:55,-119.7711,39.4839,1345,1013.7
RNO,3/23/2026 20:55,-119.7711,39.4839,1345,1013.3
RNO,3/23/2026 21:55,-119.7711,39.4839,1345,1012.7
RNO,3/23/2026 22:55,-119.7711,39.4839,1345,1013.2
RNO,3/23/2026 23:55,-119.7711,39.4839,1345,1013.2
RNO,3/24/2026 0:55,-119.7711,39.4839,1345,1013.7
RNO,3/24/2026 1:55,-119.7711,39.4839,1345,1014.1
RNO,3/24/2026 2:55,-119.7711,39.4839,1345,1015.2
RNO,3/24/2026 3:55,-119.7711,39.4839,1345,1015.8
RNO,3/24/2026 4:55,-119.7711,39.4839,1345,1016.1
RNO,3/24/2026 5:55,-119.7711,39.4839,1345,1016
RNO,3/24/2026 6:55,-119.7711,39.4839,1345,1016.1
RNO,3/24/2026 7:55,-119.7711,39.4839,1345,1016.3
RNO,3/24/2026 8:55,-119.7711,39.4839,1345,1016.5
RNO,3/24/2026 9:55,-119.7711,39.4839,1345,1016.7
RNO,3/24/2026 10:55,-119.7711,39.4839,1345,1017.2
RNO,3/24/2026 11:55,-119.7711,39.4839,1345,1016.9
RNO,3/24/2026 12:55,-119.7711,39.4839,1345,1017.4
RNO,3/24/2026 13:55,-119.7711,39.4839,1345,1017.8
RNO,3/24/2026 14:55,-119.7711,39.4839,1345,1018.3
RNO,3/24/2026 15:55,-119.7711,39.4839,1345,1018
RNO,3/24/2026 16:55,-119.7711,39.4839,1345,1017.7
RNO,3/24/2026 17:55,-119.7711,39.4839,1345,1017.4
RNO,3/24/2026 18:55,-119.7711,39.4839,1345,1016.8
RNO,3/24/2026 19:55,-119.7711,39.4839,1345,1016.3
RNO,3/24/2026 20:55,-119.7711,39.4839,1345,1015.4
RNO,3/24/2026 21:55,-119.7711,39.4839,1345,1014.8
RNO,3/24/2026 22:55,-119.7711,39.4839,1345,1015
RNO,3/24/2026 23:55,-119.7711,39.4839,1345,1014.9
RNO,3/25/2026 0:55,-119.7711,39.4839,1345,1015
RNO,3/25/2026 1:55,-119.7711,39.4839,1345,1015.7
RNO,3/25/2026 2:55,-119.7711,39.4839,1345,1016.3
RNO,3/25/2026 3:55,-119.7711,39.4839,1345,1016.6
RNO,3/25/2026 4:55,-119.7711,39.4839,1345,1016.9
RNO,3/25/2026 5:55,-119.7711,39.4839,1345,1016.7
RNO,3/25/2026 6:55,-119.7711,39.4839,1345,1016.3
RNO,3/25/2026 7:55,-119.7711,39.4839,1345,1016.1
RNO,3/25/2026 8:55,-119.7711,39.4839,1345,1016
RNO,3/25/2026 9:55,-119.7711,39.4839,1345,1016
RNO,3/25/2026 10:55,-119.7711,39.4839,1345,1015.8
RNO,3/25/2026 11:55,-119.7711,39.4839,1345,1015.6
RNO,3/25/2026 12:55,-119.7711,39.4839,1345,1016.1
RNO,3/25/2026 13:55,-119.7711,39.4839,1345,1016.5
RNO,3/25/2026 14:55,-119.7711,39.4839,1345,1017.2
RNO,3/25/2026 15:55,-119.7711,39.4839,1345,1017.1
RNO,3/25/2026 16:55,-119.7711,39.4839,1345,1017.1
RNO,3/25/2026 17:55,-119.7711,39.4839,1345,1016.7
RNO,3/25/2026 18:55,-119.7711,39.4839,1345,1016
RNO,3/25/2026 19:55,-119.7711,39.4839,1345,1014.8
RNO,3/25/2026 20:55,-119.7711,39.4839,1345,1013.5
RNO,3/25/2026 21:55,-119.7711,39.4839,1345,1012.5
RNO,3/25/2026 22:55,-119.7711,39.4839,1345,1012.2
RNO,3/25/2026 23:55,-119.7711,39.4839,1345,1012.5
RNO,3/26/2026 0:55,-119.7711,39.4839,1345,1013.2
RNO,3/26/2026 1:55,-119.7711,39.4839,1345,1013.8
RNO,3/26/2026 2:55,-119.7711,39.4839,1345,1014.6
RNO,3/26/2026 3:55,-119.7711,39.4839,1345,1015.4
RNO,3/26/2026 4:55,-119.7711,39.4839,1345,1015.8
RNO,3/26/2026 5:55,-119.7711,39.4839,1345,1015.3
RNO,3/26/2026 6:55,-119.7711,39.4839,1345,1015.1
RNO,3/26/2026 7:55,-119.7711,39.4839,1345,1015.4
RNO,3/26/2026 8:18,-119.7711,39.4839,1345,M
RNO,3/26/2026 8:55,-119.7711,39.4839,1345,1015.4
RNO,3/26/2026 9:55,-119.7711,39.4839,1345,1016
RNO,3/26/2026 10:55,-119.7711,39.4839,1345,1015.7
RNO,3/26/2026 11:55,-119.7711,39.4839,1345,1016.2
RNO,3/26/2026 12:55,-119.7711,39.4839,1345,1017.3
RNO,3/26/2026 13:55,-119.7711,39.4839,1345,1018.6
RNO,3/26/2026 14:55,-119.7711,39.4839,1345,1019.9
RNO,3/26/2026 15:55,-119.7711,39.4839,1345,1020.7
RNO,3/26/2026 16:55,-119.7711,39.4839,1345,1021.7
RNO,3/26/2026 17:55,-119.7711,39.4839,1345,1022.5
RNO,3/26/2026 18:55,-119.7711,39.4839,1345,1022.6
RNO,3/26/2026 19:55,-119.7711,39.4839,1345,1022.6
RNO,3/26/2026 20:55,-119.7711,39.4839,1345,1022.2
RNO,3/26/2026 21:55,-119.7711,39.4839,1345,1021.7
RNO,3/26/2026 22:55,-119.7711,39.4839,1345,1021.5
RNO,3/26/2026 23:55,-119.7711,39.4839,1345,1021
RNO,3/27/2026 0:55,-119.7711,39.4839,1345,1021.5
RNO,3/27/2026 1:55,-119.7711,39.4839,1345,1022.2
RNO,3/27/2026 2:55,-119.7711,39.4839,1345,1022.9
RNO,3/27/2026 3:55,-119.7711,39.4839,1345,1023.2
RNO,3/27/2026 4:55,-119.7711,39.4839,1345,1023.6
RNO,3/27/2026 5:55,-119.7711,39.4839,1345,1023.6
RNO,3/27/2026 6:55,-119.7711,39.4839,1345,1023.4
RNO,3/27/2026 7:55,-119.7711,39.4839,1345,1023.1
RNO,3/27/2026 8:55,-119.7711,39.4839,1345,1022.5
RNO,3/27/2026 9:55,-119.7711,39.4839,1345,1021.9
RNO,3/27/2026 10:55,-119.7711,39.4839,1345,1021.6
RNO,3/27/2026 11:55,-119.7711,39.4839,1345,1021
RNO,3/27/2026 12:55,-119.7711,39.4839,1345,1021.3
RNO,3/27/2026 13:55,-119.7711,39.4839,1345,1021.8
RNO,3/27/2026 14:55,-119.7711,39.4839,1345,1022.5
RNO,3/27/2026 15:55,-119.7711,39.4839,1345,1022.2
RNO,3/27/2026 16:55,-119.7711,39.4839,1345,1021.8
RNO,3/27/2026 17:55,-119.7711,39.4839,1345,1021.2
RNO,3/27/2026 18:55,-119.7711,39.4839,1345,1020.3
RNO,3/27/2026 19:55,-119.7711,39.4839,1345,1019.2
RNO,3/27/2026 20:55,-119.7711,39.4839,1345,1018.3
RNO,3/27/2026 21:55,-119.7711,39.4839,1345,1017.3
RNO,3/27/2026 22:55,-119.7711,39.4839,1345,1016.7
RNO,3/27/2026 23:55,-119.7711,39.4839,1345,1016.2
RNO,3/28/2026 0:55,-119.7711,39.4839,1345,1016.2
RNO,3/28/2026 1:55,-119.7711,39.4839,1345,1016.7
RNO,3/28/2026 2:55,-119.7711,39.4839,1345,1017
RNO,3/28/2026 3:55,-119.7711,39.4839,1345,1017.2
RNO,3/28/2026 4:55,-119.7711,39.4839,1345,1017.3
RNO,3/28/2026 5:55,-119.7711,39.4839,1345,1017.3
RNO,3/28/2026 6:55,-119.7711,39.4839,1345,1017.1
RNO,3/28/2026 7:55,-119.7711,39.4839,1345,1016.9
RNO,3/28/2026 8:55,-119.7711,39.4839,1345,1016.6
RNO,3/28/2026 9:55,-119.7711,39.4839,1345,1016.4
RNO,3/28/2026 10:55,-119.7711,39.4839,1345,1016.4
RNO,3/28/2026 11:55,-119.7711,39.4839,1345,1016.6
RNO,3/28/2026 12:55,-119.7711,39.4839,1345,1016.7
RNO,3/28/2026 13:55,-119.7711,39.4839,1345,1016.8
RNO,3/28/2026 14:55,-119.7711,39.4839,1345,1017.7
RNO,3/28/2026 15:55,-119.7711,39.4839,1345,1017.7
RNO,3/28/2026 16:55,-119.7711,39.4839,1345,1017.6
RNO,3/28/2026 17:55,-119.7711,39.4839,1345,1017.1
RNO,3/28/2026 18:55,-119.7711,39.4839,1345,1016.4
RNO,3/28/2026 19:55,-119.7711,39.4839,1345,1015.6
RNO,3/28/2026 20:55,-119.7711,39.4839,1345,1015
RNO,3/28/2026 21:55,-119.7711,39.4839,1345,1014.3
RNO,3/28/2026 22:55,-119.7711,39.4839,1345,1014
RNO,3/28/2026 23:55,-119.7711,39.4839,1345,1013.6
RNO,3/29/2026 0:55,-119.7711,39.4839,1345,1013.7
RNO,3/29/2026 1:55,-119.7711,39.4839,1345,1014.6
RNO,3/29/2026 2:55,-119.7711,39.4839,1345,1015.6
RNO,3/29/2026 3:55,-119.7711,39.4839,1345,1016
RNO,3/29/2026 4:55,-119.7711,39.4839,1345,1016.4
RNO,3/29/2026 5:55,-119.7711,39.4839,1345,1016.2
RNO,3/29/2026 6:55,-119.7711,39.4839,1345,1016.7
RNO,3/29/2026 7:55,-119.7711,39.4839,1345,1016.7
RNO,3/29/2026 8:55,-119.7711,39.4839,1345,1016.5
RNO,3/29/2026 9:55,-119.7711,39.4839,1345,1016.4
RNO,3/29/2026 10:55,-119.7711,39.4839,1345,1016.6
RNO,3/29/2026 11:55,-119.7711,39.4839,1345,1016.6
RNO,3/29/2026 12:55,-119.7711,39.4839,1345,1016.9
RNO,3/29/2026 13:55,-119.7711,39.4839,1345,1017.4
RNO,3/29/2026 14:55,-119.7711,39.4839,1345,1018.1
RNO,3/29/2026 15:55,-119.7711,39.4839,1345,1018.1
RNO,3/29/2026 16:55,-119.7711,39.4839,1345,1018
RNO,3/29/2026 17:55,-119.7711,39.4839,1345,1017.6
RNO,3/29/2026 18:55,-119.7711,39.4839,1345,1016.8
RNO,3/29/2026 19:55,-119.7711,39.4839,1345,1016
RNO,3/29/2026 20:55,-119.7711,39.4839,1345,1014.8
RNO,3/29/2026 21:55,-119.7711,39.4839,1345,1013.7
RNO,3/29/2026 22:55,-119.7711,39.4839,1345,1012.9
RNO,3/29/2026 23:55,-119.7711,39.4839,1345,1012.5
RNO,3/30/2026 0:55,-119.7711,39.4839,1345,1011.6
RNO,3/30/2026 1:55,-119.7711,39.4839,1345,1012.8
RNO,3/30/2026 2:55,-119.7711,39.4839,1345,1013.6
RNO,3/30/2026 3:55,-119.7711,39.4839,1345,1014.2
RNO,3/30/2026 4:55,-119.7711,39.4839,1345,1014.3
RNO,3/30/2026 5:55,-119.7711,39.4839,1345,1014.2
RNO,3/30/2026 6:55,-119.7711,39.4839,1345,1013.7
RNO,3/30/2026 7:55,-119.7711,39.4839,1345,1013.8
RNO,3/30/2026 8:55,-119.7711,39.4839,1345,1014.1
RNO,3/30/2026 9:55,-119.7711,39.4839,1345,1014
RNO,3/30/2026 10:55,-119.7711,39.4839,1345,1013.4
RNO,3/30/2026 11:55,-119.7711,39.4839,1345,1013.1
RNO,3/30/2026 12:55,-119.7711,39.4839,1345,1012.9
RNO,3/30/2026 13:55,-119.7711,39.4839,1345,1013.6
RNO,3/30/2026 14:55,-119.7711,39.4839,1345,1014.1
RNO,3/30/2026 15:55,-119.7711,39.4839,1345,1014.3
RNO,3/30/2026 16:55,-119.7711,39.4839,1345,1014.6
RNO,3/30/2026 17:55,-119.7711,39.4839,1345,1014.6
RNO,3/30/2026 18:55,-119.7711,39.4839,1345,1013.3
RNO,3/30/2026 19:55,-119.7711,39.4839,1345,1012.4
RNO,3/30/2026 20:55,-119.7711,39.4839,1345,1011.6
RNO,3/30/2026 21:55,-119.7711,39.4839,1345,1011
RNO,3/30/2026 22:55,-119.7711,39.4839,1345,1010.4
RNO,3/30/2026 23:55,-119.7711,39.4839,1345,1010.7
RNO,3/31/2026 0:55,-119.7711,39.4839,1345,1011.1
RNO,3/31/2026 1:55,-119.7711,39.4839,1345,1011.4
RNO,3/31/2026 2:55,-119.7711,39.4839,1345,1011.5
RNO,3/31/2026 3:55,-119.7711,39.4839,1345,1012.1
RNO,3/31/2026 4:55,-119.7711,39.4839,1345,1012.2
RNO,3/31/2026 5:55,-119.7711,39.4839,1345,1011.7
RNO,3/31/2026 6:55,-119.7711,39.4839,1345,1011.3
RNO,3/31/2026 7:55,-119.7711,39.4839,1345,1010.7
RNO,3/31/2026 8:55,-119.7711,39.4839,1345,1009.9
RNO,3/31/2026 9:55,-119.7711,39.4839,1345,1009.7
RNO,3/31/2026 10:55,-119.7711,39.4839,1345,1009.3
RNO,3/31/2026 11:55,-119.7711,39.4839,1345,1009.1
RNO,3/31/2026 12:55,-119.7711,39.4839,1345,1009
RNO,3/31/2026 13:55,-119.7711,39.4839,1345,1009.6
RNO,3/31/2026 14:55,-119.7711,39.4839,1345,1009.9
RNO,3/31/2026 15:55,-119.7711,39.4839,1345,1010.3
RNO,3/31/2026 16:55,-119.7711,39.4839,1345,1010.2
RNO,3/31/2026 17:55,-119.7711,39.4839,1345,1010
RNO,3/31/2026 18:55,-119.7711,39.4839,1345,1010.5
RNO,3/31/2026 19:55,-119.7711,39.4839,1345,1009.4
RNO,3/31/2026 20:55,-119.7711,39.4839,1345,1008.7
RNO,3/31/2026 21:55,-119.7711,39.4839,1345,1008.3
RNO,3/31/2026 22:55,-119.7711,39.4839,1345,1008.7
RNO,3/31/2026 23:55,-119.7711,39.4839,1345,1008.7
RNO,4/1/2026 0:55,-119.7711,39.4839,1345,1008.6
RNO,4/1/2026 1:55,-119.7711,39.4839,1345,1008.8
RNO,4/1/2026 2:55,-119.7711,39.4839,1345,1009.8
RNO,4/1/2026 3:55,-119.7711,39.4839,1345,1010.4
RNO,4/1/2026 4:55,-119.7711,39.4839,1345,1010.2
RNO,4/1/2026 5:55,-119.7711,39.4839,1345,1009.6
RNO,4/1/2026 6:55,-119.7711,39.4839,1345,1009.7
RNO,4/1/2026 7:55,-119.7711,39.4839,1345,1009.5
RNO,4/1/2026 8:55,-119.7711,39.4839,1345,1008.6
RNO,4/1/2026 9:55,-119.7711,39.4839,1345,1008.8
RNO,4/1/2026 10:55,-119.7711,39.4839,1345,1008.4
RNO,4/1/2026 11:55,-119.7711,39.4839,1345,1007.9
RNO,4/1/2026 12:55,-119.7711,39.4839,1345,1008
RNO,4/1/2026 13:55,-119.7711,39.4839,1345,1008.3
RNO,4/1/2026 14:55,-119.7711,39.4839,1345,1009
RNO,4/1/2026 15:55,-119.7711,39.4839,1345,1008.4
RNO,4/1/2026 16:55,-119.7711,39.4839,1345,1008.4
RNO,4/1/2026 17:55,-119.7711,39.4839,1345,1007.7
RNO,4/1/2026 18:55,-119.7711,39.4839,1345,1006.7
RNO,4/1/2026 19:55,-119.7711,39.4839,1345,1007.1
RNO,4/1/2026 20:55,-119.7711,39.4839,1345,1007
RNO,4/1/2026 21:55,-119.7711,39.4839,1345,1006
RNO,4/1/2026 22:55,-119.7711,39.4839,1345,1006.2
RNO,4/1/2026 23:55,-119.7711,39.4839,1345,1005.6
RNO,4/2/2026 0:55,-119.7711,39.4839,1345,1005
RNO,4/2/2026 1:55,-119.7711,39.4839,1345,1005.2
RNO,4/2/2026 2:55,-119.7711,39.4839,1345,1005.2
RNO,4/2/2026 3:55,-119.7711,39.4839,1345,1004.5
RNO,4/2/2026 4:55,-119.7711,39.4839,1345,1004
RNO,4/2/2026 5:55,-119.7711,39.4839,1345,1003.2
RNO,4/2/2026 6:15,-119.7711,39.4839,1345,M
RNO,4/2/2026 6:55,-119.7711,39.4839,1345,1002.9
RNO,4/2/2026 7:55,-119.7711,39.4839,1345,1003.6
RNO,4/2/2026 8:55,-119.7711,39.4839,1345,1003.7
RNO,4/2/2026 9:55,-119.7711,39.4839,1345,1003.7
RNO,4/2/2026 10:55,-119.7711,39.4839,1345,1004.5
RNO,4/2/2026 11:55,-119.7711,39.4839,1345,1004.9
RNO,4/2/2026 12:55,-119.7711,39.4839,1345,1006.5
RNO,4/2/2026 13:55,-119.7711,39.4839,1345,1009.3
RNO,4/2/2026 14:55,-119.7711,39.4839,1345,1010.5
RNO,4/2/2026 15:18,-119.7711,39.4839,1345,M
RNO,4/2/2026 15:55,-119.7711,39.4839,1345,1012.6
RNO,4/2/2026 16:55,-119.7711,39.4839,1345,1011.8
RNO,4/2/2026 17:55,-119.7711,39.4839,1345,1014.3
RNO,4/2/2026 18:55,-119.7711,39.4839,1345,1014.4
RNO,4/2/2026 19:55,-119.7711,39.4839,1345,1014.4
RNO,4/2/2026 20:55,-119.7711,39.4839,1345,1014.7
RNO,4/2/2026 21:55,-119.7711,39.4839,1345,1014.9
RNO,4/2/2026 22:55,-119.7711,39.4839,1345,1015.2
RNO,4/2/2026 23:55,-119.7711,39.4839,1345,1015.8
RNO,4/3/2026 0:55,-119.7711,39.4839,1345,1017.3
RNO,4/3/2026 1:55,-119.7711,39.4839,1345,1018.4
RNO,4/3/2026 2:55,-119.7711,39.4839,1345,1019.7
RNO,4/3/2026 3:55,-119.7711,39.4839,1345,1020.9
RNO,4/3/2026 4:55,-119.7711,39.4839,1345,1022.2
RNO,4/3/2026 5:55,-119.7711,39.4839,1345,1022.6
RNO,4/3/2026 8:55,-119.7711,39.4839,1345,1024.9
RNO,4/3/2026 11:55,-119.7711,39.4839,1345,1024.7
RNO,4/3/2026 12:55,-119.7711,39.4839,1345,1025.6
RNO,4/3/2026 13:55,-119.7711,39.4839,1345,1026.3
RNO,4/3/2026 14:55,-119.7711,39.4839,1345,1026.9
RNO,4/3/2026 15:55,-119.7711,39.4839,1345,1026.7
RNO,4/3/2026 16:55,-119.7711,39.4839,1345,1026.5
RNO,4/3/2026 17:55,-119.7711,39.4839,1345,1026.8
RNO,4/3/2026 18:55,-119.7711,39.4839,1345,1026.7
RNO,4/3/2026 19:55,-119.7711,39.4839,1345,1026.1
RNO,4/3/2026 20:55,-119.7711,39.4839,1345,1025.2
RNO,4/3/2026 21:55,-119.7711,39.4839,1345,1024.5
RNO,4/3/2026 22:55,-119.7711,39.4839,1345,1024
RNO,4/3/2026 23:55,-119.7711,39.4839,1345,1023.7
RNO,4/4/2026 0:55,-119.7711,39.4839,1345,1023.8
RNO,4/4/2026 1:55,-119.7711,39.4839,1345,1024.3
RNO,4/4/2026 2:55,-119.7711,39.4839,1345,1024.2
RNO,4/4/2026 3:55,-119.7711,39.4839,1345,1025.2
RNO,4/4/2026 4:55,-119.7711,39.4839,1345,1025.7
RNO,4/4/2026 5:55,-119.7711,39.4839,1345,1025.6
RNO,4/4/2026 6:55,-119.7711,39.4839,1345,1025.8
RNO,4/4/2026 7:55,-119.7711,39.4839,1345,1026
RNO,4/4/2026 8:55,-119.7711,39.4839,1345,1026.3
RNO,4/4/2026 9:55,-119.7711,39.4839,1345,1026
RNO,4/4/2026 10:55,-119.7711,39.4839,1345,1026
RNO,4/4/2026 11:55,-119.7711,39.4839,1345,1025.8
RNO,4/4/2026 12:55,-119.7711,39.4839,1345,1025.9
RNO,4/4/2026 13:55,-119.7711,39.4839,1345,1026.5
RNO,4/4/2026 14:55,-119.7711,39.4839,1345,1027.1
RNO,4/4/2026 15:55,-119.7711,39.4839,1345,1026.6
RNO,4/4/2026 16:55,-119.7711,39.4839,1345,1025.6
RNO,4/4/2026 17:55,-119.7711,39.4839,1345,1025
RNO,4/4/2026 18:55,-119.7711,39.4839,1345,1024
RNO,4/4/2026 19:55,-119.7711,39.4839,1345,1023.2
RNO,4/4/2026 20:55,-119.7711,39.4839,1345,1022.6
RNO,4/4/2026 21:55,-119.7711,39.4839,1345,1021.8
RNO,4/4/2026 22:55,-119.7711,39.4839,1345,1021.1
RNO,4/4/2026 23:55,-119.7711,39.4839,1345,1020.3
RNO,4/5/2026 0:55,-119.7711,39.4839,1345,1020.1
RNO,4/5/2026 1:55,-119.7711,39.4839,1345,1020.3
RNO,4/5/2026 2:55,-119.7711,39.4839,1345,1020.5
RNO,4/5/2026 3:55,-119.7711,39.4839,1345,1020.8
RNO,4/5/2026 4:55,-119.7711,39.4839,1345,1021.3
RNO,4/5/2026 5:55,-119.7711,39.4839,1345,1020.9
RNO,4/5/2026 6:55,-119.7711,39.4839,1345,1020.6
RNO,4/5/2026 7:55,-119.7711,39.4839,1345,1020.5
RNO,4/5/2026 8:55,-119.7711,39.4839,1345,1020.5
RNO,4/5/2026 9:55,-119.7711,39.4839,1345,1020.2
RNO,4/5/2026 10:55,-119.7711,39.4839,1345,1020.4
RNO,4/5/2026 11:55,-119.7711,39.4839,1345,1020.4
RNO,4/5/2026 12:55,-119.7711,39.4839,1345,1020.3
RNO,4/5/2026 13:55,-119.7711,39.4839,1345,1020.8
RNO,4/5/2026 14:55,-119.7711,39.4839,1345,1021.5
RNO,4/5/2026 15:55,-119.7711,39.4839,1345,1021.3
RNO,4/5/2026 16:55,-119.7711,39.4839,1345,1020.9
RNO,4/5/2026 17:55,-119.7711,39.4839,1345,1020.3
RNO,4/5/2026 18:55,-119.7711,39.4839,1345,1019.1
RNO,4/5/2026 19:55,-119.7711,39.4839,1345,1017.9
RNO,4/5/2026 20:55,-119.7711,39.4839,1345,1016.9
RNO,4/5/2026 21:55,-119.7711,39.4839,1345,1016.5
RNO,4/5/2026 22:55,-119.7711,39.4839,1345,1015.9
RNO,4/5/2026 23:55,-119.7711,39.4839,1345,1015.6
RNO,4/6/2026 0:55,-119.7711,39.4839,1345,1015.2
RNO,4/6/2026 1:55,-119.7711,39.4839,1345,1015.5
RNO,4/6/2026 2:55,-119.7711,39.4839,1345,1016.2
RNO,4/6/2026 3:55,-119.7711,39.4839,1345,1017
RNO,4/6/2026 4:55,-119.7711,39.4839,1345,1016.9
RNO,4/6/2026 5:55,-119.7711,39.4839,1345,1016.8
RNO,4/6/2026 6:55,-119.7711,39.4839,1345,1016.6
RNO,4/6/2026 7:55,-119.7711,39.4839,1345,1016.6
RNO,4/6/2026 8:55,-119.7711,39.4839,1345,1016.5
RNO,4/6/2026 9:55,-119.7711,39.4839,1345,1016.8
RNO,4/6/2026 10:55,-119.7711,39.4839,1345,1016.6
RNO,4/6/2026 11:55,-119.7711,39.4839,1345,1016.8
RNO,4/6/2026 12:55,-119.7711,39.4839,1345,1017.1
RNO,4/6/2026 13:55,-119.7711,39.4839,1345,1017.5
RNO,4/6/2026 14:55,-119.7711,39.4839,1345,1018.1
RNO,4/6/2026 15:55,-119.7711,39.4839,1345,1018.1
RNO,4/6/2026 16:55,-119.7711,39.4839,1345,1017.6
RNO,4/6/2026 17:55,-119.7711,39.4839,1345,1017.3
RNO,4/6/2026 18:55,-119.7711,39.4839,1345,1016.3
RNO,4/6/2026 19:55,-119.7711,39.4839,1345,1015.4
RNO,4/6/2026 20:55,-119.7711,39.4839,1345,1014.5
RNO,4/6/2026 21:55,-119.7711,39.4839,1345,1014.2
RNO,4/6/2026 22:55,-119.7711,39.4839,1345,1013.1
RNO,4/6/2026 23:55,-119.7711,39.4839,1345,1013.1
RNO,4/7/2026 0:55,-119.7711,39.4839,1345,1013.6
RNO,4/7/2026 1:55,-119.7711,39.4839,1345,1014.1
RNO,4/7/2026 2:55,-119.7711,39.4839,1345,1014.9
RNO,4/7/2026 3:55,-119.7711,39.4839,1345,1015.3
RNO,4/7/2026 4:55,-119.7711,39.4839,1345,1015.9
RNO,4/7/2026 5:55,-119.7711,39.4839,1345,1016.2
RNO,4/7/2026 6:55,-119.7711,39.4839,1345,1016.2
RNO,4/7/2026 7:55,-119.7711,39.4839,1345,1016.6
RNO,4/7/2026 8:55,-119.7711,39.4839,1345,1016.5
RNO,4/7/2026 9:55,-119.7711,39.4839,1345,1016.5
RNO,4/7/2026 10:55,-119.7711,39.4839,1345,1016.6
RNO,4/7/2026 11:55,-119.7711,39.4839,1345,1016.8
RNO,4/7/2026 12:55,-119.7711,39.4839,1345,1017.4
RNO,4/7/2026 13:55,-119.7711,39.4839,1345,1017.9
RNO,4/7/2026 14:55,-119.7711,39.4839,1345,1018.4
RNO,4/7/2026 15:55,-119.7711,39.4839,1345,1018.3
RNO,4/7/2026 16:55,-119.7711,39.4839,1345,1018.3
RNO,4/7/2026 17:55,-119.7711,39.4839,1345,1017.5
RNO,4/7/2026 18:55,-119.7711,39.4839,1345,1016.3
RNO,4/7/2026 19:55,-119.7711,39.4839,1345,1015.5
RNO,4/7/2026 20:55,-119.7711,39.4839,1345,1014.5
RNO,4/7/2026 21:55,-119.7711,39.4839,1345,1013.5
RNO,4/7/2026 22:55,-119.7711,39.4839,1345,1013.2
RNO,4/7/2026 23:55,-119.7711,39.4839,1345,1013.1
RNO,4/8/2026 0:55,-119.7711,39.4839,1345,1013.5
RNO,4/8/2026 1:55,-119.7711,39.4839,1345,1014.1
RNO,4/8/2026 2:55,-119.7711,39.4839,1345,1014.4
RNO,4/8/2026 3:55,-119.7711,39.4839,1345,1014.9
RNO,4/8/2026 4:55,-119.7711,39.4839,1345,1015.3
RNO,4/8/2026 5:55,-119.7711,39.4839,1345,1014.8
RNO,4/8/2026 6:55,-119.7711,39.4839,1345,1014.9
RNO,4/8/2026 7:55,-119.7711,39.4839,1345,1015.1
RNO,4/8/2026 8:55,-119.7711,39.4839,1345,1014.9
RNO,4/8/2026 9:55,-119.7711,39.4839,1345,1014.9
RNO,4/8/2026 10:55,-119.7711,39.4839,1345,1015
RNO,4/8/2026 11:55,-119.7711,39.4839,1345,1015.2
RNO,4/8/2026 12:55,-119.7711,39.4839,1345,1015.5
RNO,4/8/2026 13:55,-119.7711,39.4839,1345,1015.9
RNO,4/8/2026 14:55,-119.7711,39.4839,1345,1016.9
RNO,4/8/2026 15:55,-119.7711,39.4839,1345,1016.7
RNO,4/8/2026 16:55,-119.7711,39.4839,1345,1016.1
RNO,4/8/2026 17:55,-119.7711,39.4839,1345,1015.4
RNO,4/8/2026 18:55,-119.7711,39.4839,1345,1014.3
RNO,4/8/2026 19:55,-119.7711,39.4839,1345,1013.6
RNO,4/8/2026 20:55,-119.7711,39.4839,1345,1012.8
RNO,4/8/2026 21:55,-119.7711,39.4839,1345,1012.2
RNO,4/8/2026 22:55,-119.7711,39.4839,1345,1011.5
RNO,4/8/2026 23:55,-119.7711,39.4839,1345,1011.3
RNO,4/9/2026 0:55,-119.7711,39.4839,1345,1011.1
RNO,4/9/2026 1:55,-119.7711,39.4839,1345,1011.5
RNO,4/9/2026 2:55,-119.7711,39.4839,1345,1012.1
RNO,4/9/2026 3:55,-119.7711,39.4839,1345,1013.2
RNO,4/9/2026 4:55,-119.7711,39.4839,1345,1013.2
RNO,4/9/2026 5:55,-119.7711,39.4839,1345,1013.4
RNO,4/9/2026 6:55,-119.7711,39.4839,1345,1013
RNO,4/9/2026 7:55,-119.7711,39.4839,1345,1013.7
RNO,4/9/2026 8:55,-119.7711,39.4839,1345,1013.5
RNO,4/9/2026 9:55,-119.7711,39.4839,1345,1013.6
RNO,4/9/2026 10:55,-119.7711,39.4839,1345,1013.8
RNO,4/9/2026 11:55,-119.7711,39.4839,1345,1013.5
RNO,4/9/2026 12:55,-119.7711,39.4839,1345,1014
RNO,4/9/2026 13:55,-119.7711,39.4839,1345,1014.3
RNO,4/9/2026 14:55,-119.7711,39.4839,1345,1014.5
RNO,4/9/2026 15:55,-119.7711,39.4839,1345,1014.4
RNO,4/9/2026 16:55,-119.7711,39.4839,1345,1013.9
RNO,4/9/2026 17:55,-119.7711,39.4839,1345,1013.1
RNO,4/9/2026 18:55,-119.7711,39.4839,1345,1011.8
RNO,4/9/2026 19:55,-119.7711,39.4839,1345,1011.3
RNO,4/9/2026 20:55,-119.7711,39.4839,1345,1010.4
RNO,4/9/2026 21:55,-119.7711,39.4839,1345,1010
RNO,4/9/2026 22:55,-119.7711,39.4839,1345,1009.8
RNO,4/9/2026 23:55,-119.7711,39.4839,1345,1009.7
RNO,4/10/2026 0:55,-119.7711,39.4839,1345,1010
RNO,4/10/2026 1:55,-119.7711,39.4839,1345,1010.2
RNO,4/10/2026 2:55,-119.7711,39.4839,1345,1010.4
RNO,4/10/2026 3:55,-119.7711,39.4839,1345,1010.5
RNO,4/10/2026 4:55,-119.7711,39.4839,1345,1010.7
RNO,4/10/2026 5:55,-119.7711,39.4839,1345,1010.3
RNO,4/10/2026 6:55,-119.7711,39.4839,1345,1010.2
RNO,4/10/2026 7:55,-119.7711,39.4839,1345,1010.2
RNO,4/10/2026 8:55,-119.7711,39.4839,1345,1010.1
RNO,4/10/2026 9:55,-119.7711,39.4839,1345,1009.7
RNO,4/10/2026 10:55,-119.7711,39.4839,1345,1009.6
RNO,4/10/2026 11:55,-119.7711,39.4839,1345,1009.1
RNO,4/10/2026 12:55,-119.7711,39.4839,1345,1009.5
RNO,4/10/2026 13:55,-119.7711,39.4839,1345,1009.8
RNO,4/10/2026 14:55,-119.7711,39.4839,1345,1009.9
RNO,4/10/2026 15:55,-119.7711,39.4839,1345,1010
RNO,4/10/2026 16:55,-119.7711,39.4839,1345,1009.2
RNO,4/10/2026 17:55,-119.7711,39.4839,1345,1008.2
RNO,4/10/2026 18:55,-119.7711,39.4839,1345,1007.1
RNO,4/10/2026 19:55,-119.7711,39.4839,1345,1006.4
RNO,4/10/2026 20:55,-119.7711,39.4839,1345,1005.7
RNO,4/10/2026 21:55,-119.7711,39.4839,1345,1005.3
RNO,4/10/2026 22:55,-119.7711,39.4839,1345,1005.7
RNO,4/10/2026 23:55,-119.7711,39.4839,1345,1006.2
RNO,4/11/2026 0:55,-119.7711,39.4839,1345,1006.5
RNO,4/11/2026 1:55,-119.7711,39.4839,1345,1007.8
RNO,4/11/2026 2:55,-119.7711,39.4839,1345,1008.5
RNO,4/11/2026 3:55,-119.7711,39.4839,1345,1008.9
RNO,4/11/2026 4:55,-119.7711,39.4839,1345,1009
RNO,4/11/2026 5:55,-119.7711,39.4839,1345,1008.7
RNO,4/11/2026 6:55,-119.7711,39.4839,1345,1008.5
RNO,4/11/2026 7:55,-119.7711,39.4839,1345,1008.7
RNO,4/11/2026 8:55,-119.7711,39.4839,1345,1007.8
RNO,4/11/2026 9:55,-119.7711,39.4839,1345,1008.3
RNO,4/11/2026 10:55,-119.7711,39.4839,1345,1009
RNO,4/11/2026 11:55,-119.7711,39.4839,1345,1009
RNO,4/11/2026 12:55,-119.7711,39.4839,1345,1008.9
RNO,4/11/2026 13:55,-119.7711,39.4839,1345,1009
RNO,4/11/2026 14:55,-119.7711,39.4839,1345,1009.3
RNO,4/11/2026 15:55,-119.7711,39.4839,1345,1008.7
RNO,4/11/2026 16:55,-119.7711,39.4839,1345,1008
RNO,4/11/2026 17:55,-119.7711,39.4839,1345,1008.3
RNO,4/11/2026 18:55,-119.7711,39.4839,1345,1007.8
RNO,4/11/2026 19:55,-119.7711,39.4839,1345,1006.9
RNO,4/11/2026 20:55,-119.7711,39.4839,1345,1006
RNO,4/11/2026 21:55,-119.7711,39.4839,1345,1005.8
RNO,4/11/2026 22:55,-119.7711,39.4839,1345,1005.6
RNO,4/11/2026 23:55,-119.7711,39.4839,1345,1005.1
RNO,4/12/2026 0:55,-119.7711,39.4839,1345,1004.6
RNO,4/12/2026 1:55,-119.7711,39.4839,1345,1004.2
RNO,4/12/2026 2:55,-119.7711,39.4839,1345,1003.3
RNO,4/12/2026 3:55,-119.7711,39.4839,1345,1003.5
RNO,4/12/2026 4:55,-119.7711,39.4839,1345,1003.6
RNO,4/12/2026 5:55,-119.7711,39.4839,1345,1004.7
RNO,4/12/2026 6:19,-119.7711,39.4839,1345,M
RNO,4/12/2026 6:55,-119.7711,39.4839,1345,1005.2
RNO,4/12/2026 7:30,-119.7711,39.4839,1345,M
RNO,4/12/2026 7:55,-119.7711,39.4839,1345,1005.6
RNO,4/12/2026 8:55,-119.7711,39.4839,1345,1004.3
RNO,4/12/2026 9:55,-119.7711,39.4839,1345,1003.5
RNO,4/12/2026 10:55,-119.7711,39.4839,1345,1003.5
RNO,4/12/2026 11:55,-119.7711,39.4839,1345,1002.9
RNO,4/12/2026 12:55,-119.7711,39.4839,1345,1004.2
RNO,4/12/2026 13:55,-119.7711,39.4839,1345,1005.9
RNO,4/12/2026 14:38,-119.7711,39.4839,1345,M
RNO,4/12/2026 14:46,-119.7711,39.4839,1345,M
RNO,4/12/2026 14:55,-119.7711,39.4839,1345,1007.5
RNO,4/12/2026 15:55,-119.7711,39.4839,1345,1007.6
RNO,4/12/2026 16:55,-119.7711,39.4839,1345,1007.3
RNO,4/12/2026 17:26,-119.7711,39.4839,1345,M
RNO,4/12/2026 17:46,-119.7711,39.4839,1345,M
RNO,4/12/2026 17:55,-119.7711,39.4839,1345,1008.7
RNO,4/12/2026 18:55,-119.7711,39.4839,1345,1009.3
RNO,4/12/2026 19:55,-119.7711,39.4839,1345,1008.5
RNO,4/12/2026 20:55,-119.7711,39.4839,1345,1008.5
RNO,4/12/2026 21:55,-119.7711,39.4839,1345,1008.9
RNO,4/12/2026 22:55,-119.7711,39.4839,1345,1009.2
RNO,4/12/2026 23:55,-119.7711,39.4839,1345,1009.7
RNO,4/13/2026 0:55,-119.7711,39.4839,1345,1010.5
RNO,4/13/2026 1:55,-119.7711,39.4839,1345,1011.5
RNO,4/13/2026 2:55,-119.7711,39.4839,1345,1012.4
RNO,4/13/2026 3:55,-119.7711,39.4839,1345,1013
RNO,4/13/2026 4:55,-119.7711,39.4839,1345,1013.8
RNO,4/13/2026 5:55,-119.7711,39.4839,1345,1014.7
RNO,4/13/2026 6:55,-119.7711,39.4839,1345,1014.7
RNO,4/13/2026 7:55,-119.7711,39.4839,1345,1015
RNO,4/13/2026 8:55,-119.7711,39.4839,1345,1014.9
RNO,4/13/2026 9:55,-119.7711,39.4839,1345,1015.3
RNO,4/13/2026 10:55,-119.7711,39.4839,1345,1015.8
RNO,4/13/2026 11:55,-119.7711,39.4839,1345,1015.7
RNO,4/13/2026 12:55,-119.7711,39.4839,1345,1016.4
RNO,4/13/2026 13:55,-119.7711,39.4839,1345,1017.2
RNO,4/13/2026 14:18,-119.7711,39.4839,1345,M
RNO,4/13/2026 14:55,-119.7711,39.4839,1345,1017.7
RNO,4/13/2026 15:20,-119.7711,39.4839,1345,M
RNO,4/13/2026 15:55,-119.7711,39.4839,1345,1017.5
RNO,4/13/2026 16:55,-119.7711,39.4839,1345,1017.5
RNO,4/13/2026 17:55,-119.7711,39.4839,1345,1017.3
RNO,4/13/2026 18:55,-119.7711,39.4839,1345,1016.9
RNO,4/13/2026 19:55,-119.7711,39.4839,1345,1016.1
RNO,4/13/2026 20:55,-119.7711,39.4839,1345,1015.4
RNO,4/13/2026 21:55,-119.7711,39.4839,1345,1014.7
RNO,4/13/2026 22:55,-119.7711,39.4839,1345,1014.1
RNO,4/13/2026 23:53,-119.7711,39.4839,1345,1014
RNO,4/14/2026 0:55,-119.7711,39.4839,1345,1014.4
RNO,4/14/2026 1:55,-119.7711,39.4839,1345,1015
RNO,4/14/2026 2:55,-119.7711,39.4839,1345,1016.1
RNO,4/14/2026 3:55,-119.7711,39.4839,1345,1016.4
RNO,4/14/2026 4:55,-119.7711,39.4839,1345,1016.9
RNO,4/14/2026 5:55,-119.7711,39.4839,1345,1016.9
RNO,4/14/2026 6:55,-119.7711,39.4839,1345,1017.2
RNO,4/14/2026 7:55,-119.7711,39.4839,1345,1017.2
RNO,4/14/2026 8:55,-119.7711,39.4839,1345,1017.1
RNO,4/14/2026 9:55,-119.7711,39.4839,1345,1016.9
RNO,4/14/2026 10:55,-119.7711,39.4839,1345,1017.3
RNO,4/14/2026 11:55,-119.7711,39.4839,1345,1017.5
RNO,4/14/2026 12:55,-119.7711,39.4839,1345,1018
RNO,4/14/2026 13:55,-119.7711,39.4839,1345,1018.6
RNO,4/14/2026 14:55,-119.7711,39.4839,1345,1019.3
RNO,4/14/2026 15:55,-119.7711,39.4839,1345,1018.7
RNO,4/14/2026 16:55,-119.7711,39.4839,1345,1017.8
RNO,4/14/2026 17:55,-119.7711,39.4839,1345,1018
RNO,4/14/2026 18:55,-119.7711,39.4839,1345,1017.3
RNO,4/14/2026 19:55,-119.7711,39.4839,1345,1016.7
RNO,4/14/2026 20:55,-119.7711,39.4839,1345,1016.1
RNO,4/14/2026 21:55,-119.7711,39.4839,1345,1015.5
RNO,4/14/2026 22:55,-119.7711,39.4839,1345,1014.8
RNO,4/14/2026 23:55,-119.7711,39.4839,1345,1014.8
RNO,4/15/2026 0:55,-119.7711,39.4839,1345,1015.3
RNO,4/15/2026 1:55,-119.7711,39.4839,1345,1015.6
RNO,4/15/2026 2:55,-119.7711,39.4839,1345,1015.8
RNO,4/15/2026 3:55,-119.7711,39.4839,1345,1016.6
RNO,4/15/2026 4:55,-119.7711,39.4839,1345,1017
RNO,4/15/2026 5:55,-119.7711,39.4839,1345,1016.6
RNO,4/15/2026 6:55,-119.7711,39.4839,1345,1016.5
RNO,4/15/2026 7:55,-119.7711,39.4839,1345,1015.9
RNO,4/15/2026 8:55,-119.7711,39.4839,1345,1015.9
RNO,4/15/2026 9:55,-119.7711,39.4839,1345,1015.3
RNO,4/15/2026 10:55,-119.7711,39.4839,1345,1015
RNO,4/15/2026 11:55,-119.7711,39.4839,1345,1014.6
RNO,4/15/2026 12:55,-119.7711,39.4839,1345,1014.6
RNO,4/15/2026 13:55,-119.7711,39.4839,1345,1015.1
RNO,4/15/2026 14:55,-119.7711,39.4839,1345,1015.3
RNO,4/15/2026 15:55,-119.7711,39.4839,1345,1015
RNO,4/15/2026 16:55,-119.7711,39.4839,1345,1014.8
RNO,4/15/2026 17:55,-119.7711,39.4839,1345,1014.5
RNO,4/15/2026 18:55,-119.7711,39.4839,1345,1014.1
RNO,4/15/2026 19:55,-119.7711,39.4839,1345,1013.2
RNO,4/15/2026 20:55,-119.7711,39.4839,1345,1012.4
RNO,4/15/2026 21:55,-119.7711,39.4839,1345,1011.8
RNO,4/15/2026 22:55,-119.7711,39.4839,1345,1012
RNO,4/15/2026 23:55,-119.7711,39.4839,1345,1011.4
RNO,4/16/2026 0:55,-119.7711,39.4839,1345,1010.9
RNO,4/16/2026 1:55,-119.7711,39.4839,1345,1011.7
RNO,4/16/2026 2:55,-119.7711,39.4839,1345,1011.6
RNO,4/16/2026 3:55,-119.7711,39.4839,1345,1012.1
RNO,4/16/2026 4:55,-119.7711,39.4839,1345,1012.3
RNO,4/16/2026 5:55,-119.7711,39.4839,1345,1011.9
RNO,4/16/2026 6:55,-119.7711,39.4839,1345,1011.3
RNO,4/16/2026 7:55,-119.7711,39.4839,1345,1011.3
RNO,4/16/2026 8:55,-119.7711,39.4839,1345,1011.2
RNO,4/16/2026 9:55,-119.7711,39.4839,1345,1010.9
RNO,4/16/2026 10:55,-119.7711,39.4839,1345,1011.9
RNO,4/16/2026 11:55,-119.7711,39.4839,1345,1012.2
RNO,4/16/2026 12:55,-119.7711,39.4839,1345,1012.9
RNO,4/16/2026 13:55,-119.7711,39.4839,1345,1015.4
RNO,4/16/2026 14:55,-119.7711,39.4839,1345,1016.9
RNO,4/16/2026 15:55,-119.7711,39.4839,1345,1017.6
RNO,4/16/2026 16:55,-119.7711,39.4839,1345,1017.9
RNO,4/16/2026 17:55,-119.7711,39.4839,1345,1017.6
RNO,4/16/2026 18:55,-119.7711,39.4839,1345,1016.3
RNO,4/16/2026 19:55,-119.7711,39.4839,1345,1015.9
RNO,4/16/2026 20:55,-119.7711,39.4839,1345,1015.9
RNO,4/16/2026 21:55,-119.7711,39.4839,1345,1015.1
RNO,4/16/2026 22:55,-119.7711,39.4839,1345,1015.4
RNO,4/16/2026 23:55,-119.7711,39.4839,1345,1015.3
RNO,4/17/2026 0:55,-119.7711,39.4839,1345,1016.9
RNO,4/17/2026 1:55,-119.7711,39.4839,1345,1018.7
RNO,4/17/2026 2:55,-119.7711,39.4839,1345,1020.5
RNO,4/17/2026 3:55,-119.7711,39.4839,1345,1021.7
RNO,4/17/2026 4:55,-119.7711,39.4839,1345,1022.9
RNO,4/17/2026 5:55,-119.7711,39.4839,1345,1023
RNO,4/17/2026 6:55,-119.7711,39.4839,1345,1022.4
RNO,4/17/2026 7:55,-119.7711,39.4839,1345,1022.9
RNO,4/17/2026 8:55,-119.7711,39.4839,1345,1022.5
RNO,4/17/2026 9:55,-119.7711,39.4839,1345,1022.3
RNO,4/17/2026 10:55,-119.7711,39.4839,1345,1022.2
RNO,4/17/2026 11:55,-119.7711,39.4839,1345,1022.3
RNO,4/17/2026 12:55,-119.7711,39.4839,1345,1022.8
RNO,4/17/2026 13:55,-119.7711,39.4839,1345,1023.3
RNO,4/17/2026 14:55,-119.7711,39.4839,1345,1023.6
RNO,4/17/2026 15:55,-119.7711,39.4839,1345,1023.5
RNO,4/17/2026 16:55,-119.7711,39.4839,1345,1023.1
RNO,4/17/2026 17:55,-119.7711,39.4839,1345,1022.5
RNO,4/17/2026 18:55,-119.7711,39.4839,1345,1022
RNO,4/17/2026 19:55,-119.7711,39.4839,1345,1021
RNO,4/17/2026 20:55,-119.7711,39.4839,1345,1020
RNO,4/17/2026 21:55,-119.7711,39.4839,1345,1019.4
RNO,4/17/2026 22:55,-119.7711,39.4839,1345,1018.7
RNO,4/17/2026 23:55,-119.7711,39.4839,1345,1018.1
RNO,4/18/2026 0:55,-119.7711,39.4839,1345,1018
RNO,4/18/2026 1:55,-119.7711,39.4839,1345,1018.1
RNO,4/18/2026 2:55,-119.7711,39.4839,1345,1018.2
RNO,4/18/2026 3:55,-119.7711,39.4839,1345,1018.5
RNO,4/18/2026 4:55,-119.7711,39.4839,1345,1019.3
RNO,4/18/2026 5:55,-119.7711,39.4839,1345,1018.9
RNO,4/18/2026 6:55,-119.7711,39.4839,1345,1018.9
RNO,4/18/2026 7:55,-119.7711,39.4839,1345,1018.8
RNO,4/18/2026 8:55,-119.7711,39.4839,1345,1018.7
RNO,4/18/2026 9:55,-119.7711,39.4839,1345,1018.4
RNO,4/18/2026 10:55,-119.7711,39.4839,1345,1018.7
RNO,4/18/2026 11:55,-119.7711,39.4839,1345,1018.7
RNO,4/18/2026 12:55,-119.7711,39.4839,1345,1019
RNO,4/18/2026 13:55,-119.7711,39.4839,1345,1019.4
RNO,4/18/2026 14:55,-119.7711,39.4839,1345,1019.5
RNO,4/18/2026 15:55,-119.7711,39.4839,1345,1019.1
RNO,4/18/2026 16:55,-119.7711,39.4839,1345,1018.3
RNO,4/18/2026 17:55,-119.7711,39.4839,1345,1017.7
RNO,4/18/2026 18:55,-119.7711,39.4839,1345,1016.9
RNO,4/18/2026 19:55,-119.7711,39.4839,1345,1015.7
RNO,4/18/2026 20:55,-119.7711,39.4839,1345,1014.8
RNO,4/18/2026 21:55,-119.7711,39.4839,1345,1014
RNO,4/18/2026 22:55,-119.7711,39.4839,1345,1012.7
RNO,4/18/2026 23:55,-119.7711,39.4839,1345,1012
RNO,4/19/2026 0:55,-119.7711,39.4839,1345,1011.8
RNO,4/19/2026 1:55,-119.7711,39.4839,1345,1011.7
RNO,4/19/2026 2:55,-119.7711,39.4839,1345,1012
RNO,4/19/2026 3:55,-119.7711,39.4839,1345,1012.3
RNO,4/19/2026 4:55,-119.7711,39.4839,1345,1012.6
RNO,4/19/2026 5:55,-119.7711,39.4839,1345,1012
RNO,4/19/2026 6:55,-119.7711,39.4839,1345,1012
RNO,4/19/2026 7:55,-119.7711,39.4839,1345,1011.7
RNO,4/19/2026 8:55,-119.7711,39.4839,1345,1011.5
RNO,4/19/2026 9:55,-119.7711,39.4839,1345,1011.1
RNO,4/19/2026 10:55,-119.7711,39.4839,1345,1010.8
RNO,4/19/2026 11:55,-119.7711,39.4839,1345,1011.1
RNO,4/19/2026 12:55,-119.7711,39.4839,1345,1011.2
RNO,4/19/2026 13:55,-119.7711,39.4839,1345,1011.7
RNO,4/19/2026 14:55,-119.7711,39.4839,1345,1012.2
RNO,4/19/2026 15:55,-119.7711,39.4839,1345,1012.2
RNO,4/19/2026 16:55,-119.7711,39.4839,1345,1011.8
RNO,4/19/2026 17:55,-119.7711,39.4839,1345,1011.6
RNO,4/19/2026 18:55,-119.7711,39.4839,1345,1010.9
RNO,4/19/2026 19:55,-119.7711,39.4839,1345,1010
RNO,4/19/2026 20:55,-119.7711,39.4839,1345,1009
RNO,4/19/2026 21:55,-119.7711,39.4839,1345,1008.4
RNO,4/19/2026 22:55,-119.7711,39.4839,1345,1007.6
RNO,4/19/2026 23:55,-119.7711,39.4839,1345,1007
RNO,4/20/2026 0:55,-119.7711,39.4839,1345,1007.1
RNO,4/20/2026 1:55,-119.7711,39.4839,1345,1007.4
RNO,4/20/2026 2:55,-119.7711,39.4839,1345,1007.9
RNO,4/20/2026 3:55,-119.7711,39.4839,1345,1008.7
RNO,4/20/2026 4:55,-119.7711,39.4839,1345,1009.3
RNO,4/20/2026 5:55,-119.7711,39.4839,1345,1009
RNO,4/20/2026 6:55,-119.7711,39.4839,1345,1008.7
RNO,4/20/2026 7:55,-119.7711,39.4839,1345,1008.8
RNO,4/20/2026 8:55,-119.7711,39.4839,1345,1008.9
RNO,4/20/2026 9:55,-119.7711,39.4839,1345,1008.6
RNO,4/20/2026 10:55,-119.7711,39.4839,1345,1008.8
RNO,4/20/2026 11:55,-119.7711,39.4839,1345,1008.6
RNO,4/20/2026 12:55,-119.7711,39.4839,1345,1008.4
RNO,4/20/2026 13:55,-119.7711,39.4839,1345,1008.7
RNO,4/20/2026 14:55,-119.7711,39.4839,1345,1009.1
RNO,4/20/2026 15:55,-119.7711,39.4839,1345,1008.8
RNO,4/20/2026 16:55,-119.7711,39.4839,1345,1009
RNO,4/20/2026 17:55,-119.7711,39.4839,1345,1008.8
RNO,4/20/2026 18:55,-119.7711,39.4839,1345,1008.1
RNO,4/20/2026 19:55,-119.7711,39.4839,1345,1007.4
RNO,4/20/2026 20:55,-119.7711,39.4839,1345,1006.8
RNO,4/20/2026 21:55,-119.7711,39.4839,1345,1006.5
RNO,4/20/2026 22:55,-119.7711,39.4839,1345,1006
RNO,4/20/2026 23:55,-119.7711,39.4839,1345,1005.7
RNO,4/21/2026 0:55,-119.7711,39.4839,1345,1005.4
RNO,4/21/2026 1:55,-119.7711,39.4839,1345,1006.3
RNO,4/21/2026 2:55,-119.7711,39.4839,1345,1006.3
RNO,4/21/2026 3:55,-119.7711,39.4839,1345,1007.3
RNO,4/21/2026 4:55,-119.7711,39.4839,1345,1007.4
RNO,4/21/2026 5:55,-119.7711,39.4839,1345,1007
RNO,4/21/2026 6:55,-119.7711,39.4839,1345,1006.5
RNO,4/21/2026 7:55,-119.7711,39.4839,1345,1006.2
RNO,4/21/2026 8:55,-119.7711,39.4839,1345,1005.6
RNO,4/21/2026 9:55,-119.7711,39.4839,1345,1004.8
RNO,4/21/2026 10:55,-119.7711,39.4839,1345,1004.3
RNO,4/21/2026 11:55,-119.7711,39.4839,1345,1004.7
RNO,4/21/2026 12:55,-119.7711,39.4839,1345,1005
RNO,4/21/2026 13:55,-119.7711,39.4839,1345,1006
RNO,4/21/2026 14:55,-119.7711,39.4839,1345,1007.2
RNO,4/21/2026 15:55,-119.7711,39.4839,1345,1007.7
RNO,4/21/2026 16:55,-119.7711,39.4839,1345,1007.9
RNO,4/21/2026 17:55,-119.7711,39.4839,1345,1008.4
RNO,4/21/2026 18:55,-119.7711,39.4839,1345,1007.9
RNO,4/21/2026 19:55,-119.7711,39.4839,1345,1006.8
RNO,4/21/2026 20:55,-119.7711,39.4839,1345,1006.3
RNO,4/21/2026 21:55,-119.7711,39.4839,1345,1005.6
RNO,4/21/2026 22:55,-119.7711,39.4839,1345,1006.6
RNO,4/21/2026 23:55,-119.7711,39.4839,1345,1008
RNO,4/22/2026 0:55,-119.7711,39.4839,1345,1007.9
RNO,4/22/2026 1:55,-119.7711,39.4839,1345,1008.2
RNO,4/22/2026 2:55,-119.7711,39.4839,1345,1009.9
RNO,4/22/2026 3:55,-119.7711,39.4839,1345,1011.1
RNO,4/22/2026 4:55,-119.7711,39.4839,1345,1011.9
RNO,4/22/2026 5:55,-119.7711,39.4839,1345,1012.4
RNO,4/22/2026 6:55,-119.7711,39.4839,1345,1012.6
RNO,4/22/2026 7:55,-119.7711,39.4839,1345,1013.7
RNO,4/22/2026 8:55,-119.7711,39.4839,1345,1013.8
RNO,4/22/2026 9:55,-119.7711,39.4839,1345,1013.9
RNO,4/22/2026 10:55,-119.7711,39.4839,1345,1014.5
RNO,4/22/2026 11:55,-119.7711,39.4839,1345,1015.4
RNO,4/22/2026 12:55,-119.7711,39.4839,1345,1015.6
RNO,4/22/2026 13:55,-119.7711,39.4839,1345,1016.4
RNO,4/22/2026 14:55,-119.7711,39.4839,1345,1017.4
RNO,4/22/2026 15:55,-119.7711,39.4839,1345,1017.8
RNO,4/22/2026 16:55,-119.7711,39.4839,1345,1017.9
RNO,4/22/2026 17:55,-119.7711,39.4839,1345,1018.6
RNO,4/22/2026 18:55,-119.7711,39.4839,1345,1018.5
RNO,4/22/2026 19:55,-119.7711,39.4839,1345,1017.7
RNO,4/22/2026 20:55,-119.7711,39.4839,1345,1017.9
RNO,4/22/2026 21:55,-119.7711,39.4839,1345,1018.1
RNO,4/22/2026 22:55,-119.7711,39.4839,1345,1018.9
RNO,4/22/2026 23:55,-119.7711,39.4839,1345,1018.2
RNO,4/23/2026 0:55,-119.7711,39.4839,1345,1017.7
RNO,4/23/2026 1:55,-119.7711,39.4839,1345,1017.5
RNO,4/23/2026 2:55,-119.7711,39.4839,1345,1017.6
RNO,4/23/2026 3:55,-119.7711,39.4839,1345,1018.6
RNO,4/23/2026 4:55,-119.7711,39.4839,1345,1019.7
RNO,4/23/2026 5:55,-119.7711,39.4839,1345,1019.9
RNO,4/23/2026 6:55,-119.7711,39.4839,1345,1019.9
RNO,4/23/2026 7:55,-119.7711,39.4839,1345,1020.1
RNO,4/23/2026 8:55,-119.7711,39.4839,1345,1020.3
RNO,4/23/2026 9:55,-119.7711,39.4839,1345,1020.3
RNO,4/23/2026 10:55,-119.7711,39.4839,1345,1020.5
RNO,4/23/2026 11:55,-119.7711,39.4839,1345,1020.3
RNO,4/23/2026 12:55,-119.7711,39.4839,1345,1020.4
RNO,4/23/2026 13:55,-119.7711,39.4839,1345,1020.8
RNO,4/23/2026 14:55,-119.7711,39.4839,1345,1020.7
RNO,4/23/2026 15:55,-119.7711,39.4839,1345,1020.4
RNO,4/23/2026 16:55,-119.7711,39.4839,1345,1019.7
RNO,4/23/2026 17:55,-119.7711,39.4839,1345,1018.8
RNO,4/23/2026 18:55,-119.7711,39.4839,1345,1017.9
RNO,4/23/2026 19:55,-119.7711,39.4839,1345,1016.9
RNO,4/23/2026 20:55,-119.7711,39.4839,1345,1016.2
RNO,4/23/2026 21:55,-119.7711,39.4839,1345,1015.4
RNO,4/23/2026 22:55,-119.7711,39.4839,1345,1014.5
RNO,4/23/2026 23:55,-119.7711,39.4839,1345,1013.8
RNO,4/24/2026 0:55,-119.7711,39.4839,1345,1013.4
RNO,4/24/2026 1:55,-119.7711,39.4839,1345,1013.1
RNO,4/24/2026 2:55,-119.7711,39.4839,1345,1013.4
RNO,4/24/2026 3:55,-119.7711,39.4839,1345,1013.9
RNO,4/24/2026 4:55,-119.7711,39.4839,1345,1014
RNO,4/24/2026 5:55,-119.7711,39.4839,1345,1013.8
RNO,4/24/2026 6:55,-119.7711,39.4839,1345,1013.4
RNO,4/24/2026 7:55,-119.7711,39.4839,1345,1013.3
RNO,4/24/2026 8:55,-119.7711,39.4839,1345,1013
RNO,4/24/2026 9:55,-119.7711,39.4839,1345,1012.6
RNO,4/24/2026 10:55,-119.7711,39.4839,1345,1012.6
RNO,4/24/2026 11:55,-119.7711,39.4839,1345,1012.4
RNO,4/24/2026 12:55,-119.7711,39.4839,1345,1012.2
RNO,4/24/2026 13:55,-119.7711,39.4839,1345,1012.3
RNO,4/24/2026 14:55,-119.7711,39.4839,1345,1012.3
RNO,4/24/2026 15:55,-119.7711,39.4839,1345,1011.8
RNO,4/24/2026 16:55,-119.7711,39.4839,1345,1011.1
RNO,4/24/2026 17:55,-119.7711,39.4839,1345,1010.4
RNO,4/24/2026 18:55,-119.7711,39.4839,1345,1009.5
RNO,4/24/2026 19:55,-119.7711,39.4839,1345,1008.5
RNO,4/24/2026 20:55,-119.7711,39.4839,1345,1007.6
RNO,4/24/2026 21:55,-119.7711,39.4839,1345,1006.8
RNO,4/24/2026 22:55,-119.7711,39.4839,1345,1006.3
RNO,4/24/2026 22:58,-119.7711,39.4839,1345,M
RNO,4/24/2026 23:55,-119.7711,39.4839,1345,1006.5
RNO,4/25/2026 0:55,-119.7711,39.4839,1345,1006.9
RNO,4/25/2026 1:55,-119.7711,39.4839,1345,1006.8
RNO,4/25/2026 2:55,-119.7711,39.4839,1345,1007.1
RNO,4/25/2026 3:55,-119.7711,39.4839,1345,1007.8
RNO,4/25/2026 4:55,-119.7711,39.4839,1345,1008.5
RNO,4/25/2026 5:55,-119.7711,39.4839,1345,1008
RNO,4/25/2026 6:55,-119.7711,39.4839,1345,1008
RNO,4/25/2026 7:55,-119.7711,39.4839,1345,1007.8
RNO,4/25/2026 8:55,-119.7711,39.4839,1345,1007.5
RNO,4/25/2026 9:55,-119.7711,39.4839,1345,1007.2
RNO,4/25/2026 10:55,-119.7711,39.4839,1345,1007.2
RNO,4/25/2026 11:55,-119.7711,39.4839,1345,1007.7
RNO,4/25/2026 12:55,-119.7711,39.4839,1345,1007.6
RNO,4/25/2026 13:55,-119.7711,39.4839,1345,1007.6
RNO,4/25/2026 14:55,-119.7711,39.4839,1345,1008
RNO,4/25/2026 15:55,-119.7711,39.4839,1345,1007.7
RNO,4/25/2026 16:55,-119.7711,39.4839,1345,1007.1
RNO,4/25/2026 17:55,-119.7711,39.4839,1345,1006.7
RNO,4/25/2026 18:55,-119.7711,39.4839,1345,1005.6
RNO,4/25/2026 19:55,-119.7711,39.4839,1345,1004.3
RNO,4/25/2026 20:55,-119.7711,39.4839,1345,1002.8
RNO,4/25/2026 21:55,-119.7711,39.4839,1345,1002.6
RNO,4/25/2026 22:55,-119.7711,39.4839,1345,1002.1
RNO,4/25/2026 23:55,-119.7711,39.4839,1345,1001.9
RNO,4/26/2026 0:55,-119.7711,39.4839,1345,1001.9
RNO,4/26/2026 1:55,-119.7711,39.4839,1345,1001.9
RNO,4/26/2026 2:55,-119.7711,39.4839,1345,1002.1
RNO,4/26/2026 3:55,-119.7711,39.4839,1345,1002.9
RNO,4/26/2026 4:55,-119.7711,39.4839,1345,1002.9
RNO,4/26/2026 5:55,-119.7711,39.4839,1345,1002.8
RNO,4/26/2026 6:55,-119.7711,39.4839,1345,1002.9
RNO,4/26/2026 7:55,-119.7711,39.4839,1345,1003.1
RNO,4/26/2026 8:55,-119.7711,39.4839,1345,1002.6
RNO,4/26/2026 9:55,-119.7711,39.4839,1345,1003
RNO,4/26/2026 10:55,-119.7711,39.4839,1345,1003.5
RNO,4/26/2026 11:55,-119.7711,39.4839,1345,1003.8
RNO,4/26/2026 12:55,-119.7711,39.4839,1345,1004.1
RNO,4/26/2026 13:55,-119.7711,39.4839,1345,1005.1
RNO,4/26/2026 14:55,-119.7711,39.4839,1345,1005.7
RNO,4/26/2026 15:55,-119.7711,39.4839,1345,1006
RNO,4/26/2026 16:55,-119.7711,39.4839,1345,1006.1
RNO,4/26/2026 17:55,-119.7711,39.4839,1345,1006.1
RNO,4/26/2026 18:55,-119.7711,39.4839,1345,1005.8
RNO,4/26/2026 19:55,-119.7711,39.4839,1345,1005.9
RNO,4/26/2026 20:55,-119.7711,39.4839,1345,1005.3
RNO,4/26/2026 21:55,-119.7711,39.4839,1345,1005.7
RNO,4/26/2026 22:55,-119.7711,39.4839,1345,1005.2
RNO,4/26/2026 23:55,-119.7711,39.4839,1345,1005.9
RNO,4/27/2026 0:55,-119.7711,39.4839,1345,1006.7
RNO,4/27/2026 1:55,-119.7711,39.4839,1345,1007.3
RNO,4/27/2026 2:55,-119.7711,39.4839,1345,1008.5
RNO,4/27/2026 3:55,-119.7711,39.4839,1345,1009.7
RNO,4/27/2026 4:55,-119.7711,39.4839,1345,1010.8
RNO,4/27/2026 5:55,-119.7711,39.4839,1345,1011.1
RNO,4/27/2026 6:55,-119.7711,39.4839,1345,1011.6
RNO,4/27/2026 7:55,-119.7711,39.4839,1345,1011.9
RNO,4/27/2026 8:55,-119.7711,39.4839,1345,1011.5
RNO,4/27/2026 9:55,-119.7711,39.4839,1345,1011.6
RNO,4/27/2026 10:55,-119.7711,39.4839,1345,1012.3
RNO,4/27/2026 11:55,-119.7711,39.4839,1345,1012.7
RNO,4/27/2026 12:55,-119.7711,39.4839,1345,1013.2
RNO,4/27/2026 13:55,-119.7711,39.4839,1345,1014.1
RNO,4/27/2026 14:55,-119.7711,39.4839,1345,1014.5
RNO,4/27/2026 15:55,-119.7711,39.4839,1345,1014.3
RNO,4/27/2026 16:55,-119.7711,39.4839,1345,1014
RNO,4/27/2026 17:55,-119.7711,39.4839,1345,1013.6
RNO,4/27/2026 18:55,-119.7711,39.4839,1345,1013.7
RNO,4/27/2026 19:55,-119.7711,39.4839,1345,1013
RNO,4/27/2026 20:55,-119.7711,39.4839,1345,1012.6
RNO,4/27/2026 21:55,-119.7711,39.4839,1345,1012.4
RNO,4/27/2026 22:55,-119.7711,39.4839,1345,1012.6
RNO,4/27/2026 23:55,-119.7711,39.4839,1345,1012.6
RNO,4/28/2026 0:55,-119.7711,39.4839,1345,1013.5
RNO,4/28/2026 1:55,-119.7711,39.4839,1345,1013.8
RNO,4/28/2026 2:55,-119.7711,39.4839,1345,1014.9
RNO,4/28/2026 3:55,-119.7711,39.4839,1345,1015.5
RNO,4/28/2026 4:55,-119.7711,39.4839,1345,1015.9
RNO,4/28/2026 5:55,-119.7711,39.4839,1345,1016.4
RNO,4/28/2026 6:55,-119.7711,39.4839,1345,1016.7
RNO,4/28/2026 7:55,-119.7711,39.4839,1345,1017.2
RNO,4/28/2026 8:55,-119.7711,39.4839,1345,1017.2
RNO,4/28/2026 9:55,-119.7711,39.4839,1345,1017
RNO,4/28/2026 10:55,-119.7711,39.4839,1345,1017.4
RNO,4/28/2026 11:55,-119.7711,39.4839,1345,1017.4
RNO,4/28/2026 12:55,-119.7711,39.4839,1345,1018.1
RNO,4/28/2026 13:55,-119.7711,39.4839,1345,1018.8
RNO,4/28/2026 14:55,-119.7711,39.4839,1345,1019.4
RNO,4/28/2026 15:55,-119.7711,39.4839,1345,1019.4
RNO,4/28/2026 16:55,-119.7711,39.4839,1345,1018.9
RNO,4/28/2026 17:55,-119.7711,39.4839,1345,1018.6
RNO,4/28/2026 18:55,-119.7711,39.4839,1345,1017.7
RNO,4/28/2026 19:24,-119.7711,39.4839,1345,M
RNO,4/28/2026 19:55,-119.7711,39.4839,1345,1017.1
RNO,4/28/2026 20:55,-119.7711,39.4839,1345,1016.8
RNO,4/28/2026 21:55,-119.7711,39.4839,1345,1016.3
RNO,4/28/2026 22:55,-119.7711,39.4839,1345,1015.7
RNO,4/28/2026 23:55,-119.7711,39.4839,1345,1015.5
RNO,4/29/2026 0:55,-119.7711,39.4839,1345,1016
RNO,4/29/2026 1:55,-119.7711,39.4839,1345,1016.4
RNO,4/29/2026 2:55,-119.7711,39.4839,1345,1016.8
RNO,4/29/2026 3:55,-119.7711,39.4839,1345,1017.7
RNO,4/29/2026 4:55,-119.7711,39.4839,1345,1018.5
RNO,4/29/2026 5:55,-119.7711,39.4839,1345,1018.6
RNO,4/29/2026 6:55,-119.7711,39.4839,1345,1018.6
RNO,4/29/2026 7:55,-119.7711,39.4839,1345,1018.8
RNO,4/29/2026 8:55,-119.7711,39.4839,1345,1018.8
RNO,4/29/2026 9:55,-119.7711,39.4839,1345,1018.5
RNO,4/29/2026 10:55,-119.7711,39.4839,1345,1018.9
RNO,4/29/2026 11:55,-119.7711,39.4839,1345,1019.1
RNO,4/29/2026 12:55,-119.7711,39.4839,1345,1019.4
RNO,4/29/2026 13:55,-119.7711,39.4839,1345,1019.9
RNO,4/29/2026 14:55,-119.7711,39.4839,1345,1019.9
RNO,4/29/2026 15:55,-119.7711,39.4839,1345,1019.9
RNO,4/29/2026 16:55,-119.7711,39.4839,1345,1019.1
RNO,4/29/2026 17:55,-119.7711,39.4839,1345,1018.3
RNO,4/29/2026 18:55,-119.7711,39.4839,1345,1017.2
RNO,4/29/2026 19:55,-119.7711,39.4839,1345,1016.1
RNO,4/29/2026 20:55,-119.7711,39.4839,1345,1015.5
RNO,4/29/2026 21:55,-119.7711,39.4839,1345,1014.9
RNO,4/29/2026 22:55,-119.7711,39.4839,1345,1014.2
RNO,4/29/2026 23:55,-119.7711,39.4839,1345,1013.6
RNO,4/30/2026 0:55,-119.7711,39.4839,1345,1013.5
RNO,4/30/2026 1:55,-119.7711,39.4839,1345,1013.9
RNO,4/30/2026 2:55,-119.7711,39.4839,1345,1014.3
RNO,4/30/2026 3:55,-119.7711,39.4839,1345,1015.2
RNO,4/30/2026 4:55,-119.7711,39.4839,1345,1015.3
RNO,4/30/2026 5:55,-119.7711,39.4839,1345,1015.2
RNO,4/30/2026 6:55,-119.7711,39.4839,1345,1015.6
RNO,4/30/2026 7:55,-119.7711,39.4839,1345,1015.8
RNO,4/30/2026 8:55,-119.7711,39.4839,1345,1015.8
RNO,4/30/2026 9:55,-119.7711,39.4839,1345,1015.7
RNO,4/30/2026 10:55,-119.7711,39.4839,1345,1015.8
RNO,4/30/2026 11:55,-119.7711,39.4839,1345,1016.2
RNO,4/30/2026 12:55,-119.7711,39.4839,1345,1016.4
RNO,4/30/2026 13:55,-119.7711,39.4839,1345,1016.8
RNO,4/30/2026 14:55,-119.7711,39.4839,1345,1017.1
RNO,4/30/2026 15:55,-119.7711,39.4839,1345,1016.9
RNO,4/30/2026 16:55,-119.7711,39.4839,1345,1016.2
RNO,4/30/2026 17:55,-119.7711,39.4839,1345,1015.5
RNO,4/30/2026 18:55,-119.7711,39.4839,1345,1014.8
RNO,4/30/2026 19:55,-119.7711,39.4839,1345,1014.3
RNO,4/30/2026 20:55,-119.7711,39.4839,1345,1013.8
RNO,4/30/2026 21:55,-119.7711,39.4839,1345,1013.3
RNO,4/30/2026 22:55,-119.7711,39.4839,1345,1012.8
RNO,4/30/2026 23:55,-119.7711,39.4839,1345,1012.7
RNO,5/1/2026 0:55,-119.7711,39.4839,1345,1012.6
RNO,5/1/2026 1:55,-119.7711,39.4839,1345,1012.4
RNO,5/1/2026 2:55,-119.7711,39.4839,1345,1012.9
RNO,5/1/2026 3:55,-119.7711,39.4839,1345,1013.6
RNO,5/1/2026 4:55,-119.7711,39.4839,1345,1013.9
RNO,5/1/2026 5:55,-119.7711,39.4839,1345,1014.2
RNO,5/1/2026 6:55,-119.7711,39.4839,1345,1014.5
RNO,5/1/2026 7:55,-119.7711,39.4839,1345,1014.8
RNO,5/1/2026 8:55,-119.7711,39.4839,1345,1015.1
RNO,5/1/2026 9:55,-119.7711,39.4839,1345,1015.1
RNO,5/1/2026 10:55,-119.7711,39.4839,1345,1015.4
RNO,5/1/2026 11:55,-119.7711,39.4839,1345,1016.1
RNO,5/1/2026 12:55,-119.7711,39.4839,1345,1016.4
RNO,5/1/2026 13:55,-119.7711,39.4839,1345,1017.1
RNO,5/1/2026 14:55,-119.7711,39.4839,1345,1017.4
RNO,5/1/2026 15:55,-119.7711,39.4839,1345,1017.3
RNO,5/1/2026 16:55,-119.7711,39.4839,1345,1016.6
RNO,5/1/2026 17:55,-119.7711,39.4839,1345,1016.2
RNO,5/1/2026 18:55,-119.7711,39.4839,1345,1015.8
RNO,5/1/2026 19:55,-119.7711,39.4839,1345,1014.8
RNO,5/1/2026 20:55,-119.7711,39.4839,1345,1013.9
RNO,5/1/2026 21:55,-119.7711,39.4839,1345,1013.5
RNO,5/1/2026 22:55,-119.7711,39.4839,1345,1012.2
RNO,5/1/2026 23:55,-119.7711,39.4839,1345,1011.7
RNO,5/2/2026 0:55,-119.7711,39.4839,1345,1011.4
RNO,5/2/2026 1:55,-119.7711,39.4839,1345,1011.7
RNO,5/2/2026 2:55,-119.7711,39.4839,1345,1011.5
RNO,5/2/2026 3:55,-119.7711,39.4839,1345,1012.1
RNO,5/2/2026 4:55,-119.7711,39.4839,1345,1012.5
RNO,5/2/2026 5:55,-119.7711,39.4839,1345,1012.5
RNO,5/2/2026 6:55,-119.7711,39.4839,1345,1012.4
RNO,5/2/2026 7:55,-119.7711,39.4839,1345,1011.8
RNO,5/2/2026 8:55,-119.7711,39.4839,1345,1011.5
RNO,5/2/2026 9:55,-119.7711,39.4839,1345,1011.2
RNO,5/2/2026 10:55,-119.7711,39.4839,1345,1011.6
RNO,5/2/2026 11:55,-119.7711,39.4839,1345,1011.5
RNO,5/2/2026 12:55,-119.7711,39.4839,1345,1011.9
RNO,5/2/2026 13:55,-119.7711,39.4839,1345,1012.3
RNO,5/2/2026 14:55,-119.7711,39.4839,1345,1012.7
RNO,5/2/2026 15:55,-119.7711,39.4839,1345,1012.7
RNO,5/2/2026 16:55,-119.7711,39.4839,1345,1012.5
RNO,5/2/2026 17:55,-119.7711,39.4839,1345,1011.9
RNO,5/2/2026 18:55,-119.7711,39.4839,1345,1011
RNO,5/2/2026 19:55,-119.7711,39.4839,1345,1010.7
RNO,5/2/2026 20:55,-119.7711,39.4839,1345,1010.6
RNO,5/2/2026 21:55,-119.7711,39.4839,1345,1010.3
RNO,5/2/2026 22:55,-119.7711,39.4839,1345,1009.3
RNO,5/2/2026 23:55,-119.7711,39.4839,1345,1010.3
RNO,5/3/2026 0:55,-119.7711,39.4839,1345,1012.1
RNO,5/3/2026 1:55,-119.7711,39.4839,1345,1012.4
RNO,5/3/2026 2:55,-119.7711,39.4839,1345,1012.5
RNO,5/3/2026 3:55,-119.7711,39.4839,1345,1013.1
RNO,5/3/2026 4:55,-119.7711,39.4839,1345,1013.1
RNO,5/3/2026 5:55,-119.7711,39.4839,1345,1012.6
RNO,5/3/2026 6:55,-119.7711,39.4839,1345,1011.8
RNO,5/3/2026 7:55,-119.7711,39.4839,1345,1012.5
RNO,5/3/2026 8:55,-119.7711,39.4839,1345,1011.4
RNO,5/3/2026 9:55,-119.7711,39.4839,1345,1011.3
RNO,5/3/2026 10:55,-119.7711,39.4839,1345,1010.8
RNO,5/3/2026 11:55,-119.7711,39.4839,1345,1010.5
RNO,5/3/2026 12:55,-119.7711,39.4839,1345,1011
RNO,5/3/2026 13:55,-119.7711,39.4839,1345,1011.3
RNO,5/3/2026 14:55,-119.7711,39.4839,1345,1011.2
RNO,5/3/2026 15:55,-119.7711,39.4839,1345,1011
RNO,5/3/2026 16:55,-119.7711,39.4839,1345,1010.4
RNO,5/3/2026 17:55,-119.7711,39.4839,1345,1009.9
RNO,5/3/2026 18:55,-119.7711,39.4839,1345,1008.5
RNO,5/3/2026 19:55,-119.7711,39.4839,1345,1007
RNO,5/3/2026 20:55,-119.7711,39.4839,1345,1005.8
RNO,5/3/2026 21:55,-119.7711,39.4839,1345,1006.4
RNO,5/3/2026 22:55,-119.7711,39.4839,1345,1009.7
RNO,5/3/2026 23:55,-119.7711,39.4839,1345,1009.6
RNO,5/4/2026 0:55,-119.7711,39.4839,1345,1009.7
RNO,5/4/2026 1:55,-119.7711,39.4839,1345,1010.4
RNO,5/4/2026 2:55,-119.7711,39.4839,1345,1009.4
RNO,5/4/2026 3:55,-119.7711,39.4839,1345,1009.5
RNO,5/4/2026 4:55,-119.7711,39.4839,1345,1009.9
RNO,5/4/2026 5:55,-119.7711,39.4839,1345,1009
RNO,5/4/2026 6:55,-119.7711,39.4839,1345,1008.8
RNO,5/4/2026 7:55,-119.7711,39.4839,1345,1008.4
RNO,5/4/2026 8:55,-119.7711,39.4839,1345,1008.5
RNO,5/4/2026 9:55,-119.7711,39.4839,1345,1008.7
RNO,5/4/2026 10:55,-119.7711,39.4839,1345,1009.8
RNO,5/4/2026 11:55,-119.7711,39.4839,1345,1008.9
RNO,5/4/2026 12:55,-119.7711,39.4839,1345,1008.7
RNO,5/4/2026 13:55,-119.7711,39.4839,1345,1008.8
RNO,5/4/2026 14:55,-119.7711,39.4839,1345,1009.2
RNO,5/4/2026 15:55,-119.7711,39.4839,1345,1009.9
RNO,5/4/2026 16:55,-119.7711,39.4839,1345,1009.8
RNO,5/4/2026 17:55,-119.7711,39.4839,1345,1009.2
RNO,5/4/2026 18:55,-119.7711,39.4839,1345,1009.1
RNO,5/4/2026 19:55,-119.7711,39.4839,1345,1008.7
RNO,5/4/2026 20:55,-119.7711,39.4839,1345,1008.6
RNO,5/4/2026 21:55,-119.7711,39.4839,1345,1007.3
RNO,5/4/2026 22:55,-119.7711,39.4839,1345,1006.9
RNO,5/4/2026 23:55,-119.7711,39.4839,1345,1007.3
RNO,5/5/2026 0:55,-119.7711,39.4839,1345,1009.1
RNO,5/5/2026 1:13,-119.7711,39.4839,1345,M
RNO,5/5/2026 1:15,-119.7711,39.4839,1345,M
RNO,5/5/2026 1:46,-119.7711,39.4839,1345,M
RNO,5/5/2026 1:55,-119.7711,39.4839,1345,1008.6
RNO,5/5/2026 2:02,-119.7711,39.4839,1345,M
RNO,5/5/2026 2:55,-119.7711,39.4839,1345,1009.2
RNO,5/5/2026 3:55,-119.7711,39.4839,1345,1010
RNO,5/5/2026 4:55,-119.7711,39.4839,1345,1009.8
RNO,5/5/2026 5:55,-119.7711,39.4839,1345,1009.1
RNO,5/5/2026 6:55,-119.7711,39.4839,1345,1009.5
RNO,5/5/2026 7:55,-119.7711,39.4839,1345,1009.8
RNO,5/5/2026 8:55,-119.7711,39.4839,1345,1009.3
RNO,5/5/2026 9:55,-119.7711,39.4839,1345,1008.8
RNO,5/5/2026 10:47,-119.7711,39.4839,1345,M
RNO,5/5/2026 10:55,-119.7711,39.4839,1345,1008.7
RNO,5/5/2026 11:55,-119.7711,39.4839,1345,1008.8
RNO,5/5/2026 12:55,-119.7711,39.4839,1345,1009.4
RNO,5/5/2026 13:55,-119.7711,39.4839,1345,1010.1
RNO,5/5/2026 14:55,-119.7711,39.4839,1345,1011.1
RNO,5/5/2026 15:55,-119.7711,39.4839,1345,1011.4
RNO,5/5/2026 16:55,-119.7711,39.4839,1345,1011.6
RNO,5/5/2026 17:55,-119.7711,39.4839,1345,1011.5
RNO,5/5/2026 18:55,-119.7711,39.4839,1345,1011.5
RNO,5/5/2026 19:55,-119.7711,39.4839,1345,1010.9
RNO,5/5/2026 20:55,-119.7711,39.4839,1345,1010.3
RNO,5/5/2026 21:55,-119.7711,39.4839,1345,1009.5
RNO,5/5/2026 22:55,-119.7711,39.4839,1345,1008.5
RNO,5/5/2026 23:55,-119.7711,39.4839,1345,1007.5
RNO,5/6/2026 0:55,-119.7711,39.4839,1345,1007.7
RNO,5/6/2026 1:55,-119.7711,39.4839,1345,1007.6
RNO,5/6/2026 2:55,-119.7711,39.4839,1345,1008.5
RNO,5/6/2026 3:55,-119.7711,39.4839,1345,1009.9
RNO,5/6/2026 4:55,-119.7711,39.4839,1345,1010.8
RNO,5/6/2026 5:55,-119.7711,39.4839,1345,1011.3
RNO,5/6/2026 6:55,-119.7711,39.4839,1345,1012.4
RNO,5/6/2026 7:55,-119.7711,39.4839,1345,1012.5
RNO,5/6/2026 8:55,-119.7711,39.4839,1345,1013.1
RNO,5/6/2026 9:55,-119.7711,39.4839,1345,1013.3
RNO,5/6/2026 10:55,-119.7711,39.4839,1345,1014.4
RNO,5/6/2026 11:55,-119.7711,39.4839,1345,1014.8
RNO,5/6/2026 12:55,-119.7711,39.4839,1345,1015.9
RNO,5/6/2026 13:55,-119.7711,39.4839,1345,1016.9
RNO,5/6/2026 14:55,-119.7711,39.4839,1345,1017.2
RNO,5/6/2026 15:55,-119.7711,39.4839,1345,1017.4
RNO,5/6/2026 16:55,-119.7711,39.4839,1345,1017.4
RNO,5/6/2026 17:55,-119.7711,39.4839,1345,1017.2
RNO,5/6/2026 18:55,-119.7711,39.4839,1345,1017.1
RNO,5/6/2026 19:55,-119.7711,39.4839,1345,1016.7
RNO,5/6/2026 20:55,-119.7711,39.4839,1345,1016
RNO,5/6/2026 21:55,-119.7711,39.4839,1345,1015.5
RNO,5/6/2026 22:55,-119.7711,39.4839,1345,1014.5
RNO,5/6/2026 23:55,-119.7711,39.4839,1345,1014.2
RNO,5/7/2026 0:55,-119.7711,39.4839,1345,1014.3
RNO,5/7/2026 1:55,-119.7711,39.4839,1345,1014.4
RNO,5/7/2026 2:55,-119.7711,39.4839,1345,1014.3
RNO,5/7/2026 3:55,-119.7711,39.4839,1345,1015.1
RNO,5/7/2026 4:55,-119.7711,39.4839,1345,1015.9
RNO,5/7/2026 5:55,-119.7711,39.4839,1345,1015.6
RNO,5/7/2026 6:55,-119.7711,39.4839,1345,1016.1
RNO,5/7/2026 7:55,-119.7711,39.4839,1345,1016.3
RNO,5/7/2026 8:55,-119.7711,39.4839,1345,1016.4
RNO,5/7/2026 9:55,-119.7711,39.4839,1345,1016.2
RNO,5/7/2026 10:55,-119.7711,39.4839,1345,1016
RNO,5/7/2026 11:55,-119.7711,39.4839,1345,1016.2
RNO,5/7/2026 12:55,-119.7711,39.4839,1345,1016.2
RNO,5/7/2026 13:55,-119.7711,39.4839,1345,1016.6
RNO,5/7/2026 14:55,-119.7711,39.4839,1345,1016.4
RNO,5/7/2026 15:55,-119.7711,39.4839,1345,1016.9
RNO,5/7/2026 16:55,-119.7711,39.4839,1345,1016.3
RNO,5/7/2026 17:55,-119.7711,39.4839,1345,1014.9
RNO,5/7/2026 18:55,-119.7711,39.4839,1345,1014.4
RNO,5/7/2026 19:55,-119.7711,39.4839,1345,1013.5
RNO,5/7/2026 20:55,-119.7711,39.4839,1345,1013.6
RNO,5/7/2026 21:55,-119.7711,39.4839,1345,1012.8
RNO,5/7/2026 22:55,-119.7711,39.4839,1345,1012.5
RNO,5/7/2026 23:55,-119.7711,39.4839,1345,1012.6
RNO,5/8/2026 0:55,-119.7711,39.4839,1345,1013.1
RNO,5/8/2026 1:55,-119.7711,39.4839,1345,1013.4
RNO,5/8/2026 2:55,-119.7711,39.4839,1345,1014.1
RNO,5/8/2026 3:55,-119.7711,39.4839,1345,1015
RNO,5/8/2026 4:55,-119.7711,39.4839,1345,1015.5
RNO,5/8/2026 5:55,-119.7711,39.4839,1345,1015.3
RNO,5/8/2026 6:55,-119.7711,39.4839,1345,1015.4
RNO,5/8/2026 7:55,-119.7711,39.4839,1345,1015.5
RNO,5/8/2026 8:55,-119.7711,39.4839,1345,1015.3
RNO,5/8/2026 9:55,-119.7711,39.4839,1345,1015.7
RNO,5/8/2026 10:55,-119.7711,39.4839,1345,1016.3
RNO,5/8/2026 11:55,-119.7711,39.4839,1345,1016.5
RNO,5/8/2026 12:55,-119.7711,39.4839,1345,1017
RNO,5/8/2026 13:55,-119.7711,39.4839,1345,1017.4
RNO,5/8/2026 14:55,-119.7711,39.4839,1345,1017.8
RNO,5/8/2026 15:55,-119.7711,39.4839,1345,1017.7
RNO,5/8/2026 16:55,-119.7711,39.4839,1345,1016.9
RNO,5/8/2026 17:55,-119.7711,39.4839,1345,1016.4
RNO,5/8/2026 18:55,-119.7711,39.4839,1345,1015.6
RNO,5/8/2026 19:55,-119.7711,39.4839,1345,1015
RNO,5/8/2026 20:55,-119.7711,39.4839,1345,1014.2
RNO,5/8/2026 21:55,-119.7711,39.4839,1345,1013.7
RNO,5/8/2026 22:55,-119.7711,39.4839,1345,1013.2
RNO,5/8/2026 23:55,-119.7711,39.4839,1345,1012.9
RNO,5/9/2026 0:55,-119.7711,39.4839,1345,1013.1
RNO,5/9/2026 1:55,-119.7711,39.4839,1345,1013.1
RNO,5/9/2026 2:55,-119.7711,39.4839,1345,1013.6
RNO,5/9/2026 3:55,-119.7711,39.4839,1345,1014
RNO,5/9/2026 4:55,-119.7711,39.4839,1345,1014.3
RNO,5/9/2026 5:55,-119.7711,39.4839,1345,1014.9
RNO,5/9/2026 6:55,-119.7711,39.4839,1345,1015
RNO,5/9/2026 7:55,-119.7711,39.4839,1345,1015.1
RNO,5/9/2026 8:55,-119.7711,39.4839,1345,1015.1
RNO,5/9/2026 9:55,-119.7711,39.4839,1345,1015.5
RNO,5/9/2026 10:55,-119.7711,39.4839,1345,1015.7
RNO,5/9/2026 11:55,-119.7711,39.4839,1345,1016
RNO,5/9/2026 12:55,-119.7711,39.4839,1345,1016.6
RNO,5/9/2026 13:55,-119.7711,39.4839,1345,1017.2
RNO,5/9/2026 14:55,-119.7711,39.4839,1345,1017.3
RNO,5/9/2026 15:55,-119.7711,39.4839,1345,1017.4
RNO,5/9/2026 16:55,-119.7711,39.4839,1345,1016.8
RNO,5/9/2026 17:55,-119.7711,39.4839,1345,1016.3
RNO,5/9/2026 18:55,-119.7711,39.4839,1345,1015.6
RNO,5/9/2026 19:55,-119.7711,39.4839,1345,1014.6
RNO,5/9/2026 20:55,-119.7711,39.4839,1345,1013.9
RNO,5/9/2026 21:55,-119.7711,39.4839,1345,1013.6
RNO,5/9/2026 22:55,-119.7711,39.4839,1345,1012.6
RNO,5/9/2026 23:55,-119.7711,39.4839,1345,1012.3
RNO,5/10/2026 0:55,-119.7711,39.4839,1345,1012.3
RNO,5/10/2026 1:55,-119.7711,39.4839,1345,1012.1
RNO,5/10/2026 2:55,-119.7711,39.4839,1345,1012.2
RNO,5/10/2026 3:55,-119.7711,39.4839,1345,1012.9
RNO,5/10/2026 4:55,-119.7711,39.4839,1345,1013.7
RNO,5/10/2026 5:55,-119.7711,39.4839,1345,1013.9
RNO,5/10/2026 6:55,-119.7711,39.4839,1345,1014.1
RNO,5/10/2026 7:55,-119.7711,39.4839,1345,1014.2
RNO,5/10/2026 8:55,-119.7711,39.4839,1345,1014.3
RNO,5/10/2026 9:55,-119.7711,39.4839,1345,1014.6
RNO,5/10/2026 10:55,-119.7711,39.4839,1345,1014.6
RNO,5/10/2026 11:55,-119.7711,39.4839,1345,1014.8
RNO,5/10/2026 12:55,-119.7711,39.4839,1345,1014.6
RNO,5/10/2026 13:55,-119.7711,39.4839,1345,1014.8
RNO,5/10/2026 14:55,-119.7711,39.4839,1345,1014.9
RNO,5/10/2026 15:55,-119.7711,39.4839,1345,1014.6
RNO,5/10/2026 16:55,-119.7711,39.4839,1345,1014.5
RNO,5/10/2026 17:55,-119.7711,39.4839,1345,1014
RNO,5/10/2026 18:55,-119.7711,39.4839,1345,1013.3
RNO,5/10/2026 19:55,-119.7711,39.4839,1345,1012.4
RNO,5/10/2026 20:55,-119.7711,39.4839,1345,1011.5
RNO,5/10/2026 21:55,-119.7711,39.4839,1345,1011.1
RNO,5/10/2026 22:55,-119.7711,39.4839,1345,1010.7
RNO,5/10/2026 23:55,-119.7711,39.4839,1345,1010.9
RNO,5/11/2026 0:55,-119.7711,39.4839,1345,1010.9
RNO,5/11/2026 1:55,-119.7711,39.4839,1345,1011.2
RNO,5/11/2026 2:55,-119.7711,39.4839,1345,1011.8
RNO,5/11/2026 3:55,-119.7711,39.4839,1345,1011.9
RNO,5/11/2026 4:55,-119.7711,39.4839,1345,1012.3
RNO,5/11/2026 5:55,-119.7711,39.4839,1345,1012.6
RNO,5/11/2026 6:55,-119.7711,39.4839,1345,1012.7
RNO,5/11/2026 7:55,-119.7711,39.4839,1345,1013.1
RNO,5/11/2026 8:55,-119.7711,39.4839,1345,1013.3
RNO,5/11/2026 9:55,-119.7711,39.4839,1345,1013.7
RNO,5/11/2026 10:55,-119.7711,39.4839,1345,1014.1
RNO,5/11/2026 11:55,-119.7711,39.4839,1345,1014.4
RNO,5/11/2026 12:55,-119.7711,39.4839,1345,1015.1
RNO,5/11/2026 13:55,-119.7711,39.4839,1345,1015.7
RNO,5/11/2026 14:55,-119.7711,39.4839,1345,1015.9
RNO,5/11/2026 15:55,-119.7711,39.4839,1345,1015.8
RNO,5/11/2026 16:55,-119.7711,39.4839,1345,1015.4
RNO,5/11/2026 17:55,-119.7711,39.4839,1345,1014.7
RNO,5/11/2026 18:55,-119.7711,39.4839,1345,1014
RNO,5/11/2026 19:55,-119.7711,39.4839,1345,1013
RNO,5/11/2026 20:55,-119.7711,39.4839,1345,1012.2
RNO,5/11/2026 21:55,-119.7711,39.4839,1345,1012.2
RNO,5/11/2026 22:55,-119.7711,39.4839,1345,1011.6
RNO,5/11/2026 23:55,-119.7711,39.4839,1345,1011
RNO,5/12/2026 0:55,-119.7711,39.4839,1345,1011
RNO,5/12/2026 1:55,-119.7711,39.4839,1345,1011.3
RNO,5/12/2026 2:55,-119.7711,39.4839,1345,1011.9
RNO,5/12/2026 3:55,-119.7711,39.4839,1345,1012.7
RNO,5/12/2026 4:55,-119.7711,39.4839,1345,1013.8
RNO,5/12/2026 5:55,-119.7711,39.4839,1345,1013.5
RNO,5/12/2026 6:55,-119.7711,39.4839,1345,1013.4
RNO,5/12/2026 7:55,-119.7711,39.4839,1345,1013.7
RNO,5/12/2026 8:55,-119.7711,39.4839,1345,1013.6
RNO,5/12/2026 9:55,-119.7711,39.4839,1345,1013.5
RNO,5/12/2026 10:55,-119.7711,39.4839,1345,1013.3
RNO,5/12/2026 11:55,-119.7711,39.4839,1345,1013.8
RNO,5/12/2026 12:55,-119.7711,39.4839,1345,1014.2
RNO,5/12/2026 13:55,-119.7711,39.4839,1345,1014.9
RNO,5/12/2026 14:55,-119.7711,39.4839,1345,1015
RNO,5/12/2026 15:55,-119.7711,39.4839,1345,1014.4
RNO,5/12/2026 16:55,-119.7711,39.4839,1345,1013.4
RNO,5/12/2026 17:55,-119.7711,39.4839,1345,1012.6
RNO,5/12/2026 18:55,-119.7711,39.4839,1345,1011.8
RNO,5/12/2026 19:55,-119.7711,39.4839,1345,1010.8
RNO,5/12/2026 20:55,-119.7711,39.4839,1345,1010.5
RNO,5/12/2026 21:55,-119.7711,39.4839,1345,1009.6
RNO,5/12/2026 22:55,-119.7711,39.4839,1345,1009.2
RNO,5/12/2026 23:55,-119.7711,39.4839,1345,1009.5
RNO,5/13/2026 0:55,-119.7711,39.4839,1345,1009.1
RNO,5/13/2026 1:55,-119.7711,39.4839,1345,1009.4
RNO,5/13/2026 2:55,-119.7711,39.4839,1345,1009.7
RNO,5/13/2026 3:55,-119.7711,39.4839,1345,1010.1
RNO,5/13/2026 4:55,-119.7711,39.4839,1345,1010.1
RNO,5/13/2026 5:55,-119.7711,39.4839,1345,1009.5
RNO,5/13/2026 6:55,-119.7711,39.4839,1345,1009.4
RNO,5/13/2026 7:55,-119.7711,39.4839,1345,1009.2
RNO,5/13/2026 8:55,-119.7711,39.4839,1345,1009.4
RNO,5/13/2026 9:55,-119.7711,39.4839,1345,1009.6
RNO,5/13/2026 10:55,-119.7711,39.4839,1345,1009.5
RNO,5/13/2026 11:55,-119.7711,39.4839,1345,1009.6
RNO,5/13/2026 12:55,-119.7711,39.4839,1345,1009.5
RNO,5/13/2026 13:55,-119.7711,39.4839,1345,1010.1
RNO,5/13/2026 14:55,-119.7711,39.4839,1345,1010.7
RNO,5/13/2026 15:55,-119.7711,39.4839,1345,1010.4
RNO,5/13/2026 16:55,-119.7711,39.4839,1345,1011
RNO,5/13/2026 17:55,-119.7711,39.4839,1345,1011.5
RNO,5/13/2026 18:55,-119.7711,39.4839,1345,1012.1
RNO,5/13/2026 19:55,-119.7711,39.4839,1345,1012
RNO,5/13/2026 20:55,-119.7711,39.4839,1345,1012
RNO,5/13/2026 21:55,-119.7711,39.4839,1345,1011.5
RNO,5/13/2026 22:55,-119.7711,39.4839,1345,1011.2
RNO,5/13/2026 23:55,-119.7711,39.4839,1345,1012.1
RNO,5/14/2026 0:55,-119.7711,39.4839,1345,1012.5
RNO,5/14/2026 1:55,-119.7711,39.4839,1345,1012.8
RNO,5/14/2026 2:55,-119.7711,39.4839,1345,1013.5
RNO,5/14/2026 3:55,-119.7711,39.4839,1345,1014.3
RNO,5/14/2026 4:55,-119.7711,39.4839,1345,1015.3
RNO,5/14/2026 5:55,-119.7711,39.4839,1345,1016
RNO,5/14/2026 6:55,-119.7711,39.4839,1345,1016.2
RNO,5/14/2026 7:55,-119.7711,39.4839,1345,1016.7
RNO,5/14/2026 8:55,-119.7711,39.4839,1345,1016.8
RNO,5/14/2026 9:55,-119.7711,39.4839,1345,1016.6
RNO,5/14/2026 10:55,-119.7711,39.4839,1345,1017.1
RNO,5/14/2026 11:55,-119.7711,39.4839,1345,1017.4
RNO,5/14/2026 12:55,-119.7711,39.4839,1345,1017.8
RNO,5/14/2026 13:55,-119.7711,39.4839,1345,1018
RNO,5/14/2026 14:55,-119.7711,39.4839,1345,1018
RNO,5/14/2026 15:55,-119.7711,39.4839,1345,1017.9
RNO,5/14/2026 16:55,-119.7711,39.4839,1345,1017.4
RNO,5/14/2026 17:55,-119.7711,39.4839,1345,1016.7
RNO,5/14/2026 18:55,-119.7711,39.4839,1345,1015.7
RNO,5/14/2026 19:55,-119.7711,39.4839,1345,1014.7
RNO,5/14/2026 20:55,-119.7711,39.4839,1345,1013.7
RNO,5/14/2026 21:55,-119.7711,39.4839,1345,1012.6
RNO,5/14/2026 22:55,-119.7711,39.4839,1345,1011.8
RNO,5/14/2026 23:55,-119.7711,39.4839,1345,1011.3
RNO,5/15/2026 0:55,-119.7711,39.4839,1345,1011.3
RNO,5/15/2026 1:55,-119.7711,39.4839,1345,1012
RNO,5/15/2026 2:55,-119.7711,39.4839,1345,1012.8
RNO,5/15/2026 3:55,-119.7711,39.4839,1345,1013.1
RNO,5/15/2026 4:55,-119.7711,39.4839,1345,1013.4
RNO,5/15/2026 5:55,-119.7711,39.4839,1345,1013.9
RNO,5/15/2026 6:55,-119.7711,39.4839,1345,1014
RNO,5/15/2026 7:55,-119.7711,39.4839,1345,1013.9
RNO,5/15/2026 8:55,-119.7711,39.4839,1345,1013.8
RNO,5/15/2026 9:55,-119.7711,39.4839,1345,1014.1
RNO,5/15/2026 10:55,-119.7711,39.4839,1345,1014.4
RNO,5/15/2026 11:55,-119.7711,39.4839,1345,1014.3
RNO,5/15/2026 12:55,-119.7711,39.4839,1345,1014.5
RNO,5/15/2026 13:55,-119.7711,39.4839,1345,1015.3
RNO,5/15/2026 14:55,-119.7711,39.4839,1345,1015.6
RNO,5/15/2026 15:55,-119.7711,39.4839,1345,1015.7
RNO,5/15/2026 16:55,-119.7711,39.4839,1345,1015.4
RNO,5/15/2026 17:55,-119.7711,39.4839,1345,1014.7
RNO,5/15/2026 18:55,-119.7711,39.4839,1345,1014
RNO,5/15/2026 19:55,-119.7711,39.4839,1345,1012.7
RNO,5/15/2026 20:55,-119.7711,39.4839,1345,1011.9
RNO,5/15/2026 21:55,-119.7711,39.4839,1345,1011
RNO,5/15/2026 22:55,-119.7711,39.4839,1345,1010.4
RNO,5/15/2026 23:55,-119.7711,39.4839,1345,1009.7
RNO,5/16/2026 0:55,-119.7711,39.4839,1345,1010.3
RNO,5/16/2026 1:55,-119.7711,39.4839,1345,1010.3
RNO,5/16/2026 2:55,-119.7711,39.4839,1345,1011
RNO,5/16/2026 3:55,-119.7711,39.4839,1345,1011.8
RNO,5/16/2026 4:55,-119.7711,39.4839,1345,1012.4
RNO,5/16/2026 5:55,-119.7711,39.4839,1345,1011.6
RNO,5/16/2026 6:55,-119.7711,39.4839,1345,1011.5
RNO,5/16/2026 7:55,-119.7711,39.4839,1345,1012.1
RNO,5/16/2026 8:55,-119.7711,39.4839,1345,1011.7
RNO,5/16/2026 9:55,-119.7711,39.4839,1345,1011.7
RNO,5/16/2026 10:55,-119.7711,39.4839,1345,1011.8
RNO,5/16/2026 11:55,-119.7711,39.4839,1345,1011.4
RNO,5/16/2026 12:55,-119.7711,39.4839,1345,1012.1
RNO,5/16/2026 13:55,-119.7711,39.4839,1345,1013.1
RNO,5/16/2026 14:55,-119.7711,39.4839,1345,1013.5
RNO,5/16/2026 15:55,-119.7711,39.4839,1345,1013.7
RNO,5/16/2026 16:55,-119.7711,39.4839,1345,1013.8
RNO,5/16/2026 17:55,-119.7711,39.4839,1345,1013.2
RNO,5/16/2026 18:55,-119.7711,39.4839,1345,1012.8
RNO,5/16/2026 19:55,-119.7711,39.4839,1345,1011.6
RNO,5/16/2026 20:55,-119.7711,39.4839,1345,1011.1
RNO,5/16/2026 21:55,-119.7711,39.4839,1345,1010.5
RNO,5/16/2026 22:55,-119.7711,39.4839,1345,1009.8
RNO,5/16/2026 23:55,-119.7711,39.4839,1345,1009.9
RNO,5/17/2026 0:55,-119.7711,39.4839,1345,1010.5
RNO,5/17/2026 1:55,-119.7711,39.4839,1345,1010.4
RNO,5/17/2026 2:55,-119.7711,39.4839,1345,1011.3
RNO,5/17/2026 3:55,-119.7711,39.4839,1345,1011.9
RNO,5/17/2026 4:55,-119.7711,39.4839,1345,1012.3
RNO,5/17/2026 5:55,-119.7711,39.4839,1345,1011.9
RNO,5/17/2026 6:55,-119.7711,39.4839,1345,1011.7
RNO,5/17/2026 7:55,-119.7711,39.4839,1345,1012.1
RNO,5/17/2026 8:55,-119.7711,39.4839,1345,1011.8
RNO,5/17/2026 9:55,-119.7711,39.4839,1345,1010.8
RNO,5/17/2026 10:55,-119.7711,39.4839,1345,1010.9
RNO,5/17/2026 11:55,-119.7711,39.4839,1345,1010.1
RNO,5/17/2026 12:55,-119.7711,39.4839,1345,1010.1
RNO,5/17/2026 13:55,-119.7711,39.4839,1345,1009.6
RNO,5/17/2026 14:55,-119.7711,39.4839,1345,1009.5
RNO,5/17/2026 15:55,-119.7711,39.4839,1345,1008.8
RNO,5/17/2026 16:55,-119.7711,39.4839,1345,1009.2
RNO,5/17/2026 17:55,-119.7711,39.4839,1345,1011
RNO,5/17/2026 18:55,-119.7711,39.4839,1345,1013.6
RNO,5/17/2026 19:08,-119.7711,39.4839,1345,M
RNO,5/17/2026 19:32,-119.7711,39.4839,1345,M
RNO,5/17/2026 19:55,-119.7711,39.4839,1345,1014.6
RNO,5/17/2026 20:12,-119.7711,39.4839,1345,M
RNO,5/17/2026 20:46,-119.7711,39.4839,1345,M
RNO,5/17/2026 20:55,-119.7711,39.4839,1345,1014
RNO,5/17/2026 21:55,-119.7711,39.4839,1345,1013.1
RNO,5/17/2026 22:55,-119.7711,39.4839,1345,1013.7
RNO,5/17/2026 23:55,-119.7711,39.4839,1345,1014.8
RNO,5/18/2026 0:55,-119.7711,39.4839,1345,1013.9
RNO,5/18/2026 1:55,-119.7711,39.4839,1345,1014.1
RNO,5/18/2026 2:55,-119.7711,39.4839,1345,1013.8
RNO,5/18/2026 3:55,-119.7711,39.4839,1345,1014.5
RNO,5/18/2026 6:55,-119.7711,39.4839,1345,1016.3
RNO,5/18/2026 7:55,-119.7711,39.4839,1345,1016.7
RNO,5/18/2026 8:55,-119.7711,39.4839,1345,1017.1
RNO,5/18/2026 9:55,-119.7711,39.4839,1345,1016.9
RNO,5/18/2026 10:55,-119.7711,39.4839,1345,1017.7
RNO,5/18/2026 11:55,-119.7711,39.4839,1345,1018.4
RNO,5/18/2026 12:55,-119.7711,39.4839,1345,1018.5
RNO,5/18/2026 13:55,-119.7711,39.4839,1345,1019.3
RNO,5/18/2026 14:55,-119.7711,39.4839,1345,1019.5
RNO,5/18/2026 15:55,-119.7711,39.4839,1345,1020.3
RNO,5/18/2026 16:55,-119.7711,39.4839,1345,1019.3
RNO,5/18/2026 17:55,-119.7711,39.4839,1345,1019.5
RNO,5/18/2026 18:55,-119.7711,39.4839,1345,1019.2
RNO,5/18/2026 19:55,-119.7711,39.4839,1345,1018.9
RNO,5/18/2026 20:55,-119.7711,39.4839,1345,1018.2
RNO,5/18/2026 21:55,-119.7711,39.4839,1345,1018
RNO,5/18/2026 22:55,-119.7711,39.4839,1345,1017.8
RNO,5/18/2026 23:55,-119.7711,39.4839,1345,1017.5
RNO,5/19/2026 0:55,-119.7711,39.4839,1345,1017.8
RNO,5/19/2026 1:55,-119.7711,39.4839,1345,1017.6
RNO,5/19/2026 2:55,-119.7711,39.4839,1345,1017.5
RNO,5/19/2026 3:55,-119.7711,39.4839,1345,1018.2
RNO,5/19/2026 4:55,-119.7711,39.4839,1345,1018.7
RNO,5/19/2026 5:55,-119.7711,39.4839,1345,1019.2
RNO,5/19/2026 6:55,-119.7711,39.4839,1345,1019.5
RNO,5/19/2026 7:55,-119.7711,39.4839,1345,1019.6
RNO,5/19/2026 8:55,-119.7711,39.4839,1345,1019.3
RNO,5/19/2026 9:55,-119.7711,39.4839,1345,1019.7
RNO,5/19/2026 10:55,-119.7711,39.4839,1345,1019.9
RNO,5/19/2026 11:55,-119.7711,39.4839,1345,1020
RNO,5/19/2026 12:55,-119.7711,39.4839,1345,1020.5
RNO,5/19/2026 13:55,-119.7711,39.4839,1345,1020.5
RNO,5/19/2026 14:55,-119.7711,39.4839,1345,1020.7
RNO,5/19/2026 15:55,-119.7711,39.4839,1345,1020.7
RNO,5/19/2026 16:55,-119.7711,39.4839,1345,1020.1
RNO,5/19/2026 17:55,-119.7711,39.4839,1345,1019.7
RNO,5/19/2026 18:55,-119.7711,39.4839,1345,1019.6
RNO,5/19/2026 19:55,-119.7711,39.4839,1345,1018.8
RNO,5/19/2026 20:55,-119.7711,39.4839,1345,1018.7
RNO,5/19/2026 21:55,-119.7711,39.4839,1345,1018.2
RNO,5/19/2026 22:55,-119.7711,39.4839,1345,1017.4
RNO,5/19/2026 23:55,-119.7711,39.4839,1345,1016.6
RNO,5/20/2026 0:55,-119.7711,39.4839,1345,1016.3
RNO,5/20/2026 1:55,-119.7711,39.4839,1345,1016.1
RNO,5/20/2026 2:55,-119.7711,39.4839,1345,1016.4
RNO,5/20/2026 3:55,-119.7711,39.4839,1345,1016.7
RNO,5/20/2026 4:55,-119.7711,39.4839,1345,1016.5
RNO,5/20/2026 5:55,-119.7711,39.4839,1345,1016.9
RNO,5/20/2026 6:55,-119.7711,39.4839,1345,1017
RNO,5/20/2026 7:55,-119.7711,39.4839,1345,1016.8
RNO,5/20/2026 8:55,-119.7711,39.4839,1345,1016.8
RNO,5/20/2026 9:55,-119.7711,39.4839,1345,1016.8
RNO,5/20/2026 10:55,-119.7711,39.4839,1345,1017
RNO,5/20/2026 11:55,-119.7711,39.4839,1345,1017.1
RNO,5/20/2026 12:55,-119.7711,39.4839,1345,1017.3
RNO,5/20/2026 13:55,-119.7711,39.4839,1345,1017.6
RNO,5/20/2026 14:55,-119.7711,39.4839,1345,1017.4
RNO,5/20/2026 15:55,-119.7711,39.4839,1345,1017
RNO,5/20/2026 16:55,-119.7711,39.4839,1345,1016.2
RNO,5/20/2026 17:55,-119.7711,39.4839,1345,1015.3
RNO,5/20/2026 18:55,-119.7711,39.4839,1345,1014.8
RNO,5/20/2026 19:55,-119.7711,39.4839,1345,1014.1
RNO,5/20/2026 20:55,-119.7711,39.4839,1345,1013.1
RNO,5/20/2026 21:55,-119.7711,39.4839,1345,1012.2
RNO,5/20/2026 22:55,-119.7711,39.4839,1345,1011.3
RNO,5/20/2026 23:55,-119.7711,39.4839,1345,1010.7
RNO,5/21/2026 0:55,-119.7711,39.4839,1345,1010.5
RNO,5/21/2026 1:55,-119.7711,39.4839,1345,1010.7
RNO,5/21/2026 2:55,-119.7711,39.4839,1345,1011
RNO,5/21/2026 3:55,-119.7711,39.4839,1345,1011.6
RNO,5/21/2026 4:55,-119.7711,39.4839,1345,1011.9
RNO,5/21/2026 5:55,-119.7711,39.4839,1345,1011.9
RNO,5/21/2026 6:55,-119.7711,39.4839,1345,1012.1
RNO,5/21/2026 7:55,-119.7711,39.4839,1345,1012.4
RNO,5/21/2026 8:55,-119.7711,39.4839,1345,1012.4
RNO,5/21/2026 9:55,-119.7711,39.4839,1345,1012.2
RNO,5/21/2026 10:55,-119.7711,39.4839,1345,1012
RNO,5/21/2026 11:55,-119.7711,39.4839,1345,1012.4
RNO,5/21/2026 12:55,-119.7711,39.4839,1345,1013
RNO,5/21/2026 13:55,-119.7711,39.4839,1345,1013.8
RNO,5/21/2026 14:55,-119.7711,39.4839,1345,1013.8
RNO,5/21/2026 15:55,-119.7711,39.4839,1345,1013.8
RNO,5/21/2026 16:55,-119.7711,39.4839,1345,1013.1
RNO,5/21/2026 17:55,-119.7711,39.4839,1345,1012.6
RNO,5/21/2026 18:55,-119.7711,39.4839,1345,1012
RNO,5/21/2026 19:55,-119.7711,39.4839,1345,1010.8
RNO,5/21/2026 20:55,-119.7711,39.4839,1345,1010.1
RNO,5/21/2026 21:55,-119.7711,39.4839,1345,1009.4
RNO,5/21/2026 22:55,-119.7711,39.4839,1345,1008.5
RNO,5/21/2026 23:55,-119.7711,39.4839,1345,1008.3
RNO,5/22/2026 0:55,-119.7711,39.4839,1345,1008.9
RNO,5/22/2026 1:55,-119.7711,39.4839,1345,1009.8
RNO,5/22/2026 2:55,-119.7711,39.4839,1345,1010.6
RNO,5/22/2026 3:55,-119.7711,39.4839,1345,1011
RNO,5/22/2026 4:55,-119.7711,39.4839,1345,1011.4
RNO,5/22/2026 5:55,-119.7711,39.4839,1345,1010.6
RNO,5/22/2026 6:55,-119.7711,39.4839,1345,1010.2
RNO,5/22/2026 7:55,-119.7711,39.4839,1345,1010
RNO,5/22/2026 8:55,-119.7711,39.4839,1345,1010
RNO,5/22/2026 9:55,-119.7711,39.4839,1345,1009.8
RNO,5/22/2026 10:55,-119.7711,39.4839,1345,1009.7
RNO,5/22/2026 11:55,-119.7711,39.4839,1345,1009.9
RNO,5/22/2026 12:55,-119.7711,39.4839,1345,1010.4
RNO,5/22/2026 13:55,-119.7711,39.4839,1345,1011
RNO,5/22/2026 14:55,-119.7711,39.4839,1345,1011.1
RNO,5/22/2026 15:55,-119.7711,39.4839,1345,1011.5
RNO,5/22/2026 16:55,-119.7711,39.4839,1345,1010.7
RNO,5/22/2026 17:55,-119.7711,39.4839,1345,1010.1
RNO,5/22/2026 18:55,-119.7711,39.4839,1345,1009.4
RNO,5/22/2026 19:55,-119.7711,39.4839,1345,1008.4
RNO,5/22/2026 20:55,-119.7711,39.4839,1345,1007.6
RNO,5/22/2026 21:55,-119.7711,39.4839,1345,1006.8
RNO,5/22/2026 22:55,-119.7711,39.4839,1345,1006.7
RNO,5/22/2026 23:55,-119.7711,39.4839,1345,1006.4
RNO,5/23/2026 0:55,-119.7711,39.4839,1345,1006.8
RNO,5/23/2026 1:55,-119.7711,39.4839,1345,1007
RNO,5/23/2026 2:55,-119.7711,39.4839,1345,1007.5
RNO,5/23/2026 3:55,-119.7711,39.4839,1345,1007.6
RNO,5/23/2026 4:55,-119.7711,39.4839,1345,1008.1
RNO,5/23/2026 5:55,-119.7711,39.4839,1345,1008.3
RNO,5/23/2026 6:55,-119.7711,39.4839,1345,1008.7
RNO,5/23/2026 7:55,-119.7711,39.4839,1345,1008.8
RNO,5/23/2026 8:55,-119.7711,39.4839,1345,1008.7
RNO,5/23/2026 9:55,-119.7711,39.4839,1345,1009.1
RNO,5/23/2026 10:55,-119.7711,39.4839,1345,1009.4
RNO,5/23/2026 11:55,-119.7711,39.4839,1345,1010
RNO,5/23/2026 12:55,-119.7711,39.4839,1345,1010.7
RNO,5/23/2026 13:55,-119.7711,39.4839,1345,1011.4
RNO,5/23/2026 14:55,-119.7711,39.4839,1345,1011.5
RNO,5/23/2026 15:55,-119.7711,39.4839,1345,1011.4
RNO,5/23/2026 16:55,-119.7711,39.4839,1345,1011
RNO,5/23/2026 17:55,-119.7711,39.4839,1345,1010.8
RNO,5/23/2026 18:55,-119.7711,39.4839,1345,1010.6
RNO,5/23/2026 19:55,-119.7711,39.4839,1345,1010
RNO,5/23/2026 20:55,-119.7711,39.4839,1345,1009.3
RNO,5/23/2026 21:55,-119.7711,39.4839,1345,1008.8
RNO,5/23/2026 22:55,-119.7711,39.4839,1345,1008.1
RNO,5/23/2026 23:55,-119.7711,39.4839,1345,1008.4
RNO,5/24/2026 0:55,-119.7711,39.4839,1345,1008.7
RNO,5/24/2026 1:55,-119.7711,39.4839,1345,1009.2
RNO,5/24/2026 2:55,-119.7711,39.4839,1345,1010
RNO,5/24/2026 3:55,-119.7711,39.4839,1345,1010.6
RNO,5/24/2026 4:55,-119.7711,39.4839,1345,1011.9
RNO,5/24/2026 5:55,-119.7711,39.4839,1345,1012.1
RNO,5/24/2026 6:55,-119.7711,39.4839,1345,1012.1
RNO,5/24/2026 7:55,-119.7711,39.4839,1345,1012.1
RNO,5/24/2026 8:55,-119.7711,39.4839,1345,1012.1
RNO,5/24/2026 9:55,-119.7711,39.4839,1345,1012.1
RNO,5/24/2026 10:55,-119.7711,39.4839,1345,1011.9
RNO,5/24/2026 11:55,-119.7711,39.4839,1345,1012.4
RNO,5/24/2026 12:55,-119.7711,39.4839,1345,1013.2
RNO,5/24/2026 13:55,-119.7711,39.4839,1345,1013.9
RNO,5/24/2026 14:55,-119.7711,39.4839,1345,1014.1
RNO,5/24/2026 15:55,-119.7711,39.4839,1345,1014
RNO,5/24/2026 16:55,-119.7711,39.4839,1345,1013.5
RNO,5/24/2026 17:55,-119.7711,39.4839,1345,1013
RNO,5/24/2026 18:55,-119.7711,39.4839,1345,1012.3
RNO,5/24/2026 19:55,-119.7711,39.4839,1345,1011.5
RNO,5/24/2026 20:55,-119.7711,39.4839,1345,1010.4
RNO,5/24/2026 21:55,-119.7711,39.4839,1345,1009.8
RNO,5/24/2026 22:55,-119.7711,39.4839,1345,1009.1
RNO,5/24/2026 22:56,-119.7711,39.4839,1345,1009.1
RNO,5/24/2026 23:55,-119.7711,39.4839,1345,1008.6
RNO,5/25/2026 0:55,-119.7711,39.4839,1345,1009
RNO,5/25/2026 1:55,-119.7711,39.4839,1345,1009
RNO,5/25/2026 2:55,-119.7711,39.4839,1345,1009.5
RNO,5/25/2026 3:55,-119.7711,39.4839,1345,1010
RNO,5/25/2026 4:55,-119.7711,39.4839,1345,1010.7
RNO,5/25/2026 5:55,-119.7711,39.4839,1345,1011.3
RNO,5/25/2026 6:55,-119.7711,39.4839,1345,1011.3
RNO,5/25/2026 7:55,-119.7711,39.4839,1345,1011.3
RNO,5/25/2026 8:55,-119.7711,39.4839,1345,1010.8
RNO,5/25/2026 9:55,-119.7711,39.4839,1345,1010.6
RNO,5/25/2026 10:55,-119.7711,39.4839,1345,1010.8
RNO,5/25/2026 11:55,-119.7711,39.4839,1345,1011
RNO,5/25/2026 12:55,-119.7711,39.4839,1345,1011.2
RNO,5/25/2026 13:55,-119.7711,39.4839,1345,1011.4
RNO,5/25/2026 14:55,-119.7711,39.4839,1345,1011.1
RNO,5/25/2026 15:55,-119.7711,39.4839,1345,1010.7
RNO,5/25/2026 16:55,-119.7711,39.4839,1345,1009.9
RNO,5/25/2026 17:55,-119.7711,39.4839,1345,1009
RNO,5/25/2026 18:55,-119.7711,39.4839,1345,1007.9
RNO,5/25/2026 19:55,-119.7711,39.4839,1345,1006.5
RNO,5/25/2026 20:55,-119.7711,39.4839,1345,1005.5
RNO,5/25/2026 21:55,-119.7711,39.4839,1345,1004.5
RNO,5/25/2026 22:55,-119.7711,39.4839,1345,1004.1
RNO,5/25/2026 23:55,-119.7711,39.4839,1345,1003.4
RNO,5/26/2026 0:55,-119.7711,39.4839,1345,1003.1
RNO,5/26/2026 1:55,-119.7711,39.4839,1345,1003.2
RNO,5/26/2026 2:41,-119.7711,39.4839,1345,M
RNO,5/26/2026 2:55,-119.7711,39.4839,1345,1002.9
RNO,5/26/2026 3:55,-119.7711,39.4839,1345,1003.6
RNO,5/26/2026 4:55,-119.7711,39.4839,1345,1003.7
RNO,5/26/2026 5:55,-119.7711,39.4839,1345,1003.1
RNO,5/26/2026 6:55,-119.7711,39.4839,1345,1002.9
RNO,5/26/2026 7:55,-119.7711,39.4839,1345,1002.1
RNO,5/26/2026 8:55,-119.7711,39.4839,1345,1000.1
RNO,5/26/2026 9:55,-119.7711,39.4839,1345,1000.3
RNO,5/26/2026 10:55,-119.7711,39.4839,1345,1000.1
RNO,5/26/2026 11:30,-119.7711,39.4839,1345,M
RNO,5/26/2026 11:55,-119.7711,39.4839,1345,1000.8
RNO,5/26/2026 12:55,-119.7711,39.4839,1345,1001.9
RNO,5/26/2026 13:55,-119.7711,39.4839,1345,1001.9
RNO,5/26/2026 14:55,-119.7711,39.4839,1345,1001.8
RNO,5/26/2026 15:55,-119.7711,39.4839,1345,1001.6
RNO,5/26/2026 16:55,-119.7711,39.4839,1345,1001.3
RNO,5/26/2026 17:55,-119.7711,39.4839,1345,1001.1
RNO,5/26/2026 18:55,-119.7711,39.4839,1345,1001.2
RNO,5/26/2026 19:55,-119.7711,39.4839,1345,1001.3
RNO,5/26/2026 20:55,-119.7711,39.4839,1345,1001.7
RNO,5/26/2026 21:55,-119.7711,39.4839,1345,1002.9
RNO,5/26/2026 22:55,-119.7711,39.4839,1345,1003
RNO,5/26/2026 23:50,-119.7711,39.4839,1345,M
RNO,5/26/2026 23:55,-119.7711,39.4839,1345,1003.4
RNO,5/27/2026 0:02,-119.7711,39.4839,1345,M
RNO,5/27/2026 0:55,-119.7711,39.4839,1345,1003.6
RNO,5/27/2026 1:55,-119.7711,39.4839,1345,1003.6
RNO,5/27/2026 2:55,-119.7711,39.4839,1345,1004.2
RNO,5/27/2026 3:55,-119.7711,39.4839,1345,1004.8
RNO,5/27/2026 4:55,-119.7711,39.4839,1345,1005.1
RNO,5/27/2026 5:55,-119.7711,39.4839,1345,1004.4
RNO,5/27/2026 6:55,-119.7711,39.4839,1345,1004.1
RNO,5/27/2026 7:55,-119.7711,39.4839,1345,1003.9
RNO,5/27/2026 8:55,-119.7711,39.4839,1345,1003.7
RNO,5/27/2026 9:55,-119.7711,39.4839,1345,1003.9
RNO,5/27/2026 10:55,-119.7711,39.4839,1345,1004.5
RNO,5/27/2026 11:46,-119.7711,39.4839,1345,M
RNO,5/27/2026 11:55,-119.7711,39.4839,1345,1004
RNO,5/27/2026 12:55,-119.7711,39.4839,1345,1004.2
RNO,5/27/2026 13:55,-119.7711,39.4839,1345,1004.4
RNO,5/27/2026 14:55,-119.7711,39.4839,1345,1004.5
RNO,5/27/2026 15:55,-119.7711,39.4839,1345,1004.9
RNO,5/27/2026 16:55,-119.7711,39.4839,1345,1005
RNO,5/27/2026 17:55,-119.7711,39.4839,1345,1005.1
RNO,5/27/2026 18:55,-119.7711,39.4839,1345,1005.9
RNO,5/27/2026 19:55,-119.7711,39.4839,1345,1006.7
RNO,5/27/2026 20:55,-119.7711,39.4839,1345,1007.3
RNO,5/27/2026 21:55,-119.7711,39.4839,1345,1007.8
RNO,5/27/2026 22:55,-119.7711,39.4839,1345,1007
RNO,5/27/2026 23:55,-119.7711,39.4839,1345,1006.5
RNO,5/28/2026 0:55,-119.7711,39.4839,1345,1006.4
RNO,5/28/2026 1:55,-119.7711,39.4839,1345,1006.1
RNO,5/28/2026 2:55,-119.7711,39.4839,1345,1007
RNO,5/28/2026 3:55,-119.7711,39.4839,1345,1008.2
RNO,5/28/2026 4:55,-119.7711,39.4839,1345,1009.6
RNO,5/28/2026 5:55,-119.7711,39.4839,1345,1010
RNO,5/28/2026 6:55,-119.7711,39.4839,1345,1009.4
RNO,5/28/2026 7:55,-119.7711,39.4839,1345,1009.3
RNO,5/28/2026 8:55,-119.7711,39.4839,1345,1009
RNO,5/28/2026 9:55,-119.7711,39.4839,1345,1009.3
RNO,5/28/2026 10:55,-119.7711,39.4839,1345,1009.2
RNO,5/28/2026 11:55,-119.7711,39.4839,1345,1008.9
RNO,5/28/2026 12:55,-119.7711,39.4839,1345,1009
RNO,5/28/2026 13:39,-119.7711,39.4839,1345,M
RNO,5/28/2026 13:41,-119.7711,39.4839,1345,M
RNO,5/28/2026 13:55,-119.7711,39.4839,1345,1009.4
RNO,5/28/2026 14:31,-119.7711,39.4839,1345,M
RNO,5/28/2026 14:55,-119.7711,39.4839,1345,1009.4
RNO,5/28/2026 15:03,-119.7711,39.4839,1345,M
RNO,5/28/2026 15:55,-119.7711,39.4839,1345,1009.5
RNO,5/28/2026 16:27,-119.7711,39.4839,1345,M
RNO,5/28/2026 16:55,-119.7711,39.4839,1345,1009.7
RNO,5/28/2026 17:07,-119.7711,39.4839,1345,M
RNO,5/28/2026 17:55,-119.7711,39.4839,1345,1008.9
RNO,5/28/2026 18:55,-119.7711,39.4839,1345,1009.4
RNO,5/28/2026 19:55,-119.7711,39.4839,1345,1010.1
RNO,5/28/2026 20:55,-119.7711,39.4839,1345,1010.5
RNO,5/28/2026 21:55,-119.7711,39.4839,1345,1010.2
RNO,5/28/2026 22:55,-119.7711,39.4839,1345,1009.4
RNO,5/28/2026 23:55,-119.7711,39.4839,1345,1008.9
RNO,5/29/2026 0:55,-119.7711,39.4839,1345,1008.9
RNO,5/29/2026 1:55,-119.7711,39.4839,1345,1009.5
RNO,5/29/2026 2:55,-119.7711,39.4839,1345,1010.6
RNO,5/29/2026 3:55,-119.7711,39.4839,1345,1010.9
RNO,5/29/2026 4:55,-119.7711,39.4839,1345,1012.1
RNO,5/29/2026 5:55,-119.7711,39.4839,1345,1010.9
RNO,5/29/2026 6:55,-119.7711,39.4839,1345,1011.2
RNO,5/29/2026 7:55,-119.7711,39.4839,1345,1011.4
RNO,5/29/2026 8:55,-119.7711,39.4839,1345,1011
RNO,5/29/2026 9:55,-119.7711,39.4839,1345,1010.9
RNO,5/29/2026 10:55,-119.7711,39.4839,1345,1010.9
RNO,5/29/2026 11:55,-119.7711,39.4839,1345,1011.4
RNO,5/29/2026 12:55,-119.7711,39.4839,1345,1011.7
RNO,5/29/2026 13:55,-119.7711,39.4839,1345,1012
RNO,5/29/2026 14:55,-119.7711,39.4839,1345,1012.2
RNO,5/29/2026 15:55,-119.7711,39.4839,1345,1012.3
RNO,5/29/2026 16:55,-119.7711,39.4839,1345,1012.5
RNO,5/29/2026 17:55,-119.7711,39.4839,1345,1013.1
RNO,5/29/2026 18:55,-119.7711,39.4839,1345,1013.4
RNO,5/29/2026 19:55,-119.7711,39.4839,1345,1013.7
RNO,5/29/2026 20:55,-119.7711,39.4839,1345,1013.7
RNO,5/29/2026 21:55,-119.7711,39.4839,1345,1013.9
RNO,5/29/2026 22:55,-119.7711,39.4839,1345,1013.8
RNO,5/29/2026 23:55,-119.7711,39.4839,1345,1013.9
RNO,5/30/2026 0:55,-119.7711,39.4839,1345,1014
RNO,5/30/2026 1:55,-119.7711,39.4839,1345,1014.2
RNO,5/30/2026 2:55,-119.7711,39.4839,1345,1014.7
RNO,5/30/2026 3:55,-119.7711,39.4839,1345,1015.4
RNO,5/30/2026 4:55,-119.7711,39.4839,1345,1015.7
RNO,5/30/2026 5:55,-119.7711,39.4839,1345,1015.8
RNO,5/30/2026 6:55,-119.7711,39.4839,1345,1016.2
RNO,5/30/2026 7:55,-119.7711,39.4839,1345,1016.5
RNO,5/30/2026 8:55,-119.7711,39.4839,1345,1016.8
RNO,5/30/2026 9:55,-119.7711,39.4839,1345,1017.1
RNO,5/30/2026 10:55,-119.7711,39.4839,1345,1016.8
RNO,5/30/2026 11:55,-119.7711,39.4839,1345,1017.6
RNO,5/30/2026 12:55,-119.7711,39.4839,1345,1018
RNO,5/30/2026 13:55,-119.7711,39.4839,1345,1018.3
RNO,5/30/2026 14:55,-119.7711,39.4839,1345,1018.4
RNO,5/30/2026 15:55,-119.7711,39.4839,1345,1018.3
RNO,5/30/2026 16:55,-119.7711,39.4839,1345,1017.6
RNO,5/30/2026 17:55,-119.7711,39.4839,1345,1017.2
RNO,5/30/2026 18:55,-119.7711,39.4839,1345,1016.7
RNO,5/30/2026 19:55,-119.7711,39.4839,1345,1016.3
RNO,5/30/2026 20:55,-119.7711,39.4839,1345,1015.7
RNO,5/30/2026 21:55,-119.7711,39.4839,1345,1015.7
RNO,5/30/2026 22:55,-119.7711,39.4839,1345,1014.7
RNO,5/30/2026 23:55,-119.7711,39.4839,1345,1014.6
RNO,5/31/2026 0:55,-119.7711,39.4839,1345,1014.8
RNO,5/31/2026 1:55,-119.7711,39.4839,1345,1015
RNO,5/31/2026 2:55,-119.7711,39.4839,1345,1015.4
RNO,5/31/2026 3:55,-119.7711,39.4839,1345,1016.1
RNO,5/31/2026 4:55,-119.7711,39.4839,1345,1016.8
RNO,5/31/2026 5:55,-119.7711,39.4839,1345,1017.2
RNO,5/31/2026 6:55,-119.7711,39.4839,1345,1017.2
RNO,5/31/2026 7:55,-119.7711,39.4839,1345,1017.2
RNO,5/31/2026 8:55,-119.7711,39.4839,1345,1017.1
RNO,5/31/2026 9:55,-119.7711,39.4839,1345,1017.3
RNO,5/31/2026 10:55,-119.7711,39.4839,1345,1016.9
RNO,5/31/2026 11:55,-119.7711,39.4839,1345,1017.2
RNO,5/31/2026 12:55,-119.7711,39.4839,1345,1017.4
RNO,5/31/2026 13:55,-119.7711,39.4839,1345,1017.9
RNO,5/31/2026 14:55,-119.7711,39.4839,1345,1017.7
RNO,5/31/2026 15:55,-119.7711,39.4839,1345,1017.5
RNO,5/31/2026 16:55,-119.7711,39.4839,1345,1016.5
RNO,5/31/2026 17:55,-119.7711,39.4839,1345,1016
RNO,5/31/2026 18:55,-119.7711,39.4839,1345,1015.3
RNO,5/31/2026 19:55,-119.7711,39.4839,1345,1014.5
RNO,5/31/2026 20:55,-119.7711,39.4839,1345,1014.1
RNO,5/31/2026 21:55,-119.7711,39.4839,1345,1013.7
RNO,5/31/2026 22:55,-119.7711,39.4839,1345,1013.1
RNO,5/31/2026 23:55,-119.7711,39.4839,1345,1012.8
RNO,6/1/2026 0:55,-119.7711,39.4839,1345,1012.7
RNO,6/1/2026 1:55,-119.7711,39.4839,1345,1012.6
RNO,6/1/2026 2:55,-119.7711,39.4839,1345,1013
RNO,6/1/2026 3:55,-119.7711,39.4839,1345,1013.7
RNO,6/1/2026 4:55,-119.7711,39.4839,1345,1014
RNO,6/1/2026 5:55,-119.7711,39.4839,1345,1014.2
RNO,6/1/2026 6:55,-119.7711,39.4839,1345,1014.3
RNO,6/1/2026 7:55,-119.7711,39.4839,1345,1014.1
RNO,6/1/2026 8:55,-119.7711,39.4839,1345,1014.5
RNO,6/1/2026 9:55,-119.7711,39.4839,1345,1014.3
RNO,6/1/2026 10:55,-119.7711,39.4839,1345,1014.6
RNO,6/1/2026 11:55,-119.7711,39.4839,1345,1015
RNO,6/1/2026 12:55,-119.7711,39.4839,1345,1015.5
RNO,6/1/2026 13:55,-119.7711,39.4839,1345,1015.8
RNO,6/1/2026 14:55,-119.7711,39.4839,1345,1015.8
RNO,6/1/2026 15:55,-119.7711,39.4839,1345,1015.8
RNO,6/1/2026 16:55,-119.7711,39.4839,1345,1015.3
RNO,6/1/2026 17:55,-119.7711,39.4839,1345,1014.8
RNO,6/1/2026 18:55,-119.7711,39.4839,1345,1014
RNO,6/1/2026 19:55,-119.7711,39.4839,1345,1013.8
RNO,6/1/2026 20:55,-119.7711,39.4839,1345,1012.9
RNO,6/1/2026 21:55,-119.7711,39.4839,1345,1012.5
RNO,6/1/2026 22:55,-119.7711,39.4839,1345,1011.8
RNO,6/1/2026 23:55,-119.7711,39.4839,1345,1011.1
RNO,6/2/2026 0:55,-119.7711,39.4839,1345,1011.1
RNO,6/2/2026 1:55,-119.7711,39.4839,1345,1011.4
RNO,6/2/2026 2:55,-119.7711,39.4839,1345,1012.4
RNO,6/2/2026 3:55,-119.7711,39.4839,1345,1013.7
RNO,6/2/2026 4:55,-119.7711,39.4839,1345,1014.2
RNO,6/2/2026 5:55,-119.7711,39.4839,1345,1014.8
RNO,6/2/2026 6:55,-119.7711,39.4839,1345,1015
RNO,6/2/2026 7:55,-119.7711,39.4839,1345,1015
RNO,6/2/2026 8:55,-119.7711,39.4839,1345,1014.8
RNO,6/2/2026 9:55,-119.7711,39.4839,1345,1015.1
RNO,6/2/2026 10:55,-119.7711,39.4839,1345,1014.9
RNO,6/2/2026 11:55,-119.7711,39.4839,1345,1015.3
RNO,6/2/2026 12:55,-119.7711,39.4839,1345,1015.7
RNO,6/2/2026 13:55,-119.7711,39.4839,1345,1016.1
RNO,6/2/2026 14:55,-119.7711,39.4839,1345,1015.9
RNO,6/2/2026 15:55,-119.7711,39.4839,1345,1016
RNO,6/2/2026 16:55,-119.7711,39.4839,1345,1015.7
RNO,6/2/2026 17:55,-119.7711,39.4839,1345,1015.2
RNO,6/2/2026 18:55,-119.7711,39.4839,1345,1014.4
RNO,6/2/2026 19:55,-119.7711,39.4839,1345,1013.9
RNO,6/2/2026 20:55,-119.7711,39.4839,1345,1013.5
RNO,6/2/2026 21:55,-119.7711,39.4839,1345,1012.8
RNO,6/2/2026 22:55,-119.7711,39.4839,1345,1012.2
RNO,6/2/2026 23:55,-119.7711,39.4839,1345,1012.4
RNO,6/3/2026 0:55,-119.7711,39.4839,1345,1012.6
RNO,6/3/2026 1:55,-119.7711,39.4839,1345,1013.2
RNO,6/3/2026 2:55,-119.7711,39.4839,1345,1013.7
RNO,6/3/2026 3:55,-119.7711,39.4839,1345,1014.6
RNO,6/3/2026 4:55,-119.7711,39.4839,1345,1015
RNO,6/3/2026 5:55,-119.7711,39.4839,1345,1015.2
RNO,6/3/2026 6:55,-119.7711,39.4839,1345,1015.3
RNO,6/3/2026 7:55,-119.7711,39.4839,1345,1015.1
RNO,6/3/2026 8:55,-119.7711,39.4839,1345,1015.4
RNO,6/3/2026 9:55,-119.7711,39.4839,1345,1015.7
RNO,6/3/2026 10:55,-119.7711,39.4839,1345,1016
RNO,6/3/2026 11:55,-119.7711,39.4839,1345,1016
RNO,6/3/2026 12:55,-119.7711,39.4839,1345,1015.9
RNO,6/3/2026 13:55,-119.7711,39.4839,1345,1016.2
RNO,6/3/2026 14:55,-119.7711,39.4839,1345,1015.8
RNO,6/3/2026 15:55,-119.7711,39.4839,1345,1015.7
RNO,6/3/2026 16:55,-119.7711,39.4839,1345,1015.4
RNO,6/3/2026 17:55,-119.7711,39.4839,1345,1014.9
RNO,6/3/2026 18:55,-119.7711,39.4839,1345,1013.5
RNO,6/3/2026 19:55,-119.7711,39.4839,1345,1013
RNO,6/3/2026 20:55,-119.7711,39.4839,1345,1012.2
RNO,6/3/2026 21:55,-119.7711,39.4839,1345,1012.2
RNO,6/3/2026 22:55,-119.7711,39.4839,1345,1012
RNO,6/3/2026 23:55,-119.7711,39.4839,1345,1011.9
RNO,6/4/2026 0:55,-119.7711,39.4839,1345,1011.5
RNO,6/4/2026 1:55,-119.7711,39.4839,1345,1011.9
RNO,6/4/2026 2:55,-119.7711,39.4839,1345,1011.9
RNO,6/4/2026 3:55,-119.7711,39.4839,1345,1012.5
RNO,6/4/2026 4:55,-119.7711,39.4839,1345,1013.6
RNO,6/4/2026 5:55,-119.7711,39.4839,1345,1013.9
RNO,6/4/2026 6:55,-119.7711,39.4839,1345,1013.7
RNO,6/4/2026 7:55,-119.7711,39.4839,1345,1013.6
RNO,6/4/2026 8:55,-119.7711,39.4839,1345,1013.5
RNO,6/4/2026 9:55,-119.7711,39.4839,1345,1013.6
RNO,6/4/2026 10:55,-119.7711,39.4839,1345,1014
RNO,6/4/2026 11:55,-119.7711,39.4839,1345,1014.1
RNO,6/4/2026 12:55,-119.7711,39.4839,1345,1014.5
RNO,6/4/2026 13:55,-119.7711,39.4839,1345,1015
RNO,6/4/2026 14:55,-119.7711,39.4839,1345,1014.7
RNO,6/4/2026 15:55,-119.7711,39.4839,1345,1014.6
RNO,6/4/2026 16:55,-119.7711,39.4839,1345,1014.3
RNO,6/4/2026 17:55,-119.7711,39.4839,1345,1013.6
RNO,6/4/2026 18:55,-119.7711,39.4839,1345,1012.9
RNO,6/4/2026 19:55,-119.7711,39.4839,1345,1011.9
RNO,6/4/2026 20:55,-119.7711,39.4839,1345,1010.8
RNO,6/4/2026 21:55,-119.7711,39.4839,1345,1010.1
RNO,6/4/2026 22:55,-119.7711,39.4839,1345,1009.5
RNO,6/4/2026 23:55,-119.7711,39.4839,1345,1008.8
RNO,6/5/2026 0:55,-119.7711,39.4839,1345,1008.8
RNO,6/5/2026 1:39,-119.7711,39.4839,1345,M
RNO,6/5/2026 1:55,-119.7711,39.4839,1345,1008.9
RNO,6/5/2026 2:55,-119.7711,39.4839,1345,1009.8
RNO,6/5/2026 3:55,-119.7711,39.4839,1345,1010
RNO,6/5/2026 4:55,-119.7711,39.4839,1345,1011.2
RNO,6/5/2026 5:55,-119.7711,39.4839,1345,1011.6
RNO,6/5/2026 6:55,-119.7711,39.4839,1345,1011.6
RNO,6/5/2026 7:55,-119.7711,39.4839,1345,1011.3
RNO,6/5/2026 8:55,-119.7711,39.4839,1345,1010.8
RNO,6/5/2026 9:55,-119.7711,39.4839,1345,1011
RNO,6/5/2026 10:55,-119.7711,39.4839,1345,1010.6
RNO,6/5/2026 11:55,-119.7711,39.4839,1345,1010.1
RNO,6/5/2026 12:55,-119.7711,39.4839,1345,1010.6
RNO,6/5/2026 13:55,-119.7711,39.4839,1345,1011.1
RNO,6/5/2026 14:55,-119.7711,39.4839,1345,1011.1
RNO,6/5/2026 15:55,-119.7711,39.4839,1345,1010.9
RNO,6/5/2026 16:55,-119.7711,39.4839,1345,1010.5
RNO,6/5/2026 17:55,-119.7711,39.4839,1345,1009.5
RNO,6/5/2026 18:55,-119.7711,39.4839,1345,1008.3
RNO,6/5/2026 19:55,-119.7711,39.4839,1345,1007.4
RNO,6/5/2026 20:55,-119.7711,39.4839,1345,1006.3
RNO,6/5/2026 21:55,-119.7711,39.4839,1345,1005
RNO,6/5/2026 22:55,-119.7711,39.4839,1345,1004.5
RNO,6/5/2026 23:55,-119.7711,39.4839,1345,1004.5
RNO,6/6/2026 0:55,-119.7711,39.4839,1345,1004.2
RNO,6/6/2026 1:55,-119.7711,39.4839,1345,1003.7
RNO,6/6/2026 2:55,-119.7711,39.4839,1345,1004.2
RNO,6/6/2026 3:55,-119.7711,39.4839,1345,1004.6
RNO,6/6/2026 4:55,-119.7711,39.4839,1345,1005.2
RNO,6/6/2026 5:55,-119.7711,39.4839,1345,1005.2
RNO,6/6/2026 6:55,-119.7711,39.4839,1345,1004.8
RNO,6/6/2026 7:55,-119.7711,39.4839,1345,1005
RNO,6/6/2026 8:55,-119.7711,39.4839,1345,1004.4
RNO,6/6/2026 9:55,-119.7711,39.4839,1345,1004.1
RNO,6/6/2026 10:55,-119.7711,39.4839,1345,1004.2
RNO,6/6/2026 11:55,-119.7711,39.4839,1345,1004.1
RNO,6/6/2026 12:55,-119.7711,39.4839,1345,1004.7
RNO,6/6/2026 13:55,-119.7711,39.4839,1345,1004.8
RNO,6/6/2026 14:55,-119.7711,39.4839,1345,1004.5
RNO,6/6/2026 15:55,-119.7711,39.4839,1345,1004.6
RNO,6/6/2026 16:55,-119.7711,39.4839,1345,1003.8
RNO,6/6/2026 17:55,-119.7711,39.4839,1345,1003.6
RNO,6/6/2026 18:55,-119.7711,39.4839,1345,1003.6
RNO,6/6/2026 19:55,-119.7711,39.4839,1345,1003.6
RNO,6/6/2026 20:55,-119.7711,39.4839,1345,1003.2
RNO,6/6/2026 21:55,-119.7711,39.4839,1345,1003.8
RNO,6/6/2026 22:55,-119.7711,39.4839,1345,1003
RNO,6/6/2026 23:55,-119.7711,39.4839,1345,1003.4
RNO,6/7/2026 0:55,-119.7711,39.4839,1345,1003.8
RNO,6/7/2026 1:55,-119.7711,39.4839,1345,1004.2
RNO,6/7/2026 2:55,-119.7711,39.4839,1345,1005.1
RNO,6/7/2026 3:55,-119.7711,39.4839,1345,1005.1
RNO,6/7/2026 4:55,-119.7711,39.4839,1345,1005.5
RNO,6/7/2026 5:55,-119.7711,39.4839,1345,1006.4
RNO,6/7/2026 6:55,-119.7711,39.4839,1345,1006.7
RNO,6/7/2026 7:55,-119.7711,39.4839,1345,1006.9
RNO,6/7/2026 8:55,-119.7711,39.4839,1345,1007
RNO,6/7/2026 9:55,-119.7711,39.4839,1345,1007.3
RNO,6/7/2026 10:55,-119.7711,39.4839,1345,1008
RNO,6/7/2026 11:55,-119.7711,39.4839,1345,1008.6
RNO,6/7/2026 12:55,-119.7711,39.4839,1345,1009.8
RNO,6/7/2026 13:55,-119.7711,39.4839,1345,1010.5
RNO,6/7/2026 14:55,-119.7711,39.4839,1345,1011
RNO,6/7/2026 15:55,-119.7711,39.4839,1345,1011.2
RNO,6/7/2026 16:55,-119.7711,39.4839,1345,1011
RNO,6/7/2026 17:55,-119.7711,39.4839,1345,1010.8
RNO,6/7/2026 18:55,-119.7711,39.4839,1345,1010.1
RNO,6/7/2026 19:55,-119.7711,39.4839,1345,1009.1
RNO,6/7/2026 20:55,-119.7711,39.4839,1345,1008.1
RNO,6/7/2026 21:55,-119.7711,39.4839,1345,1007.3
RNO,6/7/2026 22:55,-119.7711,39.4839,1345,1007
RNO,6/7/2026 23:55,-119.7711,39.4839,1345,1005.8
RNO,6/8/2026 0:55,-119.7711,39.4839,1345,1006
RNO,6/8/2026 1:55,-119.7711,39.4839,1345,1006.7
RNO,6/8/2026 2:55,-119.7711,39.4839,1345,1007.3
RNO,6/8/2026 3:55,-119.7711,39.4839,1345,1008
RNO,6/8/2026 4:55,-119.7711,39.4839,1345,1008.6
RNO,6/8/2026 5:55,-119.7711,39.4839,1345,1008.9
RNO,6/8/2026 6:55,-119.7711,39.4839,1345,1008.5
RNO,6/8/2026 7:55,-119.7711,39.4839,1345,1008.6
RNO,6/8/2026 8:55,-119.7711,39.4839,1345,1008.4
RNO,6/8/2026 9:55,-119.7711,39.4839,1345,1008.3
RNO,6/8/2026 10:55,-119.7711,39.4839,1345,1008
RNO,6/8/2026 11:55,-119.7711,39.4839,1345,1008.2
RNO,6/8/2026 12:55,-119.7711,39.4839,1345,1008.7
RNO,6/8/2026 13:55,-119.7711,39.4839,1345,1008.7
RNO,6/8/2026 14:55,-119.7711,39.4839,1345,1008.7
RNO,6/8/2026 15:55,-119.7711,39.4839,1345,1008.4
RNO,6/8/2026 16:55,-119.7711,39.4839,1345,1007.7
RNO,6/8/2026 17:55,-119.7711,39.4839,1345,1007.6
RNO,6/8/2026 18:55,-119.7711,39.4839,1345,1007.6
RNO,6/8/2026 19:55,-119.7711,39.4839,1345,1007.6
RNO,6/8/2026 20:55,-119.7711,39.4839,1345,1007.3
RNO,6/8/2026 21:55,-119.7711,39.4839,1345,1007.2
RNO,6/8/2026 22:55,-119.7711,39.4839,1345,1007.7
RNO,6/8/2026 23:55,-119.7711,39.4839,1345,1008.1
RNO,6/9/2026 0:55,-119.7711,39.4839,1345,1008.6
RNO,6/9/2026 1:55,-119.7711,39.4839,1345,1008.9
RNO,6/9/2026 2:55,-119.7711,39.4839,1345,1009.6
RNO,6/9/2026 3:55,-119.7711,39.4839,1345,1010.3
RNO,6/9/2026 4:55,-119.7711,39.4839,1345,1010.3
RNO,6/9/2026 5:55,-119.7711,39.4839,1345,1010.7
RNO,6/9/2026 6:55,-119.7711,39.4839,1345,1010.4
RNO,6/9/2026 7:55,-119.7711,39.4839,1345,1010.2
RNO,6/9/2026 8:55,-119.7711,39.4839,1345,1010
RNO,6/9/2026 9:55,-119.7711,39.4839,1345,1010.2
RNO,6/9/2026 10:55,-119.7711,39.4839,1345,1010.8
RNO,6/9/2026 11:55,-119.7711,39.4839,1345,1011.2
RNO,6/9/2026 12:55,-119.7711,39.4839,1345,1011.7
RNO,6/9/2026 13:55,-119.7711,39.4839,1345,1012.3
RNO,6/9/2026 14:55,-119.7711,39.4839,1345,1012.7
RNO,6/9/2026 15:55,-119.7711,39.4839,1345,1012.7
RNO,6/9/2026 16:55,-119.7711,39.4839,1345,1012.7
RNO,6/9/2026 17:55,-119.7711,39.4839,1345,1013
RNO,6/9/2026 18:55,-119.7711,39.4839,1345,1012.7
RNO,6/9/2026 19:55,-119.7711,39.4839,1345,1011.6
RNO,6/9/2026 20:55,-119.7711,39.4839,1345,1011
RNO,6/9/2026 21:55,-119.7711,39.4839,1345,1011
RNO,6/9/2026 22:55,-119.7711,39.4839,1345,1010.7
RNO,6/9/2026 23:55,-119.7711,39.4839,1345,1010.8
RNO,6/10/2026 0:55,-119.7711,39.4839,1345,1011
RNO,6/10/2026 1:55,-119.7711,39.4839,1345,1011.6
RNO,6/10/2026 2:55,-119.7711,39.4839,1345,1012.2
RNO,6/10/2026 3:55,-119.7711,39.4839,1345,1013.1
RNO,6/10/2026 4:55,-119.7711,39.4839,1345,1013.7
RNO,6/10/2026 5:55,-119.7711,39.4839,1345,1014.3
RNO,6/10/2026 6:55,-119.7711,39.4839,1345,1014.4
RNO,6/10/2026 7:55,-119.7711,39.4839,1345,1014.2
RNO,6/10/2026 8:55,-119.7711,39.4839,1345,1014.7
RNO,6/10/2026 9:55,-119.7711,39.4839,1345,1014.7
RNO,6/10/2026 10:55,-119.7711,39.4839,1345,1014.7
RNO,6/10/2026 11:55,-119.7711,39.4839,1345,1015
RNO,6/10/2026 12:55,-119.7711,39.4839,1345,1015.8
RNO,6/10/2026 13:55,-119.7711,39.4839,1345,1016.3
RNO,6/10/2026 14:55,-119.7711,39.4839,1345,1016.2
RNO,6/10/2026 15:55,-119.7711,39.4839,1345,1016
RNO,6/10/2026 16:55,-119.7711,39.4839,1345,1015.9
RNO,6/10/2026 17:55,-119.7711,39.4839,1345,1015.4
RNO,6/10/2026 18:55,-119.7711,39.4839,1345,1014.7
RNO,6/10/2026 19:55,-119.7711,39.4839,1345,1014.4
RNO,6/10/2026 20:55,-119.7711,39.4839,1345,1013.6
RNO,6/10/2026 21:55,-119.7711,39.4839,1345,1012.7
RNO,6/10/2026 22:55,-119.7711,39.4839,1345,1012.1
RNO,6/10/2026 23:55,-119.7711,39.4839,1345,1012.1
RNO,6/11/2026 0:55,-119.7711,39.4839,1345,1012
RNO,6/11/2026 1:55,-119.7711,39.4839,1345,1012.3
RNO,6/11/2026 2:55,-119.7711,39.4839,1345,1012.6
RNO,6/11/2026 3:55,-119.7711,39.4839,1345,1013.2
RNO,6/11/2026 4:55,-119.7711,39.4839,1345,1014.1
RNO,6/11/2026 5:55,-119.7711,39.4839,1345,1014.5
RNO,6/11/2026 6:55,-119.7711,39.4839,1345,1014.3
RNO,6/11/2026 7:55,-119.7711,39.4839,1345,1014.5
RNO,6/11/2026 8:55,-119.7711,39.4839,1345,1014.6
RNO,6/11/2026 9:55,-119.7711,39.4839,1345,1014.7
RNO,6/11/2026 10:55,-119.7711,39.4839,1345,1014.8
RNO,6/11/2026 11:55,-119.7711,39.4839,1345,1015.3
RNO,6/11/2026 12:55,-119.7711,39.4839,1345,1015.8
RNO,6/11/2026 13:55,-119.7711,39.4839,1345,1016.1
RNO,6/11/2026 14:55,-119.7711,39.4839,1345,1015.8
RNO,6/11/2026 15:55,-119.7711,39.4839,1345,1015.7
RNO,6/11/2026 16:55,-119.7711,39.4839,1345,1015.4
RNO,6/11/2026 17:55,-119.7711,39.4839,1345,1014.6
RNO,6/11/2026 18:55,-119.7711,39.4839,1345,1014
RNO,6/11/2026 19:55,-119.7711,39.4839,1345,1013.6
RNO,6/11/2026 20:55,-119.7711,39.4839,1345,1012.8
RNO,6/11/2026 21:55,-119.7711,39.4839,1345,1012.4
RNO,6/11/2026 22:55,-119.7711,39.4839,1345,1011.4
RNO,6/11/2026 23:55,-119.7711,39.4839,1345,1011.1
RNO,6/12/2026 0:55,-119.7711,39.4839,1345,1010.5
RNO,6/12/2026 1:55,-119.7711,39.4839,1345,1010
RNO,6/12/2026 2:55,-119.7711,39.4839,1345,1010.5
RNO,6/12/2026 3:55,-119.7711,39.4839,1345,1011.4
RNO,6/12/2026 4:55,-119.7711,39.4839,1345,1012
RNO,6/12/2026 5:55,-119.7711,39.4839,1345,1012.5
RNO,6/12/2026 6:55,-119.7711,39.4839,1345,1012.7
RNO,6/12/2026 7:55,-119.7711,39.4839,1345,1012.8
RNO,6/12/2026 8:55,-119.7711,39.4839,1345,1013
RNO,6/12/2026 9:55,-119.7711,39.4839,1345,1013
RNO,6/12/2026 10:55,-119.7711,39.4839,1345,1012.8
RNO,6/12/2026 11:55,-119.7711,39.4839,1345,1012.8
RNO,6/12/2026 12:55,-119.7711,39.4839,1345,1013.3
RNO,6/12/2026 13:55,-119.7711,39.4839,1345,1013.4
RNO,6/12/2026 14:55,-119.7711,39.4839,1345,1013.5
RNO,6/12/2026 15:55,-119.7711,39.4839,1345,1013.6
RNO,6/12/2026 16:55,-119.7711,39.4839,1345,1013.1
RNO,6/12/2026 17:55,-119.7711,39.4839,1345,1012.5
RNO,6/12/2026 18:55,-119.7711,39.4839,1345,1012
RNO,6/12/2026 19:55,-119.7711,39.4839,1345,1011.2
RNO,6/12/2026 20:55,-119.7711,39.4839,1345,1010.3
RNO,6/12/2026 21:55,-119.7711,39.4839,1345,1009.8
RNO,6/12/2026 22:55,-119.7711,39.4839,1345,1009.2
RNO,6/12/2026 23:55,-119.7711,39.4839,1345,1008.8
RNO,6/13/2026 0:55,-119.7711,39.4839,1345,1008.6
RNO,6/13/2026 1:55,-119.7711,39.4839,1345,1008.9
RNO,6/13/2026 2:55,-119.7711,39.4839,1345,1009.3
RNO,6/13/2026 3:55,-119.7711,39.4839,1345,1009.8
RNO,6/13/2026 4:55,-119.7711,39.4839,1345,1010.6
RNO,6/13/2026 5:55,-119.7711,39.4839,1345,1011.2
RNO,6/13/2026 6:55,-119.7711,39.4839,1345,1011.5
RNO,6/13/2026 7:55,-119.7711,39.4839,1345,1011.3
RNO,6/13/2026 8:55,-119.7711,39.4839,1345,1011.3
RNO,6/13/2026 9:55,-119.7711,39.4839,1345,1011.7
RNO,6/13/2026 10:55,-119.7711,39.4839,1345,1012
RNO,6/13/2026 11:55,-119.7711,39.4839,1345,1012.5
RNO,6/13/2026 12:55,-119.7711,39.4839,1345,1013.1
RNO,6/13/2026 13:55,-119.7711,39.4839,1345,1013.6
RNO,6/13/2026 14:55,-119.7711,39.4839,1345,1014.1
RNO,6/13/2026 15:55,-119.7711,39.4839,1345,1014.1
RNO,6/13/2026 16:55,-119.7711,39.4839,1345,1013.8
RNO,6/13/2026 17:55,-119.7711,39.4839,1345,1013.1
RNO,6/13/2026 18:55,-119.7711,39.4839,1345,1012.6
RNO,6/13/2026 19:55,-119.7711,39.4839,1345,1011.7
RNO,6/13/2026 20:55,-119.7711,39.4839,1345,1010.9
RNO,6/13/2026 21:55,-119.7711,39.4839,1345,1010.3
RNO,6/13/2026 22:55,-119.7711,39.4839,1345,1009.8
RNO,6/13/2026 23:55,-119.7711,39.4839,1345,1009.2
RNO,6/14/2026 0:55,-119.7711,39.4839,1345,1009.2
RNO,6/14/2026 1:55,-119.7711,39.4839,1345,1009.2
RNO,6/14/2026 2:55,-119.7711,39.4839,1345,1009.8
RNO,6/14/2026 3:55,-119.7711,39.4839,1345,1010.6
RNO,6/14/2026 4:55,-119.7711,39.4839,1345,1011.2
RNO,6/14/2026 5:55,-119.7711,39.4839,1345,1011.7
RNO,6/14/2026 6:55,-119.7711,39.4839,1345,1012
RNO,6/14/2026 7:55,-119.7711,39.4839,1345,1012.2
RNO,6/14/2026 8:55,-119.7711,39.4839,1345,1012.6
RNO,6/14/2026 9:55,-119.7711,39.4839,1345,1012.9
RNO,6/14/2026 10:55,-119.7711,39.4839,1345,1013.2
RNO,6/14/2026 11:55,-119.7711,39.4839,1345,1013.7
RNO,6/14/2026 12:55,-119.7711,39.4839,1345,1014.5
RNO,6/14/2026 13:55,-119.7711,39.4839,1345,1015
RNO,6/14/2026 14:55,-119.7711,39.4839,1345,1015.3
RNO,6/14/2026 15:55,-119.7711,39.4839,1345,1015.1
RNO,6/14/2026 16:55,-119.7711,39.4839,1345,1014.7
RNO,6/14/2026 17:55,-119.7711,39.4839,1345,1014.6
RNO,6/14/2026 18:55,-119.7711,39.4839,1345,1014.1
RNO,6/14/2026 19:55,-119.7711,39.4839,1345,1013.3
RNO,6/14/2026 20:55,-119.7711,39.4839,1345,1012.9
RNO,6/14/2026 21:55,-119.7711,39.4839,1345,1012.4
RNO,6/14/2026 22:55,-119.7711,39.4839,1345,1011.8
RNO,6/14/2026 23:55,-119.7711,39.4839,1345,1011.6
RNO,6/15/2026 0:55,-119.7711,39.4839,1345,1011.6
RNO,6/15/2026 1:55,-119.7711,39.4839,1345,1011.3
RNO,6/15/2026 2:55,-119.7711,39.4839,1345,1011.8
RNO,6/15/2026 3:55,-119.7711,39.4839,1345,1012.3
RNO,6/15/2026 4:55,-119.7711,39.4839,1345,1013.1
RNO,6/15/2026 5:55,-119.7711,39.4839,1345,1013.5
RNO,6/15/2026 6:55,-119.7711,39.4839,1345,1013.9
RNO,6/15/2026 7:55,-119.7711,39.4839,1345,1014.3
RNO,6/15/2026 8:55,-119.7711,39.4839,1345,1014.6
RNO,6/15/2026 9:55,-119.7711,39.4839,1345,1014.9
RNO,6/15/2026 10:55,-119.7711,39.4839,1345,1015.5
RNO,6/15/2026 11:55,-119.7711,39.4839,1345,1015.9
RNO,6/15/2026 12:55,-119.7711,39.4839,1345,1017
RNO,6/15/2026 13:55,-119.7711,39.4839,1345,1016.9
RNO,6/15/2026 14:55,-119.7711,39.4839,1345,1017.2
RNO,6/15/2026 15:55,-119.7711,39.4839,1345,1017
RNO,6/15/2026 16:55,-119.7711,39.4839,1345,1016.6
RNO,6/15/2026 17:55,-119.7711,39.4839,1345,1015.9
RNO,6/15/2026 18:55,-119.7711,39.4839,1345,1015.3
RNO,6/15/2026 19:55,-119.7711,39.4839,1345,1014.7
RNO,6/15/2026 20:55,-119.7711,39.4839,1345,1014.3
RNO,6/15/2026 21:55,-119.7711,39.4839,1345,1013.5
RNO,6/15/2026 22:55,-119.7711,39.4839,1345,1012.9
RNO,6/15/2026 23:55,-119.7711,39.4839,1345,1012.7
RNO,6/16/2026 0:55,-119.7711,39.4839,1345,1012.3
RNO,6/16/2026 1:55,-119.7711,39.4839,1345,1012.3
RNO,6/16/2026 2:55,-119.7711,39.4839,1345,1012.5
RNO,6/16/2026 3:55,-119.7711,39.4839,1345,1013.1
RNO,6/16/2026 4:55,-119.7711,39.4839,1345,1013.6
RNO,6/16/2026 5:55,-119.7711,39.4839,1345,1013.8
RNO,6/16/2026 6:55,-119.7711,39.4839,1345,1013.9
RNO,6/16/2026 7:55,-119.7711,39.4839,1345,1014.2
RNO,6/16/2026 8:55,-119.7711,39.4839,1345,1014.2
RNO,6/16/2026 9:55,-119.7711,39.4839,1345,1014.6
RNO,6/16/2026 10:55,-119.7711,39.4839,1345,1014.3
RNO,6/16/2026 11:55,-119.7711,39.4839,1345,1014.8
RNO,6/16/2026 12:55,-119.7711,39.4839,1345,1015.1
RNO,6/16/2026 13:55,-119.7711,39.4839,1345,1015.2
RNO,6/16/2026 14:55,-119.7711,39.4839,1345,1014.8
RNO,6/16/2026 15:55,-119.7711,39.4839,1345,1014.7
RNO,6/16/2026 16:55,-119.7711,39.4839,1345,1013.8
RNO,6/16/2026 17:55,-119.7711,39.4839,1345,1013.1
RNO,6/16/2026 18:55,-119.7711,39.4839,1345,1012.3
RNO,6/16/2026 19:55,-119.7711,39.4839,1345,1011.6
RNO,6/16/2026 20:55,-119.7711,39.4839,1345,1010.6
RNO,6/16/2026 21:55,-119.7711,39.4839,1345,1009.8
RNO,6/16/2026 22:55,-119.7711,39.4839,1345,1009.3
RNO,6/16/2026 23:55,-119.7711,39.4839,1345,1009.1
RNO,6/17/2026 0:55,-119.7711,39.4839,1345,1009
RNO,6/17/2026 1:55,-119.7711,39.4839,1345,1009.2
RNO,6/17/2026 2:55,-119.7711,39.4839,1345,1009.4
RNO,6/17/2026 3:55,-119.7711,39.4839,1345,1009.6
RNO,6/17/2026 4:55,-119.7711,39.4839,1345,1009.7
RNO,6/17/2026 5:55,-119.7711,39.4839,1345,1009.9
RNO,6/17/2026 6:55,-119.7711,39.4839,1345,1010
RNO,6/17/2026 7:55,-119.7711,39.4839,1345,1009.8
RNO,6/17/2026 8:55,-119.7711,39.4839,1345,1010.1
RNO,6/17/2026 9:55,-119.7711,39.4839,1345,1010.1
RNO,6/17/2026 10:55,-119.7711,39.4839,1345,1010.3
RNO,6/17/2026 11:55,-119.7711,39.4839,1345,1010.6
RNO,6/17/2026 12:55,-119.7711,39.4839,1345,1011.2
RNO,6/17/2026 13:55,-119.7711,39.4839,1345,1011.6
RNO,6/17/2026 14:55,-119.7711,39.4839,1345,1011.5
RNO,6/17/2026 15:55,-119.7711,39.4839,1345,1011.4
RNO,6/17/2026 16:55,-119.7711,39.4839,1345,1010.9
RNO,6/17/2026 17:55,-119.7711,39.4839,1345,1010.2
RNO,6/17/2026 18:55,-119.7711,39.4839,1345,1009.8
RNO,6/17/2026 19:55,-119.7711,39.4839,1345,1009.2
RNO,6/17/2026 20:55,-119.7711,39.4839,1345,1008.5
RNO,6/17/2026 21:55,-119.7711,39.4839,1345,1007.6
RNO,6/17/2026 22:55,-119.7711,39.4839,1345,1007.1
RNO,6/17/2026 23:55,-119.7711,39.4839,1345,1006.8
RNO,6/18/2026 0:55,-119.7711,39.4839,1345,1006.5
RNO,6/18/2026 1:55,-119.7711,39.4839,1345,1006.8
RNO,6/18/2026 2:55,-119.7711,39.4839,1345,1007.2
RNO,6/18/2026 3:55,-119.7711,39.4839,1345,1007.5
RNO,6/18/2026 4:55,-119.7711,39.4839,1345,1007.9
RNO,6/18/2026 5:55,-119.7711,39.4839,1345,1008.4
RNO,6/18/2026 6:55,-119.7711,39.4839,1345,1008.1
RNO,6/18/2026 7:55,-119.7711,39.4839,1345,1008.5
RNO,6/18/2026 8:55,-119.7711,39.4839,1345,1008.9
RNO,6/18/2026 9:55,-119.7711,39.4839,1345,1009.2
RNO,6/18/2026 10:55,-119.7711,39.4839,1345,1009.7
RNO,6/18/2026 11:55,-119.7711,39.4839,1345,1010.1
RNO,6/18/2026 12:55,-119.7711,39.4839,1345,1010.7
RNO,6/18/2026 13:55,-119.7711,39.4839,1345,1011.2
RNO,6/18/2026 14:55,-119.7711,39.4839,1345,1011.4
RNO,6/18/2026 15:55,-119.7711,39.4839,1345,1011.3
RNO,6/18/2026 16:55,-119.7711,39.4839,1345,1010.7
RNO,6/18/2026 17:55,-119.7711,39.4839,1345,1010.2
RNO,6/18/2026 18:55,-119.7711,39.4839,1345,1009.5
RNO,6/18/2026 19:55,-119.7711,39.4839,1345,1008.5
RNO,6/18/2026 20:55,-119.7711,39.4839,1345,1008.1
RNO,6/18/2026 21:55,-119.7711,39.4839,1345,1007.4
RNO,6/18/2026 22:55,-119.7711,39.4839,1345,1006.4
RNO,6/18/2026 23:55,-119.7711,39.4839,1345,1006.2
RNO,6/19/2026 0:55,-119.7711,39.4839,1345,1005.7
RNO,6/19/2026 1:55,-119.7711,39.4839,1345,1006.2
RNO,6/19/2026 2:55,-119.7711,39.4839,1345,1006.8
RNO,6/19/2026 3:55,-119.7711,39.4839,1345,1007.3
RNO,6/19/2026 4:55,-119.7711,39.4839,1345,1007.4
RNO,6/19/2026 5:55,-119.7711,39.4839,1345,1007.2
RNO,6/19/2026 6:55,-119.7711,39.4839,1345,1007.4
RNO,6/19/2026 7:55,-119.7711,39.4839,1345,1007.5
RNO,6/19/2026 8:55,-119.7711,39.4839,1345,1007.5
RNO,6/19/2026 9:55,-119.7711,39.4839,1345,1008.2
RNO,6/19/2026 10:55,-119.7711,39.4839,1345,1008
RNO,6/19/2026 11:55,-119.7711,39.4839,1345,1008.6
RNO,6/19/2026 12:55,-119.7711,39.4839,1345,1008.2
RNO,6/19/2026 13:55,-119.7711,39.4839,1345,1009.1
RNO,6/19/2026 14:55,-119.7711,39.4839,1345,1008.8
RNO,6/19/2026 15:55,-119.7711,39.4839,1345,1008.6
RNO,6/19/2026 16:55,-119.7711,39.4839,1345,1007.8
RNO,6/19/2026 17:55,-119.7711,39.4839,1345,1007.4
RNO,6/19/2026 18:55,-119.7711,39.4839,1345,1007
RNO,6/19/2026 19:55,-119.7711,39.4839,1345,1006.8
RNO,6/19/2026 20:55,-119.7711,39.4839,1345,1005.8
RNO,6/19/2026 21:27,-119.7711,39.4839,1345,M
RNO,6/19/2026 21:55,-119.7711,39.4839,1345,1005.8
RNO,6/19/2026 22:55,-119.7711,39.4839,1345,1008.8
RNO,6/19/2026 23:01,-119.7711,39.4839,1345,M
RNO,6/19/2026 23:18,-119.7711,39.4839,1345,M
RNO,6/19/2026 23:55,-119.7711,39.4839,1345,1009.5
RNO,6/20/2026 0:14,-119.7711,39.4839,1345,M
RNO,6/20/2026 0:55,-119.7711,39.4839,1345,1010.3
RNO,6/20/2026 1:55,-119.7711,39.4839,1345,1009.3
RNO,6/20/2026 2:55,-119.7711,39.4839,1345,1010.4
RNO,6/20/2026 3:55,-119.7711,39.4839,1345,1010.8
RNO,6/20/2026 4:55,-119.7711,39.4839,1345,1011.4
RNO,6/20/2026 5:55,-119.7711,39.4839,1345,1011.4
RNO,6/20/2026 6:55,-119.7711,39.4839,1345,1011.2
RNO,6/20/2026 7:55,-119.7711,39.4839,1345,1011
RNO,6/20/2026 8:55,-119.7711,39.4839,1345,1011.6
RNO,6/20/2026 9:55,-119.7711,39.4839,1345,1011.9
RNO,6/20/2026 10:55,-119.7711,39.4839,1345,1012.4
RNO,6/20/2026 11:55,-119.7711,39.4839,1345,1013.2
RNO,6/20/2026 12:55,-119.7711,39.4839,1345,1013.8
RNO,6/20/2026 13:55,-119.7711,39.4839,1345,1013.3
RNO,6/20/2026 14:55,-119.7711,39.4839,1345,1013.3
RNO,6/20/2026 15:55,-119.7711,39.4839,1345,1012.7
RNO,6/20/2026 16:55,-119.7711,39.4839,1345,1012.4
RNO,6/20/2026 17:55,-119.7711,39.4839,1345,1011.9
RNO,6/20/2026 18:55,-119.7711,39.4839,1345,1011.2
RNO,6/20/2026 19:55,-119.7711,39.4839,1345,1010.7
RNO,6/20/2026 20:55,-119.7711,39.4839,1345,1010.2
RNO,6/20/2026 21:55,-119.7711,39.4839,1345,1009.4
RNO,6/20/2026 22:55,-119.7711,39.4839,1345,1009
RNO,6/20/2026 23:55,-119.7711,39.4839,1345,1008.6
RNO,6/21/2026 0:13,-119.7711,39.4839,1345,M
RNO,6/21/2026 0:55,-119.7711,39.4839,1345,1008.7
RNO,6/21/2026 1:55,-119.7711,39.4839,1345,1009
RNO,6/21/2026 2:55,-119.7711,39.4839,1345,1009.6
RNO,6/21/2026 3:55,-119.7711,39.4839,1345,1010.5
RNO,6/21/2026 4:55,-119.7711,39.4839,1345,1011.1
RNO,6/21/2026 5:55,-119.7711,39.4839,1345,1011.3
RNO,6/21/2026 6:55,-119.7711,39.4839,1345,1011.5
RNO,6/21/2026 7:55,-119.7711,39.4839,1345,1011.6
RNO,6/21/2026 8:55,-119.7711,39.4839,1345,1011.5
RNO,6/21/2026 9:55,-119.7711,39.4839,1345,1011.2
RNO,6/21/2026 10:55,-119.7711,39.4839,1345,1011.5
RNO,6/21/2026 11:55,-119.7711,39.4839,1345,1011.8
RNO,6/21/2026 12:55,-119.7711,39.4839,1345,1012.2
RNO,6/21/2026 13:55,-119.7711,39.4839,1345,1012.2
RNO,6/21/2026 14:55,-119.7711,39.4839,1345,1011.5
RNO,6/21/2026 15:55,-119.7711,39.4839,1345,1011.6
RNO,6/21/2026 16:55,-119.7711,39.4839,1345,1011.3
RNO,6/21/2026 17:55,-119.7711,39.4839,1345,1010.4
RNO,6/21/2026 18:55,-119.7711,39.4839,1345,1009.8
RNO,6/21/2026 19:55,-119.7711,39.4839,1345,1008.6
RNO,6/21/2026 20:55,-119.7711,39.4839,1345,1008
RNO,6/21/2026 21:55,-119.7711,39.4839,1345,1007.3
RNO,6/21/2026 22:55,-119.7711,39.4839,1345,1006.8
RNO,6/21/2026 23:55,-119.7711,39.4839,1345,1006
RNO,6/22/2026 0:55,-119.7711,39.4839,1345,1006.2
RNO,6/22/2026 1:55,-119.7711,39.4839,1345,1006.7
RNO,6/22/2026 2:55,-119.7711,39.4839,1345,1007.1
RNO,6/22/2026 3:55,-119.7711,39.4839,1345,1007.9
RNO,6/22/2026 4:55,-119.7711,39.4839,1345,1008.8
RNO,6/22/2026 5:55,-119.7711,39.4839,1345,1009.4
RNO,6/22/2026 6:55,-119.7711,39.4839,1345,1009.4
RNO,6/22/2026 7:55,-119.7711,39.4839,1345,1009.5
RNO,6/22/2026 8:55,-119.7711,39.4839,1345,1009.9
RNO,6/22/2026 9:55,-119.7711,39.4839,1345,1009.9
RNO,6/22/2026 10:55,-119.7711,39.4839,1345,1010.1
RNO,6/22/2026 11:55,-119.7711,39.4839,1345,1010.4
RNO,6/22/2026 12:55,-119.7711,39.4839,1345,1011.4
RNO,6/22/2026 13:55,-119.7711,39.4839,1345,1011.7
RNO,6/22/2026 14:55,-119.7711,39.4839,1345,1011.9
RNO,6/22/2026 15:55,-119.7711,39.4839,1345,1011.5
RNO,6/22/2026 16:55,-119.7711,39.4839,1345,1010.7
RNO,6/22/2026 17:55,-119.7711,39.4839,1345,1010.4
RNO,6/22/2026 18:55,-119.7711,39.4839,1345,1010.2
RNO,6/22/2026 19:55,-119.7711,39.4839,1345,1009.5
RNO,6/22/2026 20:55,-119.7711,39.4839,1345,1008.8
RNO,6/22/2026 21:55,-119.7711,39.4839,1345,1008.4
RNO,6/22/2026 22:55,-119.7711,39.4839,1345,1007.9
RNO,6/22/2026 23:55,-119.7711,39.4839,1345,1008
RNO,6/23/2026 0:55,-119.7711,39.4839,1345,1008.2
RNO,6/23/2026 1:55,-119.7711,39.4839,1345,1008.7
RNO,6/23/2026 2:55,-119.7711,39.4839,1345,1009.5
RNO,6/23/2026 3:55,-119.7711,39.4839,1345,1010.1
RNO,6/23/2026 4:55,-119.7711,39.4839,1345,1011.2
RNO,6/23/2026 5:55,-119.7711,39.4839,1345,1012.1
RNO,6/23/2026 6:55,-119.7711,39.4839,1345,1012.2
RNO,6/23/2026 7:55,-119.7711,39.4839,1345,1012.4
RNO,6/23/2026 8:55,-119.7711,39.4839,1345,1012.6
RNO,6/23/2026 9:55,-119.7711,39.4839,1345,1013.1
RNO,6/23/2026 10:55,-119.7711,39.4839,1345,1013.3
RNO,6/23/2026 11:55,-119.7711,39.4839,1345,1013.8
RNO,6/23/2026 12:55,-119.7711,39.4839,1345,1014.2
RNO,6/23/2026 13:55,-119.7711,39.4839,1345,1015
RNO,6/23/2026 14:55,-119.7711,39.4839,1345,1015.1
RNO,6/23/2026 15:55,-119.7711,39.4839,1345,1014.8
RNO,6/23/2026 16:55,-119.7711,39.4839,1345,1014.5
RNO,6/23/2026 17:55,-119.7711,39.4839,1345,1014.1
RNO,6/23/2026 18:55,-119.7711,39.4839,1345,1013.3
RNO,6/23/2026 19:55,-119.7711,39.4839,1345,1012.4
RNO,6/23/2026 20:55,-119.7711,39.4839,1345,1011.6
RNO,6/23/2026 21:55,-119.7711,39.4839,1345,1011.1
RNO,6/23/2026 22:55,-119.7711,39.4839,1345,1010.6
RNO,6/23/2026 23:55,-119.7711,39.4839,1345,1010.7
RNO,6/24/2026 0:55,-119.7711,39.4839,1345,1010.9
RNO,6/24/2026 1:01,-119.7711,39.4839,1345,M
RNO,6/24/2026 1:55,-119.7711,39.4839,1345,1011.8
RNO,6/24/2026 2:55,-119.7711,39.4839,1345,1012.3
RNO,6/24/2026 3:55,-119.7711,39.4839,1345,1013
RNO,6/24/2026 4:55,-119.7711,39.4839,1345,1013.5
RNO,6/24/2026 5:55,-119.7711,39.4839,1345,1013.7
RNO,6/24/2026 6:55,-119.7711,39.4839,1345,1013.8
RNO,6/24/2026 7:55,-119.7711,39.4839,1345,1013.7
RNO,6/24/2026 8:55,-119.7711,39.4839,1345,1013.9
RNO,6/24/2026 9:55,-119.7711,39.4839,1345,1014.1
RNO,6/24/2026 10:55,-119.7711,39.4839,1345,1014.1
RNO,6/24/2026 11:55,-119.7711,39.4839,1345,1014.3
RNO,6/24/2026 12:55,-119.7711,39.4839,1345,1014.1
RNO,6/24/2026 13:55,-119.7711,39.4839,1345,1014.7
RNO,6/24/2026 14:55,-119.7711,39.4839,1345,1014.6
RNO,6/24/2026 15:55,-119.7711,39.4839,1345,1014.3
RNO,6/24/2026 16:55,-119.7711,39.4839,1345,1013.5
RNO,6/24/2026 17:55,-119.7711,39.4839,1345,1013.1
RNO,6/24/2026 18:55,-119.7711,39.4839,1345,1012.6
RNO,6/24/2026 19:55,-119.7711,39.4839,1345,1011.6
RNO,6/24/2026 20:55,-119.7711,39.4839,1345,1010.4
RNO,6/24/2026 21:55,-119.7711,39.4839,1345,1010.2
RNO,6/24/2026 22:55,-119.7711,39.4839,1345,1009.7
RNO,6/24/2026 23:55,-119.7711,39.4839,1345,1009.7
RNO,6/25/2026 0:55,-119.7711,39.4839,1345,1009.5
RNO,6/25/2026 1:55,-119.7711,39.4839,1345,1009.9
RNO,6/25/2026 2:55,-119.7711,39.4839,1345,1010.6
RNO,6/25/2026 3:55,-119.7711,39.4839,1345,1011.3
RNO,6/25/2026 4:55,-119.7711,39.4839,1345,1011.6
RNO,6/25/2026 5:55,-119.7711,39.4839,1345,1012
RNO,6/25/2026 6:55,-119.7711,39.4839,1345,1012.1
RNO,6/25/2026 7:55,-119.7711,39.4839,1345,1012
RNO,6/25/2026 8:55,-119.7711,39.4839,1345,1011.8
RNO,6/25/2026 9:55,-119.7711,39.4839,1345,1012
RNO,6/25/2026 10:55,-119.7711,39.4839,1345,1012.1
RNO,6/25/2026 11:55,-119.7711,39.4839,1345,1012
RNO,6/25/2026 12:55,-119.7711,39.4839,1345,1012.4
RNO,6/25/2026 13:55,-119.7711,39.4839,1345,1012.7
RNO,6/25/2026 14:55,-119.7711,39.4839,1345,1012.4
RNO,6/25/2026 15:55,-119.7711,39.4839,1345,1012.1
RNO,6/25/2026 16:55,-119.7711,39.4839,1345,1011.4
RNO,6/25/2026 17:55,-119.7711,39.4839,1345,1010.8
RNO,6/25/2026 18:55,-119.7711,39.4839,1345,1010.2
RNO,6/25/2026 19:55,-119.7711,39.4839,1345,1009.1
RNO,6/25/2026 20:55,-119.7711,39.4839,1345,1008.1
RNO,6/25/2026 21:55,-119.7711,39.4839,1345,1007
RNO,6/25/2026 22:55,-119.7711,39.4839,1345,1006.5
RNO,6/25/2026 23:55,-119.7711,39.4839,1345,1006.1
RNO,6/26/2026 0:55,-119.7711,39.4839,1345,1006.5
RNO,6/26/2026 1:55,-119.7711,39.4839,1345,1006.7
RNO,6/26/2026 2:55,-119.7711,39.4839,1345,1007.6
RNO,6/26/2026 3:55,-119.7711,39.4839,1345,1007.4
RNO,6/26/2026 4:55,-119.7711,39.4839,1345,1008.1
RNO,6/26/2026 5:55,-119.7711,39.4839,1345,1007.6
RNO,6/26/2026 6:55,-119.7711,39.4839,1345,1007.1
RNO,6/26/2026 7:55,-119.7711,39.4839,1345,1007
RNO,6/26/2026 8:55,-119.7711,39.4839,1345,1006.5
RNO,6/26/2026 9:55,-119.7711,39.4839,1345,1006.1
RNO,6/26/2026 10:55,-119.7711,39.4839,1345,1005.6
RNO,6/26/2026 11:55,-119.7711,39.4839,1345,1005.7
RNO,6/26/2026 12:55,-119.7711,39.4839,1345,1006
RNO,6/26/2026 13:55,-119.7711,39.4839,1345,1006.3
RNO,6/26/2026 14:55,-119.7711,39.4839,1345,1006.6
RNO,6/26/2026 15:55,-119.7711,39.4839,1345,1006.6
RNO,6/26/2026 16:55,-119.7711,39.4839,1345,1007.3
RNO,6/26/2026 17:55,-119.7711,39.4839,1345,1007.3
RNO,6/26/2026 18:55,-119.7711,39.4839,1345,1008.8
RNO,6/26/2026 19:55,-119.7711,39.4839,1345,1008.3
RNO,6/26/2026 20:55,-119.7711,39.4839,1345,1007.8
RNO,6/26/2026 21:55,-119.7711,39.4839,1345,1008
RNO,6/26/2026 22:55,-119.7711,39.4839,1345,1007.3
RNO,6/26/2026 23:55,-119.7711,39.4839,1345,1007.9
RNO,6/27/2026 0:55,-119.7711,39.4839,1345,1007.6
RNO,6/27/2026 1:55,-119.7711,39.4839,1345,1007.6
RNO,6/27/2026 2:55,-119.7711,39.4839,1345,1008.7
RNO,6/27/2026 3:55,-119.7711,39.4839,1345,1008.8
RNO,6/27/2026 4:55,-119.7711,39.4839,1345,1009
RNO,6/27/2026 5:55,-119.7711,39.4839,1345,1008.8
RNO,6/27/2026 6:55,-119.7711,39.4839,1345,1008.4
RNO,6/27/2026 7:55,-119.7711,39.4839,1345,1007.9
RNO,6/27/2026 8:55,-119.7711,39.4839,1345,1007.4
RNO,6/27/2026 9:55,-119.7711,39.4839,1345,1007.2
RNO,6/27/2026 10:55,-119.7711,39.4839,1345,1007.1
RNO,6/27/2026 11:55,-119.7711,39.4839,1345,1007.3
RNO,6/27/2026 12:55,-119.7711,39.4839,1345,1007.2
RNO,6/27/2026 13:55,-119.7711,39.4839,1345,1008
RNO,6/27/2026 14:55,-119.7711,39.4839,1345,1008.1
RNO,6/27/2026 15:55,-119.7711,39.4839,1345,1008.2
RNO,6/27/2026 16:55,-119.7711,39.4839,1345,1008.6
RNO,6/27/2026 17:55,-119.7711,39.4839,1345,1007.9
RNO,6/27/2026 18:55,-119.7711,39.4839,1345,1007.7
RNO,6/27/2026 19:55,-119.7711,39.4839,1345,1008.2
RNO,6/27/2026 20:55,-119.7711,39.4839,1345,1008.2
RNO,6/27/2026 21:55,-119.7711,39.4839,1345,1008.2
RNO,6/27/2026 22:55,-119.7711,39.4839,1345,1008.3
RNO,6/27/2026 23:55,-119.7711,39.4839,1345,1008.5
RNO,6/28/2026 0:55,-119.7711,39.4839,1345,1008.7
RNO,6/28/2026 1:55,-119.7711,39.4839,1345,1009.1
RNO,6/28/2026 2:55,-119.7711,39.4839,1345,1009.6
RNO,6/28/2026 3:55,-119.7711,39.4839,1345,1009.7
RNO,6/28/2026 4:55,-119.7711,39.4839,1345,1010.8
RNO,6/28/2026 5:55,-119.7711,39.4839,1345,1010.8
RNO,6/28/2026 6:55,-119.7711,39.4839,1345,1011
RNO,6/28/2026 7:55,-119.7711,39.4839,1345,1011.7
RNO,6/28/2026 8:55,-119.7711,39.4839,1345,1012
RNO,6/28/2026 9:55,-119.7711,39.4839,1345,1012.4
RNO,6/28/2026 10:55,-119.7711,39.4839,1345,1013.1
RNO,6/28/2026 11:55,-119.7711,39.4839,1345,1013.4
RNO,6/28/2026 12:55,-119.7711,39.4839,1345,1013.5
RNO,6/28/2026 13:55,-119.7711,39.4839,1345,1013.9
RNO,6/28/2026 14:55,-119.7711,39.4839,1345,1014.3
RNO,6/28/2026 15:55,-119.7711,39.4839,1345,1014.7
RNO,6/28/2026 16:55,-119.7711,39.4839,1345,1014.3
RNO,6/28/2026 17:55,-119.7711,39.4839,1345,1014
RNO,6/28/2026 18:55,-119.7711,39.4839,1345,1013.9
RNO,6/28/2026 19:55,-119.7711,39.4839,1345,1013.4
RNO,6/28/2026 20:55,-119.7711,39.4839,1345,1012.9
RNO,6/28/2026 21:55,-119.7711,39.4839,1345,1012.5
RNO,6/28/2026 22:55,-119.7711,39.4839,1345,1012
RNO,6/28/2026 23:55,-119.7711,39.4839,1345,1011.8
RNO,6/29/2026 0:55,-119.7711,39.4839,1345,1011.7
RNO,6/29/2026 1:55,-119.7711,39.4839,1345,1011.7
RNO,6/29/2026 2:55,-119.7711,39.4839,1345,1011.6
RNO,6/29/2026 3:55,-119.7711,39.4839,1345,1011.7
RNO,6/29/2026 4:55,-119.7711,39.4839,1345,1012.2
RNO,6/29/2026 5:55,-119.7711,39.4839,1345,1012.3
RNO,6/29/2026 6:55,-119.7711,39.4839,1345,1012.5
RNO,6/29/2026 7:55,-119.7711,39.4839,1345,1012.7
RNO,6/29/2026 8:55,-119.7711,39.4839,1345,1012.3
RNO,6/29/2026 9:55,-119.7711,39.4839,1345,1012.1
RNO,6/29/2026 10:55,-119.7711,39.4839,1345,1012.1
RNO,6/29/2026 11:55,-119.7711,39.4839,1345,1012.6
RNO,6/29/2026 12:55,-119.7711,39.4839,1345,1012.6
RNO,6/29/2026 13:55,-119.7711,39.4839,1345,1012.7
RNO,6/29/2026 14:55,-119.7711,39.4839,1345,1012.7
RNO,6/29/2026 15:55,-119.7711,39.4839,1345,1012.8
RNO,6/29/2026 16:55,-119.7711,39.4839,1345,1012.5
RNO,6/29/2026 17:55,-119.7711,39.4839,1345,1012.2
RNO,6/29/2026 18:55,-119.7711,39.4839,1345,1011.5
RNO,6/29/2026 19:55,-119.7711,39.4839,1345,1011.2
RNO,6/29/2026 20:55,-119.7711,39.4839,1345,1010.7
RNO,6/29/2026 21:55,-119.7711,39.4839,1345,1010.3
RNO,6/29/2026 22:55,-119.7711,39.4839,1345,1009.6
RNO,6/29/2026 23:55,-119.7711,39.4839,1345,1009.4
RNO,6/30/2026 0:55,-119.7711,39.4839,1345,1009.2
RNO,6/30/2026 1:55,-119.7711,39.4839,1345,1009.2
RNO,6/30/2026 2:55,-119.7711,39.4839,1345,1009.6
RNO,6/30/2026 3:55,-119.7711,39.4839,1345,1010.3
RNO,6/30/2026 4:55,-119.7711,39.4839,1345,1011.1
RNO,6/30/2026 5:55,-119.7711,39.4839,1345,1011.4
RNO,6/30/2026 6:55,-119.7711,39.4839,1345,1011.3
RNO,6/30/2026 7:55,-119.7711,39.4839,1345,1011.4
RNO,6/30/2026 8:55,-119.7711,39.4839,1345,1011.6
RNO,6/30/2026 9:55,-119.7711,39.4839,1345,1011.4
RNO,6/30/2026 10:55,-119.7711,39.4839,1345,1011.6
RNO,6/30/2026 11:55,-119.7711,39.4839,1345,1011.6
RNO,6/30/2026 12:55,-119.7711,39.4839,1345,1011.6
RNO,6/30/2026 13:55,-119.7711,39.4839,1345,1011.6
RNO,6/30/2026 14:55,-119.7711,39.4839,1345,1011.2
RNO,6/30/2026 15:55,-119.7711,39.4839,1345,1010.9
RNO,6/30/2026 16:55,-119.7711,39.4839,1345,1010.3
RNO,6/30/2026 17:55,-119.7711,39.4839,1345,1009.8
RNO,6/30/2026 18:55,-119.7711,39.4839,1345,1009.1
RNO,6/30/2026 19:55,-119.7711,39.4839,1345,1008.3
RNO,6/30/2026 20:55,-119.7711,39.4839,1345,1008
RNO,6/30/2026 21:55,-119.7711,39.4839,1345,1008
RNO,6/30/2026 22:55,-119.7711,39.4839,1345,1008.3
RNO,6/30/2026 23:55,-119.7711,39.4839,1345,1008.2
RNO,7/1/2026 0:55,-119.7711,39.4839,1345,1008.2
RNO,7/1/2026 1:55,-119.7711,39.4839,1345,1008.5
RNO,7/1/2026 2:55,-119.7711,39.4839,1345,1008.3
RNO,7/1/2026 3:55,-119.7711,39.4839,1345,1009.2
RNO,7/1/2026 4:55,-119.7711,39.4839,1345,1009.6
RNO,7/1/2026 5:55,-119.7711,39.4839,1345,1009.3
RNO,7/1/2026 6:55,-119.7711,39.4839,1345,1009.4
RNO,7/1/2026 7:55,-119.7711,39.4839,1345,1009.2
RNO,7/1/2026 8:55,-119.7711,39.4839,1345,1009.7
RNO,7/1/2026 9:55,-119.7711,39.4839,1345,1009.9
RNO,7/1/2026 10:55,-119.7711,39.4839,1345,1010.2
RNO,7/1/2026 11:55,-119.7711,39.4839,1345,1010.5
RNO,7/1/2026 12:55,-119.7711,39.4839,1345,1011.1
RNO,7/1/2026 13:55,-119.7711,39.4839,1345,1011.2
RNO,7/1/2026 14:55,-119.7711,39.4839,1345,1011.3
RNO,7/1/2026 15:55,-119.7711,39.4839,1345,1010.8
RNO,7/1/2026 16:55,-119.7711,39.4839,1345,1010.5
RNO,7/1/2026 17:55,-119.7711,39.4839,1345,1009.8
RNO,7/1/2026 18:55,-119.7711,39.4839,1345,1009.4
RNO,7/1/2026 19:55,-119.7711,39.4839,1345,1008.7
RNO,7/1/2026 20:55,-119.7711,39.4839,1345,1008.2
RNO,7/1/2026 21:55,-119.7711,39.4839,1345,1007.7
RNO,7/1/2026 22:55,-119.7711,39.4839,1345,1007.5
RNO,7/1/2026 23:55,-119.7711,39.4839,1345,1007.2
RNO,7/2/2026 0:55,-119.7711,39.4839,1345,1007.1
RNO,7/2/2026 1:55,-119.7711,39.4839,1345,1007.5
RNO,7/2/2026 2:55,-119.7711,39.4839,1345,1008.4
RNO,7/2/2026 3:55,-119.7711,39.4839,1345,1009.1
RNO,7/2/2026 4:55,-119.7711,39.4839,1345,1009.9
RNO,7/2/2026 5:55,-119.7711,39.4839,1345,1009.9
RNO,7/2/2026 6:55,-119.7711,39.4839,1345,1010.3
RNO,7/2/2026 7:55,-119.7711,39.4839,1345,1010.5
RNO,7/2/2026 8:55,-119.7711,39.4839,1345,1010.6
RNO,7/2/2026 9:55,-119.7711,39.4839,1345,1010.8
RNO,7/2/2026 10:55,-119.7711,39.4839,1345,1010.7
RNO,7/2/2026 11:55,-119.7711,39.4839,1345,1011.1
RNO,7/2/2026 12:55,-119.7711,39.4839,1345,1011.8
RNO,7/2/2026 13:55,-119.7711,39.4839,1345,1012.1
RNO,7/2/2026 14:55,-119.7711,39.4839,1345,1012.3
RNO,7/2/2026 15:55,-119.7711,39.4839,1345,1012.1
RNO,7/2/2026 16:55,-119.7711,39.4839,1345,1012
RNO,7/2/2026 17:55,-119.7711,39.4839,1345,1011.4
RNO,7/2/2026 18:55,-119.7711,39.4839,1345,1010.7
RNO,7/2/2026 19:55,-119.7711,39.4839,1345,1010
RNO,7/2/2026 20:55,-119.7711,39.4839,1345,1009.4
RNO,7/2/2026 21:55,-119.7711,39.4839,1345,1009
RNO,7/2/2026 22:55,-119.7711,39.4839,1345,1008.7
RNO,7/2/2026 23:55,-119.7711,39.4839,1345,1008.5
RNO,7/3/2026 0:55,-119.7711,39.4839,1345,1008.8
RNO,7/3/2026 1:38,-119.7711,39.4839,1345,M
RNO,7/3/2026 1:55,-119.7711,39.4839,1345,1009
RNO,7/3/2026 2:17,-119.7711,39.4839,1345,M
RNO,7/3/2026 2:55,-119.7711,39.4839,1345,1009.5
RNO,7/3/2026 3:55,-119.7711,39.4839,1345,1010.3
RNO,7/3/2026 4:55,-119.7711,39.4839,1345,1011.6
RNO,7/3/2026 5:55,-119.7711,39.4839,1345,1011.7
RNO,7/3/2026 6:55,-119.7711,39.4839,1345,1011.8
RNO,7/3/2026 7:55,-119.7711,39.4839,1345,1011.8
RNO,7/3/2026 8:55,-119.7711,39.4839,1345,1011.9
RNO,7/3/2026 9:55,-119.7711,39.4839,1345,1012.4
RNO,7/3/2026 10:55,-119.7711,39.4839,1345,1012.5
RNO,7/3/2026 11:55,-119.7711,39.4839,1345,1013.2
RNO,7/3/2026 12:55,-119.7711,39.4839,1345,1013.8
RNO,7/3/2026 13:55,-119.7711,39.4839,1345,1014.2
RNO,7/3/2026 14:55,-119.7711,39.4839,1345,1014.3
RNO,7/3/2026 15:55,-119.7711,39.4839,1345,1014.4
RNO,7/3/2026 16:55,-119.7711,39.4839,1345,1013.7
RNO,7/3/2026 17:55,-119.7711,39.4839,1345,1013.3
RNO,7/3/2026 18:55,-119.7711,39.4839,1345,1012.7
RNO,7/3/2026 19:55,-119.7711,39.4839,1345,1011.9
RNO,7/3/2026 20:55,-119.7711,39.4839,1345,1011.1
RNO,7/3/2026 21:55,-119.7711,39.4839,1345,1010.5
RNO,7/3/2026 22:55,-119.7711,39.4839,1345,1010.3
RNO,7/3/2026 23:55,-119.7711,39.4839,1345,1010.4
RNO,7/4/2026 0:55,-119.7711,39.4839,1345,1010.7
RNO,7/4/2026 1:55,-119.7711,39.4839,1345,1010.7
RNO,7/4/2026 2:55,-119.7711,39.4839,1345,1011.2
RNO,7/4/2026 3:55,-119.7711,39.4839,1345,1012.2
RNO,7/4/2026 4:55,-119.7711,39.4839,1345,1013
RNO,7/4/2026 5:55,-119.7711,39.4839,1345,1013.5
RNO,7/4/2026 6:55,-119.7711,39.4839,1345,1013.6
RNO,7/4/2026 7:55,-119.7711,39.4839,1345,1013.6
RNO,7/4/2026 8:55,-119.7711,39.4839,1345,1013.7
RNO,7/4/2026 9:55,-119.7711,39.4839,1345,1014.3
RNO,7/4/2026 10:55,-119.7711,39.4839,1345,1014.5
RNO,7/4/2026 11:55,-119.7711,39.4839,1345,1015
RNO,7/4/2026 12:55,-119.7711,39.4839,1345,1015.7
RNO,7/4/2026 13:55,-119.7711,39.4839,1345,1015.5
RNO,7/4/2026 14:55,-119.7711,39.4839,1345,1015.5
RNO,7/4/2026 15:55,-119.7711,39.4839,1345,1015.5
RNO,7/4/2026 16:55,-119.7711,39.4839,1345,1014.9
RNO,7/4/2026 17:55,-119.7711,39.4839,1345,1014.4
RNO,7/4/2026 18:55,-119.7711,39.4839,1345,1013.6
RNO,7/4/2026 19:55,-119.7711,39.4839,1345,1012.7
RNO,7/4/2026 20:55,-119.7711,39.4839,1345,1011.6
RNO,7/4/2026 21:55,-119.7711,39.4839,1345,1010.9
RNO,7/4/2026 22:55,-119.7711,39.4839,1345,1010.1
RNO,7/4/2026 23:55,-119.7711,39.4839,1345,1009.5
RNO,7/5/2026 0:55,-119.7711,39.4839,1345,1009
RNO,7/5/2026 1:55,-119.7711,39.4839,1345,1009.5
RNO,7/5/2026 2:55,-119.7711,39.4839,1345,1010.3
RNO,7/5/2026 3:55,-119.7711,39.4839,1345,1011.1
RNO,7/5/2026 4:55,-119.7711,39.4839,1345,1012.2
RNO,7/5/2026 5:55,-119.7711,39.4839,1345,1012.5
RNO,7/5/2026 6:55,-119.7711,39.4839,1345,1013
RNO,7/5/2026 7:55,-119.7711,39.4839,1345,1013.3
RNO,7/5/2026 8:55,-119.7711,39.4839,1345,1012.7
RNO,7/5/2026 9:55,-119.7711,39.4839,1345,1012.7
RNO,7/5/2026 10:55,-119.7711,39.4839,1345,1012.5
RNO,7/5/2026 11:55,-119.7711,39.4839,1345,1012.6
RNO,7/5/2026 12:55,-119.7711,39.4839,1345,1013.1
RNO,7/5/2026 13:55,-119.7711,39.4839,1345,1013.4
RNO,7/5/2026 14:55,-119.7711,39.4839,1345,1013.4
RNO,7/5/2026 15:55,-119.7711,39.4839,1345,1013
RNO,7/5/2026 16:55,-119.7711,39.4839,1345,1012.8
RNO,7/5/2026 17:55,-119.7711,39.4839,1345,1012.9
RNO,7/5/2026 18:55,-119.7711,39.4839,1345,1013.2
RNO,7/5/2026 19:55,-119.7711,39.4839,1345,1013.2
RNO,7/5/2026 20:55,-119.7711,39.4839,1345,1012.7
RNO,7/5/2026 21:55,-119.7711,39.4839,1345,1012.6
RNO,7/5/2026 22:55,-119.7711,39.4839,1345,1012
RNO,7/5/2026 23:55,-119.7711,39.4839,1345,1011.5
RNO,7/6/2026 0:55,-119.7711,39.4839,1345,1011.1
RNO,7/6/2026 1:55,-119.7711,39.4839,1345,1010.5
RNO,7/6/2026 2:55,-119.7711,39.4839,1345,1010.5
RNO,7/6/2026 3:55,-119.7711,39.4839,1345,1011.2
RNO,7/6/2026 4:55,-119.7711,39.4839,1345,1012.2
RNO,7/6/2026 5:55,-119.7711,39.4839,1345,1012.9
RNO,7/6/2026 6:55,-119.7711,39.4839,1345,1013.2
RNO,7/6/2026 7:55,-119.7711,39.4839,1345,1013.3
RNO,7/6/2026 8:55,-119.7711,39.4839,1345,1013.4
RNO,7/6/2026 9:55,-119.7711,39.4839,1345,1013.3
RNO,7/6/2026 10:55,-119.7711,39.4839,1345,1013.4
RNO,7/6/2026 11:55,-119.7711,39.4839,1345,1013.7
RNO,7/6/2026 12:55,-119.7711,39.4839,1345,1013.7
RNO,7/6/2026 13:55,-119.7711,39.4839,1345,1013.9
RNO,7/6/2026 14:55,-119.7711,39.4839,1345,1013.7
RNO,7/6/2026 15:55,-119.7711,39.4839,1345,1013.7
RNO,7/6/2026 16:55,-119.7711,39.4839,1345,1013.2
RNO,7/6/2026 17:55,-119.7711,39.4839,1345,1012.6
RNO,7/6/2026 18:55,-119.7711,39.4839,1345,1012.2
RNO,7/6/2026 19:55,-119.7711,39.4839,1345,1011.5
RNO,7/6/2026 20:55,-119.7711,39.4839,1345,1011
RNO,7/6/2026 21:55,-119.7711,39.4839,1345,1010.4
RNO,7/6/2026 22:55,-119.7711,39.4839,1345,1009.7
RNO,7/6/2026 23:55,-119.7711,39.4839,1345,1009.5
RNO,7/7/2026 0:55,-119.7711,39.4839,1345,1009.5
RNO,7/7/2026 1:55,-119.7711,39.4839,1345,1010
RNO,7/7/2026 2:55,-119.7711,39.4839,1345,1010.7
RNO,7/7/2026 3:55,-119.7711,39.4839,1345,1011.4
RNO,7/7/2026 4:55,-119.7711,39.4839,1345,1012.3
RNO,7/7/2026 5:55,-119.7711,39.4839,1345,1012.8
RNO,7/7/2026 6:55,-119.7711,39.4839,1345,1012.9
RNO,7/7/2026 7:55,-119.7711,39.4839,1345,1013.1
RNO,7/7/2026 8:55,-119.7711,39.4839,1345,1013.2
RNO,7/7/2026 9:55,-119.7711,39.4839,1345,1013.5
RNO,7/7/2026 10:55,-119.7711,39.4839,1345,1013.5
RNO,7/7/2026 11:55,-119.7711,39.4839,1345,1013.4
RNO,7/7/2026 12:55,-119.7711,39.4839,1345,1013.8
RNO,7/7/2026 13:55,-119.7711,39.4839,1345,1013.9
RNO,7/7/2026 14:55,-119.7711,39.4839,1345,1014
RNO,7/7/2026 15:55,-119.7711,39.4839,1345,1014.1
RNO,7/7/2026 16:55,-119.7711,39.4839,1345,1013.6
RNO,7/7/2026 17:55,-119.7711,39.4839,1345,1013.1
RNO,7/7/2026 18:55,-119.7711,39.4839,1345,1012.7
RNO,7/7/2026 19:55,-119.7711,39.4839,1345,1012.2
RNO,7/7/2026 20:55,-119.7711,39.4839,1345,1011.5
RNO,7/7/2026 21:55,-119.7711,39.4839,1345,1011.1
RNO,7/7/2026 22:55,-119.7711,39.4839,1345,1010.5
RNO,7/7/2026 23:55,-119.7711,39.4839,1345,1010.3
RNO,7/8/2026 0:55,-119.7711,39.4839,1345,1010.3
RNO,7/8/2026 1:55,-119.7711,39.4839,1345,1011
RNO,7/8/2026 2:55,-119.7711,39.4839,1345,1011.6
RNO,7/8/2026 3:55,-119.7711,39.4839,1345,1012.7
RNO,7/8/2026 4:55,-119.7711,39.4839,1345,1013.3
RNO,7/8/2026 5:55,-119.7711,39.4839,1345,1014.5
RNO,7/8/2026 6:55,-119.7711,39.4839,1345,1014.8
RNO,7/8/2026 7:55,-119.7711,39.4839,1345,1014.9
RNO,7/8/2026 8:55,-119.7711,39.4839,1345,1014.9
RNO,7/8/2026 9:55,-119.7711,39.4839,1345,1015.5
RNO,7/8/2026 10:55,-119.7711,39.4839,1345,1015.2
RNO,7/8/2026 11:55,-119.7711,39.4839,1345,1015.5
RNO,7/8/2026 12:55,-119.7711,39.4839,1345,1016.1
RNO,7/8/2026 13:55,-119.7711,39.4839,1345,1016.3
RNO,7/8/2026 14:55,-119.7711,39.4839,1345,1016.5
RNO,7/8/2026 15:55,-119.7711,39.4839,1345,1016.5
RNO,7/8/2026 16:55,-119.7711,39.4839,1345,1015.7
RNO,7/8/2026 17:55,-119.7711,39.4839,1345,1015.5
RNO,7/8/2026 18:55,-119.7711,39.4839,1345,1014.9
RNO,7/8/2026 19:55,-119.7711,39.4839,1345,1014.1
RNO,7/8/2026 20:55,-119.7711,39.4839,1345,1013.4
RNO,7/8/2026 21:55,-119.7711,39.4839,1345,1012.6
RNO,7/8/2026 22:55,-119.7711,39.4839,1345,1012
RNO,7/8/2026 23:55,-119.7711,39.4839,1345,1011.9
RNO,7/9/2026 0:55,-119.7711,39.4839,1345,1012.2
RNO,7/9/2026 1:55,-119.7711,39.4839,1345,1011.7
RNO,7/9/2026 2:55,-119.7711,39.4839,1345,1012.2
RNO,7/9/2026 3:55,-119.7711,39.4839,1345,1012.6
RNO,7/9/2026 4:55,-119.7711,39.4839,1345,1013.8
RNO,7/9/2026 5:55,-119.7711,39.4839,1345,1014.3
RNO,7/9/2026 6:55,-119.7711,39.4839,1345,1014.6
RNO,7/9/2026 7:55,-119.7711,39.4839,1345,1014.7
RNO,7/9/2026 8:55,-119.7711,39.4839,1345,1014.4
RNO,7/9/2026 9:55,-119.7711,39.4839,1345,1013.9
RNO,7/9/2026 10:55,-119.7711,39.4839,1345,1014.1
RNO,7/9/2026 11:55,-119.7711,39.4839,1345,1014.5
RNO,7/9/2026 12:55,-119.7711,39.4839,1345,1014.7
RNO,7/9/2026 13:55,-119.7711,39.4839,1345,1015.3
RNO,7/9/2026 14:55,-119.7711,39.4839,1345,1015.4
RNO,7/9/2026 15:55,-119.7711,39.4839,1345,1015.2
RNO,7/9/2026 16:55,-119.7711,39.4839,1345,1014.8
RNO,7/9/2026 17:55,-119.7711,39.4839,1345,1014
RNO,7/9/2026 18:55,-119.7711,39.4839,1345,1013.4
RNO,7/9/2026 19:55,-119.7711,39.4839,1345,1012.7
RNO,7/9/2026 20:55,-119.7711,39.4839,1345,1011.8
RNO,7/9/2026 21:55,-119.7711,39.4839,1345,1010.9
RNO,7/9/2026 22:55,-119.7711,39.4839,1345,1010.1
RNO,7/9/2026 23:55,-119.7711,39.4839,1345,1009.5
RNO,7/10/2026 0:55,-119.7711,39.4839,1345,1009.4
RNO,7/10/2026 1:55,-119.7711,39.4839,1345,1009.1
RNO,7/10/2026 2:55,-119.7711,39.4839,1345,1009.4
RNO,7/10/2026 3:55,-119.7711,39.4839,1345,1009.9
RNO,7/10/2026 4:55,-119.7711,39.4839,1345,1010.7
RNO,7/10/2026 5:55,-119.7711,39.4839,1345,1011
RNO,7/10/2026 6:55,-119.7711,39.4839,1345,1011.1
RNO,7/10/2026 7:55,-119.7711,39.4839,1345,1010.8
RNO,7/10/2026 8:55,-119.7711,39.4839,1345,1010.7
RNO,7/10/2026 9:55,-119.7711,39.4839,1345,1010.8
RNO,7/10/2026 10:55,-119.7711,39.4839,1345,1010.7
RNO,7/10/2026 11:55,-119.7711,39.4839,1345,1010.7
RNO,7/10/2026 12:55,-119.7711,39.4839,1345,1011.1
RNO,7/10/2026 13:55,-119.7711,39.4839,1345,1011.5
RNO,7/10/2026 14:55,-119.7711,39.4839,1345,1011.5
RNO,7/10/2026 15:55,-119.7711,39.4839,1345,1011.5
RNO,7/10/2026 16:55,-119.7711,39.4839,1345,1010.8
RNO,7/10/2026 17:55,-119.7711,39.4839,1345,1010.4
RNO,7/10/2026 18:55,-119.7711,39.4839,1345,1010.1
RNO,7/10/2026 19:55,-119.7711,39.4839,1345,1009.7
RNO,7/10/2026 20:55,-119.7711,39.4839,1345,1008.8
RNO,7/10/2026 21:55,-119.7711,39.4839,1345,1008.7
RNO,7/10/2026 22:55,-119.7711,39.4839,1345,1009.1
RNO,7/10/2026 23:55,-119.7711,39.4839,1345,1009.5
RNO,7/11/2026 0:55,-119.7711,39.4839,1345,1009.5
RNO,7/11/2026 1:55,-119.7711,39.4839,1345,1009.9
RNO,7/11/2026 2:55,-119.7711,39.4839,1345,1010.5
RNO,7/11/2026 3:55,-119.7711,39.4839,1345,1010.7
RNO,7/11/2026 4:55,-119.7711,39.4839,1345,1011.2
RNO,7/11/2026 5:55,-119.7711,39.4839,1345,1011.1
RNO,7/11/2026 6:55,-119.7711,39.4839,1345,1011.1
RNO,7/11/2026 7:55,-119.7711,39.4839,1345,1011.4
RNO,7/11/2026 8:55,-119.7711,39.4839,1345,1011.3
RNO,7/11/2026 9:55,-119.7711,39.4839,1345,1011.5
RNO,7/11/2026 10:55,-119.7711,39.4839,1345,1011.7
RNO,7/11/2026 11:55,-119.7711,39.4839,1345,1012.1
RNO,7/11/2026 12:55,-119.7711,39.4839,1345,1012.4
RNO,7/11/2026 13:55,-119.7711,39.4839,1345,1012.9
RNO,7/11/2026 14:55,-119.7711,39.4839,1345,1013
RNO,7/11/2026 15:55,-119.7711,39.4839,1345,1013.2
RNO,7/11/2026 16:55,-119.7711,39.4839,1345,1012.7
RNO,7/11/2026 17:55,-119.7711,39.4839,1345,1012.1
RNO,7/11/2026 18:55,-119.7711,39.4839,1345,1011.4
RNO,7/11/2026 19:55,-119.7711,39.4839,1345,1010.6
RNO,7/11/2026 20:04,-119.7711,39.4839,1345,M
RNO,7/11/2026 20:55,-119.7711,39.4839,1345,1010.1
RNO,7/11/2026 21:55,-119.7711,39.4839,1345,1009.5
RNO,7/11/2026 22:55,-119.7711,39.4839,1345,1008.8
RNO,7/11/2026 23:55,-119.7711,39.4839,1345,1009.4
RNO,7/12/2026 0:55,-119.7711,39.4839,1345,1009.3
RNO,7/12/2026 1:55,-119.7711,39.4839,1345,1009.5
RNO,7/12/2026 2:55,-119.7711,39.4839,1345,1010.3
RNO,7/12/2026 3:55,-119.7711,39.4839,1345,1010.7
RNO,7/12/2026 4:55,-119.7711,39.4839,1345,1011.4
RNO,7/12/2026 5:55,-119.7711,39.4839,1345,1012.1
RNO,7/12/2026 6:55,-119.7711,39.4839,1345,1012.2
RNO,7/12/2026 7:55,-119.7711,39.4839,1345,1012.3
RNO,7/12/2026 8:55,-119.7711,39.4839,1345,1012.8
RNO,7/12/2026 9:55,-119.7711,39.4839,1345,1012.6
RNO,7/12/2026 10:55,-119.7711,39.4839,1345,1012.9
RNO,7/12/2026 11:55,-119.7711,39.4839,1345,1012.9
RNO,7/12/2026 12:55,-119.7711,39.4839,1345,1013.4
RNO,7/12/2026 13:55,-119.7711,39.4839,1345,1014.1
RNO,7/12/2026 14:55,-119.7711,39.4839,1345,1014.3
RNO,7/12/2026 15:55,-119.7711,39.4839,1345,1015.3
RNO,7/12/2026 16:55,-119.7711,39.4839,1345,1015.2
RNO,7/12/2026 17:55,-119.7711,39.4839,1345,1014.9
RNO,7/12/2026 18:55,-119.7711,39.4839,1345,1015
RNO,7/12/2026 19:55,-119.7711,39.4839,1345,1014.8
RNO,7/12/2026 20:55,-119.7711,39.4839,1345,1014.5
RNO,7/12/2026 21:55,-119.7711,39.4839,1345,1015.1
RNO,7/12/2026 22:55,-119.7711,39.4839,1345,1014.8
RNO,7/12/2026 23:55,-119.7711,39.4839,1345,1014.1
RNO,7/13/2026 0:55,-119.7711,39.4839,1345,1014.3
RNO,7/13/2026 1:55,-119.7711,39.4839,1345,1014.3
RNO,7/13/2026 2:55,-119.7711,39.4839,1345,1014.8
RNO,7/13/2026 3:55,-119.7711,39.4839,1345,1014.7
RNO,7/13/2026 4:55,-119.7711,39.4839,1345,1014.9
RNO,7/13/2026 5:55,-119.7711,39.4839,1345,1015.1
RNO,7/13/2026 6:55,-119.7711,39.4839,1345,1014.9
RNO,7/13/2026 7:55,-119.7711,39.4839,1345,1014.9
RNO,7/13/2026 8:55,-119.7711,39.4839,1345,1014.9
RNO,7/13/2026 9:55,-119.7711,39.4839,1345,1015.1
RNO,7/13/2026 10:55,-119.7711,39.4839,1345,1015.6
RNO,7/13/2026 11:55,-119.7711,39.4839,1345,1015.5
RNO,7/13/2026 12:55,-119.7711,39.4839,1345,1015.7
RNO,7/13/2026 13:55,-119.7711,39.4839,1345,1015.8
RNO,7/13/2026 14:55,-119.7711,39.4839,1345,1016.6
RNO,7/13/2026 15:55,-119.7711,39.4839,1345,1017
RNO,7/13/2026 16:55,-119.7711,39.4839,1345,1017.1
RNO,7/13/2026 17:55,-119.7711,39.4839,1345,1017.4
RNO,7/13/2026 18:55,-119.7711,39.4839,1345,1017.3
RNO,7/13/2026 19:55,-119.7711,39.4839,1345,1017.6
RNO,7/13/2026 20:55,-119.7711,39.4839,1345,1017.3
RNO,7/13/2026 21:55,-119.7711,39.4839,1345,1015.8
RNO,7/13/2026 22:55,-119.7711,39.4839,1345,1015.5
RNO,7/13/2026 23:55,-119.7711,39.4839,1345,1015.1
RNO,7/14/2026 0:55,-119.7711,39.4839,1345,1015.3
RNO,7/14/2026 1:32,-119.7711,39.4839,1345,M
RNO,7/14/2026 1:34,-119.7711,39.4839,1345,M
RNO,7/14/2026 1:39,-119.7711,39.4839,1345,M
RNO,7/14/2026 1:55,-119.7711,39.4839,1345,1017.5
RNO,7/14/2026 2:55,-119.7711,39.4839,1345,1018.6
RNO,7/14/2026 3:17,-119.7711,39.4839,1345,M
RNO,7/14/2026 3:55,-119.7711,39.4839,1345,1019.6
RNO,7/14/2026 4:55,-119.7711,39.4839,1345,1019.5
RNO,7/14/2026 5:55,-119.7711,39.4839,1345,1019.5
RNO,7/14/2026 6:55,-119.7711,39.4839,1345,1019.5
RNO,7/14/2026 7:55,-119.7711,39.4839,1345,1019.5
RNO,7/14/2026 8:55,-119.7711,39.4839,1345,1018.7
RNO,7/14/2026 9:55,-119.7711,39.4839,1345,1018.4
RNO,7/14/2026 10:05,-119.7711,39.4839,1345,M
RNO,7/14/2026 10:55,-119.7711,39.4839,1345,1018.1
RNO,7/14/2026 11:55,-119.7711,39.4839,1345,1018.1
RNO,7/14/2026 12:55,-119.7711,39.4839,1345,1018.7
RNO,7/14/2026 13:55,-119.7711,39.4839,1345,1019.4
RNO,7/14/2026 14:55,-119.7711,39.4839,1345,1020.1
RNO,7/14/2026 15:55,-119.7711,39.4839,1345,1019.9
RNO,7/14/2026 16:55,-119.7711,39.4839,1345,1019.2
RNO,7/14/2026 17:55,-119.7711,39.4839,1345,1018.9
RNO,7/14/2026 18:55,-119.7711,39.4839,1345,1018.3
RNO,7/14/2026 19:55,-119.7711,39.4839,1345,1017.5
RNO,7/14/2026 20:55,-119.7711,39.4839,1345,1016.5
RNO,7/14/2026 21:55,-119.7711,39.4839,1345,1016.2
RNO,7/14/2026 22:55,-119.7711,39.4839,1345,1015.5
RNO,7/14/2026 23:55,-119.7711,39.4839,1345,1015
RNO,7/15/2026 0:55,-119.7711,39.4839,1345,1015
RNO,7/15/2026 1:55,-119.7711,39.4839,1345,1015.5
RNO,7/15/2026 2:55,-119.7711,39.4839,1345,1015.8
RNO,7/15/2026 3:55,-119.7711,39.4839,1345,1016.2
RNO,7/15/2026 4:55,-119.7711,39.4839,1345,1016.9
RNO,7/15/2026 5:55,-119.7711,39.4839,1345,1017
RNO,7/15/2026 6:55,-119.7711,39.4839,1345,1016.9
RNO,7/15/2026 7:55,-119.7711,39.4839,1345,1016.8
RNO,7/15/2026 8:55,-119.7711,39.4839,1345,1016.4
RNO,7/15/2026 9:55,-119.7711,39.4839,1345,1016.4
RNO,7/15/2026 10:55,-119.7711,39.4839,1345,1016.6
RNO,7/15/2026 11:55,-119.7711,39.4839,1345,1016.5
RNO,7/15/2026 12:55,-119.7711,39.4839,1345,1016.5
RNO,7/15/2026 13:55,-119.7711,39.4839,1345,1017
RNO,7/15/2026 14:55,-119.7711,39.4839,1345,1017
RNO,7/15/2026 15:55,-119.7711,39.4839,1345,1016.9
RNO,7/15/2026 16:55,-119.7711,39.4839,1345,1015.9
RNO,7/15/2026 17:55,-119.7711,39.4839,1345,1015.1
RNO,7/15/2026 18:55,-119.7711,39.4839,1345,1014.1
RNO,7/15/2026 19:55,-119.7711,39.4839,1345,1013.1
RNO,7/15/2026 20:55,-119.7711,39.4839,1345,1012
RNO,7/15/2026 21:55,-119.7711,39.4839,1345,1011.6
RNO,7/15/2026 22:55,-119.7711,39.4839,1345,1010.9
RNO,7/15/2026 23:55,-119.7711,39.4839,1345,1010.2
RNO,7/16/2026 0:55,-119.7711,39.4839,1345,1010
RNO,7/16/2026 1:55,-119.7711,39.4839,1345,1010.4
RNO,7/16/2026 2:55,-119.7711,39.4839,1345,1010.4
RNO,7/16/2026 3:55,-119.7711,39.4839,1345,1011.1
RNO,7/16/2026 4:55,-119.7711,39.4839,1345,1011.7
RNO,7/16/2026 5:55,-119.7711,39.4839,1345,1011.5
RNO,7/16/2026 6:55,-119.7711,39.4839,1345,1012.2
RNO,7/16/2026 7:55,-119.7711,39.4839,1345,1012
RNO,7/16/2026 8:55,-119.7711,39.4839,1345,1011.6
RNO,7/16/2026 9:55,-119.7711,39.4839,1345,1011.7
RNO,7/16/2026 10:55,-119.7711,39.4839,1345,1011.4
RNO,7/16/2026 11:55,-119.7711,39.4839,1345,1011.5
RNO,7/16/2026 12:55,-119.7711,39.4839,1345,1011.7
RNO,7/16/2026 13:55,-119.7711,39.4839,1345,1011.8
RNO,7/16/2026 14:55,-119.7711,39.4839,1345,1011.8
RNO,7/16/2026 15:55,-119.7711,39.4839,1345,1011.7
RNO,7/16/2026 16:55,-119.7711,39.4839,1345,1011
RNO,7/16/2026 17:55,-119.7711,39.4839,1345,1010.3
RNO,7/16/2026 18:55,-119.7711,39.4839,1345,1009.7
RNO,7/16/2026 19:55,-119.7711,39.4839,1345,1008.8
RNO,7/16/2026 20:55,-119.7711,39.4839,1345,1008.3
RNO,7/16/2026 21:55,-119.7711,39.4839,1345,1008
RNO,7/16/2026 22:35,-119.7711,39.4839,1345,M
RNO,7/16/2026 22:55,-119.7711,39.4839,1345,1007.3
RNO,7/16/2026 23:55,-119.7711,39.4839,1345,1006.9
RNO,7/17/2026 0:55,-119.7711,39.4839,1345,1006.9
RNO,7/17/2026 1:55,-119.7711,39.4839,1345,1007.3
RNO,7/17/2026 2:55,-119.7711,39.4839,1345,1007.9
RNO,7/17/2026 3:55,-119.7711,39.4839,1345,1008.7
RNO,7/17/2026 4:55,-119.7711,39.4839,1345,1009.4
RNO,7/17/2026 5:55,-119.7711,39.4839,1345,1010.2
RNO,7/17/2026 6:55,-119.7711,39.4839,1345,1010.2
RNO,7/17/2026 7:55,-119.7711,39.4839,1345,1010.5
RNO,7/17/2026 8:55,-119.7711,39.4839,1345,1010.7
RNO,7/17/2026 9:55,-119.7711,39.4839,1345,1010.6
RNO,7/17/2026 10:55,-119.7711,39.4839,1345,1010.7
RNO,7/17/2026 11:55,-119.7711,39.4839,1345,1011.2
RNO,7/17/2026 13:55,-119.7711,39.4839,1345,1012.8
RNO,7/17/2026 14:55,-119.7711,39.4839,1345,1012.6
RNO,7/17/2026 15:55,-119.7711,39.4839,1345,1012.7
RNO,7/17/2026 16:55,-119.7711,39.4839,1345,1012.1
RNO,7/17/2026 17:55,-119.7711,39.4839,1345,1011.9
RNO,7/17/2026 18:55,-119.7711,39.4839,1345,1011.5
RNO,7/17/2026 19:55,-119.7711,39.4839,1345,1011.2
RNO,7/17/2026 20:55,-119.7711,39.4839,1345,1010.8
RNO,7/17/2026 21:55,-119.7711,39.4839,1345,1010.4
RNO,7/17/2026 22:55,-119.7711,39.4839,1345,1009.7
RNO,7/17/2026 23:55,-119.7711,39.4839,1345,1009.7
RNO,7/18/2026 0:55,-119.7711,39.4839,1345,1009.8
RNO,7/18/2026 1:55,-119.7711,39.4839,1345,1010.3
RNO,7/18/2026 2:55,-119.7711,39.4839,1345,1011.2
RNO,7/18/2026 3:55,-119.7711,39.4839,1345,1011.5
RNO,7/18/2026 4:55,-119.7711,39.4839,1345,1012.7
RNO,7/18/2026 5:55,-119.7711,39.4839,1345,1013.4
RNO,7/18/2026 6:55,-119.7711,39.4839,1345,1013.4
RNO,7/18/2026 7:55,-119.7711,39.4839,1345,1013.9
RNO,7/18/2026 8:55,-119.7711,39.4839,1345,1014
RNO,7/18/2026 9:55,-119.7711,39.4839,1345,1014.3
RNO,7/18/2026 10:55,-119.7711,39.4839,1345,1014.6
RNO,7/18/2026 11:55,-119.7711,39.4839,1345,1014.9
RNO,7/18/2026 12:55,-119.7711,39.4839,1345,1015.1
RNO,7/18/2026 13:55,-119.7711,39.4839,1345,1015.8
RNO,7/18/2026 14:55,-119.7711,39.4839,1345,1015.9
RNO,7/18/2026 15:55,-119.7711,39.4839,1345,1015.8
RNO,7/18/2026 16:55,-119.7711,39.4839,1345,1015.7
RNO,7/18/2026 17:55,-119.7711,39.4839,1345,1015.3
RNO,7/18/2026 18:55,-119.7711,39.4839,1345,1014.9
RNO,7/18/2026 19:55,-119.7711,39.4839,1345,1013.8
RNO,7/18/2026 20:55,-119.7711,39.4839,1345,1013.1
RNO,7/18/2026 21:55,-119.7711,39.4839,1345,1012.5
RNO,7/18/2026 22:55,-119.7711,39.4839,1345,1011.5
RNO,7/18/2026 23:55,-119.7711,39.4839,1345,1010.8
RNO,7/19/2026 0:55,-119.7711,39.4839,1345,1010.7
RNO,7/19/2026 1:55,-119.7711,39.4839,1345,1011.1
RNO,7/19/2026 2:55,-119.7711,39.4839,1345,1011.5
RNO,7/19/2026 3:55,-119.7711,39.4839,1345,1012.2
RNO,7/19/2026 4:55,-119.7711,39.4839,1345,1013.1
RNO,7/19/2026 5:55,-119.7711,39.4839,1345,1013.1
RNO,7/19/2026 6:55,-119.7711,39.4839,1345,1014
RNO,7/19/2026 7:55,-119.7711,39.4839,1345,1013.9
RNO,7/19/2026 8:55,-119.7711,39.4839,1345,1014.1
RNO,7/19/2026 9:55,-119.7711,39.4839,1345,1014.2
RNO,7/19/2026 10:55,-119.7711,39.4839,1345,1014.1
RNO,7/19/2026 11:55,-119.7711,39.4839,1345,1014.5
RNO,7/19/2026 12:55,-119.7711,39.4839,1345,1015
RNO,7/19/2026 13:55,-119.7711,39.4839,1345,1014.9
RNO,7/19/2026 14:55,-119.7711,39.4839,1345,1014.9
RNO,7/19/2026 15:55,-119.7711,39.4839,1345,1014.7
RNO,7/19/2026 16:55,-119.7711,39.4839,1345,1014
RNO,7/19/2026 17:55,-119.7711,39.4839,1345,1013.3
RNO,7/19/2026 18:55,-119.7711,39.4839,1345,1012.4
RNO,7/19/2026 19:55,-119.7711,39.4839,1345,1011.6
RNO,7/19/2026 20:55,-119.7711,39.4839,1345,1010.7
RNO,7/19/2026 21:55,-119.7711,39.4839,1345,1009.8
RNO,7/19/2026 22:55,-119.7711,39.4839,1345,1009
RNO,7/19/2026 23:55,-119.7711,39.4839,1345,1008.8
RNO,7/20/2026 0:55,-119.7711,39.4839,1345,1008.6
RNO,7/20/2026 1:55,-119.7711,39.4839,1345,1008.7
RNO,7/20/2026 2:55,-119.7711,39.4839,1345,1008.8
RNO,7/20/2026 3:55,-119.7711,39.4839,1345,1009.5
RNO,7/20/2026 4:55,-119.7711,39.4839,1345,1010.2
RNO,7/20/2026 5:55,-119.7711,39.4839,1345,1010.7
RNO,7/20/2026 6:55,-119.7711,39.4839,1345,1011
RNO,7/20/2026 7:55,-119.7711,39.4839,1345,1010.9
RNO,7/20/2026 8:55,-119.7711,39.4839,1345,1010.9
RNO,7/20/2026 9:55,-119.7711,39.4839,1345,1011.3
RNO,7/20/2026 10:55,-119.7711,39.4839,1345,1011.5
RNO,7/20/2026 11:55,-119.7711,39.4839,1345,1012.1
RNO,7/20/2026 12:55,-119.7711,39.4839,1345,1012.3
RNO,7/20/2026 13:55,-119.7711,39.4839,1345,1012.5
RNO,7/20/2026 14:55,-119.7711,39.4839,1345,1012.7
RNO,7/20/2026 15:55,-119.7711,39.4839,1345,1013
RNO,7/20/2026 16:55,-119.7711,39.4839,1345,1012.6
RNO,7/20/2026 17:55,-119.7711,39.4839,1345,1012.7
RNO,7/20/2026 18:55,-119.7711,39.4839,1345,1012.4
RNO,7/20/2026 19:55,-119.7711,39.4839,1345,1011.7
RNO,7/20/2026 20:55,-119.7711,39.4839,1345,1011
RNO,7/20/2026 21:55,-119.7711,39.4839,1345,1010.5
RNO,7/20/2026 22:55,-119.7711,39.4839,1345,1009.8
RNO,7/20/2026 23:55,-119.7711,39.4839,1345,1009.6
RNO,7/21/2026 0:55,-119.7711,39.4839,1345,1009.6
RNO,7/21/2026 1:55,-119.7711,39.4839,1345,1010
RNO,7/21/2026 2:55,-119.7711,39.4839,1345,1010.7
RNO,7/21/2026 3:55,-119.7711,39.4839,1345,1011.6
RNO,7/21/2026 4:55,-119.7711,39.4839,1345,1013
RNO,7/21/2026 5:55,-119.7711,39.4839,1345,1014.4
RNO,7/21/2026 6:55,-119.7711,39.4839,1345,1015.7
RNO,7/21/2026 7:55,-119.7711,39.4839,1345,1015.4
RNO,7/21/2026 8:55,-119.7711,39.4839,1345,1014.7
RNO,7/21/2026 9:55,-119.7711,39.4839,1345,1013.9
RNO,7/21/2026 10:55,-119.7711,39.4839,1345,1013.4
RNO,7/21/2026 11:55,-119.7711,39.4839,1345,1013.2
RNO,7/21/2026 12:55,-119.7711,39.4839,1345,1013.8
RNO,7/21/2026 13:55,-119.7711,39.4839,1345,1014.2
RNO,7/21/2026 14:55,-119.7711,39.4839,1345,1014.6
RNO,7/21/2026 15:55,-119.7711,39.4839,1345,1014.8
RNO,7/21/2026 16:55,-119.7711,39.4839,1345,1014.7
RNO,7/21/2026 17:55,-119.7711,39.4839,1345,1014.8
RNO,7/21/2026 18:55,-119.7711,39.4839,1345,1014.5
RNO,7/21/2026 19:55,-119.7711,39.4839,1345,1014.1
RNO,7/21/2026 20:55,-119.7711,39.4839,1345,1013.2
RNO,7/21/2026 21:55,-119.7711,39.4839,1345,1012.9
RNO,7/21/2026 22:55,-119.7711,39.4839,1345,1013.3
RNO,7/21/2026 23:55,-119.7711,39.4839,1345,1013.7
RNO,7/22/2026 0:55,-119.7711,39.4839,1345,1014.2
RNO,7/22/2026 1:55,-119.7711,39.4839,1345,1014.5
RNO,7/22/2026 2:55,-119.7711,39.4839,1345,1015.1
RNO,7/22/2026 3:55,-119.7711,39.4839,1345,1015.5
RNO,7/22/2026 4:55,-119.7711,39.4839,1345,1015.9
RNO,7/22/2026 5:55,-119.7711,39.4839,1345,1016.1
RNO,7/22/2026 6:55,-119.7711,39.4839,1345,1015.9
RNO,7/22/2026 7:55,-119.7711,39.4839,1345,1015.6
RNO,7/22/2026 8:55,-119.7711,39.4839,1345,1015.5
RNO,7/22/2026 9:55,-119.7711,39.4839,1345,1015.6
RNO,7/22/2026 10:55,-119.7711,39.4839,1345,1015.9
RNO,7/22/2026 11:55,-119.7711,39.4839,1345,1016
RNO,7/22/2026 12:55,-119.7711,39.4839,1345,1016.7
RNO,7/22/2026 13:55,-119.7711,39.4839,1345,1016.9
RNO,7/22/2026 14:55,-119.7711,39.4839,1345,1016.8
RNO,7/22/2026 15:55,-119.7711,39.4839,1345,1016.4
RNO,7/22/2026 16:55,-119.7711,39.4839,1345,1015.8
RNO,7/22/2026 17:55,-119.7711,39.4839,1345,1015.1
RNO,7/22/2026 18:55,-119.7711,39.4839,1345,1014.6
RNO,7/22/2026 19:55,-119.7711,39.4839,1345,1013.9
RNO,7/22/2026 20:55,-119.7711,39.4839,1345,1013
RNO,7/22/2026 21:55,-119.7711,39.4839,1345,1012
RNO,7/22/2026 22:55,-119.7711,39.4839,1345,1011.5
RNO,7/22/2026 23:55,-119.7711,39.4839,1345,1011.1
RNO,7/23/2026 0:55,-119.7711,39.4839,1345,1011.1
RNO,7/23/2026 1:55,-119.7711,39.4839,1345,1011.4
RNO,7/23/2026 2:55,-119.7711,39.4839,1345,1011.7
RNO,7/23/2026 3:55,-119.7711,39.4839,1345,1013.1
RNO,7/23/2026 4:55,-119.7711,39.4839,1345,1014.1
RNO,7/23/2026 5:55,-119.7711,39.4839,1345,1014.5
RNO,7/23/2026 6:55,-119.7711,39.4839,1345,1014.6
RNO,7/23/2026 7:55,-119.7711,39.4839,1345,1014.6
RNO,7/23/2026 8:55,-119.7711,39.4839,1345,1014
RNO,7/23/2026 9:55,-119.7711,39.4839,1345,1014
RNO,7/23/2026 10:55,-119.7711,39.4839,1345,1014.2
RNO,7/23/2026 11:55,-119.7711,39.4839,1345,1014.5
RNO,7/23/2026 12:55,-119.7711,39.4839,1345,1014.9
RNO,7/23/2026 13:55,-119.7711,39.4839,1345,1015.5
RNO,7/23/2026 14:55,-119.7711,39.4839,1345,1015.6
RNO,7/23/2026 15:55,-119.7711,39.4839,1345,1015.2
RNO,7/23/2026 16:55,-119.7711,39.4839,1345,1014.7
RNO,7/23/2026 17:55,-119.7711,39.4839,1345,1013.9
RNO,7/23/2026 18:55,-119.7711,39.4839,1345,1013.2
RNO,7/23/2026 19:55,-119.7711,39.4839,1345,1012.4
RNO,7/23/2026 20:55,-119.7711,39.4839,1345,1011.2
RNO,7/23/2026 21:55,-119.7711,39.4839,1345,1010.3
RNO,7/23/2026 22:55,-119.7711,39.4839,1345,1010
RNO,7/23/2026 23:55,-119.7711,39.4839,1345,1010.1
RNO,7/24/2026 0:55,-119.7711,39.4839,1345,1009.9
RNO,7/24/2026 1:55,-119.7711,39.4839,1345,1010.1
RNO,7/24/2026 2:55,-119.7711,39.4839,1345,1011.3
RNO,7/24/2026 3:55,-119.7711,39.4839,1345,1012.2
RNO,7/24/2026 4:55,-119.7711,39.4839,1345,1013.5
RNO,7/24/2026 5:55,-119.7711,39.4839,1345,1013.8
RNO,7/24/2026 6:55,-119.7711,39.4839,1345,1013.7
RNO,7/24/2026 7:55,-119.7711,39.4839,1345,1014
RNO,7/24/2026 8:55,-119.7711,39.4839,1345,1013.5
RNO,7/24/2026 9:55,-119.7711,39.4839,1345,1013.3
RNO,7/24/2026 10:55,-119.7711,39.4839,1345,1013.4
RNO,7/24/2026 11:55,-119.7711,39.4839,1345,1013.7
RNO,7/24/2026 12:55,-119.7711,39.4839,1345,1014.1
RNO,7/24/2026 13:55,-119.7711,39.4839,1345,1014.5
RNO,7/24/2026 14:55,-119.7711,39.4839,1345,1014.8
RNO,7/24/2026 15:55,-119.7711,39.4839,1345,1014.6
RNO,7/24/2026 16:55,-119.7711,39.4839,1345,1014.1
RNO,7/24/2026 17:55,-119.7711,39.4839,1345,1013.2
RNO,7/24/2026 18:55,-119.7711,39.4839,1345,1012.5
RNO,7/24/2026 19:55,-119.7711,39.4839,1345,1011.8
RNO,7/24/2026 20:55,-119.7711,39.4839,1345,1010.4
RNO,7/24/2026 21:55,-119.7711,39.4839,1345,1010
RNO,7/24/2026 22:55,-119.7711,39.4839,1345,1009.3
RNO,7/24/2026 23:55,-119.7711,39.4839,1345,1009.1
RNO,7/25/2026 0:55,-119.7711,39.4839,1345,1009
RNO,7/25/2026 1:55,-119.7711,39.4839,1345,1009.5
RNO,7/25/2026 2:55,-119.7711,39.4839,1345,1010.4
RNO,7/25/2026 3:55,-119.7711,39.4839,1345,1011.2
RNO,7/25/2026 4:55,-119.7711,39.4839,1345,1011.9
RNO,7/25/2026 5:55,-119.7711,39.4839,1345,1011.9
RNO,7/25/2026 6:55,-119.7711,39.4839,1345,1012.2
RNO,7/25/2026 7:55,-119.7711,39.4839,1345,1012.3
RNO,7/25/2026 8:55,-119.7711,39.4839,1345,1012.2
RNO,7/25/2026 9:55,-119.7711,39.4839,1345,1012.2
RNO,7/25/2026 10:55,-119.7711,39.4839,1345,1012.5
RNO,7/25/2026 11:55,-119.7711,39.4839,1345,1012.8
RNO,7/25/2026 12:55,-119.7711,39.4839,1345,1013.1
RNO,7/25/2026 13:55,-119.7711,39.4839,1345,1013.4
RNO,7/25/2026 14:55,-119.7711,39.4839,1345,1013.7
RNO,7/25/2026 15:55,-119.7711,39.4839,1345,1013.9
RNO,7/25/2026 16:55,-119.7711,39.4839,1345,1013.6
RNO,7/25/2026 17:55,-119.7711,39.4839,1345,1013.2
RNO,7/25/2026 18:55,-119.7711,39.4839,1345,1012.8
RNO,7/25/2026 19:55,-119.7711,39.4839,1345,1012.1
RNO,7/25/2026 20:55,-119.7711,39.4839,1345,1011.9
RNO,7/25/2026 21:55,-119.7711,39.4839,1345,1011.8
RNO,7/25/2026 22:55,-119.7711,39.4839,1345,1011.4
RNO,7/25/2026 23:55,-119.7711,39.4839,1345,1011.1
RNO,7/26/2026 0:55,-119.7711,39.4839,1345,1011
RNO,7/26/2026 1:55,-119.7711,39.4839,1345,1011.7
RNO,7/26/2026 2:55,-119.7711,39.4839,1345,1012
RNO,7/26/2026 3:55,-119.7711,39.4839,1345,1012.7
RNO,7/26/2026 4:55,-119.7711,39.4839,1345,1013.4
RNO,7/26/2026 5:55,-119.7711,39.4839,1345,1013.4
RNO,7/26/2026 6:55,-119.7711,39.4839,1345,1013.7
RNO,7/26/2026 7:55,-119.7711,39.4839,1345,1013.7
RNO,7/26/2026 8:55,-119.7711,39.4839,1345,1013.8
RNO,7/26/2026 9:55,-119.7711,39.4839,1345,1014
RNO,7/26/2026 10:55,-119.7711,39.4839,1345,1014.4
RNO,7/26/2026 11:55,-119.7711,39.4839,1345,1014.9
RNO,7/26/2026 12:55,-119.7711,39.4839,1345,1015.8
RNO,7/26/2026 13:55,-119.7711,39.4839,1345,1016.2
RNO,7/26/2026 14:55,-119.7711,39.4839,1345,1016.4
RNO,7/26/2026 15:55,-119.7711,39.4839,1345,1016
RNO,7/26/2026 16:55,-119.7711,39.4839,1345,1015.7
RNO,7/26/2026 17:55,-119.7711,39.4839,1345,1015.3
RNO,7/26/2026 18:55,-119.7711,39.4839,1345,1014.7
RNO,7/26/2026 19:55,-119.7711,39.4839,1345,1013.7
RNO,7/26/2026 20:55,-119.7711,39.4839,1345,1013
RNO,7/26/2026 21:55,-119.7711,39.4839,1345,1012.4
RNO,7/26/2026 22:55,-119.7711,39.4839,1345,1012.2
RNO,7/26/2026 23:55,-119.7711,39.4839,1345,1011.9
RNO,7/27/2026 0:55,-119.7711,39.4839,1345,1012.3
RNO,7/27/2026 1:55,-119.7711,39.4839,1345,1012.1
RNO,7/27/2026 2:55,-119.7711,39.4839,1345,1013
RNO,7/27/2026 3:55,-119.7711,39.4839,1345,1013.2
RNO,7/27/2026 4:55,-119.7711,39.4839,1345,1014.5
RNO,7/27/2026 5:55,-119.7711,39.4839,1345,1014.5
RNO,7/27/2026 6:55,-119.7711,39.4839,1345,1014.7
RNO,7/27/2026 7:55,-119.7711,39.4839,1345,1014.8
RNO,7/27/2026 8:55,-119.7711,39.4839,1345,1014.5
RNO,7/27/2026 9:55,-119.7711,39.4839,1345,1014.9
RNO,7/27/2026 10:55,-119.7711,39.4839,1345,1015.1
RNO,7/27/2026 11:55,-119.7711,39.4839,1345,1015.3
RNO,7/27/2026 12:55,-119.7711,39.4839,1345,1015.9
RNO,7/27/2026 14:55,-119.7711,39.4839,1345,1016.6
RNO,7/27/2026 15:55,-119.7711,39.4839,1345,1016.3
RNO,7/27/2026 16:55,-119.7711,39.4839,1345,1015.7
RNO,7/27/2026 17:55,-119.7711,39.4839,1345,1015.1
RNO,7/27/2026 18:55,-119.7711,39.4839,1345,1014.5
RNO,7/27/2026 19:55,-119.7711,39.4839,1345,1013.7
RNO,7/27/2026 20:55,-119.7711,39.4839,1345,1012.9
RNO,7/27/2026 21:55,-119.7711,39.4839,1345,1012.6
RNO,7/27/2026 22:55,-119.7711,39.4839,1345,1012
RNO,7/27/2026 23:55,-119.7711,39.4839,1345,1011.5
RNO,7/28/2026 0:55,-119.7711,39.4839,1345,1011.4
RNO,7/28/2026 1:55,-119.7711,39.4839,1345,1011.7
RNO,7/28/2026 2:55,-119.7711,39.4839,1345,1012.3
RNO,7/28/2026 3:55,-119.7711,39.4839,1345,1012.8
RNO,7/28/2026 4:55,-119.7711,39.4839,1345,1013.3
RNO,7/28/2026 5:55,-119.7711,39.4839,1345,1013.4
RNO,7/28/2026 6:55,-119.7711,39.4839,1345,1013.8
RNO,7/28/2026 7:55,-119.7711,39.4839,1345,1013.7
RNO,7/28/2026 8:55,-119.7711,39.4839,1345,1013.8
RNO,7/28/2026 9:55,-119.7711,39.4839,1345,1013.8
RNO,7/28/2026 10:55,-119.7711,39.4839,1345,1013.8
RNO,7/28/2026 11:55,-119.7711,39.4839,1345,1013.6
RNO,7/28/2026 12:55,-119.7711,39.4839,1345,1013.9
RNO,7/28/2026 13:55,-119.7711,39.4839,1345,1014.1
RNO,7/28/2026 14:55,-119.7711,39.4839,1345,1014.2
RNO,7/28/2026 15:55,-119.7711,39.4839,1345,1014.2
RNO,7/28/2026 16:55,-119.7711,39.4839,1345,1013.4
RNO,7/28/2026 17:55,-119.7711,39.4839,1345,1012.9
RNO,7/28/2026 18:55,-119.7711,39.4839,1345,1012.1
RNO,7/28/2026 19:55,-119.7711,39.4839,1345,1011.1
RNO,7/28/2026 20:55,-119.7711,39.4839,1345,1010.5
RNO,7/28/2026 21:55,-119.7711,39.4839,1345,1009.7
RNO,7/28/2026 22:55,-119.7711,39.4839,1345,1009
RNO,7/28/2026 23:55,-119.7711,39.4839,1345,1008.3
RNO,7/29/2026 0:55,-119.7711,39.4839,1345,1008
RNO,7/29/2026 1:55,-119.7711,39.4839,1345,1008.1
RNO,7/29/2026 2:55,-119.7711,39.4839,1345,1008.7
RNO,7/29/2026 3:55,-119.7711,39.4839,1345,1009.6
RNO,7/29/2026 4:55,-119.7711,39.4839,1345,1010.1
RNO,7/29/2026 5:55,-119.7711,39.4839,1345,1010.2
RNO,7/29/2026 6:55,-119.7711,39.4839,1345,1010.6
RNO,7/29/2026 7:55,-119.7711,39.4839,1345,1010.8
RNO,7/29/2026 8:55,-119.7711,39.4839,1345,1010.7
RNO,7/29/2026 9:55,-119.7711,39.4839,1345,1010.6
RNO,7/29/2026 10:55,-119.7711,39.4839,1345,1010.7
RNO,7/29/2026 11:55,-119.7711,39.4839,1345,1010.9
RNO,7/29/2026 12:55,-119.7711,39.4839,1345,1011.1
RNO,7/29/2026 13:55,-119.7711,39.4839,1345,1011.4
RNO,7/29/2026 14:55,-119.7711,39.4839,1345,1011.9
RNO,7/29/2026 15:55,-119.7711,39.4839,1345,1012.1
RNO,7/29/2026 16:55,-119.7711,39.4839,1345,1011.4
RNO,7/29/2026 17:55,-119.7711,39.4839,1345,1010.8
RNO,7/29/2026 18:55,-119.7711,39.4839,1345,1010.1
RNO,7/29/2026 19:55,-119.7711,39.4839,1345,1009.2
RNO,7/29/2026 20:55,-119.7711,39.4839,1345,1008.5
RNO,7/29/2026 21:55,-119.7711,39.4839,1345,1007.7
RNO,7/29/2026 22:55,-119.7711,39.4839,1345,1007.5
RNO,7/29/2026 23:55,-119.7711,39.4839,1345,1007.6
RNO,7/30/2026 0:55,-119.7711,39.4839,1345,1007.8
RNO,7/30/2026 1:55,-119.7711,39.4839,1345,1008.3
RNO,7/30/2026 2:55,-119.7711,39.4839,1345,1009
RNO,7/30/2026 3:55,-119.7711,39.4839,1345,1010
RNO,7/30/2026 4:55,-119.7711,39.4839,1345,1010.6
RNO,7/30/2026 5:55,-119.7711,39.4839,1345,1011
RNO,7/30/2026 6:55,-119.7711,39.4839,1345,1011.4
RNO,7/30/2026 7:55,-119.7711,39.4839,1345,1011.9
RNO,7/30/2026 8:55,-119.7711,39.4839,1345,1012.1
RNO,7/30/2026 9:55,-119.7711,39.4839,1345,1012.4
RNO,7/30/2026 10:55,-119.7711,39.4839,1345,1012.7
RNO,7/30/2026 11:55,-119.7711,39.4839,1345,1013.4
RNO,7/30/2026 12:55,-119.7711,39.4839,1345,1014
RNO,7/30/2026 13:55,-119.7711,39.4839,1345,1014.7
RNO,7/30/2026 14:55,-119.7711,39.4839,1345,1014.8
RNO,7/30/2026 15:55,-119.7711,39.4839,1345,1014.8
RNO,7/30/2026 16:55,-119.7711,39.4839,1345,1014.5
RNO,7/30/2026 17:55,-119.7711,39.4839,1345,1014
RNO,7/30/2026 18:55,-119.7711,39.4839,1345,1013.1
RNO,7/30/2026 19:55,-119.7711,39.4839,1345,1012.3
RNO,7/30/2026 20:55,-119.7711,39.4839,1345,1011.6
RNO,7/30/2026 21:55,-119.7711,39.4839,1345,1011
RNO,7/30/2026 22:55,-119.7711,39.4839,1345,1010.5
RNO,7/30/2026 23:55,-119.7711,39.4839,1345,1010.4
RNO,7/31/2026 0:55,-119.7711,39.4839,1345,1010.7
RNO,7/31/2026 1:55,-119.7711,39.4839,1345,1011.3
RNO,7/31/2026 2:55,-119.7711,39.4839,1345,1012.4
RNO,7/31/2026 3:55,-119.7711,39.4839,1345,1013.7
RNO,7/31/2026 4:55,-119.7711,39.4839,1345,1014.3
RNO,7/31/2026 5:55,-119.7711,39.4839,1345,1014.7
RNO,7/31/2026 6:55,-119.7711,39.4839,1345,1015.1
RNO,7/31/2026 7:55,-119.7711,39.4839,1345,1015.3
RNO,7/31/2026 8:55,-119.7711,39.4839,1345,1015.8
RNO,7/31/2026 9:55,-119.7711,39.4839,1345,1016.1
RNO,7/31/2026 10:55,-119.7711,39.4839,1345,1016.2
RNO,7/31/2026 11:55,-119.7711,39.4839,1345,1016.4
RNO,7/31/2026 12:55,-119.7711,39.4839,1345,1017.1
RNO,7/31/2026 13:55,-119.7711,39.4839,1345,1017.3
RNO,7/31/2026 14:55,-119.7711,39.4839,1345,1017.6
RNO,7/31/2026 15:55,-119.7711,39.4839,1345,1017.4
RNO,7/31/2026 16:55,-119.7711,39.4839,1345,1016.8
RNO,7/31/2026 17:55,-119.7711,39.4839,1345,1016.3
RNO,7/31/2026 18:55,-119.7711,39.4839,1345,1015.5
RNO,7/31/2026 19:55,-119.7711,39.4839,1345,1014.7
RNO,7/31/2026 20:55,-119.7711,39.4839,1345,1014.4
RNO,7/31/2026 21:55,-119.7711,39.4839,1345,1013.7
RNO,7/31/2026 22:55,-119.7711,39.4839,1345,1013
RNO,7/31/2026 23:55,-119.7711,39.4839,1345,1013
RNO,8/1/2026 0:55,-119.7711,39.4839,1345,1013.3
RNO,8/1/2026 1:55,-119.7711,39.4839,1345,1013.1
RNO,8/1/2026 2:55,-119.7711,39.4839,1345,1013.6
RNO,8/1/2026 3:55,-119.7711,39.4839,1345,1014.3
RNO,8/1/2026 4:55,-119.7711,39.4839,1345,1015.1
RNO,8/1/2026 5:55,-119.7711,39.4839,1345,1015.4
RNO,8/1/2026 6:55,-119.7711,39.4839,1345,1015.6
RNO,8/1/2026 7:55,-119.7711,39.4839,1345,1016.2
RNO,8/1/2026 8:55,-119.7711,39.4839,1345,1016.2
RNO,8/1/2026 9:55,-119.7711,39.4839,1345,1016
RNO,8/1/2026 10:55,-119.7711,39.4839,1345,1016.3
RNO,8/1/2026 11:55,-119.7711,39.4839,1345,1016.3
RNO,8/1/2026 12:55,-119.7711,39.4839,1345,1016.8
RNO,8/1/2026 13:55,-119.7711,39.4839,1345,1017.1
RNO,8/1/2026 14:55,-119.7711,39.4839,1345,1017
RNO,8/1/2026 15:55,-119.7711,39.4839,1345,1017.2
RNO,8/1/2026 16:55,-119.7711,39.4839,1345,1016.6
RNO,8/1/2026 17:55,-119.7711,39.4839,1345,1015.9
RNO,8/1/2026 18:55,-119.7711,39.4839,1345,1015
RNO,8/1/2026 19:55,-119.7711,39.4839,1345,1014.3
RNO,8/1/2026 20:55,-119.7711,39.4839,1345,1013.4
RNO,8/1/2026 21:55,-119.7711,39.4839,1345,1012.1
RNO,8/1/2026 22:55,-119.7711,39.4839,1345,1011.9
RNO,8/1/2026 23:55,-119.7711,39.4839,1345,1011
RNO,8/2/2026 0:55,-119.7711,39.4839,1345,1011
RNO,8/2/2026 1:55,-119.7711,39.4839,1345,1010.8
RNO,8/2/2026 2:55,-119.7711,39.4839,1345,1011.6
RNO,8/2/2026 3:55,-119.7711,39.4839,1345,1012.3
RNO,8/2/2026 4:55,-119.7711,39.4839,1345,1012.8
RNO,8/2/2026 5:55,-119.7711,39.4839,1345,1013
RNO,8/2/2026 6:55,-119.7711,39.4839,1345,1013.1
RNO,8/2/2026 7:55,-119.7711,39.4839,1345,1013
RNO,8/2/2026 8:55,-119.7711,39.4839,1345,1013.2
RNO,8/2/2026 9:55,-119.7711,39.4839,1345,1013.3
RNO,8/2/2026 10:55,-119.7711,39.4839,1345,1013.6
RNO,8/2/2026 11:55,-119.7711,39.4839,1345,1013.4
RNO,8/2/2026 12:55,-119.7711,39.4839,1345,1013.8
RNO,8/2/2026 13:55,-119.7711,39.4839,1345,1014.3
RNO,8/2/2026 14:55,-119.7711,39.4839,1345,1014.3
RNO,8/2/2026 15:55,-119.7711,39.4839,1345,1014.1
RNO,8/2/2026 16:55,-119.7711,39.4839,1345,1013.3
RNO,8/2/2026 17:55,-119.7711,39.4839,1345,1012.4
RNO,8/2/2026 18:55,-119.7711,39.4839,1345,1011.4
RNO,8/2/2026 19:55,-119.7711,39.4839,1345,1010.4
RNO,8/2/2026 20:55,-119.7711,39.4839,1345,1009.4
RNO,8/2/2026 21:55,-119.7711,39.4839,1345,1008.7
RNO,8/2/2026 22:55,-119.7711,39.4839,1345,1008.1
RNO,8/2/2026 23:55,-119.7711,39.4839,1345,1007.7
RNO,8/3/2026 0:55,-119.7711,39.4839,1345,1007.9
RNO,8/3/2026 1:55,-119.7711,39.4839,1345,1008
RNO,8/3/2026 2:55,-119.7711,39.4839,1345,1008.5
RNO,8/3/2026 3:55,-119.7711,39.4839,1345,1009.2
RNO,8/3/2026 4:55,-119.7711,39.4839,1345,1010
RNO,8/3/2026 5:55,-119.7711,39.4839,1345,1010.1
RNO,8/3/2026 6:55,-119.7711,39.4839,1345,1010.7
RNO,8/3/2026 7:55,-119.7711,39.4839,1345,1010.8
RNO,8/3/2026 8:55,-119.7711,39.4839,1345,1011
RNO,8/3/2026 9:55,-119.7711,39.4839,1345,1011.2
RNO,8/3/2026 10:55,-119.7711,39.4839,1345,1011.3
RNO,8/3/2026 11:55,-119.7711,39.4839,1345,1011.7
RNO,8/3/2026 12:55,-119.7711,39.4839,1345,1012.3
RNO,8/3/2026 13:55,-119.7711,39.4839,1345,1013.1
RNO,8/3/2026 14:55,-119.7711,39.4839,1345,1013.3
RNO,8/3/2026 15:55,-119.7711,39.4839,1345,1013.5
RNO,8/3/2026 16:55,-119.7711,39.4839,1345,1012.7
RNO,8/3/2026 17:55,-119.7711,39.4839,1345,1012
RNO,8/3/2026 18:55,-119.7711,39.4839,1345,1011.5
RNO,8/3/2026 19:55,-119.7711,39.4839,1345,1010.8
RNO,8/3/2026 20:55,-119.7711,39.4839,1345,1010.5
RNO,8/3/2026 21:55,-119.7711,39.4839,1345,1009.6
RNO,8/3/2026 22:55,-119.7711,39.4839,1345,1009
RNO,8/3/2026 23:55,-119.7711,39.4839,1345,1008.5
RNO,8/4/2026 0:55,-119.7711,39.4839,1345,1008.3
RNO,8/4/2026 1:55,-119.7711,39.4839,1345,1008.2
RNO,8/4/2026 2:55,-119.7711,39.4839,1345,1008.7
RNO,8/4/2026 3:55,-119.7711,39.4839,1345,1009.5
RNO,8/4/2026 4:55,-119.7711,39.4839,1345,1009.9
RNO,8/4/2026 5:55,-119.7711,39.4839,1345,1010.5
RNO,8/4/2026 6:55,-119.7711,39.4839,1345,1010.4
RNO,8/4/2026 7:55,-119.7711,39.4839,1345,1010.8
RNO,8/4/2026 8:55,-119.7711,39.4839,1345,1010.7
RNO,8/4/2026 9:55,-119.7711,39.4839,1345,1011
RNO,8/4/2026 10:55,-119.7711,39.4839,1345,1011.5
RNO,8/4/2026 11:55,-119.7711,39.4839,1345,1011.9
RNO,8/4/2026 12:55,-119.7711,39.4839,1345,1011.9
RNO,8/4/2026 13:55,-119.7711,39.4839,1345,1012.2
RNO,8/4/2026 14:55,-119.7711,39.4839,1345,1012.5
RNO,8/4/2026 15:55,-119.7711,39.4839,1345,1012.9
RNO,8/4/2026 16:55,-119.7711,39.4839,1345,1012.3
RNO,8/4/2026 17:55,-119.7711,39.4839,1345,1012.1
RNO,8/4/2026 18:55,-119.7711,39.4839,1345,1011.5
RNO,8/4/2026 19:55,-119.7711,39.4839,1345,1010.6
RNO,8/4/2026 20:55,-119.7711,39.4839,1345,1010
RNO,8/4/2026 21:55,-119.7711,39.4839,1345,1009.3
RNO,8/4/2026 22:55,-119.7711,39.4839,1345,1008.6
RNO,8/4/2026 23:55,-119.7711,39.4839,1345,1008.3
RNO,8/5/2026 0:55,-119.7711,39.4839,1345,1008.1
RNO,8/5/2026 1:55,-119.7711,39.4839,1345,1008
RNO,8/5/2026 2:55,-119.7711,39.4839,1345,1008.7
RNO,8/5/2026 3:55,-119.7711,39.4839,1345,1009.6
RNO,8/5/2026 4:55,-119.7711,39.4839,1345,1010.4
RNO,8/5/2026 5:55,-119.7711,39.4839,1345,1010.9
RNO,8/5/2026 6:55,-119.7711,39.4839,1345,1010.8
RNO,8/5/2026 7:55,-119.7711,39.4839,1345,1011.3
RNO,8/5/2026 8:55,-119.7711,39.4839,1345,1011.4
RNO,8/5/2026 9:55,-119.7711,39.4839,1345,1011.6
RNO,8/5/2026 10:55,-119.7711,39.4839,1345,1011.8
RNO,8/5/2026 11:55,-119.7711,39.4839,1345,1012
RNO,8/5/2026 12:55,-119.7711,39.4839,1345,1012.2
RNO,8/5/2026 13:55,-119.7711,39.4839,1345,1013.1
RNO,8/5/2026 14:55,-119.7711,39.4839,1345,1013.4
RNO,8/5/2026 15:55,-119.7711,39.4839,1345,1013.5
RNO,8/5/2026 16:55,-119.7711,39.4839,1345,1013.1
RNO,8/5/2026 17:55,-119.7711,39.4839,1345,1013
RNO,8/5/2026 18:55,-119.7711,39.4839,1345,1012.3
RNO,8/5/2026 19:55,-119.7711,39.4839,1345,1011.9
RNO,8/5/2026 20:55,-119.7711,39.4839,1345,1011.2
RNO,8/5/2026 21:55,-119.7711,39.4839,1345,1010.3
RNO,8/5/2026 22:55,-119.7711,39.4839,1345,1009.6
RNO,8/5/2026 23:55,-119.7711,39.4839,1345,1009.5
RNO,8/6/2026 0:55,-119.7711,39.4839,1345,1009.7
RNO,8/6/2026 1:55,-119.7711,39.4839,1345,1009.9
RNO,8/6/2026 2:55,-119.7711,39.4839,1345,1010.6
RNO,8/6/2026 3:55,-119.7711,39.4839,1345,1011.2
RNO,8/6/2026 4:55,-119.7711,39.4839,1345,1012.3
RNO,8/6/2026 5:55,-119.7711,39.4839,1345,1012.7
RNO,8/6/2026 6:55,-119.7711,39.4839,1345,1012.9
RNO,8/6/2026 7:55,-119.7711,39.4839,1345,1013.5
RNO,8/6/2026 8:55,-119.7711,39.4839,1345,1013.3
RNO,8/6/2026 9:55,-119.7711,39.4839,1345,1013.7
RNO,8/6/2026 10:55,-119.7711,39.4839,1345,1014
RNO,8/6/2026 11:55,-119.7711,39.4839,1345,1014.4
RNO,8/6/2026 12:55,-119.7711,39.4839,1345,1015
RNO,8/6/2026 13:55,-119.7711,39.4839,1345,1015.5
RNO,8/6/2026 14:55,-119.7711,39.4839,1345,1015.6
RNO,8/6/2026 15:55,-119.7711,39.4839,1345,1015.7
RNO,8/6/2026 16:55,-119.7711,39.4839,1345,1015.4
RNO,8/6/2026 17:55,-119.7711,39.4839,1345,1014.9
RNO,8/6/2026 18:55,-119.7711,39.4839,1345,1014.3
RNO,8/6/2026 19:55,-119.7711,39.4839,1345,1013.3
RNO,8/6/2026 20:55,-119.7711,39.4839,1345,1012.6
RNO,8/6/2026 21:55,-119.7711,39.4839,1345,1011.9
RNO,8/6/2026 22:55,-119.7711,39.4839,1345,1011.8
RNO,8/6/2026 23:55,-119.7711,39.4839,1345,1011.8
RNO,8/7/2026 0:55,-119.7711,39.4839,1345,1012
RNO,8/7/2026 1:55,-119.7711,39.4839,1345,1012.7
RNO,8/7/2026 2:55,-119.7711,39.4839,1345,1013
RNO,8/7/2026 3:55,-119.7711,39.4839,1345,1013.5
RNO,8/7/2026 4:55,-119.7711,39.4839,1345,1014.1
RNO,8/7/2026 5:55,-119.7711,39.4839,1345,1014.5
RNO,8/7/2026 6:55,-119.7711,39.4839,1345,1014.9
RNO,8/7/2026 7:55,-119.7711,39.4839,1345,1015.4
RNO,8/7/2026 8:55,-119.7711,39.4839,1345,1015.5
RNO,8/7/2026 9:55,-119.7711,39.4839,1345,1015.4
RNO,8/7/2026 10:55,-119.7711,39.4839,1345,1015.6
RNO,8/7/2026 11:55,-119.7711,39.4839,1345,1016
RNO,8/7/2026 12:55,-119.7711,39.4839,1345,1016.3
RNO,8/7/2026 13:55,-119.7711,39.4839,1345,1016.8
RNO,8/7/2026 14:55,-119.7711,39.4839,1345,1017.2
RNO,8/7/2026 15:55,-119.7711,39.4839,1345,1017.5
RNO,8/7/2026 16:55,-119.7711,39.4839,1345,1017
RNO,8/7/2026 17:55,-119.7711,39.4839,1345,1016.3
RNO,8/7/2026 18:55,-119.7711,39.4839,1345,1015.7
RNO,8/7/2026 19:55,-119.7711,39.4839,1345,1015
RNO,8/7/2026 20:55,-119.7711,39.4839,1345,1014.2
RNO,8/7/2026 21:55,-119.7711,39.4839,1345,1014
RNO,8/7/2026 22:55,-119.7711,39.4839,1345,1013.5
RNO,8/7/2026 23:55,-119.7711,39.4839,1345,1013.5
RNO,8/8/2026 0:55,-119.7711,39.4839,1345,1013.8
RNO,8/8/2026 1:12,-119.7711,39.4839,1345,M
RNO,8/8/2026 1:42,-119.7711,39.4839,1345,M
RNO,8/8/2026 1:55,-119.7711,39.4839,1345,1014.8
RNO,8/8/2026 2:01,-119.7711,39.4839,1345,M
RNO,8/8/2026 2:55,-119.7711,39.4839,1345,1014
RNO,8/8/2026 3:55,-119.7711,39.4839,1345,1014
RNO,8/8/2026 4:55,-119.7711,39.4839,1345,1014.2
RNO,8/8/2026 5:55,-119.7711,39.4839,1345,1013.8
RNO,8/8/2026 6:55,-119.7711,39.4839,1345,1013.7
RNO,8/8/2026 7:55,-119.7711,39.4839,1345,1014.4
RNO,8/8/2026 8:55,-119.7711,39.4839,1345,1014.3
RNO,8/8/2026 9:55,-119.7711,39.4839,1345,1014.6
RNO,8/8/2026 10:55,-119.7711,39.4839,1345,1014.3
RNO,8/8/2026 11:55,-119.7711,39.4839,1345,1014.3
RNO,8/8/2026 12:55,-119.7711,39.4839,1345,1015.1
RNO,8/8/2026 13:55,-119.7711,39.4839,1345,1015.8
RNO,8/8/2026 14:55,-119.7711,39.4839,1345,1015.6
RNO,8/8/2026 15:55,-119.7711,39.4839,1345,1015.9
RNO,8/8/2026 16:55,-119.7711,39.4839,1345,1015.7
RNO,8/8/2026 17:55,-119.7711,39.4839,1345,1015.1
RNO,8/8/2026 18:55,-119.7711,39.4839,1345,1014.3
RNO,8/8/2026 19:55,-119.7711,39.4839,1345,1013.3
RNO,8/8/2026 20:55,-119.7711,39.4839,1345,1012.6
RNO,8/8/2026 21:55,-119.7711,39.4839,1345,1011.6
RNO,8/8/2026 22:49,-119.7711,39.4839,1345,M
RNO,8/8/2026 22:55,-119.7711,39.4839,1345,1011
RNO,8/8/2026 23:19,-119.7711,39.4839,1345,M
RNO,8/8/2026 23:55,-119.7711,39.4839,1345,1010.7
RNO,8/9/2026 0:24,-119.7711,39.4839,1345,M
RNO,8/9/2026 0:49,-119.7711,39.4839,1345,M
RNO,8/9/2026 0:55,-119.7711,39.4839,1345,1010.4
RNO,8/9/2026 1:55,-119.7711,39.4839,1345,1010.5
RNO,8/9/2026 2:55,-119.7711,39.4839,1345,1011
RNO,8/9/2026 3:55,-119.7711,39.4839,1345,1011.8
RNO,8/9/2026 4:55,-119.7711,39.4839,1345,1012.4
RNO,8/9/2026 5:55,-119.7711,39.4839,1345,1012.1
RNO,8/9/2026 6:55,-119.7711,39.4839,1345,1011.9
RNO,8/9/2026 7:55,-119.7711,39.4839,1345,1011.9
RNO,8/9/2026 8:55,-119.7711,39.4839,1345,1011.8
RNO,8/9/2026 9:55,-119.7711,39.4839,1345,1012
RNO,8/9/2026 10:55,-119.7711,39.4839,1345,1012.2
RNO,8/9/2026 11:55,-119.7711,39.4839,1345,1012.2
RNO,8/9/2026 12:55,-119.7711,39.4839,1345,1012.5
RNO,8/9/2026 13:55,-119.7711,39.4839,1345,1012.5
RNO,8/9/2026 14:55,-119.7711,39.4839,1345,1012.8
RNO,8/9/2026 15:55,-119.7711,39.4839,1345,1013
RNO,8/9/2026 16:55,-119.7711,39.4839,1345,1012.3
RNO,8/9/2026 17:55,-119.7711,39.4839,1345,1011.8
RNO,8/9/2026 18:55,-119.7711,39.4839,1345,1011.1
RNO,8/9/2026 19:55,-119.7711,39.4839,1345,1010.1
RNO,8/9/2026 20:55,-119.7711,39.4839,1345,1009.2
RNO,8/9/2026 21:55,-119.7711,39.4839,1345,1008.4
RNO,8/9/2026 22:55,-119.7711,39.4839,1345,1007.8
RNO,8/9/2026 23:55,-119.7711,39.4839,1345,1007.6
RNO,8/10/2026 0:55,-119.7711,39.4839,1345,1007.7
RNO,8/10/2026 1:55,-119.7711,39.4839,1345,1008
RNO,8/10/2026 2:55,-119.7711,39.4839,1345,1008.8
RNO,8/10/2026 3:55,-119.7711,39.4839,1345,1009.8
RNO,8/10/2026 4:55,-119.7711,39.4839,1345,1010.5
RNO,8/10/2026 5:55,-119.7711,39.4839,1345,1010.9
RNO,8/10/2026 6:55,-119.7711,39.4839,1345,1011.2
RNO,8/10/2026 7:55,-119.7711,39.4839,1345,1011.2
RNO,8/10/2026 8:55,-119.7711,39.4839,1345,1011.3
RNO,8/10/2026 9:55,-119.7711,39.4839,1345,1011.3
RNO,8/10/2026 10:55,-119.7711,39.4839,1345,1011.4
RNO,8/10/2026 11:55,-119.7711,39.4839,1345,1011.9
RNO,8/10/2026 12:55,-119.7711,39.4839,1345,1012.4
RNO,8/10/2026 13:55,-119.7711,39.4839,1345,1013.4
RNO,8/10/2026 14:55,-119.7711,39.4839,1345,1013.7
RNO,8/10/2026 15:55,-119.7711,39.4839,1345,1013.9
RNO,8/10/2026 16:55,-119.7711,39.4839,1345,1013.3
RNO,8/10/2026 17:55,-119.7711,39.4839,1345,1013.1
RNO,8/10/2026 18:55,-119.7711,39.4839,1345,1012.5
RNO,8/10/2026 19:55,-119.7711,39.4839,1345,1011.5
RNO,8/10/2026 20:55,-119.7711,39.4839,1345,1010.7
RNO,8/10/2026 21:55,-119.7711,39.4839,1345,1010.2
RNO,8/10/2026 22:55,-119.7711,39.4839,1345,1009.5
RNO,8/10/2026 23:55,-119.7711,39.4839,1345,1009.1
RNO,8/11/2026 0:55,-119.7711,39.4839,1345,1009.7
RNO,8/11/2026 1:55,-119.7711,39.4839,1345,1010.2
RNO,8/11/2026 2:55,-119.7711,39.4839,1345,1010.9
RNO,8/11/2026 3:55,-119.7711,39.4839,1345,1012.1
RNO,8/11/2026 4:55,-119.7711,39.4839,1345,1013
RNO,8/11/2026 5:55,-119.7711,39.4839,1345,1012.9
RNO,8/11/2026 6:55,-119.7711,39.4839,1345,1013.1
RNO,8/11/2026 7:55,-119.7711,39.4839,1345,1013.1
RNO,8/11/2026 8:55,-119.7711,39.4839,1345,1013
RNO,8/11/2026 9:55,-119.7711,39.4839,1345,1012.9
RNO,8/11/2026 10:55,-119.7711,39.4839,1345,1013.2
RNO,8/11/2026 11:55,-119.7711,39.4839,1345,1012.9
RNO,8/11/2026 12:55,-119.7711,39.4839,1345,1013.3
RNO,8/11/2026 13:55,-119.7711,39.4839,1345,1014.1
RNO,8/11/2026 14:55,-119.7711,39.4839,1345,1014.1
RNO,8/11/2026 15:55,-119.7711,39.4839,1345,1014.3
RNO,8/11/2026 16:55,-119.7711,39.4839,1345,1013.7
RNO,8/11/2026 17:55,-119.7711,39.4839,1345,1013.3
RNO,8/11/2026 18:55,-119.7711,39.4839,1345,1012.7
RNO,8/11/2026 19:55,-119.7711,39.4839,1345,1012.1
RNO,8/11/2026 20:55,-119.7711,39.4839,1345,1011.2
RNO,8/11/2026 21:55,-119.7711,39.4839,1345,1010.4
RNO,8/11/2026 22:55,-119.7711,39.4839,1345,1009.6
RNO,8/11/2026 23:55,-119.7711,39.4839,1345,1009.3
RNO,8/12/2026 0:55,-119.7711,39.4839,1345,1010
RNO,8/12/2026 1:55,-119.7711,39.4839,1345,1010.3
RNO,8/12/2026 2:55,-119.7711,39.4839,1345,1010.8
RNO,8/12/2026 3:55,-119.7711,39.4839,1345,1012.1
RNO,8/12/2026 4:55,-119.7711,39.4839,1345,1012.2
RNO,8/12/2026 5:55,-119.7711,39.4839,1345,1012.3
RNO,8/12/2026 6:55,-119.7711,39.4839,1345,1012.3
RNO,8/12/2026 7:55,-119.7711,39.4839,1345,1012.2
RNO,8/12/2026 8:55,-119.7711,39.4839,1345,1011.8
RNO,8/12/2026 9:55,-119.7711,39.4839,1345,1011.4
RNO,8/12/2026 10:55,-119.7711,39.4839,1345,1011.2
RNO,8/12/2026 11:55,-119.7711,39.4839,1345,1011.5
RNO,8/12/2026 12:55,-119.7711,39.4839,1345,1011.7
RNO,8/12/2026 13:55,-119.7711,39.4839,1345,1012.1
RNO,8/12/2026 14:55,-119.7711,39.4839,1345,1012.4
RNO,8/12/2026 15:55,-119.7711,39.4839,1345,1012.3
RNO,8/12/2026 16:55,-119.7711,39.4839,1345,1011.6
RNO,8/12/2026 17:55,-119.7711,39.4839,1345,1010.9
RNO,8/12/2026 18:55,-119.7711,39.4839,1345,1010.2
RNO,8/12/2026 19:55,-119.7711,39.4839,1345,1008.7
RNO,8/12/2026 20:55,-119.7711,39.4839,1345,1007.6
RNO,8/12/2026 21:51,-119.7711,39.4839,1345,M
RNO,8/12/2026 21:55,-119.7711,39.4839,1345,1007.7
RNO,8/12/2026 22:12,-119.7711,39.4839,1345,M
RNO,8/12/2026 22:20,-119.7711,39.4839,1345,M
RNO,8/12/2026 22:55,-119.7711,39.4839,1345,1009.9
RNO,8/12/2026 23:26,-119.7711,39.4839,1345,M
RNO,8/12/2026 23:55,-119.7711,39.4839,1345,1010.5
RNO,8/13/2026 0:41,-119.7711,39.4839,1345,M
RNO,8/13/2026 0:55,-119.7711,39.4839,1345,1010.8
RNO,8/13/2026 1:36,-119.7711,39.4839,1345,M
RNO,8/13/2026 1:55,-119.7711,39.4839,1345,1010.5
RNO,8/13/2026 2:55,-119.7711,39.4839,1345,1010.6
RNO,8/13/2026 3:55,-119.7711,39.4839,1345,1010.6
RNO,8/13/2026 4:55,-119.7711,39.4839,1345,1010.1
RNO,8/13/2026 5:55,-119.7711,39.4839,1345,1009.4
RNO,8/13/2026 6:55,-119.7711,39.4839,1345,1009
RNO,8/13/2026 7:55,-119.7711,39.4839,1345,1008.6
RNO,8/13/2026 8:55,-119.7711,39.4839,1345,1008.3
RNO,8/13/2026 9:55,-119.7711,39.4839,1345,1008.6
RNO,8/13/2026 10:55,-119.7711,39.4839,1345,1009.5
RNO,8/13/2026 11:55,-119.7711,39.4839,1345,1009.5
RNO,8/13/2026 12:55,-119.7711,39.4839,1345,1009.6
RNO,8/13/2026 13:55,-119.7711,39.4839,1345,1009.9
RNO,8/13/2026 14:55,-119.7711,39.4839,1345,1010.3
RNO,8/13/2026 15:55,-119.7711,39.4839,1345,1010.3
RNO,8/13/2026 16:55,-119.7711,39.4839,1345,1009.7
RNO,8/13/2026 17:55,-119.7711,39.4839,1345,1009.4
RNO,8/13/2026 18:55,-119.7711,39.4839,1345,1008.6
RNO,8/13/2026 19:21,-119.7711,39.4839,1345,M
RNO,8/13/2026 19:40,-119.7711,39.4839,1345,M
RNO,8/13/2026 19:47,-119.7711,39.4839,1345,M
RNO,8/13/2026 19:55,-119.7711,39.4839,1345,1008.8
RNO,8/13/2026 20:55,-119.7711,39.4839,1345,1009.4
RNO,8/13/2026 21:13,-119.7711,39.4839,1345,M
RNO,8/13/2026 21:55,-119.7711,39.4839,1345,1008.2
RNO,8/13/2026 22:55,-119.7711,39.4839,1345,1008.2
RNO,8/13/2026 23:55,-119.7711,39.4839,1345,1008.1
RNO,8/14/2026 0:55,-119.7711,39.4839,1345,1009
RNO,8/14/2026 1:55,-119.7711,39.4839,1345,1009.5
RNO,8/14/2026 2:47,-119.7711,39.4839,1345,M
RNO,8/14/2026 2:55,-119.7711,39.4839,1345,1010.4
RNO,8/14/2026 3:55,-119.7711,39.4839,1345,1011.3
RNO,8/14/2026 4:55,-119.7711,39.4839,1345,1011.6
RNO,8/14/2026 5:55,-119.7711,39.4839,1345,1011.7
RNO,8/14/2026 6:55,-119.7711,39.4839,1345,1011.9
RNO,8/14/2026 7:55,-119.7711,39.4839,1345,1013
RNO,8/14/2026 8:55,-119.7711,39.4839,1345,1013.2
RNO,8/14/2026 9:55,-119.7711,39.4839,1345,1012.9
RNO,8/14/2026 10:55,-119.7711,39.4839,1345,1012.8
RNO,8/14/2026 11:55,-119.7711,39.4839,1345,1013.2
RNO,8/14/2026 12:55,-119.7711,39.4839,1345,1013.8
RNO,8/14/2026 13:55,-119.7711,39.4839,1345,1014.9
RNO,8/14/2026 14:55,-119.7711,39.4839,1345,1015
RNO,8/14/2026 15:55,-119.7711,39.4839,1345,1015.2
RNO,8/14/2026 16:55,-119.7711,39.4839,1345,1014.6
RNO,8/14/2026 17:55,-119.7711,39.4839,1345,1014.2
RNO,8/14/2026 18:55,-119.7711,39.4839,1345,1013.8
RNO,8/14/2026 19:55,-119.7711,39.4839,1345,1012.9
RNO,8/14/2026 20:55,-119.7711,39.4839,1345,1012.3
RNO,8/14/2026 21:55,-119.7711,39.4839,1345,1011.5
RNO,8/14/2026 22:55,-119.7711,39.4839,1345,1011.3
RNO,8/14/2026 23:55,-119.7711,39.4839,1345,1011.3
RNO,8/15/2026 0:55,-119.7711,39.4839,1345,1012
RNO,8/15/2026 1:55,-119.7711,39.4839,1345,1012.4
RNO,8/15/2026 2:55,-119.7711,39.4839,1345,1012.5
RNO,8/15/2026 3:55,-119.7711,39.4839,1345,1013.5
RNO,8/15/2026 4:55,-119.7711,39.4839,1345,1014.5
RNO,8/15/2026 5:55,-119.7711,39.4839,1345,1014.8
RNO,8/15/2026 6:55,-119.7711,39.4839,1345,1015
RNO,8/15/2026 7:55,-119.7711,39.4839,1345,1015.4
RNO,8/15/2026 8:55,-119.7711,39.4839,1345,1015.4
RNO,8/15/2026 9:55,-119.7711,39.4839,1345,1015.2
RNO,8/15/2026 10:55,-119.7711,39.4839,1345,1015.5
RNO,8/15/2026 11:55,-119.7711,39.4839,1345,1016
RNO,8/15/2026 12:55,-119.7711,39.4839,1345,1016.4
RNO,8/15/2026 13:55,-119.7711,39.4839,1345,1017.6
RNO,8/15/2026 14:55,-119.7711,39.4839,1345,1017.8
RNO,8/15/2026 15:55,-119.7711,39.4839,1345,1018
RNO,8/15/2026 16:55,-119.7711,39.4839,1345,1017.7
RNO,8/15/2026 17:55,-119.7711,39.4839,1345,1017.4
RNO,8/15/2026 18:55,-119.7711,39.4839,1345,1016.7
RNO,8/15/2026 19:55,-119.7711,39.4839,1345,1016
RNO,8/15/2026 20:55,-119.7711,39.4839,1345,1015.7
RNO,8/15/2026 21:55,-119.7711,39.4839,1345,1015.3
RNO,8/15/2026 22:55,-119.7711,39.4839,1345,1014.7
RNO,8/15/2026 23:55,-119.7711,39.4839,1345,1014.3
RNO,8/16/2026 0:55,-119.7711,39.4839,1345,1014.3
RNO,8/16/2026 1:55,-119.7711,39.4839,1345,1014.7
RNO,8/16/2026 2:55,-119.7711,39.4839,1345,1015.5
RNO,8/16/2026 3:55,-119.7711,39.4839,1345,1016.8
RNO,8/16/2026 4:55,-119.7711,39.4839,1345,1017.9
RNO,8/16/2026 5:55,-119.7711,39.4839,1345,1018
RNO,8/16/2026 6:55,-119.7711,39.4839,1345,1018.1
RNO,8/16/2026 7:55,-119.7711,39.4839,1345,1018.3
RNO,8/16/2026 8:55,-119.7711,39.4839,1345,1018.7
RNO,8/16/2026 9:55,-119.7711,39.4839,1345,1018.9
RNO,8/16/2026 10:55,-119.7711,39.4839,1345,1019.2
RNO,8/16/2026 11:55,-119.7711,39.4839,1345,1019.1
RNO,8/16/2026 12:55,-119.7711,39.4839,1345,1019.2
RNO,8/16/2026 13:55,-119.7711,39.4839,1345,1019.8
RNO,8/16/2026 14:55,-119.7711,39.4839,1345,1020.2
RNO,8/16/2026 15:55,-119.7711,39.4839,1345,1020.3
RNO,8/16/2026 16:55,-119.7711,39.4839,1345,1020
RNO,8/16/2026 17:55,-119.7711,39.4839,1345,1019.4
RNO,8/16/2026 18:55,-119.7711,39.4839,1345,1018.1
RNO,8/16/2026 19:55,-119.7711,39.4839,1345,1017.1
RNO,8/16/2026 20:55,-119.7711,39.4839,1345,1016.4
RNO,8/16/2026 21:55,-119.7711,39.4839,1345,1016.1
RNO,8/16/2026 22:55,-119.7711,39.4839,1345,1014.7
RNO,8/16/2026 23:55,-119.7711,39.4839,1345,1014.4
RNO,8/17/2026 0:55,-119.7711,39.4839,1345,1013.9
RNO,8/17/2026 1:55,-119.7711,39.4839,1345,1014.1
RNO,8/17/2026 2:55,-119.7711,39.4839,1345,1014.7
RNO,8/17/2026 3:55,-119.7711,39.4839,1345,1015.5
RNO,8/17/2026 4:55,-119.7711,39.4839,1345,1016.2
RNO,8/17/2026 5:55,-119.7711,39.4839,1345,1016.6
RNO,8/17/2026 6:55,-119.7711,39.4839,1345,1016.4
RNO,8/17/2026 7:55,-119.7711,39.4839,1345,1016.6
RNO,8/17/2026 8:55,-119.7711,39.4839,1345,1016.9
RNO,8/17/2026 9:55,-119.7711,39.4839,1345,1016.7
RNO,8/17/2026 10:55,-119.7711,39.4839,1345,1016.7
RNO,8/17/2026 11:55,-119.7711,39.4839,1345,1016.7
RNO,8/17/2026 12:55,-119.7711,39.4839,1345,1016.8
RNO,8/17/2026 13:55,-119.7711,39.4839,1345,1017.6
RNO,8/17/2026 14:55,-119.7711,39.4839,1345,1017.4
RNO,8/17/2026 15:55,-119.7711,39.4839,1345,1017.3
RNO,8/17/2026 16:55,-119.7711,39.4839,1345,1017.1
RNO,8/17/2026 17:55,-119.7711,39.4839,1345,1016.8
RNO,8/17/2026 18:55,-119.7711,39.4839,1345,1015.4
RNO,8/17/2026 19:55,-119.7711,39.4839,1345,1014.1
RNO,8/17/2026 20:55,-119.7711,39.4839,1345,1013.3
RNO,8/17/2026 21:55,-119.7711,39.4839,1345,1012.8
RNO,8/17/2026 22:55,-119.7711,39.4839,1345,1012.5
RNO,8/17/2026 23:55,-119.7711,39.4839,1345,1012.7
RNO,8/18/2026 0:55,-119.7711,39.4839,1345,1013
RNO,8/18/2026 1:55,-119.7711,39.4839,1345,1013.3
RNO,8/18/2026 2:55,-119.7711,39.4839,1345,1014.4
RNO,8/18/2026 3:55,-119.7711,39.4839,1345,1015.1
RNO,8/18/2026 4:55,-119.7711,39.4839,1345,1015.7
RNO,8/18/2026 5:55,-119.7711,39.4839,1345,1016.4
RNO,8/18/2026 6:55,-119.7711,39.4839,1345,1016.4
RNO,8/18/2026 7:55,-119.7711,39.4839,1345,1016.3
RNO,8/18/2026 8:55,-119.7711,39.4839,1345,1015.9
RNO,8/18/2026 9:55,-119.7711,39.4839,1345,1016.1
RNO,8/18/2026 10:55,-119.7711,39.4839,1345,1016.1
RNO,8/18/2026 11:55,-119.7711,39.4839,1345,1016
RNO,8/18/2026 12:55,-119.7711,39.4839,1345,1016.4
RNO,8/18/2026 13:55,-119.7711,39.4839,1345,1016.8
RNO,8/18/2026 14:55,-119.7711,39.4839,1345,1017.2
RNO,8/18/2026 15:55,-119.7711,39.4839,1345,1017.4
RNO,8/18/2026 16:55,-119.7711,39.4839,1345,1017
RNO,8/18/2026 17:55,-119.7711,39.4839,1345,1016.4
RNO,8/18/2026 18:55,-119.7711,39.4839,1345,1015.8
RNO,8/18/2026 19:55,-119.7711,39.4839,1345,1014.6
RNO,8/18/2026 20:55,-119.7711,39.4839,1345,1013.8
RNO,8/18/2026 21:55,-119.7711,39.4839,1345,1013.1
RNO,8/18/2026 22:55,-119.7711,39.4839,1345,1012.3
RNO,8/18/2026 23:55,-119.7711,39.4839,1345,1012.2
RNO,8/19/2026 0:55,-119.7711,39.4839,1345,1012
RNO,8/19/2026 1:55,-119.7711,39.4839,1345,1011.9
RNO,8/19/2026 2:55,-119.7711,39.4839,1345,1012.8
RNO,8/19/2026 3:55,-119.7711,39.4839,1345,1013.5
RNO,8/19/2026 4:55,-119.7711,39.4839,1345,1014.1
RNO,8/19/2026 5:55,-119.7711,39.4839,1345,1014.3
RNO,8/19/2026 6:55,-119.7711,39.4839,1345,1014.8
RNO,8/19/2026 7:55,-119.7711,39.4839,1345,1014.6
RNO,8/19/2026 8:55,-119.7711,39.4839,1345,1014.3
RNO,8/19/2026 9:55,-119.7711,39.4839,1345,1014
RNO,8/19/2026 10:55,-119.7711,39.4839,1345,1014.1
RNO,8/19/2026 11:55,-119.7711,39.4839,1345,1014.4
RNO,8/19/2026 12:55,-119.7711,39.4839,1345,1014.6
RNO,8/19/2026 13:55,-119.7711,39.4839,1345,1015.1
RNO,8/19/2026 14:55,-119.7711,39.4839,1345,1015
RNO,8/19/2026 15:55,-119.7711,39.4839,1345,1015.2
RNO,8/19/2026 16:55,-119.7711,39.4839,1345,1014.7
RNO,8/19/2026 17:55,-119.7711,39.4839,1345,1014
RNO,8/19/2026 18:55,-119.7711,39.4839,1345,1013.1
RNO,8/19/2026 19:55,-119.7711,39.4839,1345,1012.1
RNO,8/19/2026 20:55,-119.7711,39.4839,1345,1011.4
RNO,8/19/2026 21:55,-119.7711,39.4839,1345,1010.5
RNO,8/19/2026 22:55,-119.7711,39.4839,1345,1009.7
RNO,8/19/2026 23:55,-119.7711,39.4839,1345,1009.8
RNO,8/20/2026 0:55,-119.7711,39.4839,1345,1010
RNO,8/20/2026 1:55,-119.7711,39.4839,1345,1010.7
RNO,8/20/2026 2:55,-119.7711,39.4839,1345,1011.3
RNO,8/20/2026 3:55,-119.7711,39.4839,1345,1012.8
RNO,8/20/2026 4:55,-119.7711,39.4839,1345,1013.2
RNO,8/20/2026 5:55,-119.7711,39.4839,1345,1013.1
RNO,8/20/2026 6:55,-119.7711,39.4839,1345,1013.5
RNO,8/20/2026 7:55,-119.7711,39.4839,1345,1013.6
RNO,8/20/2026 8:55,-119.7711,39.4839,1345,1013.9
RNO,8/20/2026 9:55,-119.7711,39.4839,1345,1013.9
RNO,8/20/2026 10:55,-119.7711,39.4839,1345,1014.2
RNO,8/20/2026 11:55,-119.7711,39.4839,1345,1014.3
RNO,8/20/2026 12:55,-119.7711,39.4839,1345,1014.6
RNO,8/20/2026 13:55,-119.7711,39.4839,1345,1015.8
RNO,8/20/2026 14:55,-119.7711,39.4839,1345,1016
RNO,8/20/2026 15:55,-119.7711,39.4839,1345,1016
RNO,8/20/2026 16:55,-119.7711,39.4839,1345,1015.4
RNO,8/20/2026 17:55,-119.7711,39.4839,1345,1015.4
RNO,8/20/2026 18:55,-119.7711,39.4839,1345,1014.9
RNO,8/20/2026 19:55,-119.7711,39.4839,1345,1013.8
RNO,8/20/2026 20:55,-119.7711,39.4839,1345,1013.2
RNO,8/20/2026 21:55,-119.7711,39.4839,1345,1012.5
RNO,8/20/2026 22:55,-119.7711,39.4839,1345,1011.9
RNO,8/20/2026 23:55,-119.7711,39.4839,1345,1011.6
RNO,8/21/2026 0:55,-119.7711,39.4839,1345,1011.9
RNO,8/21/2026 1:55,-119.7711,39.4839,1345,1012.2
RNO,8/21/2026 2:55,-119.7711,39.4839,1345,1012.8
RNO,8/21/2026 3:55,-119.7711,39.4839,1345,1013.8
RNO,8/21/2026 4:55,-119.7711,39.4839,1345,1014.2
RNO,8/21/2026 5:55,-119.7711,39.4839,1345,1014.5
RNO,8/21/2026 6:55,-119.7711,39.4839,1345,1014.9
RNO,8/21/2026 7:55,-119.7711,39.4839,1345,1015.3
RNO,8/21/2026 8:55,-119.7711,39.4839,1345,1015.3
RNO,8/21/2026 9:55,-119.7711,39.4839,1345,1014.9
RNO,8/21/2026 10:55,-119.7711,39.4839,1345,1015.1
RNO,8/21/2026 11:55,-119.7711,39.4839,1345,1015.4
RNO,8/21/2026 12:55,-119.7711,39.4839,1345,1015.9
RNO,8/21/2026 13:55,-119.7711,39.4839,1345,1016.4
RNO,8/21/2026 14:55,-119.7711,39.4839,1345,1016.9
RNO,8/21/2026 15:55,-119.7711,39.4839,1345,1016.5
RNO,8/21/2026 16:55,-119.7711,39.4839,1345,1016.1
RNO,8/21/2026 17:55,-119.7711,39.4839,1345,1015.6
RNO,8/21/2026 18:55,-119.7711,39.4839,1345,1015.2
RNO,8/21/2026 19:55,-119.7711,39.4839,1345,1014.4
RNO,8/21/2026 20:55,-119.7711,39.4839,1345,1013.9
RNO,8/21/2026 21:55,-119.7711,39.4839,1345,1012.8
RNO,8/21/2026 22:55,-119.7711,39.4839,1345,1012.1
RNO,8/21/2026 23:55,-119.7711,39.4839,1345,1012.4
RNO,8/22/2026 0:55,-119.7711,39.4839,1345,1012.7
RNO,8/22/2026 1:55,-119.7711,39.4839,1345,1013.1
RNO,8/22/2026 2:55,-119.7711,39.4839,1345,1013.8
RNO,8/22/2026 3:55,-119.7711,39.4839,1345,1014.6
RNO,8/22/2026 4:55,-119.7711,39.4839,1345,1015
RNO,8/22/2026 5:55,-119.7711,39.4839,1345,1015.2
RNO,8/22/2026 6:55,-119.7711,39.4839,1345,1015
RNO,8/22/2026 7:55,-119.7711,39.4839,1345,1015.1
RNO,8/22/2026 8:55,-119.7711,39.4839,1345,1014.7
RNO,8/22/2026 9:55,-119.7711,39.4839,1345,1014
RNO,8/22/2026 10:55,-119.7711,39.4839,1345,1014.2
RNO,8/22/2026 11:55,-119.7711,39.4839,1345,1014.2
RNO,8/22/2026 12:55,-119.7711,39.4839,1345,1014.4
RNO,8/22/2026 13:55,-119.7711,39.4839,1345,1015.4
RNO,8/22/2026 14:55,-119.7711,39.4839,1345,1016
RNO,8/22/2026 15:55,-119.7711,39.4839,1345,1016.3
RNO,8/22/2026 16:55,-119.7711,39.4839,1345,1016
RNO,8/22/2026 17:55,-119.7711,39.4839,1345,1015.7
RNO,8/22/2026 18:55,-119.7711,39.4839,1345,1014.8
RNO,8/22/2026 19:55,-119.7711,39.4839,1345,1013.9
RNO,8/22/2026 20:55,-119.7711,39.4839,1345,1013.3
RNO,8/22/2026 21:55,-119.7711,39.4839,1345,1012.7
RNO,8/22/2026 22:55,-119.7711,39.4839,1345,1012
RNO,8/22/2026 23:55,-119.7711,39.4839,1345,1011.7
RNO,8/23/2026 0:55,-119.7711,39.4839,1345,1012
RNO,8/23/2026 1:55,-119.7711,39.4839,1345,1012.4
RNO,8/23/2026 2:55,-119.7711,39.4839,1345,1013.2
RNO,8/23/2026 3:55,-119.7711,39.4839,1345,1014.3
RNO,8/23/2026 4:55,-119.7711,39.4839,1345,1014.3
RNO,8/23/2026 5:55,-119.7711,39.4839,1345,1014.1
RNO,8/23/2026 6:55,-119.7711,39.4839,1345,1014.1
RNO,8/23/2026 7:55,-119.7711,39.4839,1345,1014
RNO,8/23/2026 8:55,-119.7711,39.4839,1345,1014
RNO,8/23/2026 9:55,-119.7711,39.4839,1345,1014.2
RNO,8/23/2026 10:55,-119.7711,39.4839,1345,1014.3
RNO,8/23/2026 11:55,-119.7711,39.4839,1345,1014.5
RNO,8/23/2026 12:55,-119.7711,39.4839,1345,1015
RNO,8/23/2026 13:55,-119.7711,39.4839,1345,1015.5
RNO,8/23/2026 14:55,-119.7711,39.4839,1345,1016
RNO,8/23/2026 15:55,-119.7711,39.4839,1345,1015.9
RNO,8/23/2026 16:55,-119.7711,39.4839,1345,1015.9
RNO,8/23/2026 17:55,-119.7711,39.4839,1345,1015.3
RNO,8/23/2026 18:55,-119.7711,39.4839,1345,1014.6
RNO,8/23/2026 19:55,-119.7711,39.4839,1345,1013.3
RNO,8/23/2026 20:55,-119.7711,39.4839,1345,1012.4
RNO,8/23/2026 21:55,-119.7711,39.4839,1345,1011.6
RNO,8/23/2026 22:55,-119.7711,39.4839,1345,1010.8
RNO,8/23/2026 23:55,-119.7711,39.4839,1345,1010.5
RNO,8/24/2026 0:55,-119.7711,39.4839,1345,1010.7
RNO,8/24/2026 1:55,-119.7711,39.4839,1345,1011
RNO,8/24/2026 2:55,-119.7711,39.4839,1345,1011.8
RNO,8/24/2026 3:55,-119.7711,39.4839,1345,1012.7
RNO,8/24/2026 4:55,-119.7711,39.4839,1345,1013.7
RNO,8/24/2026 5:55,-119.7711,39.4839,1345,1013.8
RNO,8/24/2026 6:55,-119.7711,39.4839,1345,1013.8
RNO,8/24/2026 7:55,-119.7711,39.4839,1345,1014.1
RNO,8/24/2026 8:55,-119.7711,39.4839,1345,1013.6
RNO,8/24/2026 9:55,-119.7711,39.4839,1345,1013.5
RNO,8/24/2026 10:55,-119.7711,39.4839,1345,1013.5
RNO,8/24/2026 11:55,-119.7711,39.4839,1345,1013.7
RNO,8/24/2026 12:55,-119.7711,39.4839,1345,1014.2
RNO,8/24/2026 13:55,-119.7711,39.4839,1345,1014.8
RNO,8/24/2026 14:55,-119.7711,39.4839,1345,1015.2
RNO,8/24/2026 15:55,-119.7711,39.4839,1345,1015.2
RNO,8/24/2026 16:55,-119.7711,39.4839,1345,1015
RNO,8/24/2026 17:55,-119.7711,39.4839,1345,1014.4
RNO,8/24/2026 18:55,-119.7711,39.4839,1345,1013.9
RNO,8/24/2026 19:55,-119.7711,39.4839,1345,1013.5
RNO,8/24/2026 20:55,-119.7711,39.4839,1345,1012.6
RNO,8/24/2026 21:55,-119.7711,39.4839,1345,1011.9
RNO,8/24/2026 22:55,-119.7711,39.4839,1345,1011.5
RNO,8/24/2026 23:55,-119.7711,39.4839,1345,1011.7
RNO,8/25/2026 0:55,-119.7711,39.4839,1345,1012.3
RNO,8/25/2026 1:55,-119.7711,39.4839,1345,1012.9
RNO,8/25/2026 2:55,-119.7711,39.4839,1345,1014
RNO,8/25/2026 3:55,-119.7711,39.4839,1345,1014.8
RNO,8/25/2026 4:55,-119.7711,39.4839,1345,1015.9
RNO,8/25/2026 5:55,-119.7711,39.4839,1345,1015.9
RNO,8/25/2026 6:55,-119.7711,39.4839,1345,1016
RNO,8/25/2026 7:55,-119.7711,39.4839,1345,1016.4
RNO,8/25/2026 8:55,-119.7711,39.4839,1345,1016.6
RNO,8/25/2026 9:55,-119.7711,39.4839,1345,1016.5
RNO,8/25/2026 10:55,-119.7711,39.4839,1345,1016.7
RNO,8/25/2026 11:55,-119.7711,39.4839,1345,1017
RNO,8/25/2026 12:55,-119.7711,39.4839,1345,1017.4
RNO,8/25/2026 13:55,-119.7711,39.4839,1345,1018
RNO,8/25/2026 14:55,-119.7711,39.4839,1345,1018.6
RNO,8/25/2026 15:55,-119.7711,39.4839,1345,1018.6
RNO,8/25/2026 16:55,-119.7711,39.4839,1345,1018.3
RNO,8/25/2026 17:55,-119.7711,39.4839,1345,1018.2
RNO,8/25/2026 18:55,-119.7711,39.4839,1345,1017.5
RNO,8/25/2026 19:55,-119.7711,39.4839,1345,1016.8
RNO,8/25/2026 20:55,-119.7711,39.4839,1345,1016.4
RNO,8/25/2026 21:55,-119.7711,39.4839,1345,1015.7
RNO,8/25/2026 22:55,-119.7711,39.4839,1345,1015.1
RNO,8/25/2026 23:55,-119.7711,39.4839,1345,1015.2
RNO,8/26/2026 0:55,-119.7711,39.4839,1345,1015.1
RNO,8/26/2026 1:55,-119.7711,39.4839,1345,1015.2
RNO,8/26/2026 2:55,-119.7711,39.4839,1345,1015.7
RNO,8/26/2026 3:55,-119.7711,39.4839,1345,1016.3
RNO,8/26/2026 4:55,-119.7711,39.4839,1345,1016.7
RNO,8/26/2026 5:55,-119.7711,39.4839,1345,1016.6
RNO,8/26/2026 6:55,-119.7711,39.4839,1345,1016.4
RNO,8/26/2026 7:55,-119.7711,39.4839,1345,1016.5
RNO,8/26/2026 8:55,-119.7711,39.4839,1345,1016.4
RNO,8/26/2026 9:55,-119.7711,39.4839,1345,1016.1
RNO,8/26/2026 10:55,-119.7711,39.4839,1345,1016.3
RNO,8/26/2026 11:55,-119.7711,39.4839,1345,1016.6
RNO,8/26/2026 12:55,-119.7711,39.4839,1345,1016.9
RNO,8/26/2026 13:55,-119.7711,39.4839,1345,1017.4
RNO,8/26/2026 14:55,-119.7711,39.4839,1345,1017.7
RNO,8/26/2026 15:55,-119.7711,39.4839,1345,1017
RNO,8/26/2026 16:55,-119.7711,39.4839,1345,1016.9
RNO,8/26/2026 17:55,-119.7711,39.4839,1345,1016.1
RNO,8/26/2026 18:55,-119.7711,39.4839,1345,1015.6
RNO,8/26/2026 19:55,-119.7711,39.4839,1345,1014.8
RNO,8/26/2026 20:55,-119.7711,39.4839,1345,1014.6
RNO,8/26/2026 21:55,-119.7711,39.4839,1345,1013.8
RNO,8/26/2026 22:55,-119.7711,39.4839,1345,1013.1
RNO,8/26/2026 23:55,-119.7711,39.4839,1345,1012.8
RNO,8/27/2026 0:55,-119.7711,39.4839,1345,1013
RNO,8/27/2026 1:55,-119.7711,39.4839,1345,1013.6
RNO,8/27/2026 2:55,-119.7711,39.4839,1345,1014.3
RNO,8/27/2026 3:55,-119.7711,39.4839,1345,1014.8
RNO,8/27/2026 4:55,-119.7711,39.4839,1345,1014.9
RNO,8/27/2026 5:55,-119.7711,39.4839,1345,1014.8
RNO,8/27/2026 6:55,-119.7711,39.4839,1345,1014.5
RNO,8/27/2026 7:55,-119.7711,39.4839,1345,1014.7
RNO,8/27/2026 8:55,-119.7711,39.4839,1345,1014.4
RNO,8/27/2026 9:55,-119.7711,39.4839,1345,1014.3
RNO,8/27/2026 10:55,-119.7711,39.4839,1345,1014.5
RNO,8/27/2026 11:55,-119.7711,39.4839,1345,1014.8
RNO,8/27/2026 12:55,-119.7711,39.4839,1345,1015
RNO,8/27/2026 13:55,-119.7711,39.4839,1345,1015.7
RNO,8/27/2026 14:55,-119.7711,39.4839,1345,1015.9
RNO,8/27/2026 15:55,-119.7711,39.4839,1345,1015.6
RNO,8/27/2026 16:55,-119.7711,39.4839,1345,1014.7
RNO,8/27/2026 17:55,-119.7711,39.4839,1345,1014.6
RNO,8/27/2026 18:55,-119.7711,39.4839,1345,1014.1
RNO,8/27/2026 19:55,-119.7711,39.4839,1345,1013.5
RNO,8/27/2026 20:21,-119.7711,39.4839,1345,M
RNO,8/27/2026 20:55,-119.7711,39.4839,1345,1013.4
RNO,8/27/2026 21:55,-119.7711,39.4839,1345,1012.8
RNO,8/27/2026 22:55,-119.7711,39.4839,1345,1012.8
RNO,8/27/2026 23:55,-119.7711,39.4839,1345,1013.4
RNO,8/28/2026 0:55,-119.7711,39.4839,1345,1014
RNO,8/28/2026 1:55,-119.7711,39.4839,1345,1013.9
RNO,8/28/2026 2:55,-119.7711,39.4839,1345,1013.8
RNO,8/28/2026 3:55,-119.7711,39.4839,1345,1014.3
RNO,8/28/2026 4:55,-119.7711,39.4839,1345,1014.2
RNO,8/28/2026 5:55,-119.7711,39.4839,1345,1013.6
RNO,8/28/2026 6:55,-119.7711,39.4839,1345,1013.3
RNO,8/28/2026 7:55,-119.7711,39.4839,1345,1013.4
RNO,8/28/2026 8:55,-119.7711,39.4839,1345,1013.1
RNO,8/28/2026 9:55,-119.7711,39.4839,1345,1012.6
RNO,8/28/2026 10:55,-119.7711,39.4839,1345,1013.1
RNO,8/28/2026 11:55,-119.7711,39.4839,1345,1013.3
RNO,8/28/2026 12:55,-119.7711,39.4839,1345,1013.5
RNO,8/28/2026 13:55,-119.7711,39.4839,1345,1014
RNO,8/28/2026 14:55,-119.7711,39.4839,1345,1014.8
RNO,8/28/2026 15:55,-119.7711,39.4839,1345,1015.6
RNO,8/28/2026 16:55,-119.7711,39.4839,1345,1016.8
RNO,8/28/2026 17:55,-119.7711,39.4839,1345,1017.6
RNO,8/28/2026 18:55,-119.7711,39.4839,1345,1018.5
RNO,8/28/2026 19:55,-119.7711,39.4839,1345,1017.9
RNO,8/28/2026 20:55,-119.7711,39.4839,1345,1016.7
RNO,8/28/2026 21:55,-119.7711,39.4839,1345,1016.8
RNO,8/28/2026 22:55,-119.7711,39.4839,1345,1015.9
RNO,8/28/2026 23:55,-119.7711,39.4839,1345,1015.7
RNO,8/29/2026 0:55,-119.7711,39.4839,1345,1015.3
RNO,8/29/2026 1:55,-119.7711,39.4839,1345,1015
RNO,8/29/2026 2:55,-119.7711,39.4839,1345,1015
RNO,8/29/2026 3:55,-119.7711,39.4839,1345,1015.6
RNO,8/29/2026 4:55,-119.7711,39.4839,1345,1016.1
RNO,8/29/2026 5:55,-119.7711,39.4839,1345,1016.3
RNO,8/29/2026 6:55,-119.7711,39.4839,1345,1016
RNO,8/29/2026 7:55,-119.7711,39.4839,1345,1016.1
RNO,8/29/2026 8:55,-119.7711,39.4839,1345,1015.9
RNO,8/29/2026 9:55,-119.7711,39.4839,1345,1015.7
RNO,8/29/2026 10:55,-119.7711,39.4839,1345,1015.6
RNO,8/29/2026 11:55,-119.7711,39.4839,1345,1015.3
RNO,8/29/2026 12:55,-119.7711,39.4839,1345,1015.5
RNO,8/29/2026 13:55,-119.7711,39.4839,1345,1015.4
RNO,8/29/2026 14:55,-119.7711,39.4839,1345,1015.4
RNO,8/29/2026 15:55,-119.7711,39.4839,1345,1015.1
RNO,8/29/2026 16:55,-119.7711,39.4839,1345,1014.4
RNO,8/29/2026 17:55,-119.7711,39.4839,1345,1013.7
RNO,8/29/2026 18:55,-119.7711,39.4839,1345,1013.4
RNO,8/29/2026 19:39,-119.7711,39.4839,1345,M
RNO,8/29/2026 19:55,-119.7711,39.4839,1345,1012.3
RNO,8/29/2026 20:55,-119.7711,39.4839,1345,1012
RNO,8/29/2026 21:55,-119.7711,39.4839,1345,1011.7
RNO,8/29/2026 22:55,-119.7711,39.4839,1345,1010.9
RNO,8/29/2026 23:55,-119.7711,39.4839,1345,1010.7
RNO,8/30/2026 0:55,-119.7711,39.4839,1345,1011
RNO,8/30/2026 1:55,-119.7711,39.4839,1345,1011.7
RNO,8/30/2026 2:55,-119.7711,39.4839,1345,1012.2
RNO,8/30/2026 3:55,-119.7711,39.4839,1345,1013
RNO,8/30/2026 4:55,-119.7711,39.4839,1345,1013.1
RNO,8/30/2026 5:55,-119.7711,39.4839,1345,1012.9
RNO,8/30/2026 6:55,-119.7711,39.4839,1345,1013.2
RNO,8/30/2026 7:55,-119.7711,39.4839,1345,1013
RNO,8/30/2026 8:55,-119.7711,39.4839,1345,1013.4
RNO,8/30/2026 9:55,-119.7711,39.4839,1345,1013.7
RNO,8/30/2026 10:55,-119.7711,39.4839,1345,1014.2
RNO,8/30/2026 11:55,-119.7711,39.4839,1345,1014.4
RNO,8/30/2026 12:55,-119.7711,39.4839,1345,1015.2
RNO,8/30/2026 13:55,-119.7711,39.4839,1345,1015.5
RNO,8/30/2026 14:55,-119.7711,39.4839,1345,1016.1
RNO,8/30/2026 15:55,-119.7711,39.4839,1345,1015.7
RNO,8/30/2026 16:55,-119.7711,39.4839,1345,1015.3
RNO,8/30/2026 17:55,-119.7711,39.4839,1345,1014.8
RNO,8/30/2026 18:55,-119.7711,39.4839,1345,1014.1
RNO,8/30/2026 19:55,-119.7711,39.4839,1345,1012.9
RNO,8/30/2026 20:55,-119.7711,39.4839,1345,1012.2
RNO,8/30/2026 21:55,-119.7711,39.4839,1345,1011.3
RNO,8/30/2026 22:55,-119.7711,39.4839,1345,1010.6
RNO,8/30/2026 23:55,-119.7711,39.4839,1345,1009.8
RNO,8/31/2026 0:55,-119.7711,39.4839,1345,1010
RNO,8/31/2026 1:55,-119.7711,39.4839,1345,1010.1
RNO,8/31/2026 2:55,-119.7711,39.4839,1345,1010.6
RNO,8/31/2026 3:55,-119.7711,39.4839,1345,1011.5
RNO,8/31/2026 4:55,-119.7711,39.4839,1345,1012
RNO,8/31/2026 5:55,-119.7711,39.4839,1345,1011.7
RNO,8/31/2026 6:55,-119.7711,39.4839,1345,1011.8
RNO,8/31/2026 7:55,-119.7711,39.4839,1345,1011.6
RNO,8/31/2026 8:55,-119.7711,39.4839,1345,1011.5
RNO,8/31/2026 9:55,-119.7711,39.4839,1345,1011.4
RNO,8/31/2026 10:55,-119.7711,39.4839,1345,1011.4
RNO,8/31/2026 11:55,-119.7711,39.4839,1345,1011.5
RNO,8/31/2026 12:55,-119.7711,39.4839,1345,1011.5
RNO,8/31/2026 13:55,-119.7711,39.4839,1345,1011.6
RNO,8/31/2026 14:55,-119.7711,39.4839,1345,1012.2
RNO,8/31/2026 15:55,-119.7711,39.4839,1345,1011.9
RNO,8/31/2026 16:55,-119.7711,39.4839,1345,1011.4
RNO,8/31/2026 17:55,-119.7711,39.4839,1345,1010.7
RNO,8/31/2026 18:55,-119.7711,39.4839,1345,1009.9
RNO,8/31/2026 19:55,-119.7711,39.4839,1345,1008.9
RNO,8/31/2026 20:55,-119.7711,39.4839,1345,1007.9
RNO,8/31/2026 21:55,-119.7711,39.4839,1345,1007.3
RNO,8/31/2026 22:55,-119.7711,39.4839,1345,1006.5
RNO,8/31/2026 23:55,-119.7711,39.4839,1345,1006.6
RNO,9/1/2026 0:55,-119.7711,39.4839,1345,1006.8
RNO,9/1/2026 1:55,-119.7711,39.4839,1345,1007.1
RNO,9/1/2026 2:55,-119.7711,39.4839,1345,1007.8
RNO,9/1/2026 3:55,-119.7711,39.4839,1345,1008.3
RNO,9/1/2026 4:55,-119.7711,39.4839,1345,1008.6
RNO,9/1/2026 5:55,-119.7711,39.4839,1345,1008.5
RNO,9/1/2026 6:55,-119.7711,39.4839,1345,1008.2
RNO,9/1/2026 7:55,-119.7711,39.4839,1345,1008.2
RNO,9/1/2026 8:55,-119.7711,39.4839,1345,1007.9
RNO,9/1/2026 9:55,-119.7711,39.4839,1345,1008
RNO,9/1/2026 10:55,-119.7711,39.4839,1345,1008.1
RNO,9/1/2026 11:55,-119.7711,39.4839,1345,1008.4
RNO,9/1/2026 12:55,-119.7711,39.4839,1345,1009
RNO,9/1/2026 13:55,-119.7711,39.4839,1345,1009.7
RNO,9/1/2026 14:55,-119.7711,39.4839,1345,1009.9
RNO,9/1/2026 15:55,-119.7711,39.4839,1345,1009.9
RNO,9/1/2026 16:55,-119.7711,39.4839,1345,1009.6
RNO,9/1/2026 17:55,-119.7711,39.4839,1345,1009.1
RNO,9/1/2026 18:55,-119.7711,39.4839,1345,1008.6
RNO,9/1/2026 19:55,-119.7711,39.4839,1345,1007.9
RNO,9/1/2026 20:55,-119.7711,39.4839,1345,1007.5
RNO,9/1/2026 21:55,-119.7711,39.4839,1345,1007.3
RNO,9/1/2026 22:55,-119.7711,39.4839,1345,1007.7
RNO,9/1/2026 23:55,-119.7711,39.4839,1345,1007.7
RNO,9/2/2026 0:55,-119.7711,39.4839,1345,1008.8
RNO,9/2/2026 1:55,-119.7711,39.4839,1345,1009
RNO,9/2/2026 2:55,-119.7711,39.4839,1345,1009.5
RNO,9/2/2026 3:55,-119.7711,39.4839,1345,1010.6
RNO,9/2/2026 4:55,-119.7711,39.4839,1345,1010.8
RNO,9/2/2026 5:55,-119.7711,39.4839,1345,1010.9
RNO,9/2/2026 6:55,-119.7711,39.4839,1345,1011.1
RNO,9/2/2026 7:55,-119.7711,39.4839,1345,1011.7
RNO,9/2/2026 8:55,-119.7711,39.4839,1345,1011.6
RNO,9/2/2026 9:55,-119.7711,39.4839,1345,1011.6
RNO,9/2/2026 10:55,-119.7711,39.4839,1345,1012
RNO,9/2/2026 11:55,-119.7711,39.4839,1345,1012
RNO,9/2/2026 12:55,-119.7711,39.4839,1345,1012.4
RNO,9/2/2026 13:55,-119.7711,39.4839,1345,1013.2
RNO,9/2/2026 14:55,-119.7711,39.4839,1345,1014
RNO,9/2/2026 15:55,-119.7711,39.4839,1345,1013.8
RNO,9/2/2026 16:55,-119.7711,39.4839,1345,1014.2
RNO,9/2/2026 17:55,-119.7711,39.4839,1345,1014.7
RNO,9/2/2026 18:55,-119.7711,39.4839,1345,1014
RNO,9/2/2026 19:55,-119.7711,39.4839,1345,1013.4
RNO,9/2/2026 20:55,-119.7711,39.4839,1345,1013
RNO,9/2/2026 21:55,-119.7711,39.4839,1345,1012.5
RNO,9/2/2026 22:55,-119.7711,39.4839,1345,1012
RNO,9/2/2026 23:55,-119.7711,39.4839,1345,1012.4
RNO,9/3/2026 0:55,-119.7711,39.4839,1345,1012.2
RNO,9/3/2026 1:55,-119.7711,39.4839,1345,1012.6
RNO,9/3/2026 2:55,-119.7711,39.4839,1345,1012.9
RNO,9/3/2026 3:55,-119.7711,39.4839,1345,1013.6
RNO,9/3/2026 4:55,-119.7711,39.4839,1345,1013.5
RNO,9/3/2026 5:55,-119.7711,39.4839,1345,1012.9
RNO,9/3/2026 6:55,-119.7711,39.4839,1345,1012.9
RNO,9/3/2026 7:55,-119.7711,39.4839,1345,1012.8
RNO,9/3/2026 8:55,-119.7711,39.4839,1345,1012.4
RNO,9/3/2026 9:55,-119.7711,39.4839,1345,1011.9
RNO,9/3/2026 10:55,-119.7711,39.4839,1345,1011.8
RNO,9/3/2026 11:55,-119.7711,39.4839,1345,1011.3
RNO,9/3/2026 12:55,-119.7711,39.4839,1345,1011.1
RNO,9/3/2026 13:55,-119.7711,39.4839,1345,1011.7
RNO,9/3/2026 14:55,-119.7711,39.4839,1345,1011.5
RNO,9/3/2026 15:55,-119.7711,39.4839,1345,1011.4
RNO,9/3/2026 16:55,-119.7711,39.4839,1345,1011
RNO,9/3/2026 17:55,-119.7711,39.4839,1345,1010.2
RNO,9/3/2026 18:55,-119.7711,39.4839,1345,1009.4
RNO,9/3/2026 19:55,-119.7711,39.4839,1345,1008.5
RNO,9/3/2026 20:20,-119.7711,39.4839,1345,M
RNO,9/3/2026 20:55,-119.7711,39.4839,1345,1007.6
RNO,9/3/2026 21:55,-119.7711,39.4839,1345,1007.9
RNO,9/3/2026 22:55,-119.7711,39.4839,1345,1008.1
RNO,9/3/2026 23:55,-119.7711,39.4839,1345,1007.9
RNO,9/4/2026 0:55,-119.7711,39.4839,1345,1008
RNO,9/4/2026 1:55,-119.7711,39.4839,1345,1008.1
RNO,9/4/2026 2:55,-119.7711,39.4839,1345,1007.7
RNO,9/4/2026 3:55,-119.7711,39.4839,1345,1007.2
RNO,9/4/2026 4:55,-119.7711,39.4839,1345,1007.4
RNO,9/4/2026 5:55,-119.7711,39.4839,1345,1007.1
RNO,9/4/2026 6:55,-119.7711,39.4839,1345,1007
RNO,9/4/2026 7:55,-119.7711,39.4839,1345,1006.7
RNO,9/4/2026 8:55,-119.7711,39.4839,1345,1006
RNO,9/4/2026 9:55,-119.7711,39.4839,1345,1006.6
RNO,9/4/2026 10:55,-119.7711,39.4839,1345,1006.7
RNO,9/4/2026 11:55,-119.7711,39.4839,1345,1007.1
RNO,9/4/2026 12:55,-119.7711,39.4839,1345,1007.2
RNO,9/4/2026 13:55,-119.7711,39.4839,1345,1008.3
RNO,9/4/2026 14:55,-119.7711,39.4839,1345,1009
RNO,9/4/2026 15:55,-119.7711,39.4839,1345,1009.4
RNO,9/4/2026 16:55,-119.7711,39.4839,1345,1010.1
RNO,9/4/2026 17:55,-119.7711,39.4839,1345,1010.5
RNO,9/4/2026 18:55,-119.7711,39.4839,1345,1010.2
RNO,9/4/2026 19:55,-119.7711,39.4839,1345,1009.7
RNO,9/4/2026 20:55,-119.7711,39.4839,1345,1009.9
RNO,9/4/2026 21:55,-119.7711,39.4839,1345,1009.6
RNO,9/4/2026 22:55,-119.7711,39.4839,1345,1009.2
RNO,9/4/2026 23:55,-119.7711,39.4839,1345,1009.2
RNO,9/5/2026 0:55,-119.7711,39.4839,1345,1009.5
RNO,9/5/2026 1:55,-119.7711,39.4839,1345,1010.2
RNO,9/5/2026 2:55,-119.7711,39.4839,1345,1010.6
RNO,9/5/2026 3:55,-119.7711,39.4839,1345,1011.4
RNO,9/5/2026 4:55,-119.7711,39.4839,1345,1012.4
RNO,9/5/2026 5:55,-119.7711,39.4839,1345,1012.5
RNO,9/5/2026 6:55,-119.7711,39.4839,1345,1012.9
RNO,9/5/2026 7:55,-119.7711,39.4839,1345,1013.5
RNO,9/5/2026 8:55,-119.7711,39.4839,1345,1013.3
RNO,9/5/2026 9:55,-119.7711,39.4839,1345,1013.5
RNO,9/5/2026 10:55,-119.7711,39.4839,1345,1013.8
RNO,9/5/2026 11:55,-119.7711,39.4839,1345,1013.8
RNO,9/5/2026 12:55,-119.7711,39.4839,1345,1014.1
RNO,9/5/2026 13:55,-119.7711,39.4839,1345,1014.8
RNO,9/5/2026 14:55,-119.7711,39.4839,1345,1015.1
RNO,9/5/2026 15:55,-119.7711,39.4839,1345,1015.1
RNO,9/5/2026 16:55,-119.7711,39.4839,1345,1014.4
RNO,9/5/2026 17:55,-119.7711,39.4839,1345,1013.9
RNO,9/5/2026 18:55,-119.7711,39.4839,1345,1013.2
RNO,9/5/2026 19:55,-119.7711,39.4839,1345,1012.4
RNO,9/5/2026 20:55,-119.7711,39.4839,1345,1011.6
RNO,9/5/2026 21:55,-119.7711,39.4839,1345,1011
RNO,9/5/2026 22:55,-119.7711,39.4839,1345,1010.7
RNO,9/5/2026 23:55,-119.7711,39.4839,1345,1010.7
RNO,9/6/2026 0:55,-119.7711,39.4839,1345,1011.2
RNO,9/6/2026 1:55,-119.7711,39.4839,1345,1012
RNO,9/6/2026 2:55,-119.7711,39.4839,1345,1012.4
RNO,9/6/2026 3:55,-119.7711,39.4839,1345,1012.8
RNO,9/6/2026 4:55,-119.7711,39.4839,1345,1013.2
RNO,9/6/2026 5:55,-119.7711,39.4839,1345,1013.1
RNO,9/6/2026 6:55,-119.7711,39.4839,1345,1012.6
RNO,9/6/2026 7:55,-119.7711,39.4839,1345,1012.9
RNO,9/6/2026 8:55,-119.7711,39.4839,1345,1012.6
RNO,9/6/2026 9:55,-119.7711,39.4839,1345,1012.2
RNO,9/6/2026 10:55,-119.7711,39.4839,1345,1012.3
RNO,9/6/2026 11:55,-119.7711,39.4839,1345,1012.7
RNO,9/6/2026 12:55,-119.7711,39.4839,1345,1012.6
RNO,9/6/2026 13:55,-119.7711,39.4839,1345,1013.8
RNO,9/6/2026 14:55,-119.7711,39.4839,1345,1014.2
RNO,9/6/2026 15:55,-119.7711,39.4839,1345,1013.7
RNO,9/6/2026 16:55,-119.7711,39.4839,1345,1012.8
RNO,9/6/2026 17:55,-119.7711,39.4839,1345,1012.1
RNO,9/6/2026 18:55,-119.7711,39.4839,1345,1010.6
RNO,9/6/2026 19:55,-119.7711,39.4839,1345,1009.4
RNO,9/6/2026 20:55,-119.7711,39.4839,1345,1009.4
RNO,9/6/2026 21:55,-119.7711,39.4839,1345,1009.9
RNO,9/6/2026 22:55,-119.7711,39.4839,1345,1009.8
RNO,9/6/2026 23:55,-119.7711,39.4839,1345,1010.4
RNO,9/7/2026 0:55,-119.7711,39.4839,1345,1010.8
RNO,9/7/2026 1:55,-119.7711,39.4839,1345,1012
RNO,9/7/2026 2:55,-119.7711,39.4839,1345,1012.9
RNO,9/7/2026 3:55,-119.7711,39.4839,1345,1013.7
RNO,9/7/2026 4:55,-119.7711,39.4839,1345,1014.3
RNO,9/7/2026 5:55,-119.7711,39.4839,1345,1014.5
RNO,9/7/2026 6:55,-119.7711,39.4839,1345,1014.9
RNO,9/7/2026 7:55,-119.7711,39.4839,1345,1014.8
RNO,9/7/2026 8:55,-119.7711,39.4839,1345,1015.1
RNO,9/7/2026 9:55,-119.7711,39.4839,1345,1016
RNO,9/7/2026 10:55,-119.7711,39.4839,1345,1016.2
RNO,9/7/2026 11:55,-119.7711,39.4839,1345,1016.8
RNO,9/7/2026 12:55,-119.7711,39.4839,1345,1017.4
RNO,9/7/2026 13:55,-119.7711,39.4839,1345,1018.3
RNO,9/7/2026 14:55,-119.7711,39.4839,1345,1019
RNO,9/7/2026 15:55,-119.7711,39.4839,1345,1018.7
RNO,9/7/2026 16:55,-119.7711,39.4839,1345,1018.8
RNO,9/7/2026 17:55,-119.7711,39.4839,1345,1018.6
RNO,9/7/2026 18:55,-119.7711,39.4839,1345,1017.6
RNO,9/7/2026 19:55,-119.7711,39.4839,1345,1016.4
RNO,9/7/2026 20:55,-119.7711,39.4839,1345,1015.4
RNO,9/7/2026 21:55,-119.7711,39.4839,1345,1015.1
RNO,9/7/2026 22:55,-119.7711,39.4839,1345,1014.4
RNO,9/7/2026 23:55,-119.7711,39.4839,1345,1014.1
RNO,9/8/2026 0:55,-119.7711,39.4839,1345,1014.1
RNO,9/8/2026 1:55,-119.7711,39.4839,1345,1014.3
RNO,9/8/2026 2:55,-119.7711,39.4839,1345,1014.7
RNO,9/8/2026 3:55,-119.7711,39.4839,1345,1016.2
RNO,9/8/2026 4:55,-119.7711,39.4839,1345,1016.6
RNO,9/8/2026 5:55,-119.7711,39.4839,1345,1016.8
RNO,9/8/2026 6:55,-119.7711,39.4839,1345,1016.6
RNO,9/8/2026 7:55,-119.7711,39.4839,1345,1017
RNO,9/8/2026 8:55,-119.7711,39.4839,1345,1016.9
RNO,9/8/2026 9:55,-119.7711,39.4839,1345,1016.9
RNO,9/8/2026 10:55,-119.7711,39.4839,1345,1017.4
RNO,9/8/2026 11:55,-119.7711,39.4839,1345,1017.8
RNO,9/8/2026 12:55,-119.7711,39.4839,1345,1018.3
RNO,9/8/2026 13:55,-119.7711,39.4839,1345,1019.1
RNO,9/8/2026 14:55,-119.7711,39.4839,1345,1019.9
RNO,9/8/2026 15:55,-119.7711,39.4839,1345,1020.1
RNO,9/8/2026 16:55,-119.7711,39.4839,1345,1019.7
RNO,9/8/2026 17:55,-119.7711,39.4839,1345,1019.4
RNO,9/8/2026 18:55,-119.7711,39.4839,1345,1018.9
RNO,9/8/2026 19:55,-119.7711,39.4839,1345,1018
RNO,9/8/2026 20:55,-119.7711,39.4839,1345,1018
RNO,9/8/2026 21:55,-119.7711,39.4839,1345,1017.5
RNO,9/8/2026 22:55,-119.7711,39.4839,1345,1017.1
RNO,9/8/2026 23:55,-119.7711,39.4839,1345,1016.8
RNO,9/9/2026 0:55,-119.7711,39.4839,1345,1017
RNO,9/9/2026 1:55,-119.7711,39.4839,1345,1017.6
RNO,9/9/2026 2:55,-119.7711,39.4839,1345,1018.6
RNO,9/9/2026 3:55,-119.7711,39.4839,1345,1019.7
RNO,9/9/2026 4:55,-119.7711,39.4839,1345,1020.4
RNO,9/9/2026 5:55,-119.7711,39.4839,1345,1020.6
RNO,9/9/2026 6:55,-119.7711,39.4839,1345,1020.8
RNO,9/9/2026 7:55,-119.7711,39.4839,1345,1021.1
RNO,9/9/2026 8:55,-119.7711,39.4839,1345,1021.2
RNO,9/9/2026 9:55,-119.7711,39.4839,1345,1021.3
RNO,9/9/2026 10:55,-119.7711,39.4839,1345,1021.8
RNO,9/9/2026 11:55,-119.7711,39.4839,1345,1022.3
RNO,9/9/2026 12:55,-119.7711,39.4839,1345,1022.6
RNO,9/9/2026 13:55,-119.7711,39.4839,1345,1023.5
RNO,9/9/2026 14:55,-119.7711,39.4839,1345,1024.2
RNO,9/9/2026 15:55,-119.7711,39.4839,1345,1024.3
RNO,9/9/2026 16:55,-119.7711,39.4839,1345,1023.8
RNO,9/9/2026 17:55,-119.7711,39.4839,1345,1023.3
RNO,9/9/2026 18:55,-119.7711,39.4839,1345,1022.1
RNO,9/9/2026 19:55,-119.7711,39.4839,1345,1021
RNO,9/9/2026 20:55,-119.7711,39.4839,1345,1020.2
RNO,9/9/2026 21:55,-119.7711,39.4839,1345,1019.1
RNO,9/9/2026 22:55,-119.7711,39.4839,1345,1018.3
RNO,9/9/2026 23:55,-119.7711,39.4839,1345,1018.2
RNO,9/10/2026 0:55,-119.7711,39.4839,1345,1018
RNO,9/10/2026 1:55,-119.7711,39.4839,1345,1018.1
RNO,9/10/2026 2:55,-119.7711,39.4839,1345,1018.6
RNO,9/10/2026 3:55,-119.7711,39.4839,1345,1019.5
RNO,9/10/2026 4:55,-119.7711,39.4839,1345,1019.8
RNO,9/10/2026 5:55,-119.7711,39.4839,1345,1019.3
RNO,9/10/2026 6:55,-119.7711,39.4839,1345,1019.3
RNO,9/10/2026 7:55,-119.7711,39.4839,1345,1019
RNO,9/10/2026 8:55,-119.7711,39.4839,1345,1018.8
RNO,9/10/2026 9:55,-119.7711,39.4839,1345,1018.5
RNO,9/10/2026 10:55,-119.7711,39.4839,1345,1018.2
RNO,9/10/2026 11:55,-119.7711,39.4839,1345,1017.9
RNO,9/10/2026 12:55,-119.7711,39.4839,1345,1018
RNO,9/10/2026 13:55,-119.7711,39.4839,1345,1018.4
RNO,9/10/2026 14:55,-119.7711,39.4839,1345,1018.9
RNO,9/10/2026 15:55,-119.7711,39.4839,1345,1018.3
RNO,9/10/2026 16:55,-119.7711,39.4839,1345,1017.7
RNO,9/10/2026 17:55,-119.7711,39.4839,1345,1017.4
RNO,9/10/2026 18:55,-119.7711,39.4839,1345,1016.3
RNO,9/10/2026 19:55,-119.7711,39.4839,1345,1015
RNO,9/10/2026 20:55,-119.7711,39.4839,1345,1014.3
RNO,9/10/2026 21:55,-119.7711,39.4839,1345,1013.1
RNO,9/10/2026 22:55,-119.7711,39.4839,1345,1012.6
RNO,9/10/2026 23:55,-119.7711,39.4839,1345,1012.3
RNO,9/11/2026 0:55,-119.7711,39.4839,1345,1012.7
RNO,9/11/2026 1:55,-119.7711,39.4839,1345,1012.7
RNO,9/11/2026 2:55,-119.7711,39.4839,1345,1013.1
RNO,9/11/2026 3:55,-119.7711,39.4839,1345,1013.7
RNO,9/11/2026 4:55,-119.7711,39.4839,1345,1013.6
RNO,9/11/2026 5:55,-119.7711,39.4839,1345,1013.1
RNO,9/11/2026 6:55,-119.7711,39.4839,1345,1012.8
RNO,9/11/2026 7:55,-119.7711,39.4839,1345,1012.8
RNO,9/11/2026 8:55,-119.7711,39.4839,1345,1012.7
RNO,9/11/2026 9:55,-119.7711,39.4839,1345,1012.5
RNO,9/11/2026 10:55,-119.7711,39.4839,1345,1012.6
RNO,9/11/2026 11:55,-119.7711,39.4839,1345,1012.8
RNO,9/11/2026 12:55,-119.7711,39.4839,1345,1013.1
RNO,9/11/2026 13:55,-119.7711,39.4839,1345,1013.3
RNO,9/11/2026 14:55,-119.7711,39.4839,1345,1013.6
RNO,9/11/2026 15:55,-119.7711,39.4839,1345,1013
RNO,9/11/2026 16:55,-119.7711,39.4839,1345,1012.3
RNO,9/11/2026 17:55,-119.7711,39.4839,1345,1011.9
RNO,9/11/2026 18:55,-119.7711,39.4839,1345,1011.3
RNO,9/11/2026 19:33,-119.7711,39.4839,1345,M
RNO,9/11/2026 19:55,-119.7711,39.4839,1345,1009.8
RNO,9/11/2026 20:55,-119.7711,39.4839,1345,1009.5
RNO,9/11/2026 21:55,-119.7711,39.4839,1345,1009.1
RNO,9/11/2026 22:55,-119.7711,39.4839,1345,1008.8
RNO,9/11/2026 23:55,-119.7711,39.4839,1345,1008.9
RNO,9/12/2026 0:55,-119.7711,39.4839,1345,1009.5
RNO,9/12/2026 1:55,-119.7711,39.4839,1345,1009.7
RNO,9/12/2026 2:55,-119.7711,39.4839,1345,1010.3
RNO,9/12/2026 3:55,-119.7711,39.4839,1345,1011.1
RNO,9/12/2026 4:55,-119.7711,39.4839,1345,1011.4
RNO,9/12/2026 5:55,-119.7711,39.4839,1345,1010.8
RNO,9/12/2026 6:55,-119.7711,39.4839,1345,1011.1
RNO,9/12/2026 7:55,-119.7711,39.4839,1345,1011
RNO,9/12/2026 8:55,-119.7711,39.4839,1345,1011.3
RNO,9/12/2026 9:55,-119.7711,39.4839,1345,1011.2
RNO,9/12/2026 10:55,-119.7711,39.4839,1345,1011.4
RNO,9/12/2026 11:55,-119.7711,39.4839,1345,1011.6
RNO,9/12/2026 12:55,-119.7711,39.4839,1345,1012.2
RNO,9/12/2026 13:55,-119.7711,39.4839,1345,1012.8
RNO,9/12/2026 14:55,-119.7711,39.4839,1345,1013.1
RNO,9/12/2026 15:55,-119.7711,39.4839,1345,1012.9
RNO,9/12/2026 16:55,-119.7711,39.4839,1345,1012.6
RNO,9/12/2026 17:55,-119.7711,39.4839,1345,1012.4
RNO,9/12/2026 18:55,-119.7711,39.4839,1345,1011.5
RNO,9/12/2026 19:55,-119.7711,39.4839,1345,1010.1
RNO,9/12/2026 20:09,-119.7711,39.4839,1345,M
RNO,9/12/2026 20:55,-119.7711,39.4839,1345,1009.4
RNO,9/12/2026 21:55,-119.7711,39.4839,1345,1008.6
RNO,9/12/2026 22:55,-119.7711,39.4839,1345,1008
RNO,9/12/2026 23:55,-119.7711,39.4839,1345,1008
RNO,9/13/2026 0:55,-119.7711,39.4839,1345,1008.6
RNO,9/13/2026 1:55,-119.7711,39.4839,1345,1009.2
RNO,9/13/2026 2:55,-119.7711,39.4839,1345,1009.7
RNO,9/13/2026 3:55,-119.7711,39.4839,1345,1010
RNO,9/13/2026 4:55,-119.7711,39.4839,1345,1009.5
RNO,9/13/2026 5:55,-119.7711,39.4839,1345,1009.6
RNO,9/13/2026 6:55,-119.7711,39.4839,1345,1009.6
RNO,9/13/2026 7:22,-119.7711,39.4839,1345,M
RNO,9/13/2026 7:55,-119.7711,39.4839,1345,1009.9
RNO,9/13/2026 8:55,-119.7711,39.4839,1345,1009.8
RNO,9/13/2026 9:55,-119.7711,39.4839,1345,1009.5
RNO,9/13/2026 10:55,-119.7711,39.4839,1345,1009.6
RNO,9/13/2026 11:55,-119.7711,39.4839,1345,1009.7
RNO,9/13/2026 12:55,-119.7711,39.4839,1345,1010.3
RNO,9/13/2026 13:55,-119.7711,39.4839,1345,1011.3
RNO,9/13/2026 14:55,-119.7711,39.4839,1345,1011.8
RNO,9/13/2026 15:55,-119.7711,39.4839,1345,1011.5
RNO,9/13/2026 16:55,-119.7711,39.4839,1345,1011.4
RNO,9/13/2026 17:55,-119.7711,39.4839,1345,1011
RNO,9/13/2026 18:55,-119.7711,39.4839,1345,1010.2
RNO,9/13/2026 19:55,-119.7711,39.4839,1345,1009.1
RNO,9/13/2026 20:55,-119.7711,39.4839,1345,1008.6
RNO,9/13/2026 21:55,-119.7711,39.4839,1345,1008.7
RNO,9/13/2026 22:55,-119.7711,39.4839,1345,1009.4
RNO,9/13/2026 23:55,-119.7711,39.4839,1345,1010.1
RNO,9/14/2026 0:55,-119.7711,39.4839,1345,1010.9
RNO,9/14/2026 1:55,-119.7711,39.4839,1345,1012.2
RNO,9/14/2026 2:55,-119.7711,39.4839,1345,1012.8
RNO,9/14/2026 3:55,-119.7711,39.4839,1345,1013.4
RNO,9/14/2026 4:55,-119.7711,39.4839,1345,1014
RNO,9/14/2026 5:55,-119.7711,39.4839,1345,1015.1
RNO,9/14/2026 6:55,-119.7711,39.4839,1345,1015.1
RNO,9/14/2026 7:55,-119.7711,39.4839,1345,1015.5
RNO,9/14/2026 8:55,-119.7711,39.4839,1345,1016
RNO,9/14/2026 9:55,-119.7711,39.4839,1345,1016.6
RNO,9/14/2026 10:55,-119.7711,39.4839,1345,1016.7
RNO,9/14/2026 11:55,-119.7711,39.4839,1345,1016.9
RNO,9/14/2026 12:55,-119.7711,39.4839,1345,1017.3
RNO,9/14/2026 13:55,-119.7711,39.4839,1345,1017.8
RNO,9/14/2026 14:55,-119.7711,39.4839,1345,1018.3
RNO,9/14/2026 15:55,-119.7711,39.4839,1345,1018.2
RNO,9/14/2026 16:55,-119.7711,39.4839,1345,1017.5
RNO,9/14/2026 17:55,-119.7711,39.4839,1345,1017
RNO,9/14/2026 18:55,-119.7711,39.4839,1345,1016
RNO,9/14/2026 19:55,-119.7711,39.4839,1345,1014.9
RNO,9/14/2026 20:55,-119.7711,39.4839,1345,1014
RNO,9/14/2026 21:55,-119.7711,39.4839,1345,1013.4
RNO,9/14/2026 22:55,-119.7711,39.4839,1345,1012.4
RNO,9/14/2026 23:55,-119.7711,39.4839,1345,1012
RNO,9/15/2026 0:55,-119.7711,39.4839,1345,1011.8
RNO,9/15/2026 1:55,-119.7711,39.4839,1345,1012.5
RNO,9/15/2026 2:55,-119.7711,39.4839,1345,1013
RNO,9/15/2026 3:55,-119.7711,39.4839,1345,1013.6
RNO,9/15/2026 4:55,-119.7711,39.4839,1345,1014
RNO,9/15/2026 5:55,-119.7711,39.4839,1345,1013.8
RNO,9/15/2026 6:55,-119.7711,39.4839,1345,1013.5
RNO,9/15/2026 7:55,-119.7711,39.4839,1345,1013.6
RNO,9/15/2026 8:55,-119.7711,39.4839,1345,1013.6
RNO,9/15/2026 9:55,-119.7711,39.4839,1345,1013.7
RNO,9/15/2026 10:55,-119.7711,39.4839,1345,1013.5
RNO,9/15/2026 11:55,-119.7711,39.4839,1345,1013.7
RNO,9/15/2026 12:55,-119.7711,39.4839,1345,1013.6
RNO,9/15/2026 13:55,-119.7711,39.4839,1345,1014.3
RNO,9/15/2026 14:55,-119.7711,39.4839,1345,1014.7
RNO,9/15/2026 15:55,-119.7711,39.4839,1345,1014.4
RNO,9/15/2026 16:55,-119.7711,39.4839,1345,1014.5
RNO,9/15/2026 17:55,-119.7711,39.4839,1345,1013.6
RNO,9/15/2026 18:55,-119.7711,39.4839,1345,1012.8
RNO,9/15/2026 19:55,-119.7711,39.4839,1345,1011.4
RNO,9/15/2026 20:55,-119.7711,39.4839,1345,1010.2
RNO,9/15/2026 21:55,-119.7711,39.4839,1345,1009.3
RNO,9/15/2026 22:55,-119.7711,39.4839,1345,1008.5
RNO,9/15/2026 23:55,-119.7711,39.4839,1345,1008
RNO,9/16/2026 0:55,-119.7711,39.4839,1345,1008.3
RNO,9/16/2026 1:55,-119.7711,39.4839,1345,1009.1
RNO,9/16/2026 2:55,-119.7711,39.4839,1345,1009.9
RNO,9/16/2026 3:55,-119.7711,39.4839,1345,1010.5
RNO,9/16/2026 4:55,-119.7711,39.4839,1345,1010.7
RNO,9/16/2026 5:55,-119.7711,39.4839,1345,1010.7
RNO,9/16/2026 6:55,-119.7711,39.4839,1345,1010.4
RNO,9/16/2026 7:55,-119.7711,39.4839,1345,1010.6
RNO,9/16/2026 8:55,-119.7711,39.4839,1345,1010.2
RNO,9/16/2026 9:55,-119.7711,39.4839,1345,1010.5
RNO,9/16/2026 10:55,-119.7711,39.4839,1345,1010.3
RNO,9/16/2026 11:55,-119.7711,39.4839,1345,1010.7
RNO,9/16/2026 12:55,-119.7711,39.4839,1345,1011
RNO,9/16/2026 13:55,-119.7711,39.4839,1345,1012.2
RNO,9/16/2026 14:55,-119.7711,39.4839,1345,1012.8
RNO,9/16/2026 15:55,-119.7711,39.4839,1345,1012.6
RNO,9/16/2026 16:55,-119.7711,39.4839,1345,1012.4
RNO,9/16/2026 17:55,-119.7711,39.4839,1345,1012.2
RNO,9/16/2026 18:55,-119.7711,39.4839,1345,1011.2
RNO,9/16/2026 19:55,-119.7711,39.4839,1345,1010.5
RNO,9/16/2026 20:55,-119.7711,39.4839,1345,1009.8
RNO,9/16/2026 21:55,-119.7711,39.4839,1345,1009.2
RNO,9/16/2026 22:55,-119.7711,39.4839,1345,1008.9
RNO,9/16/2026 23:55,-119.7711,39.4839,1345,1009.1
RNO,9/17/2026 0:55,-119.7711,39.4839,1345,1009.5
RNO,9/17/2026 1:55,-119.7711,39.4839,1345,1010.4
RNO,9/17/2026 2:55,-119.7711,39.4839,1345,1011.3
RNO,9/17/2026 3:55,-119.7711,39.4839,1345,1011.7
RNO,9/17/2026 4:55,-119.7711,39.4839,1345,1011.8
RNO,9/17/2026 5:55,-119.7711,39.4839,1345,1011.8
RNO,9/17/2026 6:55,-119.7711,39.4839,1345,1011.5
RNO,9/17/2026 7:55,-119.7711,39.4839,1345,1012.4
RNO,9/17/2026 8:55,-119.7711,39.4839,1345,1012.7
RNO,9/17/2026 9:55,-119.7711,39.4839,1345,1012.8
RNO,9/17/2026 10:55,-119.7711,39.4839,1345,1013.2
RNO,9/17/2026 11:55,-119.7711,39.4839,1345,1013.5
RNO,9/17/2026 12:55,-119.7711,39.4839,1345,1013.9
RNO,9/17/2026 13:55,-119.7711,39.4839,1345,1015.1
RNO,9/17/2026 14:55,-119.7711,39.4839,1345,1016.1
RNO,9/17/2026 15:55,-119.7711,39.4839,1345,1016.2
RNO,9/17/2026 16:55,-119.7711,39.4839,1345,1016.1
RNO,9/17/2026 17:55,-119.7711,39.4839,1345,1016
RNO,9/17/2026 18:55,-119.7711,39.4839,1345,1015.7
RNO,9/17/2026 19:55,-119.7711,39.4839,1345,1015.8
RNO,9/17/2026 20:55,-119.7711,39.4839,1345,1015.3
RNO,9/17/2026 21:55,-119.7711,39.4839,1345,1014.8
RNO,9/17/2026 22:55,-119.7711,39.4839,1345,1014.9
RNO,9/17/2026 23:55,-119.7711,39.4839,1345,1015.2
RNO,9/18/2026 0:55,-119.7711,39.4839,1345,1015.3
RNO,9/18/2026 1:55,-119.7711,39.4839,1345,1016.1
RNO,9/18/2026 2:55,-119.7711,39.4839,1345,1017
RNO,9/18/2026 3:55,-119.7711,39.4839,1345,1017.6
RNO,9/18/2026 4:55,-119.7711,39.4839,1345,1018
RNO,9/18/2026 5:55,-119.7711,39.4839,1345,1018.2
RNO,9/18/2026 6:55,-119.7711,39.4839,1345,1018.8
RNO,9/18/2026 7:55,-119.7711,39.4839,1345,1019
RNO,9/18/2026 8:55,-119.7711,39.4839,1345,1019.1
RNO,9/18/2026 9:55,-119.7711,39.4839,1345,1019.4
RNO,9/18/2026 10:55,-119.7711,39.4839,1345,1019.8
RNO,9/18/2026 11:55,-119.7711,39.4839,1345,1019.8
RNO,9/18/2026 12:55,-119.7711,39.4839,1345,1020.4
RNO,9/18/2026 13:55,-119.7711,39.4839,1345,1021.2
RNO,9/18/2026 14:55,-119.7711,39.4839,1345,1021.5
RNO,9/18/2026 15:55,-119.7711,39.4839,1345,1021.1
RNO,9/18/2026 16:55,-119.7711,39.4839,1345,1021
RNO,9/18/2026 17:55,-119.7711,39.4839,1345,1020.4
RNO,9/18/2026 18:55,-119.7711,39.4839,1345,1019.9
RNO,9/18/2026 19:55,-119.7711,39.4839,1345,1019
RNO,9/18/2026 20:55,-119.7711,39.4839,1345,1018.6
RNO,9/18/2026 21:55,-119.7711,39.4839,1345,1018.2
RNO,9/18/2026 22:55,-119.7711,39.4839,1345,1017.8
RNO,9/18/2026 23:55,-119.7711,39.4839,1345,1018
RNO,9/19/2026 0:55,-119.7711,39.4839,1345,1018.3
RNO,9/19/2026 1:55,-119.7711,39.4839,1345,1018.6
RNO,9/19/2026 2:55,-119.7711,39.4839,1345,1018.8
RNO,9/19/2026 3:55,-119.7711,39.4839,1345,1019.2
RNO,9/19/2026 4:55,-119.7711,39.4839,1345,1019.1
RNO,9/19/2026 5:55,-119.7711,39.4839,1345,1018.8
RNO,9/19/2026 6:55,-119.7711,39.4839,1345,1018.6
RNO,9/19/2026 7:55,-119.7711,39.4839,1345,1019.1
RNO,9/19/2026 8:55,-119.7711,39.4839,1345,1018.9
RNO,9/19/2026 9:55,-119.7711,39.4839,1345,1018.7
RNO,9/19/2026 10:55,-119.7711,39.4839,1345,1018.8
RNO,9/19/2026 11:55,-119.7711,39.4839,1345,1019.2
RNO,9/19/2026 12:55,-119.7711,39.4839,1345,1019.5
RNO,9/19/2026 13:55,-119.7711,39.4839,1345,1020
RNO,9/19/2026 14:55,-119.7711,39.4839,1345,1020.3
RNO,9/19/2026 15:55,-119.7711,39.4839,1345,1020.1
RNO,9/19/2026 16:55,-119.7711,39.4839,1345,1020
RNO,9/19/2026 17:55,-119.7711,39.4839,1345,1019.2
RNO,9/19/2026 18:55,-119.7711,39.4839,1345,1018.2
RNO,9/19/2026 19:55,-119.7711,39.4839,1345,1017.3
RNO,9/19/2026 20:55,-119.7711,39.4839,1345,1016.3
RNO,9/19/2026 21:55,-119.7711,39.4839,1345,1015.7
RNO,9/19/2026 22:55,-119.7711,39.4839,1345,1015.4
RNO,9/19/2026 23:55,-119.7711,39.4839,1345,1015.3
RNO,9/20/2026 0:55,-119.7711,39.4839,1345,1015.3
RNO,9/20/2026 1:55,-119.7711,39.4839,1345,1015.6
RNO,9/20/2026 2:55,-119.7711,39.4839,1345,1016
RNO,9/20/2026 3:55,-119.7711,39.4839,1345,1016.8
RNO,9/20/2026 4:55,-119.7711,39.4839,1345,1017.2
RNO,9/20/2026 5:55,-119.7711,39.4839,1345,1016.6
RNO,9/20/2026 6:55,-119.7711,39.4839,1345,1016.5
RNO,9/20/2026 7:55,-119.7711,39.4839,1345,1016.5
RNO,9/20/2026 8:55,-119.7711,39.4839,1345,1016.3
RNO,9/20/2026 9:55,-119.7711,39.4839,1345,1016.7
RNO,9/20/2026 10:55,-119.7711,39.4839,1345,1016.2
RNO,9/20/2026 11:55,-119.7711,39.4839,1345,1016.9
RNO,9/20/2026 12:55,-119.7711,39.4839,1345,1016.9
RNO,9/20/2026 13:55,-119.7711,39.4839,1345,1017.8
RNO,9/20/2026 14:55,-119.7711,39.4839,1345,1018.1
RNO,9/20/2026 15:55,-119.7711,39.4839,1345,1018.5
RNO,9/20/2026 16:55,-119.7711,39.4839,1345,1017.8
RNO,9/20/2026 17:55,-119.7711,39.4839,1345,1017
RNO,9/20/2026 18:55,-119.7711,39.4839,1345,1016
RNO,9/20/2026 19:55,-119.7711,39.4839,1345,1014.8
RNO,9/20/2026 20:55,-119.7711,39.4839,1345,1014.3
RNO,9/20/2026 21:55,-119.7711,39.4839,1345,1013.8
RNO,9/20/2026 22:55,-119.7711,39.4839,1345,1013.2
RNO,9/20/2026 23:55,-119.7711,39.4839,1345,1013.2
RNO,9/21/2026 0:55,-119.7711,39.4839,1345,1013.5
RNO,9/21/2026 1:55,-119.7711,39.4839,1345,1013.7
RNO,9/21/2026 2:55,-119.7711,39.4839,1345,1013.9
RNO,9/21/2026 3:55,-119.7711,39.4839,1345,1014.1
RNO,9/21/2026 4:55,-119.7711,39.4839,1345,1014.1
RNO,9/21/2026 5:55,-119.7711,39.4839,1345,1013.8
RNO,9/21/2026 6:55,-119.7711,39.4839,1345,1013.7
RNO,9/21/2026 7:55,-119.7711,39.4839,1345,1013.6
RNO,9/21/2026 8:55,-119.7711,39.4839,1345,1013.4
RNO,9/21/2026 9:55,-119.7711,39.4839,1345,1013.1
RNO,9/21/2026 10:55,-119.7711,39.4839,1345,1013
RNO,9/21/2026 11:55,-119.7711,39.4839,1345,1013.4
RNO,9/21/2026 12:55,-119.7711,39.4839,1345,1013.5
RNO,9/21/2026 13:55,-119.7711,39.4839,1345,1014.2
RNO,9/21/2026 14:55,-119.7711,39.4839,1345,1014.2
RNO,9/21/2026 15:55,-119.7711,39.4839,1345,1014.1
RNO,9/21/2026 16:55,-119.7711,39.4839,1345,1013.6
RNO,9/21/2026 17:55,-119.7711,39.4839,1345,1012.8
RNO,9/21/2026 18:55,-119.7711,39.4839,1345,1012.1
RNO,9/21/2026 19:55,-119.7711,39.4839,1345,1011.1
RNO,9/21/2026 20:55,-119.7711,39.4839,1345,1010
RNO,9/21/2026 21:55,-119.7711,39.4839,1345,1009.3
RNO,9/21/2026 22:55,-119.7711,39.4839,1345,1008.7
RNO,9/21/2026 23:55,-119.7711,39.4839,1345,1008.6
RNO,9/22/2026 0:55,-119.7711,39.4839,1345,1008.5
RNO,9/22/2026 1:55,-119.7711,39.4839,1345,1009.7
RNO,9/22/2026 2:55,-119.7711,39.4839,1345,1010.4
RNO,9/22/2026 3:55,-119.7711,39.4839,1345,1011.4
RNO,9/22/2026 4:55,-119.7711,39.4839,1345,1011.7
RNO,9/22/2026 5:55,-119.7711,39.4839,1345,1011.6
RNO,9/22/2026 6:55,-119.7711,39.4839,1345,1010.9
RNO,9/22/2026 7:55,-119.7711,39.4839,1345,1011.1
RNO,9/22/2026 8:55,-119.7711,39.4839,1345,1011.3
RNO,9/22/2026 9:55,-119.7711,39.4839,1345,1011.3
RNO,9/22/2026 10:55,-119.7711,39.4839,1345,1011.6
RNO,9/22/2026 11:55,-119.7711,39.4839,1345,1011.9
RNO,9/22/2026 12:55,-119.7711,39.4839,1345,1012
RNO,9/22/2026 13:55,-119.7711,39.4839,1345,1013
RNO,9/22/2026 14:55,-119.7711,39.4839,1345,1013.7
RNO,9/22/2026 15:55,-119.7711,39.4839,1345,1013.6
RNO,9/22/2026 16:55,-119.7711,39.4839,1345,1013.3
RNO,9/22/2026 17:55,-119.7711,39.4839,1345,1013.1
RNO,9/22/2026 18:55,-119.7711,39.4839,1345,1012.3
RNO,9/22/2026 19:55,-119.7711,39.4839,1345,1011.5
RNO,9/22/2026 20:55,-119.7711,39.4839,1345,1010.7
RNO,9/22/2026 21:55,-119.7711,39.4839,1345,1010
RNO,9/22/2026 22:55,-119.7711,39.4839,1345,1009.7
RNO,9/22/2026 23:55,-119.7711,39.4839,1345,1010
RNO,9/23/2026 0:55,-119.7711,39.4839,1345,1010.2
RNO,9/23/2026 1:55,-119.7711,39.4839,1345,1011.4
RNO,9/23/2026 2:55,-119.7711,39.4839,1345,1012.2
RNO,9/23/2026 3:55,-119.7711,39.4839,1345,1012.8
RNO,9/23/2026 4:55,-119.7711,39.4839,1345,1013.3
RNO,9/23/2026 5:55,-119.7711,39.4839,1345,1013.4
RNO,9/23/2026 6:55,-119.7711,39.4839,1345,1013.6
RNO,9/23/2026 7:55,-119.7711,39.4839,1345,1013.6
RNO,9/23/2026 8:55,-119.7711,39.4839,1345,1014
RNO,9/23/2026 9:55,-119.7711,39.4839,1345,1014.3
RNO,9/23/2026 10:55,-119.7711,39.4839,1345,1014.4
RNO,9/23/2026 11:55,-119.7711,39.4839,1345,1014.7
RNO,9/23/2026 12:55,-119.7711,39.4839,1345,1015.4
RNO,9/23/2026 13:55,-119.7711,39.4839,1345,1015.9
RNO,9/23/2026 14:55,-119.7711,39.4839,1345,1016.6
RNO,9/23/2026 15:55,-119.7711,39.4839,1345,1016.5
RNO,9/23/2026 16:55,-119.7711,39.4839,1345,1016.1
RNO,9/23/2026 17:55,-119.7711,39.4839,1345,1015.5
RNO,9/23/2026 18:55,-119.7711,39.4839,1345,1014.7
RNO,9/23/2026 19:55,-119.7711,39.4839,1345,1013.8
RNO,9/23/2026 20:55,-119.7711,39.4839,1345,1012.9
RNO,9/23/2026 21:55,-119.7711,39.4839,1345,1012.3
RNO,9/23/2026 22:55,-119.7711,39.4839,1345,1011.8
RNO,9/23/2026 23:55,-119.7711,39.4839,1345,1011.4
RNO,9/24/2026 0:55,-119.7711,39.4839,1345,1011.8
RNO,9/24/2026 1:55,-119.7711,39.4839,1345,1012.6
RNO,9/24/2026 2:55,-119.7711,39.4839,1345,1013.4
RNO,9/24/2026 3:55,-119.7711,39.4839,1345,1014.3
RNO,9/24/2026 4:55,-119.7711,39.4839,1345,1014.5
RNO,9/24/2026 5:55,-119.7711,39.4839,1345,1014.4
RNO,9/24/2026 6:55,-119.7711,39.4839,1345,1014.4
RNO,9/24/2026 7:55,-119.7711,39.4839,1345,1014.5
RNO,9/24/2026 8:55,-119.7711,39.4839,1345,1014.4
RNO,9/24/2026 9:55,-119.7711,39.4839,1345,1014.2
RNO,9/24/2026 10:55,-119.7711,39.4839,1345,1014.2
RNO,9/24/2026 11:55,-119.7711,39.4839,1345,1014.4
RNO,9/24/2026 12:55,-119.7711,39.4839,1345,1014.9
RNO,9/24/2026 13:55,-119.7711,39.4839,1345,1015.6
RNO,9/24/2026 14:55,-119.7711,39.4839,1345,1016.1
RNO,9/24/2026 15:55,-119.7711,39.4839,1345,1015.7
RNO,9/24/2026 16:55,-119.7711,39.4839,1345,1015.4
RNO,9/24/2026 17:55,-119.7711,39.4839,1345,1014.6
RNO,9/24/2026 18:55,-119.7711,39.4839,1345,1013.4
RNO,9/24/2026 19:55,-119.7711,39.4839,1345,1012.3
RNO,9/24/2026 20:55,-119.7711,39.4839,1345,1011.2
RNO,9/24/2026 21:55,-119.7711,39.4839,1345,1010.6
RNO,9/24/2026 22:55,-119.7711,39.4839,1345,1010.6
RNO,9/24/2026 23:55,-119.7711,39.4839,1345,1010.4
