"sample_id","location_name","site_type","analyte","value","units"
72,"Thomas Creek @ North Timberline Drive &[STBT03Thomas-3]","creek","Ca",9,"mg/L"
75,"Thomas Creek @ North Timberline Drive &[STBT03Thomas-3]","creek","Ca",8,"mg/L"
78,"Thomas Creek @ North Timberline Drive &[STBT03Thomas-3]","creek","Ca",9,"mg/L"
81,"Thomas Creek @ North Timberline Drive &[STBT03Thomas-3]","creek","Ca",10,"mg/L"
86,"Thomas Creek @ North Timberline Drive &[STBT03Thomas-3]","creek","Ca",9,"mg/L"
88,"Thomas Creek @ North Timberline Drive &[STBT03Thomas-3]","creek","Ca",9,"mg/L"
91,"Thomas Creek @ North Timberline Drive &[STBT03Thomas-3]","creek","Ca",9,"mg/L"
94,"Thomas Creek @ North Timberline Drive &[STBT03Thomas-3]","creek","Ca",10,"mg/L"
96,"Thomas Creek @ North Timberline Drive &[STBT03Thomas-3]","creek","Ca",8,"mg/L"
98,"Thomas Creek @ North Timberline Drive &[STBT03Thomas-3]","creek","Ca",6,"mg/L"
101,"Thomas Creek @ North Timberline Drive &[STBT03Thomas-3]","creek","Ca",8,"mg/L"
103,"Thomas Creek @ North Timberline Drive &[STBT03Thomas-3]","creek","Ca",9,"mg/L"
105,"Thomas Creek @ North Timberline Drive &[STBT03Thomas-3]","creek","Ca",8,"mg/L"
107,"Thomas Creek @ North Timberline Drive &[STBT03Thomas-3]","creek","Ca",7,"mg/L"
109,"Thomas Creek @ North Timberline Drive &[STBT03Thomas-3]","creek","Ca",9,"mg/L"
111,"Thomas Creek @ North Timberline Drive &[STBT03Thomas-3]","creek","Ca",9,"mg/L"
112,"Thomas Creek @ North Timberline Drive &[STBT03Thomas-3]","creek","Ca",9,"mg/L"
116,"North Fork Whites Creek @ West Zolezzi Lane","creek","Ca",5,"mg/L"
121,"North Fork Whites Creek @ West Zolezzi Lane","creek","Ca",8,"mg/L"
196,"Steamboat Creek @ Pleasant Valley &[STBT02Stbt-2]","creek","Ca",31,"mg/L"
199,"Steamboat Creek @ Pleasant Valley &[STBT02Stbt-2]","creek","Ca",39,"mg/L"
202,"Steamboat Creek @ Pleasant Valley &[STBT02Stbt-2]","creek","Ca",28,"mg/L"
205,"Steamboat Creek @ Pleasant Valley &[STBT02Stbt-2]","creek","Ca",56,"mg/L"
208,"Steamboat Creek @ Pleasant Valley &[STBT02Stbt-2]","creek","Ca",27,"mg/L"
211,"Steamboat Creek @ Pleasant Valley &[STBT02Stbt-2]","creek","Ca",31,"mg/L"
213,"Steamboat Creek @ Pleasant Valley &[STBT02Stbt-2]","creek","Ca",25,"mg/L"
216,"Steamboat Creek @ Pleasant Valley &[STBT02Stbt-2]","creek","Ca",23,"mg/L"
217,"Steamboat Creek @ Pleasant Valley &[STBT02Stbt-2]","creek","Ca",22.2,"mg/L"
218,"Steamboat Creek @ Pleasant Valley &[STBT02Stbt-2]","creek","Ca",25.5,"mg/L"
219,"Steamboat Creek @ Pleasant Valley &[STBT02Stbt-2]","creek","Ca",22,"mg/L"
220,"Steamboat Creek @ Pleasant Valley &[STBT02Stbt-2]","creek","Ca",20,"mg/L"
221,"Steamboat Creek @ Pleasant Valley &[STBT02Stbt-2]","creek","Ca",23,"mg/L"
222,"Steamboat Creek @ Pleasant Valley &[STBT02Stbt-2]","creek","Ca",26,"mg/L"
224,"Steamboat Creek @ Pleasant Valley &[STBT02Stbt-2]","creek","Ca",26,"mg/L"
225,"Steamboat Creek @ Pleasant Valley &[STBT02Stbt-2]","creek","Ca",17,"mg/L"
226,"Steamboat Creek @ Pleasant Valley &[STBT02Stbt-2]","creek","Ca",25,"mg/L"
227,"Steamboat Creek @ Pleasant Valley &[STBT02Stbt-2]","creek","Ca",24,"mg/L"
228,"Steamboat Creek @ Pleasant Valley &[STBT02Stbt-2]","creek","Ca",13,"mg/L"
229,"Steamboat Creek @ Pleasant Valley &[STBT02Stbt-2]","creek","Ca",27,"mg/L"
231,"Steamboat Creek @ Pleasant Valley &[STBT02Stbt-2]","creek","Ca",37,"mg/L"
232,"Steamboat Creek @ Pleasant Valley &[STBT02Stbt-2]","creek","Ca",28,"mg/L"
233,"Steamboat Creek @ Pleasant Valley &[STBT02Stbt-2]","creek","Ca",39.9,"mg/L"
235,"Steamboat Creek @ Pleasant Valley &[STBT02Stbt-2]","creek","Ca",35.8,"mg/L"
237,"Steamboat Creek @ Pleasant Valley &[STBT02Stbt-2]","creek","Ca",25,"mg/L"
238,"Steamboat Creek @ Pleasant Valley &[STBT02Stbt-2]","creek","Ca",40,"mg/L"
239,"Middle Fork Whites Creek @ Sage Hill Road","creek","Ca",17,"mg/L"
241,"Middle Fork Whites Creek @ Sage Hill Road","creek","Ca",16,"mg/L"
243,"Middle Fork Whites Creek @ Sage Hill Road","creek","Ca",12,"mg/L"
245,"Middle Fork Whites Creek @ Sage Hill Road","creek","Ca",14,"mg/L"
246,"Middle Fork Whites Creek @ Sage Hill Road","creek","Ca",17,"mg/L"
247,"Middle Fork Whites Creek @ Sage Hill Road","creek","Ca",14,"mg/L"
249,"Middle Fork Whites Creek @ Sage Hill Road","creek","Ca",20,"mg/L"
250,"Middle Fork Whites Creek @ Sage Hill Road","creek","Ca",13,"mg/L"
251,"Middle Fork Whites Creek @ Sage Hill Road","creek","Ca",12,"mg/L"
252,"Middle Fork Whites Creek @ Sage Hill Road","creek","Ca",19,"mg/L"
253,"Middle Fork Whites Creek @ Sage Hill Road","creek","Ca",7,"mg/L"
254,"Middle Fork Whites Creek @ Sage Hill Road","creek","Ca",18,"mg/L"
255,"Middle Fork Whites Creek @ Sage Hill Road","creek","Ca",23,"mg/L"
257,"Middle Fork Whites Creek @ Sage Hill Road","creek","Ca",31,"mg/L"
260,"Middle Fork Whites Creek @ Sage Hill Road","creek","Ca",11.4,"mg/L"
262,"Middle Fork Whites Creek @ Sage Hill Road","creek","Ca",35.2,"mg/L"
264,"Middle Fork Whites Creek @ Sage Hill Road","creek","Ca",18,"mg/L"
272,"Steamboat Creek @ Old Post Office &[STBT02Stbt-3]","creek","Ca",14,"mg/L"
275,"North Fork Whites Creek @ Arrow Creek Parkway","creek","Ca",10,"mg/L"
277,"North Fork Whites Creek @ Arrow Creek Parkway","creek","Ca",8,"mg/L"
279,"North Fork Whites Creek @ Arrow Creek Parkway","creek","Ca",5,"mg/L"
282,"North Fork Whites Creek @ Arrow Creek Parkway","creek","Ca",8,"mg/L"
284,"North Fork Whites Creek @ Arrow Creek Parkway","creek","Ca",8,"mg/L"
286,"North Fork Whites Creek @ Arrow Creek Parkway","creek","Ca",5,"mg/L"
288,"North Fork Whites Creek @ Arrow Creek Parkway","creek","Ca",5,"mg/L"
290,"North Fork Whites Creek @ Arrow Creek Parkway","creek","Ca",8,"mg/L"
292,"North Fork Whites Creek @ Arrow Creek Parkway","creek","Ca",8,"mg/L"
293,"North Fork Whites Creek @ Arrow Creek Parkway","creek","Ca",8,"mg/L"
295,"North Fork Whites Creek @ Arrow Creek Parkway","creek","Ca",6,"mg/L"
296,"North Fork Whites Creek @ Arrow Creek Parkway","creek","Ca",7,"mg/L"
297,"North Fork Whites Creek @ Arrow Creek Parkway","creek","Ca",8,"mg/L"
299,"North Fork Whites Creek @ Arrow Creek Parkway","creek","Ca",10,"mg/L"
301,"North Fork Whites Creek @ Arrow Creek Parkway","creek","Ca",8,"mg/L"
303,"North Fork Whites Creek @ Arrow Creek Parkway","creek","Ca",7,"mg/L"
304,"North Fork Whites Creek @ Arrow Creek Parkway","creek","Ca",9,"mg/L"
307,"North Fork Whites Creek @ Arrow Creek Parkway","creek","Ca",8,"mg/L"
308,"North Fork Whites Creek @ Arrow Creek Parkway","creek","Ca",9,"mg/L"
309,"South Fork Whites Creek @ Old Virginia Road","creek","Ca",6,"mg/L"
310,"South Fork Whites Creek @ Old Virginia Road","creek","Ca",7,"mg/L"
311,"South Fork Whites Creek @ Old Virginia Road","creek","Ca",10,"mg/L"
313,"South Fork Whites Creek @ Old Virginia Road","creek","Ca",9,"mg/L"
315,"South Fork Whites Creek @ Old Virginia Road","creek","Ca",9,"mg/L"
317,"South Fork Whites Creek @ Old Virginia Road","creek","Ca",8,"mg/L"
318,"South Fork Whites Creek @ Old Virginia Road","creek","Ca",9,"mg/L"
320,"South Fork Whites Creek @ Old Virginia Road","creek","Ca",8,"mg/L"
321,"Steamboat Creek @ So. Meadows Pkwy","creek","Ca",21,"mg/L"
362,"Steamboat Creek @ Rhodes Road","creek","Ca",28,"mg/L"
394,"Steamboat Creek @ Rhodes Road","creek","Ca",31,"mg/L"
396,"Steamboat Creek @ Rhodes Road","creek","Ca",22,"mg/L"
397,"Steamboat Creek @ Rhodes Road","creek","Ca",32,"mg/L"
398,"Steamboat Creek @ Rhodes Road","creek","Ca",37,"mg/L"
399,"Steamboat Creek @ Rhodes Road","creek","Ca",34,"mg/L"
400,"Steamboat Creek @ Rhodes Road","creek","Ca",31,"mg/L"
401,"Steamboat Creek @ Rhodes Road","creek","Ca",23,"mg/L"
402,"Steamboat Creek @ Rhodes Road","creek","Ca",17,"mg/L"
403,"Steamboat Creek @ Rhodes Road","creek","Ca",53,"mg/L"
404,"Steamboat Creek @ Rhodes Road","creek","Ca",37,"mg/L"
405,"Steamboat Creek @ Rhodes Road","creek","Ca",34,"mg/L"
406,"Steamboat Creek @ Rhodes Road","creek","Ca",31,"mg/L"
407,"Steamboat Creek @ Rhodes Road","creek","Ca",33,"mg/L"
408,"Steamboat Creek @ Rhodes Road","creek","Ca",25,"mg/L"
409,"Steamboat Creek @ Rhodes Road","creek","Ca",30,"mg/L"
410,"Steamboat Creek @ Rhodes Road","creek","Ca",28,"mg/L"
411,"Steamboat Creek @ Rhodes Road","creek","Ca",32,"mg/L"
412,"Steamboat Creek @ Rhodes Road","creek","Ca",21,"mg/L"
413,"Steamboat Creek @ Rhodes Road","creek","Ca",20,"mg/L"
416,"Steamboat Creek @ Rhodes Road","creek","Ca",27,"mg/L"
418,"Steamboat Creek @ Rhodes Road","creek","Ca",34,"mg/L"
420,"Steamboat Creek @ Rhodes Road","creek","Ca",13,"mg/L"
421,"Steamboat Creek @ Rhodes Road","creek","Ca",18,"mg/L"
422,"Steamboat Creek @ Rhodes Road","creek","Ca",22,"mg/L"
423,"Steamboat Creek @ Rhodes Road","creek","Ca",19,"mg/L"
424,"Steamboat Creek @ Rhodes Road","creek","Ca",21,"mg/L"
425,"Steamboat Creek @ Rhodes Road","creek","Ca",25,"mg/L"
427,"Steamboat Creek @ Rhodes Road","creek","Ca",14,"mg/L"
428,"Steamboat Creek @ Rhodes Road","creek","Ca",24,"mg/L"
429,"Steamboat Creek @ Rhodes Road","creek","Ca",15,"mg/L"
431,"Steamboat Creek @ Rhodes Road","creek","Ca",26,"mg/L"
432,"Steamboat Creek @ Rhodes Road","creek","Ca",31,"mg/L"
433,"Steamboat Creek @ Rhodes Road","creek","Ca",30,"mg/L"
434,"Steamboat Creek @ Rhodes Road","creek","Ca",32,"mg/L"
435,"Steamboat Creek @ Rhodes Road","creek","Ca",11,"mg/L"
436,"Steamboat Creek @ Rhodes Road","creek","Ca",18,"mg/L"
437,"Steamboat Creek @ Rhodes Road","creek","Ca",54,"mg/L"
438,"Steamboat Creek @ Rhodes Road","creek","Ca",29,"mg/L"
439,"Steamboat Creek @ Rhodes Road","creek","Ca",32,"mg/L"
441,"Steamboat Creek @ Rhodes Road","creek","Ca",24,"mg/L"
442,"Steamboat Creek @ Rhodes Road","creek","Ca",28.8,"mg/L"
444,"Steamboat Creek @ Rhodes Road","creek","Ca",33.3,"mg/L"
445,"Steamboat Creek @ Rhodes Road","creek","Ca",44,"mg/L"
446,"Steamboat Creek @ Rhodes Road","creek","Ca",31,"mg/L"
447,"Steamboat Creek @ Rhodes Road","creek","Ca",36,"mg/L"
448,"Steamboat Creek @ Rhodes Road","creek","Ca",28,"mg/L"
449,"Steamboat Creek @ Rhodes Road","creek","Ca",11,"mg/L"
450,"Steamboat Creek @ Rhodes Road","creek","Ca",50,"mg/L"
451,"Steamboat Creek @ Rhodes Road","creek","Ca",32,"mg/L"
452,"Steamboat Creek @ Rhodes Road","creek","Ca",17,"mg/L"
453,"Steamboat Creek @ Rhodes Road","creek","Ca",25,"mg/L"
455,"Steamboat Creek @ Rhodes Road","creek","Ca",32,"mg/L"
456,"Steamboat Creek @ Rhodes Road","creek","Ca",27,"mg/L"
457,"Steamboat Creek @ Rhodes Road","creek","Ca",51.2,"mg/L"
458,"Steamboat Creek @ Rhodes Road","creek","Ca",29.8,"mg/L"
460,"Steamboat Creek @ Rhodes Road","creek","Ca",26.2,"mg/L"
462,"Steamboat Creek @ Rhodes Road","creek","Ca",25,"mg/L"
463,"Steamboat Creek @ Rhodes Road","creek","Ca",26,"mg/L"
464,"Steamboat Creek @ Rhodes Road","creek","Ca",19,"mg/L"
465,"Steamboat Creek @ Rhodes Road","creek","Ca",31,"mg/L"
466,"Steamboat Creek @ Rhodes Road","creek","Ca",44,"mg/L"
467,"Steamboat Creek @ Rhodes Road","creek","Ca",26,"mg/L"
498,"Steamboat Ditch @ Rhodes Road","creek","Ca",8,"mg/L"
499,"Steamboat Ditch @ Rhodes Road","creek","Ca",9,"mg/L"
500,"Steamboat Ditch @ Rhodes Road","creek","Ca",8,"mg/L"
501,"Steamboat Ditch @ Rhodes Road","creek","Ca",10,"mg/L"
502,"Steamboat Ditch @ Rhodes Road","creek","Ca",9,"mg/L"
503,"Steamboat Ditch @ Rhodes Road","creek","Ca",9,"mg/L"
504,"Steamboat Ditch @ Rhodes Road","creek","Ca",9,"mg/L"
505,"Steamboat Ditch @ Rhodes Road","creek","Ca",8,"mg/L"
506,"Steamboat Ditch @ Rhodes Road","creek","Ca",8,"mg/L"
507,"Steamboat Ditch @ Rhodes Road","creek","Ca",9,"mg/L"
509,"Steamboat Ditch @ Rhodes Road","creek","Ca",9,"mg/L"
545,"Steamboat Creek @ Geiger Grade","creek","Ca",34,"mg/L"
549,"Steamboat Creek @ Geiger Grade","creek","Ca",13,"mg/L"
577,"Steamboat Creek @ Geiger Grade","creek","Ca",32,"mg/L"
579,"Steamboat Creek @ Geiger Grade","creek","Ca",21,"mg/L"
580,"Steamboat Creek @ Geiger Grade","creek","Ca",29,"mg/L"
581,"Steamboat Creek @ Geiger Grade","creek","Ca",33,"mg/L"
582,"Steamboat Creek @ Geiger Grade","creek","Ca",30,"mg/L"
583,"Steamboat Creek @ Geiger Grade","creek","Ca",31,"mg/L"
584,"Steamboat Creek @ Geiger Grade","creek","Ca",23,"mg/L"
585,"Steamboat Creek @ Geiger Grade","creek","Ca",18,"mg/L"
586,"Steamboat Creek @ Geiger Grade","creek","Ca",30,"mg/L"
587,"Steamboat Creek @ Geiger Grade","creek","Ca",29,"mg/L"
588,"Steamboat Creek @ Geiger Grade","creek","Ca",29,"mg/L"
589,"Steamboat Creek @ Geiger Grade","creek","Ca",13,"mg/L"
590,"Steamboat Creek @ Geiger Grade","creek","Ca",10,"mg/L"
591,"Steamboat Creek @ Geiger Grade","creek","Ca",11,"mg/L"
592,"Steamboat Creek @ Geiger Grade","creek","Ca",27,"mg/L"
593,"Steamboat Creek @ Geiger Grade","creek","Ca",29,"mg/L"
594,"Steamboat Creek @ Geiger Grade","creek","Ca",18,"mg/L"
596,"Steamboat Creek @ Geiger Grade","creek","Ca",38,"mg/L"
597,"Steamboat Creek @ Geiger Grade","creek","Ca",23,"mg/L"
598,"Steamboat Creek @ Geiger Grade","creek","Ca",20,"mg/L"
599,"Steamboat Creek @ Geiger Grade","creek","Ca",42,"mg/L"
600,"Steamboat Creek @ Geiger Grade","creek","Ca",29,"mg/L"
602,"Steamboat Creek @ Geiger Grade","creek","Ca",12,"mg/L"
603,"Steamboat Creek @ Geiger Grade","creek","Ca",16,"mg/L"
605,"Steamboat Creek @ Geiger Grade","creek","Ca",22,"mg/L"
606,"Steamboat Creek @ Geiger Grade","creek","Ca",27,"mg/L"
607,"Steamboat Creek @ Geiger Grade","creek","Ca",30,"mg/L"
608,"Steamboat Creek @ Geiger Grade","creek","Ca",11,"mg/L"
609,"Steamboat Creek @ Geiger Grade","creek","Ca",21,"mg/L"
610,"Steamboat Creek @ Geiger Grade","creek","Ca",32,"mg/L"
611,"Steamboat Creek @ Geiger Grade","creek","Ca",23,"mg/L"
612,"Steamboat Creek @ Geiger Grade","creek","Ca",21.6,"mg/L"
613,"Steamboat Creek @ Geiger Grade","creek","Ca",16,"mg/L"
615,"Steamboat Creek @ Geiger Grade","creek","Ca",27,"mg/L"
616,"Steamboat Creek @ Geiger Grade","creek","Ca",20,"mg/L"
617,"Steamboat Creek @ Geiger Grade","creek","Ca",27,"mg/L"
619,"Steamboat Creek @ Geiger Grade","creek","Ca",31,"mg/L"
620,"Steamboat Creek @ Geiger Grade","creek","Ca",27,"mg/L"
621,"Steamboat Creek @ Geiger Grade","creek","Ca",34.7,"mg/L"
622,"Steamboat Creek @ Geiger Grade","creek","Ca",30,"mg/L"
624,"Steamboat Creek @ Geiger Grade","creek","Ca",26,"mg/L"
626,"Steamboat Creek @ Geiger Grade","creek","Ca",26,"mg/L"
698,"Whites Creek @ North Timberline Drive","creek","Ca",9,"mg/L"
701,"Whites Creek @ North Timberline Drive","creek","Ca",7,"mg/L"
704,"Whites Creek @ North Timberline Drive","creek","Ca",8,"mg/L"
707,"Whites Creek @ North Timberline Drive","creek","Ca",8,"mg/L"
712,"Whites Creek @ North Timberline Drive","creek","Ca",8,"mg/L"
714,"Whites Creek @ North Timberline Drive","creek","Ca",9,"mg/L"
719,"Whites Creek @ North Timberline Drive","creek","Ca",10,"mg/L"
721,"Whites Creek @ North Timberline Drive","creek","Ca",7,"mg/L"
723,"Whites Creek @ North Timberline Drive","creek","Ca",5,"mg/L"
726,"Whites Creek @ North Timberline Drive","creek","Ca",8,"mg/L"
728,"Whites Creek @ North Timberline Drive","creek","Ca",8,"mg/L"
730,"Whites Creek @ North Timberline Drive","creek","Ca",7,"mg/L"
732,"Whites Creek @ North Timberline Drive","creek","Ca",5,"mg/L"
734,"Whites Creek @ North Timberline Drive","creek","Ca",8,"mg/L"
736,"Whites Creek @ North Timberline Drive","creek","Ca",8,"mg/L"
737,"Steamboat Creek north of the USGS gage off of Rhodes Road","creek","Ca",11,"mg/L"
738,"Thomas Creek above Arrowhead Parkway &[TC111]","creek","Ca",8,"mg/L"
741,"Thomas Creek above Arrowhead Parkway &[TC111]","creek","Ca",10,"mg/L"
743,"Thomas Creek above Arrowhead Parkway &[TC111]","creek","Ca",10,"mg/L"
744,"Thomas Creek above Arrowhead Parkway &[TC111]","creek","Ca",8.9,"mg/L"
745,"Thomas Creek above Arrowhead Parkway &[TC111]","creek","Ca",10,"mg/L"
747,"Thomas Creek above Arrowhead Parkway &[TC111]","creek","Ca",9.7,"mg/L"
748,"Whites Creek above Thomas Creek Road &[WC-11]","creek","Ca",6,"mg/L"
749,"Whites Creek above Thomas Creek Road &[WC-11]","creek","Ca",7,"mg/L"
752,"Whites Creek above Thomas Creek Road &[WC-11]","creek","Ca",8,"mg/L"
753,"Whites Creek above Thomas Creek Road &[WC-11]","creek","Ca",6.4,"mg/L"
754,"Whites Creek above Thomas Creek Road &[WC-11]","creek","Ca",6.5,"mg/L"
755,"Whites Creek above Thomas Creek Road &[WC-11]","creek","Ca",7.5,"mg/L"
819,"SBRR","transect","Ca",17.95,"mg/L"
818,"SBBV","transect","Ca",27.5,"mg/L"
816,"SBF_0001","fumarole","Ca",3.01,"mg/L"
821,"SBW_0001","well","Ca",25,"mg/L"
815,"SBW_0002","well","Ca",2.92,"mg/L"
825,"SBS_0001","spring","Ca",20.4,"mg/L"
820,"SBS_0002","seep","Ca",14.7,"mg/L"
822,"SBS_0003","spring","Ca",9.33,"mg/L"
827,"Soccer Field Monitoring Well","well","Ca",26,"mg/L"
828,"Eich Well","well","Ca",40,"mg/L"
829,"Boyd Domestic Well","well","Ca",4.1,"mg/L"
830,"Jeppson Geothermal Well","well","Ca",22,"mg/L"
831,"Rogers Domestic Well","well","Ca",35,"mg/L"
832,"Soccer Field Monitoring Well","well","Ca",24,"mg/L"
833,"Eich Well","well","Ca",36,"mg/L"
834,"Boyd Domestic Well","well","Ca",52,"mg/L"
835,"Jeppson Geothermal Well","well","Ca",24,"mg/L"
836,"Rogers Domestic Well","well","Ca",34,"mg/L"
837,"CPI production well 21-5","well","Ca",1.5,"mg/L"
838,"CPI production well 83A-6","well","Ca",2,"mg/L"
839,"CPI injection well Cox 1-1 (Cox well)","well","Ca",5.6,"mg/L"
840,"SB GEO production well PW-1","well","Ca",16,"mg/L"
841,"SB GEO production well PW-2","well","Ca",14,"mg/L"
842,"SB GEO production well PW-3","well","Ca",13,"mg/L"
843,"Hot spring 6, main terrace ACEC","spring","Ca",6.8,"mg/L"
845,"New seep adjacent to well GS-5 (1991)","seep","Ca",3,"mg/L"
848,"23-5 (Mariner & Janik 1995; = Wells '23-5')","well","Ca",0.4,"mg/L"
849,"23-5 (Mariner & Janik 1995; = Wells '23-5')","well","Ca",2.6,"mg/L"
850,"23-5 (Mariner & Janik 1995; = Wells '23-5')","well","Ca",3.4,"mg/L"
851,"23-5 (Mariner & Janik 1995; = Wells '23-5')","well","Ca",2.7,"mg/L"
852,"23-5 (Mariner & Janik 1995; = Wells '23-5')","well","Ca",9.2,"mg/L"
853,"83A-6 (Mariner & Janik 1995; = Wells '83A-6')","well","Ca",3.6,"mg/L"
854,"83A-6 (Mariner & Janik 1995; = Wells '83A-6')","well","Ca",3.7,"mg/L"
855,"83A-6 (Mariner & Janik 1995; = Wells '83A-6')","well","Ca",5.5,"mg/L"
856,"21-5 (Mariner & Janik 1995; = Wells '21-5R')","well","Ca",2.1,"mg/L"
857,"21-5 (Mariner & Janik 1995; = Wells '21-5R')","well","Ca",2.8,"mg/L"
858,"21-5 (Mariner & Janik 1995; = Wells '21-5R')","well","Ca",5.6,"mg/L"
859,"21-5 (Mariner & Janik 1995; = Wells '21-5R')","well","Ca",5.4,"mg/L"
860,"13-5 (Mariner & Janik 1995; = Wells '13-5R')","well","Ca",1.7,"mg/L"
861,"Cox I-1 (Mariner & Janik 1995; = Wells 'Cox I-1')","well","Ca",4.8,"mg/L"
862,"Cox I-1 (Mariner & Janik 1995; = Wells 'Cox I-1')","well","Ca",8.9,"mg/L"
863,"Cox I-1 (Mariner & Janik 1995; = Wells 'Cox I-1')","well","Ca",10,"mg/L"
864,"GS-5 (Mariner & Janik 1995; = Wells 'GS-5')","well","Ca",2.5,"mg/L"
865,"GS-5 (Mariner & Janik 1995; = Wells 'GS-5')","well","Ca",3.5,"mg/L"
866,"GS-5 (Mariner & Janik 1995; = Wells 'GS-5')","well","Ca",2.6,"mg/L"
867,"PW-1 (Mariner & Janik 1995; = Wells 'PW-1')","well","Ca",15.5,"mg/L"
868,"PW-1 (Mariner & Janik 1995; = Wells 'PW-1')","well","Ca",16.3,"mg/L"
869,"PW-1 (Mariner & Janik 1995; = Wells 'PW-1')","well","Ca",14.4,"mg/L"
870,"PW-1 (Mariner & Janik 1995; = Wells 'PW-1')","well","Ca",14.9,"mg/L"
871,"PW-2 (Mariner & Janik 1995; = Wells 'PW-2')","well","Ca",8.3,"mg/L"
872,"PW-2 (Mariner & Janik 1995; = Wells 'PW-2')","well","Ca",13.8,"mg/L"
873,"PW-2 (Mariner & Janik 1995; = Wells 'PW-2')","well","Ca",13.9,"mg/L"
874,"PW-2 (Mariner & Janik 1995; = Wells 'PW-2')","well","Ca",13.7,"mg/L"
875,"PW-3 (Mariner & Janik 1995; = Wells 'PW-3')","well","Ca",14.5,"mg/L"
876,"PW-3 (Mariner & Janik 1995; = Wells 'PW-3')","well","Ca",13.2,"mg/L"
877,"PW2-1 (Mariner & Janik 1995; = Wells 'PW 2-1')","well","Ca",18.3,"mg/L"
878,"PW2-1 (Mariner & Janik 1995; = Wells 'PW 2-1')","well","Ca",14.8,"mg/L"
879,"PW2-2 (Mariner & Janik 1995; = Wells 'PW 2-2')","well","Ca",19.9,"mg/L"
880,"PW2-2 (Mariner & Janik 1995; = Wells 'PW 2-2')","well","Ca",19.3,"mg/L"
881,"PW2-2 (Mariner & Janik 1995; = Wells 'PW 2-2')","well","Ca",20.6,"mg/L"
882,"PW2-3 (Mariner & Janik 1995; = Wells 'PW 2-3')","well","Ca",16,"mg/L"
883,"PW2-3 (Mariner & Janik 1995; = Wells 'PW 2-3')","well","Ca",15.4,"mg/L"
884,"PW2-4 (Mariner & Janik 1995; = Wells 'PW 2-4')","well","Ca",21.6,"mg/L"
885,"PW2-4 (Mariner & Janik 1995; = Wells 'PW 2-4')","well","Ca",20,"mg/L"
886,"PW2-4 (Mariner & Janik 1995; = Wells 'PW 2-4')","well","Ca",22.2,"mg/L"
887,"PW2-5 (Mariner & Janik 1995; = Wells 'PW 2-5')","well","Ca",17.5,"mg/L"
888,"PW2-5 (Mariner & Janik 1995; = Wells 'PW 2-5')","well","Ca",14.5,"mg/L"
889,"PW2-5 (Mariner & Janik 1995; = Wells 'PW 2-5')","well","Ca",16.3,"mg/L"
890,"PW3-1 (Mariner & Janik 1995; = Wells 'PW 3-1')","well","Ca",15.5,"mg/L"
891,"PW3-1 (Mariner & Janik 1995; = Wells 'PW 3-1')","well","Ca",14.6,"mg/L"
892,"PW3-1 (Mariner & Janik 1995; = Wells 'PW 3-1')","well","Ca",15.2,"mg/L"
893,"PW3-2 (Mariner & Janik 1995; = Wells 'PW 3-2')","well","Ca",18.5,"mg/L"
894,"PW3-2 (Mariner & Janik 1995; = Wells 'PW 3-2')","well","Ca",15.7,"mg/L"
895,"PW3-3 (Mariner & Janik 1995; = Wells 'PW 3-3')","well","Ca",15.8,"mg/L"
896,"PW3-3 (Mariner & Janik 1995; = Wells 'PW 3-3')","well","Ca",14.8,"mg/L"
897,"PW3-3 (Mariner & Janik 1995; = Wells 'PW 3-3')","well","Ca",15.3,"mg/L"
898,"PW3-4 (Mariner & Janik 1995; = Wells 'PW 3-4')","well","Ca",15.9,"mg/L"
899,"PW3-4 (Mariner & Janik 1995; = Wells 'PW 3-4')","well","Ca",15,"mg/L"
900,"PW3-4 (Mariner & Janik 1995; = Wells 'PW 3-4')","well","Ca",16.3,"mg/L"
901,"IW-3 (Mariner & Janik 1995; = Wells 'IW-3')","well","Ca",14.2,"mg/L"
902,"IW-3 (Mariner & Janik 1995; = Wells 'IW-3')","well","Ca",14.7,"mg/L"
903,"IW-5 (Mariner & Janik 1995; = Wells '46-28')","well","Ca",16.6,"mg/L"
904,"Stuart","well","Ca",4.7,"mg/L"
905,"Stuart","well","Ca",4.8,"mg/L"
906,"Stuart","well","Ca",5.4,"mg/L"
907,"Stuart","well","Ca",5.9,"mg/L"
908,"Brown's School (Mariner & Janik 1995; = Wells 'Brown School Geothermal Well')","well","Ca",224,"mg/L"
909,"Brown's School (Mariner & Janik 1995; = Wells 'Brown School Geothermal Well')","well","Ca",233,"mg/L"
910,"Brown's School (Mariner & Janik 1995; = Wells 'Brown School Geothermal Well')","well","Ca",251,"mg/L"
911,"Brown's School (Mariner & Janik 1995; = Wells 'Brown School Geothermal Well')","well","Ca",255,"mg/L"
912,"Curti Domestic Well","well","Ca",57,"mg/L"
913,"Steinhardt Geothermal Well (narrative Cl trend)","well","Ca",5.1,"mg/L"
914,"Peigh","well","Ca",37,"mg/L"
915,"Herz Domestic Well","well","Ca",86,"mg/L"
916,"Stmgid 4","well","Ca",30,"mg/L"
917,"Galena Ck. Pk.","creek","Ca",15,"mg/L"
918,"Thomas Ck.S.","creek","Ca",17.7,"mg/L"
919,"Tick Spr.","spring","Ca",100,"mg/L"
920,"Jumbo Gr. S.","spring","Ca",95,"mg/L"
921,"Tahoe Mdw.","spring","Ca",14.5,"mg/L"
922,"Third Ck. Spr.","spring","Ca",5,"mg/L"
1,"Thomas Creek @ North Timberline Drive &[STBT03Thomas-3]","creek","Cl",0,"mg/L"
2,"Thomas Creek @ North Timberline Drive &[STBT03Thomas-3]","creek","Cl",0,"mg/L"
3,"Thomas Creek @ North Timberline Drive &[STBT03Thomas-3]","creek","Cl",0,"mg/L"
4,"Thomas Creek @ North Timberline Drive &[STBT03Thomas-3]","creek","Cl",0,"mg/L"
5,"Thomas Creek @ North Timberline Drive &[STBT03Thomas-3]","creek","Cl",0,"mg/L"
6,"Thomas Creek @ North Timberline Drive &[STBT03Thomas-3]","creek","Cl",0,"mg/L"
7,"Thomas Creek @ North Timberline Drive &[STBT03Thomas-3]","creek","Cl",0,"mg/L"
8,"Thomas Creek @ North Timberline Drive &[STBT03Thomas-3]","creek","Cl",0,"mg/L"
9,"Thomas Creek @ North Timberline Drive &[STBT03Thomas-3]","creek","Cl",0,"mg/L"
10,"Thomas Creek @ North Timberline Drive &[STBT03Thomas-3]","creek","Cl",0,"mg/L"
11,"Thomas Creek @ North Timberline Drive &[STBT03Thomas-3]","creek","Cl",0,"mg/L"
12,"Thomas Creek @ North Timberline Drive &[STBT03Thomas-3]","creek","Cl",0,"mg/L"
13,"Thomas Creek @ North Timberline Drive &[STBT03Thomas-3]","creek","Cl",0,"mg/L"
14,"Thomas Creek @ North Timberline Drive &[STBT03Thomas-3]","creek","Cl",0,"mg/L"
15,"Thomas Creek @ North Timberline Drive &[STBT03Thomas-3]","creek","Cl",0,"mg/L"
16,"Thomas Creek @ North Timberline Drive &[STBT03Thomas-3]","creek","Cl",0,"mg/L"
17,"Thomas Creek @ North Timberline Drive &[STBT03Thomas-3]","creek","Cl",0,"mg/L"
18,"Thomas Creek @ North Timberline Drive &[STBT03Thomas-3]","creek","Cl",0,"mg/L"
19,"Thomas Creek @ North Timberline Drive &[STBT03Thomas-3]","creek","Cl",0,"mg/L"
20,"Thomas Creek @ North Timberline Drive &[STBT03Thomas-3]","creek","Cl",0,"mg/L"
21,"Thomas Creek @ North Timberline Drive &[STBT03Thomas-3]","creek","Cl",0,"mg/L"
22,"Thomas Creek @ North Timberline Drive &[STBT03Thomas-3]","creek","Cl",0,"mg/L"
23,"Thomas Creek @ North Timberline Drive &[STBT03Thomas-3]","creek","Cl",0,"mg/L"
24,"Thomas Creek @ North Timberline Drive &[STBT03Thomas-3]","creek","Cl",0,"mg/L"
25,"Thomas Creek @ North Timberline Drive &[STBT03Thomas-3]","creek","Cl",0,"mg/L"
26,"Thomas Creek @ North Timberline Drive &[STBT03Thomas-3]","creek","Cl",0,"mg/L"
27,"Thomas Creek @ North Timberline Drive &[STBT03Thomas-3]","creek","Cl",0,"mg/L"
28,"Thomas Creek @ North Timberline Drive &[STBT03Thomas-3]","creek","Cl",0,"mg/L"
29,"Thomas Creek @ North Timberline Drive &[STBT03Thomas-3]","creek","Cl",0,"mg/L"
30,"Thomas Creek @ North Timberline Drive &[STBT03Thomas-3]","creek","Cl",0,"mg/L"
31,"Thomas Creek @ North Timberline Drive &[STBT03Thomas-3]","creek","Cl",0,"mg/L"
32,"Thomas Creek @ North Timberline Drive &[STBT03Thomas-3]","creek","Cl",0,"mg/L"
33,"Thomas Creek @ North Timberline Drive &[STBT03Thomas-3]","creek","Cl",0,"mg/L"
34,"Thomas Creek @ North Timberline Drive &[STBT03Thomas-3]","creek","Cl",0,"mg/L"
35,"Thomas Creek @ North Timberline Drive &[STBT03Thomas-3]","creek","Cl",0,"mg/L"
36,"Thomas Creek @ North Timberline Drive &[STBT03Thomas-3]","creek","Cl",0,"mg/L"
37,"Thomas Creek @ North Timberline Drive &[STBT03Thomas-3]","creek","Cl",0,"mg/L"
38,"Thomas Creek @ North Timberline Drive &[STBT03Thomas-3]","creek","Cl",0,"mg/L"
39,"Thomas Creek @ North Timberline Drive &[STBT03Thomas-3]","creek","Cl",0,"mg/L"
40,"Thomas Creek @ North Timberline Drive &[STBT03Thomas-3]","creek","Cl",0,"mg/L"
41,"Thomas Creek @ North Timberline Drive &[STBT03Thomas-3]","creek","Cl",0,"mg/L"
42,"Thomas Creek @ North Timberline Drive &[STBT03Thomas-3]","creek","Cl",0,"mg/L"
43,"Thomas Creek @ North Timberline Drive &[STBT03Thomas-3]","creek","Cl",0,"mg/L"
44,"Thomas Creek @ North Timberline Drive &[STBT03Thomas-3]","creek","Cl",0,"mg/L"
45,"Thomas Creek @ North Timberline Drive &[STBT03Thomas-3]","creek","Cl",0,"mg/L"
46,"Thomas Creek @ North Timberline Drive &[STBT03Thomas-3]","creek","Cl",0,"mg/L"
47,"Thomas Creek @ North Timberline Drive &[STBT03Thomas-3]","creek","Cl",0,"mg/L"
48,"Thomas Creek @ North Timberline Drive &[STBT03Thomas-3]","creek","Cl",0,"mg/L"
49,"Thomas Creek @ North Timberline Drive &[STBT03Thomas-3]","creek","Cl",0,"mg/L"
50,"Thomas Creek @ North Timberline Drive &[STBT03Thomas-3]","creek","Cl",0,"mg/L"
51,"Thomas Creek @ North Timberline Drive &[STBT03Thomas-3]","creek","Cl",0,"mg/L"
52,"Thomas Creek @ North Timberline Drive &[STBT03Thomas-3]","creek","Cl",0,"mg/L"
53,"Thomas Creek @ North Timberline Drive &[STBT03Thomas-3]","creek","Cl",0,"mg/L"
54,"Thomas Creek @ North Timberline Drive &[STBT03Thomas-3]","creek","Cl",1,"mg/L"
55,"Thomas Creek @ North Timberline Drive &[STBT03Thomas-3]","creek","Cl",0,"mg/L"
56,"Thomas Creek @ North Timberline Drive &[STBT03Thomas-3]","creek","Cl",1,"mg/L"
57,"Thomas Creek @ North Timberline Drive &[STBT03Thomas-3]","creek","Cl",1,"mg/L"
58,"Thomas Creek @ North Timberline Drive &[STBT03Thomas-3]","creek","Cl",0,"mg/L"
59,"Thomas Creek @ North Timberline Drive &[STBT03Thomas-3]","creek","Cl",1,"mg/L"
60,"Thomas Creek @ North Timberline Drive &[STBT03Thomas-3]","creek","Cl",1,"mg/L"
61,"Thomas Creek @ North Timberline Drive &[STBT03Thomas-3]","creek","Cl",1,"mg/L"
62,"Thomas Creek @ North Timberline Drive &[STBT03Thomas-3]","creek","Cl",0,"mg/L"
63,"Thomas Creek @ North Timberline Drive &[STBT03Thomas-3]","creek","Cl",1,"mg/L"
64,"Thomas Creek @ North Timberline Drive &[STBT03Thomas-3]","creek","Cl",1,"mg/L"
65,"Thomas Creek @ North Timberline Drive &[STBT03Thomas-3]","creek","Cl",1,"mg/L"
66,"Thomas Creek @ North Timberline Drive &[STBT03Thomas-3]","creek","Cl",1,"mg/L"
67,"Thomas Creek @ North Timberline Drive &[STBT03Thomas-3]","creek","Cl",0,"mg/L"
68,"Thomas Creek @ North Timberline Drive &[STBT03Thomas-3]","creek","Cl",0,"mg/L"
69,"Thomas Creek @ North Timberline Drive &[STBT03Thomas-3]","creek","Cl",1,"mg/L"
70,"Thomas Creek @ North Timberline Drive &[STBT03Thomas-3]","creek","Cl",0.58,"mg/L"
71,"Thomas Creek @ North Timberline Drive &[STBT03Thomas-3]","creek","Cl",1,"mg/L"
72,"Thomas Creek @ North Timberline Drive &[STBT03Thomas-3]","creek","Cl",1,"mg/L"
73,"Thomas Creek @ North Timberline Drive &[STBT03Thomas-3]","creek","Cl",0,"mg/L"
74,"Thomas Creek @ North Timberline Drive &[STBT03Thomas-3]","creek","Cl",0,"mg/L"
75,"Thomas Creek @ North Timberline Drive &[STBT03Thomas-3]","creek","Cl",1,"mg/L"
76,"Thomas Creek @ North Timberline Drive &[STBT03Thomas-3]","creek","Cl",1,"mg/L"
77,"Thomas Creek @ North Timberline Drive &[STBT03Thomas-3]","creek","Cl",1,"mg/L"
78,"Thomas Creek @ North Timberline Drive &[STBT03Thomas-3]","creek","Cl",1,"mg/L"
79,"Thomas Creek @ North Timberline Drive &[STBT03Thomas-3]","creek","Cl",1,"mg/L"
80,"Thomas Creek @ North Timberline Drive &[STBT03Thomas-3]","creek","Cl",1,"mg/L"
81,"Thomas Creek @ North Timberline Drive &[STBT03Thomas-3]","creek","Cl",1,"mg/L"
82,"Thomas Creek @ North Timberline Drive &[STBT03Thomas-3]","creek","Cl",1,"mg/L"
83,"Thomas Creek @ North Timberline Drive &[STBT03Thomas-3]","creek","Cl",1,"mg/L"
84,"Thomas Creek @ North Timberline Drive &[STBT03Thomas-3]","creek","Cl",1,"mg/L"
85,"Thomas Creek @ North Timberline Drive &[STBT03Thomas-3]","creek","Cl",0,"mg/L"
86,"Thomas Creek @ North Timberline Drive &[STBT03Thomas-3]","creek","Cl",0,"mg/L"
87,"Thomas Creek @ North Timberline Drive &[STBT03Thomas-3]","creek","Cl",0,"mg/L"
88,"Thomas Creek @ North Timberline Drive &[STBT03Thomas-3]","creek","Cl",1,"mg/L"
89,"Thomas Creek @ North Timberline Drive &[STBT03Thomas-3]","creek","Cl",1,"mg/L"
90,"Thomas Creek @ North Timberline Drive &[STBT03Thomas-3]","creek","Cl",1,"mg/L"
91,"Thomas Creek @ North Timberline Drive &[STBT03Thomas-3]","creek","Cl",5,"mg/L"
92,"Thomas Creek @ North Timberline Drive &[STBT03Thomas-3]","creek","Cl",5,"mg/L"
93,"Thomas Creek @ North Timberline Drive &[STBT03Thomas-3]","creek","Cl",5,"mg/L"
94,"Thomas Creek @ North Timberline Drive &[STBT03Thomas-3]","creek","Cl",5,"mg/L"
95,"Thomas Creek @ North Timberline Drive &[STBT03Thomas-3]","creek","Cl",5,"mg/L"
96,"Thomas Creek @ North Timberline Drive &[STBT03Thomas-3]","creek","Cl",5,"mg/L"
97,"Thomas Creek @ North Timberline Drive &[STBT03Thomas-3]","creek","Cl",5,"mg/L"
98,"Thomas Creek @ North Timberline Drive &[STBT03Thomas-3]","creek","Cl",5,"mg/L"
99,"Thomas Creek @ North Timberline Drive &[STBT03Thomas-3]","creek","Cl",5,"mg/L"
100,"Thomas Creek @ North Timberline Drive &[STBT03Thomas-3]","creek","Cl",5,"mg/L"
101,"Thomas Creek @ North Timberline Drive &[STBT03Thomas-3]","creek","Cl",5,"mg/L"
102,"Thomas Creek @ North Timberline Drive &[STBT03Thomas-3]","creek","Cl",5,"mg/L"
103,"Thomas Creek @ North Timberline Drive &[STBT03Thomas-3]","creek","Cl",5,"mg/L"
104,"Thomas Creek @ North Timberline Drive &[STBT03Thomas-3]","creek","Cl",5,"mg/L"
105,"Thomas Creek @ North Timberline Drive &[STBT03Thomas-3]","creek","Cl",5,"mg/L"
106,"Thomas Creek @ North Timberline Drive &[STBT03Thomas-3]","creek","Cl",5,"mg/L"
107,"Thomas Creek @ North Timberline Drive &[STBT03Thomas-3]","creek","Cl",5,"mg/L"
108,"Thomas Creek @ North Timberline Drive &[STBT03Thomas-3]","creek","Cl",5,"mg/L"
109,"Thomas Creek @ North Timberline Drive &[STBT03Thomas-3]","creek","Cl",5,"mg/L"
110,"Thomas Creek @ North Timberline Drive &[STBT03Thomas-3]","creek","Cl",5,"mg/L"
111,"Thomas Creek @ North Timberline Drive &[STBT03Thomas-3]","creek","Cl",5,"mg/L"
112,"Thomas Creek @ North Timberline Drive &[STBT03Thomas-3]","creek","Cl",0.49,"mg/L"
114,"North Fork Whites Creek @ West Zolezzi Lane","creek","Cl",1,"mg/L"
115,"North Fork Whites Creek @ West Zolezzi Lane","creek","Cl",0,"mg/L"
116,"North Fork Whites Creek @ West Zolezzi Lane","creek","Cl",0,"mg/L"
117,"North Fork Whites Creek @ West Zolezzi Lane","creek","Cl",1,"mg/L"
118,"North Fork Whites Creek @ West Zolezzi Lane","creek","Cl",0,"mg/L"
119,"North Fork Whites Creek @ West Zolezzi Lane","creek","Cl",1,"mg/L"
120,"North Fork Whites Creek @ West Zolezzi Lane","creek","Cl",0,"mg/L"
121,"North Fork Whites Creek @ West Zolezzi Lane","creek","Cl",0,"mg/L"
122,"North Fork Whites Creek @ West Zolezzi Lane","creek","Cl",2,"mg/L"
123,"North Fork Whites Creek @ West Zolezzi Lane","creek","Cl",1,"mg/L"
124,"North Fork Whites Creek @ West Zolezzi Lane","creek","Cl",1,"mg/L"
125,"Steamboat Creek @ Pleasant Valley &[STBT02Stbt-2]","creek","Cl",2,"mg/L"
126,"Steamboat Creek @ Pleasant Valley &[STBT02Stbt-2]","creek","Cl",3,"mg/L"
127,"Steamboat Creek @ Pleasant Valley &[STBT02Stbt-2]","creek","Cl",5,"mg/L"
128,"Steamboat Creek @ Pleasant Valley &[STBT02Stbt-2]","creek","Cl",1,"mg/L"
129,"Steamboat Creek @ Pleasant Valley &[STBT02Stbt-2]","creek","Cl",4,"mg/L"
130,"Steamboat Creek @ Pleasant Valley &[STBT02Stbt-2]","creek","Cl",7,"mg/L"
131,"Steamboat Creek @ Pleasant Valley &[STBT02Stbt-2]","creek","Cl",4,"mg/L"
132,"Steamboat Creek @ Pleasant Valley &[STBT02Stbt-2]","creek","Cl",8,"mg/L"
133,"Steamboat Creek @ Pleasant Valley &[STBT02Stbt-2]","creek","Cl",8,"mg/L"
134,"Steamboat Creek @ Pleasant Valley &[STBT02Stbt-2]","creek","Cl",10,"mg/L"
135,"Steamboat Creek @ Pleasant Valley &[STBT02Stbt-2]","creek","Cl",11,"mg/L"
136,"Steamboat Creek @ Pleasant Valley &[STBT02Stbt-2]","creek","Cl",7,"mg/L"
137,"Steamboat Creek @ Pleasant Valley &[STBT02Stbt-2]","creek","Cl",5,"mg/L"
138,"Steamboat Creek @ Pleasant Valley &[STBT02Stbt-2]","creek","Cl",5,"mg/L"
139,"Steamboat Creek @ Pleasant Valley &[STBT02Stbt-2]","creek","Cl",7,"mg/L"
140,"Steamboat Creek @ Pleasant Valley &[STBT02Stbt-2]","creek","Cl",4,"mg/L"
141,"Steamboat Creek @ Pleasant Valley &[STBT02Stbt-2]","creek","Cl",6,"mg/L"
142,"Steamboat Creek @ Pleasant Valley &[STBT02Stbt-2]","creek","Cl",4,"mg/L"
143,"Steamboat Creek @ Pleasant Valley &[STBT02Stbt-2]","creek","Cl",7,"mg/L"
144,"Steamboat Creek @ Pleasant Valley &[STBT02Stbt-2]","creek","Cl",6,"mg/L"
145,"Steamboat Creek @ Pleasant Valley &[STBT02Stbt-2]","creek","Cl",7,"mg/L"
146,"Steamboat Creek @ Pleasant Valley &[STBT02Stbt-2]","creek","Cl",7,"mg/L"
147,"Steamboat Creek @ Pleasant Valley &[STBT02Stbt-2]","creek","Cl",5,"mg/L"
148,"Steamboat Creek @ Pleasant Valley &[STBT02Stbt-2]","creek","Cl",5,"mg/L"
149,"Steamboat Creek @ Pleasant Valley &[STBT02Stbt-2]","creek","Cl",5,"mg/L"
150,"Steamboat Creek @ Pleasant Valley &[STBT02Stbt-2]","creek","Cl",4,"mg/L"
151,"Steamboat Creek @ Pleasant Valley &[STBT02Stbt-2]","creek","Cl",9,"mg/L"
152,"Steamboat Creek @ Pleasant Valley &[STBT02Stbt-2]","creek","Cl",5,"mg/L"
153,"Steamboat Creek @ Pleasant Valley &[STBT02Stbt-2]","creek","Cl",5,"mg/L"
154,"Steamboat Creek @ Pleasant Valley &[STBT02Stbt-2]","creek","Cl",2,"mg/L"
155,"Steamboat Creek @ Pleasant Valley &[STBT02Stbt-2]","creek","Cl",0,"mg/L"
156,"Steamboat Creek @ Pleasant Valley &[STBT02Stbt-2]","creek","Cl",3,"mg/L"
157,"Steamboat Creek @ Pleasant Valley &[STBT02Stbt-2]","creek","Cl",9,"mg/L"
158,"Steamboat Creek @ Pleasant Valley &[STBT02Stbt-2]","creek","Cl",8,"mg/L"
159,"Steamboat Creek @ Pleasant Valley &[STBT02Stbt-2]","creek","Cl",5,"mg/L"
160,"Steamboat Creek @ Pleasant Valley &[STBT02Stbt-2]","creek","Cl",5,"mg/L"
161,"Steamboat Creek @ Pleasant Valley &[STBT02Stbt-2]","creek","Cl",2,"mg/L"
162,"Steamboat Creek @ Pleasant Valley &[STBT02Stbt-2]","creek","Cl",1,"mg/L"
163,"Steamboat Creek @ Pleasant Valley &[STBT02Stbt-2]","creek","Cl",2,"mg/L"
164,"Steamboat Creek @ Pleasant Valley &[STBT02Stbt-2]","creek","Cl",5,"mg/L"
165,"Steamboat Creek @ Pleasant Valley &[STBT02Stbt-2]","creek","Cl",2,"mg/L"
166,"Steamboat Creek @ Pleasant Valley &[STBT02Stbt-2]","creek","Cl",15,"mg/L"
167,"Steamboat Creek @ Pleasant Valley &[STBT02Stbt-2]","creek","Cl",2,"mg/L"
168,"Steamboat Creek @ Pleasant Valley &[STBT02Stbt-2]","creek","Cl",2,"mg/L"
169,"Steamboat Creek @ Pleasant Valley &[STBT02Stbt-2]","creek","Cl",2,"mg/L"
170,"Steamboat Creek @ Pleasant Valley &[STBT02Stbt-2]","creek","Cl",1,"mg/L"
171,"Steamboat Creek @ Pleasant Valley &[STBT02Stbt-2]","creek","Cl",5,"mg/L"
172,"Steamboat Creek @ Pleasant Valley &[STBT02Stbt-2]","creek","Cl",8,"mg/L"
173,"Steamboat Creek @ Pleasant Valley &[STBT02Stbt-2]","creek","Cl",7,"mg/L"
174,"Steamboat Creek @ Pleasant Valley &[STBT02Stbt-2]","creek","Cl",5,"mg/L"
175,"Steamboat Creek @ Pleasant Valley &[STBT02Stbt-2]","creek","Cl",4,"mg/L"
176,"Steamboat Creek @ Pleasant Valley &[STBT02Stbt-2]","creek","Cl",0,"mg/L"
177,"Steamboat Creek @ Pleasant Valley &[STBT02Stbt-2]","creek","Cl",6,"mg/L"
178,"Steamboat Creek @ Pleasant Valley &[STBT02Stbt-2]","creek","Cl",8,"mg/L"
179,"Steamboat Creek @ Pleasant Valley &[STBT02Stbt-2]","creek","Cl",16,"mg/L"
180,"Steamboat Creek @ Pleasant Valley &[STBT02Stbt-2]","creek","Cl",12,"mg/L"
181,"Steamboat Creek @ Pleasant Valley &[STBT02Stbt-2]","creek","Cl",9,"mg/L"
182,"Steamboat Creek @ Pleasant Valley &[STBT02Stbt-2]","creek","Cl",14,"mg/L"
183,"Steamboat Creek @ Pleasant Valley &[STBT02Stbt-2]","creek","Cl",11,"mg/L"
184,"Steamboat Creek @ Pleasant Valley &[STBT02Stbt-2]","creek","Cl",10,"mg/L"
185,"Steamboat Creek @ Pleasant Valley &[STBT02Stbt-2]","creek","Cl",11,"mg/L"
186,"Steamboat Creek @ Pleasant Valley &[STBT02Stbt-2]","creek","Cl",9,"mg/L"
187,"Steamboat Creek @ Pleasant Valley &[STBT02Stbt-2]","creek","Cl",10,"mg/L"
188,"Steamboat Creek @ Pleasant Valley &[STBT02Stbt-2]","creek","Cl",7,"mg/L"
189,"Steamboat Creek @ Pleasant Valley &[STBT02Stbt-2]","creek","Cl",6,"mg/L"
190,"Steamboat Creek @ Pleasant Valley &[STBT02Stbt-2]","creek","Cl",15,"mg/L"
191,"Steamboat Creek @ Pleasant Valley &[STBT02Stbt-2]","creek","Cl",12,"mg/L"
192,"Steamboat Creek @ Pleasant Valley &[STBT02Stbt-2]","creek","Cl",13,"mg/L"
193,"Steamboat Creek @ Pleasant Valley &[STBT02Stbt-2]","creek","Cl",12,"mg/L"
194,"Steamboat Creek @ Pleasant Valley &[STBT02Stbt-2]","creek","Cl",13,"mg/L"
195,"Steamboat Creek @ Pleasant Valley &[STBT02Stbt-2]","creek","Cl",8,"mg/L"
196,"Steamboat Creek @ Pleasant Valley &[STBT02Stbt-2]","creek","Cl",13,"mg/L"
197,"Steamboat Creek @ Pleasant Valley &[STBT02Stbt-2]","creek","Cl",12,"mg/L"
198,"Steamboat Creek @ Pleasant Valley &[STBT02Stbt-2]","creek","Cl",12,"mg/L"
199,"Steamboat Creek @ Pleasant Valley &[STBT02Stbt-2]","creek","Cl",14,"mg/L"
200,"Steamboat Creek @ Pleasant Valley &[STBT02Stbt-2]","creek","Cl",14,"mg/L"
201,"Steamboat Creek @ Pleasant Valley &[STBT02Stbt-2]","creek","Cl",10,"mg/L"
202,"Steamboat Creek @ Pleasant Valley &[STBT02Stbt-2]","creek","Cl",9,"mg/L"
203,"Steamboat Creek @ Pleasant Valley &[STBT02Stbt-2]","creek","Cl",15,"mg/L"
204,"Steamboat Creek @ Pleasant Valley &[STBT02Stbt-2]","creek","Cl",12,"mg/L"
205,"Steamboat Creek @ Pleasant Valley &[STBT02Stbt-2]","creek","Cl",24,"mg/L"
206,"Steamboat Creek @ Pleasant Valley &[STBT02Stbt-2]","creek","Cl",10,"mg/L"
207,"Steamboat Creek @ Pleasant Valley &[STBT02Stbt-2]","creek","Cl",10,"mg/L"
208,"Steamboat Creek @ Pleasant Valley &[STBT02Stbt-2]","creek","Cl",11,"mg/L"
209,"Steamboat Creek @ Pleasant Valley &[STBT02Stbt-2]","creek","Cl",8,"mg/L"
210,"Steamboat Creek @ Pleasant Valley &[STBT02Stbt-2]","creek","Cl",11,"mg/L"
211,"Steamboat Creek @ Pleasant Valley &[STBT02Stbt-2]","creek","Cl",9,"mg/L"
212,"Steamboat Creek @ Pleasant Valley &[STBT02Stbt-2]","creek","Cl",8,"mg/L"
213,"Steamboat Creek @ Pleasant Valley &[STBT02Stbt-2]","creek","Cl",7,"mg/L"
214,"Steamboat Creek @ Pleasant Valley &[STBT02Stbt-2]","creek","Cl",6,"mg/L"
215,"Steamboat Creek @ Pleasant Valley &[STBT02Stbt-2]","creek","Cl",12,"mg/L"
216,"Steamboat Creek @ Pleasant Valley &[STBT02Stbt-2]","creek","Cl",12,"mg/L"
217,"Steamboat Creek @ Pleasant Valley &[STBT02Stbt-2]","creek","Cl",7.62,"mg/L"
218,"Steamboat Creek @ Pleasant Valley &[STBT02Stbt-2]","creek","Cl",6,"mg/L"
219,"Steamboat Creek @ Pleasant Valley &[STBT02Stbt-2]","creek","Cl",8,"mg/L"
220,"Steamboat Creek @ Pleasant Valley &[STBT02Stbt-2]","creek","Cl",12.51,"mg/L"
221,"Steamboat Creek @ Pleasant Valley &[STBT02Stbt-2]","creek","Cl",15.64,"mg/L"
223,"Steamboat Creek @ Pleasant Valley &[STBT02Stbt-2]","creek","Cl",5,"mg/L"
224,"Steamboat Creek @ Pleasant Valley &[STBT02Stbt-2]","creek","Cl",19.22,"mg/L"
225,"Steamboat Creek @ Pleasant Valley &[STBT02Stbt-2]","creek","Cl",13.84,"mg/L"
226,"Steamboat Creek @ Pleasant Valley &[STBT02Stbt-2]","creek","Cl",6,"mg/L"
227,"Steamboat Creek @ Pleasant Valley &[STBT02Stbt-2]","creek","Cl",7,"mg/L"
228,"Steamboat Creek @ Pleasant Valley &[STBT02Stbt-2]","creek","Cl",17.53,"mg/L"
229,"Steamboat Creek @ Pleasant Valley &[STBT02Stbt-2]","creek","Cl",15.91,"mg/L"
230,"Steamboat Creek @ Pleasant Valley &[STBT02Stbt-2]","creek","Cl",10.57,"mg/L"
231,"Steamboat Creek @ Pleasant Valley &[STBT02Stbt-2]","creek","Cl",18.21,"mg/L"
232,"Steamboat Creek @ Pleasant Valley &[STBT02Stbt-2]","creek","Cl",17.72,"mg/L"
233,"Steamboat Creek @ Pleasant Valley &[STBT02Stbt-2]","creek","Cl",17.24,"mg/L"
234,"Steamboat Creek @ Pleasant Valley &[STBT02Stbt-2]","creek","Cl",20.19,"mg/L"
235,"Steamboat Creek @ Pleasant Valley &[STBT02Stbt-2]","creek","Cl",24.35,"mg/L"
236,"Steamboat Creek @ Pleasant Valley &[STBT02Stbt-2]","creek","Cl",14,"mg/L"
237,"Steamboat Creek @ Pleasant Valley &[STBT02Stbt-2]","creek","Cl",19,"mg/L"
238,"Steamboat Creek @ Pleasant Valley &[STBT02Stbt-2]","creek","Cl",28,"mg/L"
239,"Middle Fork Whites Creek @ Sage Hill Road","creek","Cl",25,"mg/L"
240,"Middle Fork Whites Creek @ Sage Hill Road","creek","Cl",12,"mg/L"
241,"Middle Fork Whites Creek @ Sage Hill Road","creek","Cl",23,"mg/L"
242,"Middle Fork Whites Creek @ Sage Hill Road","creek","Cl",12,"mg/L"
243,"Middle Fork Whites Creek @ Sage Hill Road","creek","Cl",13,"mg/L"
244,"Middle Fork Whites Creek @ Sage Hill Road","creek","Cl",10,"mg/L"
245,"Middle Fork Whites Creek @ Sage Hill Road","creek","Cl",14,"mg/L"
246,"Middle Fork Whites Creek @ Sage Hill Road","creek","Cl",36,"mg/L"
247,"Middle Fork Whites Creek @ Sage Hill Road","creek","Cl",24,"mg/L"
248,"Middle Fork Whites Creek @ Sage Hill Road","creek","Cl",57,"mg/L"
250,"Middle Fork Whites Creek @ Sage Hill Road","creek","Cl",21,"mg/L"
251,"Middle Fork Whites Creek @ Sage Hill Road","creek","Cl",8,"mg/L"
252,"Middle Fork Whites Creek @ Sage Hill Road","creek","Cl",41,"mg/L"
253,"Middle Fork Whites Creek @ Sage Hill Road","creek","Cl",5,"mg/L"
254,"Middle Fork Whites Creek @ Sage Hill Road","creek","Cl",44,"mg/L"
255,"Middle Fork Whites Creek @ Sage Hill Road","creek","Cl",79,"mg/L"
256,"Middle Fork Whites Creek @ Sage Hill Road","creek","Cl",95,"mg/L"
257,"Middle Fork Whites Creek @ Sage Hill Road","creek","Cl",98,"mg/L"
258,"Middle Fork Whites Creek @ Sage Hill Road","creek","Cl",110,"mg/L"
259,"Middle Fork Whites Creek @ Sage Hill Road","creek","Cl",95.69,"mg/L"
261,"Middle Fork Whites Creek @ Sage Hill Road","creek","Cl",11.8,"mg/L"
262,"Middle Fork Whites Creek @ Sage Hill Road","creek","Cl",137.14,"mg/L"
263,"Middle Fork Whites Creek @ Sage Hill Road","creek","Cl",57.93,"mg/L"
264,"Middle Fork Whites Creek @ Sage Hill Road","creek","Cl",70.46,"mg/L"
265,"Steamboat Creek @ Old Post Office &[STBT02Stbt-3]","creek","Cl",55,"mg/L"
266,"Steamboat Creek @ Old Post Office &[STBT02Stbt-3]","creek","Cl",19,"mg/L"
267,"Steamboat Creek @ Old Post Office &[STBT02Stbt-3]","creek","Cl",11,"mg/L"
268,"Steamboat Creek @ Old Post Office &[STBT02Stbt-3]","creek","Cl",17,"mg/L"
269,"Steamboat Creek @ Old Post Office &[STBT02Stbt-3]","creek","Cl",35,"mg/L"
270,"Steamboat Creek @ Old Post Office &[STBT02Stbt-3]","creek","Cl",21,"mg/L"
271,"Steamboat Creek @ Old Post Office &[STBT02Stbt-3]","creek","Cl",12,"mg/L"
272,"Steamboat Creek @ Old Post Office &[STBT02Stbt-3]","creek","Cl",22,"mg/L"
273,"North Fork Whites Creek @ Arrow Creek Parkway","creek","Cl",5,"mg/L"
274,"North Fork Whites Creek @ Arrow Creek Parkway","creek","Cl",5,"mg/L"
275,"North Fork Whites Creek @ Arrow Creek Parkway","creek","Cl",5,"mg/L"
276,"North Fork Whites Creek @ Arrow Creek Parkway","creek","Cl",5,"mg/L"
277,"North Fork Whites Creek @ Arrow Creek Parkway","creek","Cl",5,"mg/L"
278,"North Fork Whites Creek @ Arrow Creek Parkway","creek","Cl",5,"mg/L"
279,"North Fork Whites Creek @ Arrow Creek Parkway","creek","Cl",5,"mg/L"
280,"North Fork Whites Creek @ Arrow Creek Parkway","creek","Cl",5,"mg/L"
281,"North Fork Whites Creek @ Arrow Creek Parkway","creek","Cl",5,"mg/L"
282,"North Fork Whites Creek @ Arrow Creek Parkway","creek","Cl",5,"mg/L"
283,"North Fork Whites Creek @ Arrow Creek Parkway","creek","Cl",5,"mg/L"
284,"North Fork Whites Creek @ Arrow Creek Parkway","creek","Cl",5,"mg/L"
285,"North Fork Whites Creek @ Arrow Creek Parkway","creek","Cl",5,"mg/L"
286,"North Fork Whites Creek @ Arrow Creek Parkway","creek","Cl",5,"mg/L"
288,"North Fork Whites Creek @ Arrow Creek Parkway","creek","Cl",5,"mg/L"
289,"North Fork Whites Creek @ Arrow Creek Parkway","creek","Cl",5,"mg/L"
290,"North Fork Whites Creek @ Arrow Creek Parkway","creek","Cl",5,"mg/L"
291,"North Fork Whites Creek @ Arrow Creek Parkway","creek","Cl",5,"mg/L"
292,"North Fork Whites Creek @ Arrow Creek Parkway","creek","Cl",5,"mg/L"
293,"North Fork Whites Creek @ Arrow Creek Parkway","creek","Cl",5,"mg/L"
294,"North Fork Whites Creek @ Arrow Creek Parkway","creek","Cl",5,"mg/L"
295,"North Fork Whites Creek @ Arrow Creek Parkway","creek","Cl",5,"mg/L"
296,"North Fork Whites Creek @ Arrow Creek Parkway","creek","Cl",5,"mg/L"
297,"North Fork Whites Creek @ Arrow Creek Parkway","creek","Cl",5,"mg/L"
298,"North Fork Whites Creek @ Arrow Creek Parkway","creek","Cl",5,"mg/L"
299,"North Fork Whites Creek @ Arrow Creek Parkway","creek","Cl",5,"mg/L"
300,"North Fork Whites Creek @ Arrow Creek Parkway","creek","Cl",5,"mg/L"
301,"North Fork Whites Creek @ Arrow Creek Parkway","creek","Cl",5,"mg/L"
302,"North Fork Whites Creek @ Arrow Creek Parkway","creek","Cl",1.78,"mg/L"
303,"North Fork Whites Creek @ Arrow Creek Parkway","creek","Cl",0.56,"mg/L"
304,"North Fork Whites Creek @ Arrow Creek Parkway","creek","Cl",0.58,"mg/L"
305,"North Fork Whites Creek @ Arrow Creek Parkway","creek","Cl",0.48,"mg/L"
307,"North Fork Whites Creek @ Arrow Creek Parkway","creek","Cl",0.36,"mg/L"
308,"North Fork Whites Creek @ Arrow Creek Parkway","creek","Cl",1.38,"mg/L"
309,"South Fork Whites Creek @ Old Virginia Road","creek","Cl",5,"mg/L"
310,"South Fork Whites Creek @ Old Virginia Road","creek","Cl",5,"mg/L"
311,"South Fork Whites Creek @ Old Virginia Road","creek","Cl",5,"mg/L"
312,"South Fork Whites Creek @ Old Virginia Road","creek","Cl",5,"mg/L"
313,"South Fork Whites Creek @ Old Virginia Road","creek","Cl",5,"mg/L"
314,"South Fork Whites Creek @ Old Virginia Road","creek","Cl",5,"mg/L"
315,"South Fork Whites Creek @ Old Virginia Road","creek","Cl",5,"mg/L"
316,"South Fork Whites Creek @ Old Virginia Road","creek","Cl",1.92,"mg/L"
317,"South Fork Whites Creek @ Old Virginia Road","creek","Cl",1.95,"mg/L"
318,"South Fork Whites Creek @ Old Virginia Road","creek","Cl",0.92,"mg/L"
319,"South Fork Whites Creek @ Old Virginia Road","creek","Cl",0.52,"mg/L"
320,"South Fork Whites Creek @ Old Virginia Road","creek","Cl",0.44,"mg/L"
321,"Steamboat Creek @ So. Meadows Pkwy","creek","Cl",46.83,"mg/L"
323,"Steamboat Creek @ Rhodes Road","creek","Cl",10,"mg/L"
324,"Steamboat Creek @ Rhodes Road","creek","Cl",6,"mg/L"
325,"Steamboat Creek @ Rhodes Road","creek","Cl",9,"mg/L"
326,"Steamboat Creek @ Rhodes Road","creek","Cl",8,"mg/L"
327,"Steamboat Creek @ Rhodes Road","creek","Cl",14,"mg/L"
328,"Steamboat Creek @ Rhodes Road","creek","Cl",17,"mg/L"
329,"Steamboat Creek @ Rhodes Road","creek","Cl",9,"mg/L"
330,"Steamboat Creek @ Rhodes Road","creek","Cl",8,"mg/L"
331,"Steamboat Creek @ Rhodes Road","creek","Cl",10,"mg/L"
332,"Steamboat Creek @ Rhodes Road","creek","Cl",14,"mg/L"
333,"Steamboat Creek @ Rhodes Road","creek","Cl",7,"mg/L"
334,"Steamboat Creek @ Rhodes Road","creek","Cl",11,"mg/L"
335,"Steamboat Creek @ Rhodes Road","creek","Cl",8,"mg/L"
336,"Steamboat Creek @ Rhodes Road","creek","Cl",9,"mg/L"
337,"Steamboat Creek @ Rhodes Road","creek","Cl",12,"mg/L"
338,"Steamboat Creek @ Rhodes Road","creek","Cl",10,"mg/L"
339,"Steamboat Creek @ Rhodes Road","creek","Cl",13,"mg/L"
340,"Steamboat Creek @ Rhodes Road","creek","Cl",12,"mg/L"
341,"Steamboat Creek @ Rhodes Road","creek","Cl",20,"mg/L"
342,"Steamboat Creek @ Rhodes Road","creek","Cl",9,"mg/L"
343,"Steamboat Creek @ Rhodes Road","creek","Cl",9,"mg/L"
344,"Steamboat Creek @ Rhodes Road","creek","Cl",15,"mg/L"
345,"Steamboat Creek @ Rhodes Road","creek","Cl",7,"mg/L"
346,"Steamboat Creek @ Rhodes Road","creek","Cl",14,"mg/L"
347,"Steamboat Creek @ Rhodes Road","creek","Cl",11,"mg/L"
348,"Steamboat Creek @ Rhodes Road","creek","Cl",9,"mg/L"
349,"Steamboat Creek @ Rhodes Road","creek","Cl",10,"mg/L"
350,"Steamboat Creek @ Rhodes Road","creek","Cl",10,"mg/L"
351,"Steamboat Creek @ Rhodes Road","creek","Cl",20,"mg/L"
352,"Steamboat Creek @ Rhodes Road","creek","Cl",9,"mg/L"
353,"Steamboat Creek @ Rhodes Road","creek","Cl",10,"mg/L"
354,"Steamboat Creek @ Rhodes Road","creek","Cl",11,"mg/L"
355,"Steamboat Creek @ Rhodes Road","creek","Cl",23,"mg/L"
356,"Steamboat Creek @ Rhodes Road","creek","Cl",24,"mg/L"
357,"Steamboat Creek @ Rhodes Road","creek","Cl",16,"mg/L"
358,"Steamboat Creek @ Rhodes Road","creek","Cl",13,"mg/L"
359,"Steamboat Creek @ Rhodes Road","creek","Cl",8,"mg/L"
360,"Steamboat Creek @ Rhodes Road","creek","Cl",12,"mg/L"
361,"Steamboat Creek @ Rhodes Road","creek","Cl",15,"mg/L"
362,"Steamboat Creek @ Rhodes Road","creek","Cl",24,"mg/L"
363,"Steamboat Creek @ Rhodes Road","creek","Cl",13,"mg/L"
364,"Steamboat Creek @ Rhodes Road","creek","Cl",16,"mg/L"
365,"Steamboat Creek @ Rhodes Road","creek","Cl",11,"mg/L"
366,"Steamboat Creek @ Rhodes Road","creek","Cl",11,"mg/L"
367,"Steamboat Creek @ Rhodes Road","creek","Cl",13,"mg/L"
368,"Steamboat Creek @ Rhodes Road","creek","Cl",7,"mg/L"
369,"Steamboat Creek @ Rhodes Road","creek","Cl",15,"mg/L"
370,"Steamboat Creek @ Rhodes Road","creek","Cl",25,"mg/L"
371,"Steamboat Creek @ Rhodes Road","creek","Cl",25,"mg/L"
372,"Steamboat Creek @ Rhodes Road","creek","Cl",11,"mg/L"
373,"Steamboat Creek @ Rhodes Road","creek","Cl",8,"mg/L"
374,"Steamboat Creek @ Rhodes Road","creek","Cl",12,"mg/L"
375,"Steamboat Creek @ Rhodes Road","creek","Cl",14,"mg/L"
376,"Steamboat Creek @ Rhodes Road","creek","Cl",21,"mg/L"
377,"Steamboat Creek @ Rhodes Road","creek","Cl",15,"mg/L"
378,"Steamboat Creek @ Rhodes Road","creek","Cl",9,"mg/L"
379,"Steamboat Creek @ Rhodes Road","creek","Cl",8,"mg/L"
380,"Steamboat Creek @ Rhodes Road","creek","Cl",14,"mg/L"
381,"Steamboat Creek @ Rhodes Road","creek","Cl",12,"mg/L"
382,"Steamboat Creek @ Rhodes Road","creek","Cl",10,"mg/L"
383,"Steamboat Creek @ Rhodes Road","creek","Cl",11,"mg/L"
384,"Steamboat Creek @ Rhodes Road","creek","Cl",7,"mg/L"
385,"Steamboat Creek @ Rhodes Road","creek","Cl",10,"mg/L"
386,"Steamboat Creek @ Rhodes Road","creek","Cl",10,"mg/L"
387,"Steamboat Creek @ Rhodes Road","creek","Cl",12,"mg/L"
388,"Steamboat Creek @ Rhodes Road","creek","Cl",20,"mg/L"
389,"Steamboat Creek @ Rhodes Road","creek","Cl",13,"mg/L"
390,"Steamboat Creek @ Rhodes Road","creek","Cl",9,"mg/L"
391,"Steamboat Creek @ Rhodes Road","creek","Cl",11,"mg/L"
392,"Steamboat Creek @ Rhodes Road","creek","Cl",13,"mg/L"
393,"Steamboat Creek @ Rhodes Road","creek","Cl",11,"mg/L"
394,"Steamboat Creek @ Rhodes Road","creek","Cl",14,"mg/L"
395,"Steamboat Creek @ Rhodes Road","creek","Cl",14,"mg/L"
396,"Steamboat Creek @ Rhodes Road","creek","Cl",10,"mg/L"
397,"Steamboat Creek @ Rhodes Road","creek","Cl",13,"mg/L"
398,"Steamboat Creek @ Rhodes Road","creek","Cl",13,"mg/L"
399,"Steamboat Creek @ Rhodes Road","creek","Cl",15,"mg/L"
400,"Steamboat Creek @ Rhodes Road","creek","Cl",16,"mg/L"
401,"Steamboat Creek @ Rhodes Road","creek","Cl",15,"mg/L"
402,"Steamboat Creek @ Rhodes Road","creek","Cl",9,"mg/L"
403,"Steamboat Creek @ Rhodes Road","creek","Cl",23,"mg/L"
404,"Steamboat Creek @ Rhodes Road","creek","Cl",18,"mg/L"
405,"Steamboat Creek @ Rhodes Road","creek","Cl",16,"mg/L"
406,"Steamboat Creek @ Rhodes Road","creek","Cl",16,"mg/L"
407,"Steamboat Creek @ Rhodes Road","creek","Cl",16,"mg/L"
408,"Steamboat Creek @ Rhodes Road","creek","Cl",13,"mg/L"
409,"Steamboat Creek @ Rhodes Road","creek","Cl",15,"mg/L"
410,"Steamboat Creek @ Rhodes Road","creek","Cl",16,"mg/L"
411,"Steamboat Creek @ Rhodes Road","creek","Cl",22,"mg/L"
412,"Steamboat Creek @ Rhodes Road","creek","Cl",12,"mg/L"
413,"Steamboat Creek @ Rhodes Road","creek","Cl",13,"mg/L"
414,"Steamboat Creek @ Rhodes Road","creek","Cl",15,"mg/L"
415,"Steamboat Creek @ Rhodes Road","creek","Cl",37,"mg/L"
416,"Steamboat Creek @ Rhodes Road","creek","Cl",26,"mg/L"
417,"Steamboat Creek @ Rhodes Road","creek","Cl",15,"mg/L"
418,"Steamboat Creek @ Rhodes Road","creek","Cl",26,"mg/L"
419,"Steamboat Creek @ Rhodes Road","creek","Cl",28,"mg/L"
420,"Steamboat Creek @ Rhodes Road","creek","Cl",12,"mg/L"
421,"Steamboat Creek @ Rhodes Road","creek","Cl",16,"mg/L"
422,"Steamboat Creek @ Rhodes Road","creek","Cl",14,"mg/L"
423,"Steamboat Creek @ Rhodes Road","creek","Cl",16,"mg/L"
424,"Steamboat Creek @ Rhodes Road","creek","Cl",13,"mg/L"
425,"Steamboat Creek @ Rhodes Road","creek","Cl",15,"mg/L"
426,"Steamboat Creek @ Rhodes Road","creek","Cl",26,"mg/L"
427,"Steamboat Creek @ Rhodes Road","creek","Cl",12,"mg/L"
428,"Steamboat Creek @ Rhodes Road","creek","Cl",19,"mg/L"
429,"Steamboat Creek @ Rhodes Road","creek","Cl",15,"mg/L"
430,"Steamboat Creek @ Rhodes Road","creek","Cl",29,"mg/L"
432,"Steamboat Creek @ Rhodes Road","creek","Cl",28,"mg/L"
433,"Steamboat Creek @ Rhodes Road","creek","Cl",22,"mg/L"
434,"Steamboat Creek @ Rhodes Road","creek","Cl",24,"mg/L"
435,"Steamboat Creek @ Rhodes Road","creek","Cl",11,"mg/L"
436,"Steamboat Creek @ Rhodes Road","creek","Cl",9,"mg/L"
437,"Steamboat Creek @ Rhodes Road","creek","Cl",72,"mg/L"
438,"Steamboat Creek @ Rhodes Road","creek","Cl",20,"mg/L"
439,"Steamboat Creek @ Rhodes Road","creek","Cl",20,"mg/L"
440,"Steamboat Creek @ Rhodes Road","creek","Cl",22,"mg/L"
441,"Steamboat Creek @ Rhodes Road","creek","Cl",18,"mg/L"
442,"Steamboat Creek @ Rhodes Road","creek","Cl",19.08,"mg/L"
444,"Steamboat Creek @ Rhodes Road","creek","Cl",28.31,"mg/L"
445,"Steamboat Creek @ Rhodes Road","creek","Cl",27,"mg/L"
446,"Steamboat Creek @ Rhodes Road","creek","Cl",21.21,"mg/L"
447,"Steamboat Creek @ Rhodes Road","creek","Cl",27.95,"mg/L"
448,"Steamboat Creek @ Rhodes Road","creek","Cl",22.11,"mg/L"
449,"Steamboat Creek @ Rhodes Road","creek","Cl",10.06,"mg/L"
450,"Steamboat Creek @ Rhodes Road","creek","Cl",65.71,"mg/L"
451,"Steamboat Creek @ Rhodes Road","creek","Cl",25.03,"mg/L"
452,"Steamboat Creek @ Rhodes Road","creek","Cl",21.57,"mg/L"
453,"Steamboat Creek @ Rhodes Road","creek","Cl",16.08,"mg/L"
454,"Steamboat Creek @ Rhodes Road","creek","Cl",11,"mg/L"
455,"Steamboat Creek @ Rhodes Road","creek","Cl",18.05,"mg/L"
456,"Steamboat Creek @ Rhodes Road","creek","Cl",17.81,"mg/L"
457,"Steamboat Creek @ Rhodes Road","creek","Cl",25.15,"mg/L"
458,"Steamboat Creek @ Rhodes Road","creek","Cl",18.58,"mg/L"
459,"Steamboat Creek @ Rhodes Road","creek","Cl",17.93,"mg/L"
460,"Steamboat Creek @ Rhodes Road","creek","Cl",21.7,"mg/L"
461,"Steamboat Creek @ Rhodes Road","creek","Cl",15,"mg/L"
462,"Steamboat Creek @ Rhodes Road","creek","Cl",21,"mg/L"
463,"Steamboat Creek @ Rhodes Road","creek","Cl",28,"mg/L"
464,"Steamboat Creek @ Rhodes Road","creek","Cl",16,"mg/L"
465,"Steamboat Creek @ Rhodes Road","creek","Cl",25,"mg/L"
466,"Steamboat Creek @ Rhodes Road","creek","Cl",38,"mg/L"
467,"Steamboat Creek @ Rhodes Road","creek","Cl",22,"mg/L"
469,"Steamboat Ditch @ Rhodes Road","creek","Cl",1100,"mg/L"
470,"Steamboat Ditch @ Rhodes Road","creek","Cl",2,"mg/L"
471,"Steamboat Ditch @ Rhodes Road","creek","Cl",1,"mg/L"
472,"Steamboat Ditch @ Rhodes Road","creek","Cl",2,"mg/L"
473,"Steamboat Ditch @ Rhodes Road","creek","Cl",2,"mg/L"
474,"Steamboat Ditch @ Rhodes Road","creek","Cl",3,"mg/L"
475,"Steamboat Ditch @ Rhodes Road","creek","Cl",2,"mg/L"
476,"Steamboat Ditch @ Rhodes Road","creek","Cl",3,"mg/L"
477,"Steamboat Ditch @ Rhodes Road","creek","Cl",2,"mg/L"
478,"Steamboat Ditch @ Rhodes Road","creek","Cl",2,"mg/L"
479,"Steamboat Ditch @ Rhodes Road","creek","Cl",2,"mg/L"
480,"Steamboat Ditch @ Rhodes Road","creek","Cl",0,"mg/L"
481,"Steamboat Ditch @ Rhodes Road","creek","Cl",4,"mg/L"
482,"Steamboat Ditch @ Rhodes Road","creek","Cl",3,"mg/L"
483,"Steamboat Ditch @ Rhodes Road","creek","Cl",1,"mg/L"
484,"Steamboat Ditch @ Rhodes Road","creek","Cl",1,"mg/L"
485,"Steamboat Ditch @ Rhodes Road","creek","Cl",3,"mg/L"
486,"Steamboat Ditch @ Rhodes Road","creek","Cl",1,"mg/L"
487,"Steamboat Ditch @ Rhodes Road","creek","Cl",1,"mg/L"
488,"Steamboat Ditch @ Rhodes Road","creek","Cl",1,"mg/L"
489,"Steamboat Ditch @ Rhodes Road","creek","Cl",1,"mg/L"
490,"Steamboat Ditch @ Rhodes Road","creek","Cl",2,"mg/L"
491,"Steamboat Ditch @ Rhodes Road","creek","Cl",3,"mg/L"
492,"Steamboat Ditch @ Rhodes Road","creek","Cl",2,"mg/L"
493,"Steamboat Ditch @ Rhodes Road","creek","Cl",2,"mg/L"
494,"Steamboat Ditch @ Rhodes Road","creek","Cl",3,"mg/L"
495,"Steamboat Ditch @ Rhodes Road","creek","Cl",2,"mg/L"
496,"Steamboat Ditch @ Rhodes Road","creek","Cl",2,"mg/L"
497,"Steamboat Ditch @ Rhodes Road","creek","Cl",3.6,"mg/L"
498,"Steamboat Ditch @ Rhodes Road","creek","Cl",3,"mg/L"
499,"Steamboat Ditch @ Rhodes Road","creek","Cl",3,"mg/L"
500,"Steamboat Ditch @ Rhodes Road","creek","Cl",3,"mg/L"
501,"Steamboat Ditch @ Rhodes Road","creek","Cl",3,"mg/L"
502,"Steamboat Ditch @ Rhodes Road","creek","Cl",2,"mg/L"
503,"Steamboat Ditch @ Rhodes Road","creek","Cl",3,"mg/L"
504,"Steamboat Ditch @ Rhodes Road","creek","Cl",4,"mg/L"
505,"Steamboat Ditch @ Rhodes Road","creek","Cl",2,"mg/L"
506,"Steamboat Ditch @ Rhodes Road","creek","Cl",5,"mg/L"
507,"Steamboat Ditch @ Rhodes Road","creek","Cl",5,"mg/L"
508,"Steamboat Ditch @ Rhodes Road","creek","Cl",5,"mg/L"
509,"Steamboat Ditch @ Rhodes Road","creek","Cl",3.43,"mg/L"
510,"Steamboat Creek @ Geiger Grade","creek","Cl",690,"mg/L"
511,"Steamboat Creek @ Geiger Grade","creek","Cl",738,"mg/L"
512,"Steamboat Creek @ Geiger Grade","creek","Cl",106,"mg/L"
513,"Steamboat Creek @ Geiger Grade","creek","Cl",220,"mg/L"
514,"Steamboat Creek @ Geiger Grade","creek","Cl",480,"mg/L"
515,"Steamboat Creek @ Geiger Grade","creek","Cl",385,"mg/L"
516,"Steamboat Creek @ Geiger Grade","creek","Cl",670,"mg/L"
517,"Steamboat Creek @ Geiger Grade","creek","Cl",283,"mg/L"
518,"Steamboat Creek @ Geiger Grade","creek","Cl",88,"mg/L"
519,"Steamboat Creek @ Geiger Grade","creek","Cl",144,"mg/L"
520,"Steamboat Creek @ Geiger Grade","creek","Cl",55,"mg/L"
521,"Steamboat Creek @ Geiger Grade","creek","Cl",243,"mg/L"
522,"Steamboat Creek @ Geiger Grade","creek","Cl",78,"mg/L"
523,"Steamboat Creek @ Geiger Grade","creek","Cl",122,"mg/L"
524,"Steamboat Creek @ Geiger Grade","creek","Cl",130,"mg/L"
525,"Steamboat Creek @ Geiger Grade","creek","Cl",118,"mg/L"
526,"Steamboat Creek @ Geiger Grade","creek","Cl",500,"mg/L"
527,"Steamboat Creek @ Geiger Grade","creek","Cl",590,"mg/L"
528,"Steamboat Creek @ Geiger Grade","creek","Cl",600,"mg/L"
529,"Steamboat Creek @ Geiger Grade","creek","Cl",93,"mg/L"
530,"Steamboat Creek @ Geiger Grade","creek","Cl",138,"mg/L"
531,"Steamboat Creek @ Geiger Grade","creek","Cl",99,"mg/L"
532,"Steamboat Creek @ Geiger Grade","creek","Cl",570,"mg/L"
533,"Steamboat Creek @ Geiger Grade","creek","Cl",640,"mg/L"
534,"Steamboat Creek @ Geiger Grade","creek","Cl",10,"mg/L"
535,"Steamboat Creek @ Geiger Grade","creek","Cl",88,"mg/L"
536,"Steamboat Creek @ Geiger Grade","creek","Cl",102,"mg/L"
537,"Steamboat Creek @ Geiger Grade","creek","Cl",760,"mg/L"
538,"Steamboat Creek @ Geiger Grade","creek","Cl",225,"mg/L"
539,"Steamboat Creek @ Geiger Grade","creek","Cl",50,"mg/L"
540,"Steamboat Creek @ Geiger Grade","creek","Cl",104,"mg/L"
541,"Steamboat Creek @ Geiger Grade","creek","Cl",103,"mg/L"
542,"Steamboat Creek @ Geiger Grade","creek","Cl",28,"mg/L"
543,"Steamboat Creek @ Geiger Grade","creek","Cl",48,"mg/L"
544,"Steamboat Creek @ Geiger Grade","creek","Cl",132,"mg/L"
545,"Steamboat Creek @ Geiger Grade","creek","Cl",262,"mg/L"
546,"Steamboat Creek @ Geiger Grade","creek","Cl",78,"mg/L"
547,"Steamboat Creek @ Geiger Grade","creek","Cl",81,"mg/L"
548,"Steamboat Creek @ Geiger Grade","creek","Cl",154,"mg/L"
550,"Steamboat Creek @ Geiger Grade","creek","Cl",490,"mg/L"
551,"Steamboat Creek @ Geiger Grade","creek","Cl",570,"mg/L"
552,"Steamboat Creek @ Geiger Grade","creek","Cl",140,"mg/L"
553,"Steamboat Creek @ Geiger Grade","creek","Cl",135,"mg/L"
554,"Steamboat Creek @ Geiger Grade","creek","Cl",92,"mg/L"
555,"Steamboat Creek @ Geiger Grade","creek","Cl",22,"mg/L"
556,"Steamboat Creek @ Geiger Grade","creek","Cl",45,"mg/L"
557,"Steamboat Creek @ Geiger Grade","creek","Cl",79,"mg/L"
558,"Steamboat Creek @ Geiger Grade","creek","Cl",71,"mg/L"
559,"Steamboat Creek @ Geiger Grade","creek","Cl",78,"mg/L"
560,"Steamboat Creek @ Geiger Grade","creek","Cl",23,"mg/L"
561,"Steamboat Creek @ Geiger Grade","creek","Cl",12,"mg/L"
562,"Steamboat Creek @ Geiger Grade","creek","Cl",105,"mg/L"
563,"Steamboat Creek @ Geiger Grade","creek","Cl",392,"mg/L"
564,"Steamboat Creek @ Geiger Grade","creek","Cl",27,"mg/L"
565,"Steamboat Creek @ Geiger Grade","creek","Cl",13,"mg/L"
566,"Steamboat Creek @ Geiger Grade","creek","Cl",17,"mg/L"
567,"Steamboat Creek @ Geiger Grade","creek","Cl",13,"mg/L"
568,"Steamboat Creek @ Geiger Grade","creek","Cl",83,"mg/L"
569,"Steamboat Creek @ Geiger Grade","creek","Cl",221,"mg/L"
570,"Steamboat Creek @ Geiger Grade","creek","Cl",115,"mg/L"
571,"Steamboat Creek @ Geiger Grade","creek","Cl",63,"mg/L"
572,"Steamboat Creek @ Geiger Grade","creek","Cl",21,"mg/L"
573,"Steamboat Creek @ Geiger Grade","creek","Cl",14,"mg/L"
574,"Steamboat Creek @ Geiger Grade","creek","Cl",290,"mg/L"
575,"Steamboat Creek @ Geiger Grade","creek","Cl",60,"mg/L"
576,"Steamboat Creek @ Geiger Grade","creek","Cl",64,"mg/L"
577,"Steamboat Creek @ Geiger Grade","creek","Cl",28,"mg/L"
578,"Steamboat Creek @ Geiger Grade","creek","Cl",21,"mg/L"
579,"Steamboat Creek @ Geiger Grade","creek","Cl",16,"mg/L"
580,"Steamboat Creek @ Geiger Grade","creek","Cl",90,"mg/L"
581,"Steamboat Creek @ Geiger Grade","creek","Cl",383,"mg/L"
582,"Steamboat Creek @ Geiger Grade","creek","Cl",119,"mg/L"
583,"Steamboat Creek @ Geiger Grade","creek","Cl",95,"mg/L"
584,"Steamboat Creek @ Geiger Grade","creek","Cl",38,"mg/L"
585,"Steamboat Creek @ Geiger Grade","creek","Cl",127,"mg/L"
586,"Steamboat Creek @ Geiger Grade","creek","Cl",119,"mg/L"
587,"Steamboat Creek @ Geiger Grade","creek","Cl",105,"mg/L"
588,"Steamboat Creek @ Geiger Grade","creek","Cl",144,"mg/L"
589,"Steamboat Creek @ Geiger Grade","creek","Cl",138,"mg/L"
590,"Steamboat Creek @ Geiger Grade","creek","Cl",133,"mg/L"
591,"Steamboat Creek @ Geiger Grade","creek","Cl",94,"mg/L"
592,"Steamboat Creek @ Geiger Grade","creek","Cl",98,"mg/L"
593,"Steamboat Creek @ Geiger Grade","creek","Cl",300,"mg/L"
594,"Steamboat Creek @ Geiger Grade","creek","Cl",160,"mg/L"
595,"Steamboat Creek @ Geiger Grade","creek","Cl",16,"mg/L"
596,"Steamboat Creek @ Geiger Grade","creek","Cl",270,"mg/L"
597,"Steamboat Creek @ Geiger Grade","creek","Cl",120,"mg/L"
598,"Steamboat Creek @ Geiger Grade","creek","Cl",73,"mg/L"
599,"Steamboat Creek @ Geiger Grade","creek","Cl",370,"mg/L"
600,"Steamboat Creek @ Geiger Grade","creek","Cl",350,"mg/L"
601,"Steamboat Creek @ Geiger Grade","creek","Cl",59,"mg/L"
602,"Steamboat Creek @ Geiger Grade","creek","Cl",45,"mg/L"
603,"Steamboat Creek @ Geiger Grade","creek","Cl",50,"mg/L"
604,"Steamboat Creek @ Geiger Grade","creek","Cl",70,"mg/L"
606,"Steamboat Creek @ Geiger Grade","creek","Cl",160,"mg/L"
607,"Steamboat Creek @ Geiger Grade","creek","Cl",84,"mg/L"
608,"Steamboat Creek @ Geiger Grade","creek","Cl",14,"mg/L"
609,"Steamboat Creek @ Geiger Grade","creek","Cl",68,"mg/L"
610,"Steamboat Creek @ Geiger Grade","creek","Cl",66,"mg/L"
611,"Steamboat Creek @ Geiger Grade","creek","Cl",66,"mg/L"
612,"Steamboat Creek @ Geiger Grade","creek","Cl",90.96,"mg/L"
613,"Steamboat Creek @ Geiger Grade","creek","Cl",36.14,"mg/L"
615,"Steamboat Creek @ Geiger Grade","creek","Cl",67.08,"mg/L"
616,"Steamboat Creek @ Geiger Grade","creek","Cl",29.94,"mg/L"
617,"Steamboat Creek @ Geiger Grade","creek","Cl",18.31,"mg/L"
618,"Steamboat Creek @ Geiger Grade","creek","Cl",12.92,"mg/L"
619,"Steamboat Creek @ Geiger Grade","creek","Cl",24.49,"mg/L"
620,"Steamboat Creek @ Geiger Grade","creek","Cl",20.73,"mg/L"
621,"Steamboat Creek @ Geiger Grade","creek","Cl",43.05,"mg/L"
622,"Steamboat Creek @ Geiger Grade","creek","Cl",38.79,"mg/L"
623,"Steamboat Creek @ Geiger Grade","creek","Cl",19.46,"mg/L"
624,"Steamboat Creek @ Geiger Grade","creek","Cl",35.76,"mg/L"
625,"Steamboat Creek @ Geiger Grade","creek","Cl",48.26,"mg/L"
626,"Steamboat Creek @ Geiger Grade","creek","Cl",82,"mg/L"
627,"Whites Creek @ North Timberline Drive","creek","Cl",0,"mg/L"
628,"Whites Creek @ North Timberline Drive","creek","Cl",0,"mg/L"
629,"Whites Creek @ North Timberline Drive","creek","Cl",0,"mg/L"
630,"Whites Creek @ North Timberline Drive","creek","Cl",0,"mg/L"
631,"Whites Creek @ North Timberline Drive","creek","Cl",0,"mg/L"
632,"Whites Creek @ North Timberline Drive","creek","Cl",0,"mg/L"
633,"Whites Creek @ North Timberline Drive","creek","Cl",0,"mg/L"
634,"Whites Creek @ North Timberline Drive","creek","Cl",0,"mg/L"
635,"Whites Creek @ North Timberline Drive","creek","Cl",0,"mg/L"
636,"Whites Creek @ North Timberline Drive","creek","Cl",0,"mg/L"
637,"Whites Creek @ North Timberline Drive","creek","Cl",0,"mg/L"
638,"Whites Creek @ North Timberline Drive","creek","Cl",0,"mg/L"
639,"Whites Creek @ North Timberline Drive","creek","Cl",0,"mg/L"
640,"Whites Creek @ North Timberline Drive","creek","Cl",0,"mg/L"
641,"Whites Creek @ North Timberline Drive","creek","Cl",0,"mg/L"
642,"Whites Creek @ North Timberline Drive","creek","Cl",0,"mg/L"
643,"Whites Creek @ North Timberline Drive","creek","Cl",0,"mg/L"
644,"Whites Creek @ North Timberline Drive","creek","Cl",0,"mg/L"
645,"Whites Creek @ North Timberline Drive","creek","Cl",0,"mg/L"
646,"Whites Creek @ North Timberline Drive","creek","Cl",0,"mg/L"
647,"Whites Creek @ North Timberline Drive","creek","Cl",0,"mg/L"
648,"Whites Creek @ North Timberline Drive","creek","Cl",0,"mg/L"
649,"Whites Creek @ North Timberline Drive","creek","Cl",0,"mg/L"
650,"Whites Creek @ North Timberline Drive","creek","Cl",0,"mg/L"
651,"Whites Creek @ North Timberline Drive","creek","Cl",0,"mg/L"
652,"Whites Creek @ North Timberline Drive","creek","Cl",0,"mg/L"
653,"Whites Creek @ North Timberline Drive","creek","Cl",0,"mg/L"
654,"Whites Creek @ North Timberline Drive","creek","Cl",0,"mg/L"
655,"Whites Creek @ North Timberline Drive","creek","Cl",0,"mg/L"
656,"Whites Creek @ North Timberline Drive","creek","Cl",0,"mg/L"
657,"Whites Creek @ North Timberline Drive","creek","Cl",2,"mg/L"
658,"Whites Creek @ North Timberline Drive","creek","Cl",0,"mg/L"
659,"Whites Creek @ North Timberline Drive","creek","Cl",0,"mg/L"
660,"Whites Creek @ North Timberline Drive","creek","Cl",0,"mg/L"
661,"Whites Creek @ North Timberline Drive","creek","Cl",0,"mg/L"
662,"Whites Creek @ North Timberline Drive","creek","Cl",0,"mg/L"
663,"Whites Creek @ North Timberline Drive","creek","Cl",0,"mg/L"
664,"Whites Creek @ North Timberline Drive","creek","Cl",0,"mg/L"
665,"Whites Creek @ North Timberline Drive","creek","Cl",0,"mg/L"
666,"Whites Creek @ North Timberline Drive","creek","Cl",0,"mg/L"
667,"Whites Creek @ North Timberline Drive","creek","Cl",0,"mg/L"
668,"Whites Creek @ North Timberline Drive","creek","Cl",0,"mg/L"
669,"Whites Creek @ North Timberline Drive","creek","Cl",0,"mg/L"
670,"Whites Creek @ North Timberline Drive","creek","Cl",0,"mg/L"
671,"Whites Creek @ North Timberline Drive","creek","Cl",0,"mg/L"
672,"Whites Creek @ North Timberline Drive","creek","Cl",0,"mg/L"
673,"Whites Creek @ North Timberline Drive","creek","Cl",0,"mg/L"
674,"Whites Creek @ North Timberline Drive","creek","Cl",0,"mg/L"
675,"Whites Creek @ North Timberline Drive","creek","Cl",0,"mg/L"
676,"Whites Creek @ North Timberline Drive","creek","Cl",0,"mg/L"
677,"Whites Creek @ North Timberline Drive","creek","Cl",0,"mg/L"
678,"Whites Creek @ North Timberline Drive","creek","Cl",0,"mg/L"
679,"Whites Creek @ North Timberline Drive","creek","Cl",0,"mg/L"
680,"Whites Creek @ North Timberline Drive","creek","Cl",1,"mg/L"
681,"Whites Creek @ North Timberline Drive","creek","Cl",0,"mg/L"
682,"Whites Creek @ North Timberline Drive","creek","Cl",2,"mg/L"
683,"Whites Creek @ North Timberline Drive","creek","Cl",1,"mg/L"
684,"Whites Creek @ North Timberline Drive","creek","Cl",0,"mg/L"
685,"Whites Creek @ North Timberline Drive","creek","Cl",0,"mg/L"
686,"Whites Creek @ North Timberline Drive","creek","Cl",1,"mg/L"
687,"Whites Creek @ North Timberline Drive","creek","Cl",1,"mg/L"
688,"Whites Creek @ North Timberline Drive","creek","Cl",0,"mg/L"
689,"Whites Creek @ North Timberline Drive","creek","Cl",1,"mg/L"
690,"Whites Creek @ North Timberline Drive","creek","Cl",2,"mg/L"
691,"Whites Creek @ North Timberline Drive","creek","Cl",1,"mg/L"
692,"Whites Creek @ North Timberline Drive","creek","Cl",1,"mg/L"
693,"Whites Creek @ North Timberline Drive","creek","Cl",1,"mg/L"
694,"Whites Creek @ North Timberline Drive","creek","Cl",0,"mg/L"
695,"Whites Creek @ North Timberline Drive","creek","Cl",1,"mg/L"
696,"Whites Creek @ North Timberline Drive","creek","Cl",0.38,"mg/L"
697,"Whites Creek @ North Timberline Drive","creek","Cl",2,"mg/L"
698,"Whites Creek @ North Timberline Drive","creek","Cl",1,"mg/L"
699,"Whites Creek @ North Timberline Drive","creek","Cl",1,"mg/L"
700,"Whites Creek @ North Timberline Drive","creek","Cl",0,"mg/L"
701,"Whites Creek @ North Timberline Drive","creek","Cl",2,"mg/L"
702,"Whites Creek @ North Timberline Drive","creek","Cl",1,"mg/L"
703,"Whites Creek @ North Timberline Drive","creek","Cl",1,"mg/L"
704,"Whites Creek @ North Timberline Drive","creek","Cl",0,"mg/L"
705,"Whites Creek @ North Timberline Drive","creek","Cl",0,"mg/L"
706,"Whites Creek @ North Timberline Drive","creek","Cl",0,"mg/L"
707,"Whites Creek @ North Timberline Drive","creek","Cl",0,"mg/L"
708,"Whites Creek @ North Timberline Drive","creek","Cl",0,"mg/L"
709,"Whites Creek @ North Timberline Drive","creek","Cl",1,"mg/L"
710,"Whites Creek @ North Timberline Drive","creek","Cl",1,"mg/L"
711,"Whites Creek @ North Timberline Drive","creek","Cl",1,"mg/L"
712,"Whites Creek @ North Timberline Drive","creek","Cl",0,"mg/L"
713,"Whites Creek @ North Timberline Drive","creek","Cl",1,"mg/L"
714,"Whites Creek @ North Timberline Drive","creek","Cl",1,"mg/L"
715,"Whites Creek @ North Timberline Drive","creek","Cl",1,"mg/L"
716,"Whites Creek @ North Timberline Drive","creek","Cl",0,"mg/L"
717,"Whites Creek @ North Timberline Drive","creek","Cl",5,"mg/L"
718,"Whites Creek @ North Timberline Drive","creek","Cl",5,"mg/L"
719,"Whites Creek @ North Timberline Drive","creek","Cl",5,"mg/L"
720,"Whites Creek @ North Timberline Drive","creek","Cl",5,"mg/L"
721,"Whites Creek @ North Timberline Drive","creek","Cl",5,"mg/L"
722,"Whites Creek @ North Timberline Drive","creek","Cl",5,"mg/L"
723,"Whites Creek @ North Timberline Drive","creek","Cl",5,"mg/L"
724,"Whites Creek @ North Timberline Drive","creek","Cl",5,"mg/L"
725,"Whites Creek @ North Timberline Drive","creek","Cl",5,"mg/L"
726,"Whites Creek @ North Timberline Drive","creek","Cl",5,"mg/L"
727,"Whites Creek @ North Timberline Drive","creek","Cl",5,"mg/L"
728,"Whites Creek @ North Timberline Drive","creek","Cl",5,"mg/L"
729,"Whites Creek @ North Timberline Drive","creek","Cl",5,"mg/L"
730,"Whites Creek @ North Timberline Drive","creek","Cl",5,"mg/L"
731,"Whites Creek @ North Timberline Drive","creek","Cl",5,"mg/L"
732,"Whites Creek @ North Timberline Drive","creek","Cl",5,"mg/L"
733,"Whites Creek @ North Timberline Drive","creek","Cl",5,"mg/L"
734,"Whites Creek @ North Timberline Drive","creek","Cl",5,"mg/L"
735,"Whites Creek @ North Timberline Drive","creek","Cl",5,"mg/L"
736,"Whites Creek @ North Timberline Drive","creek","Cl",5,"mg/L"
737,"Steamboat Creek north of the USGS gage off of Rhodes Road","creek","Cl",5,"mg/L"
738,"Thomas Creek above Arrowhead Parkway &[TC111]","creek","Cl",5,"mg/L"
741,"Thomas Creek above Arrowhead Parkway &[TC111]","creek","Cl",0.54,"mg/L"
743,"Thomas Creek above Arrowhead Parkway &[TC111]","creek","Cl",0.52,"mg/L"
744,"Thomas Creek above Arrowhead Parkway &[TC111]","creek","Cl",0.6,"mg/L"
745,"Thomas Creek above Arrowhead Parkway &[TC111]","creek","Cl",1.1,"mg/L"
747,"Thomas Creek above Arrowhead Parkway &[TC111]","creek","Cl",0.7,"mg/L"
748,"Whites Creek above Thomas Creek Road &[WC-11]","creek","Cl",5,"mg/L"
749,"Whites Creek above Thomas Creek Road &[WC-11]","creek","Cl",1.35,"mg/L"
752,"Whites Creek above Thomas Creek Road &[WC-11]","creek","Cl",0.41,"mg/L"
753,"Whites Creek above Thomas Creek Road &[WC-11]","creek","Cl",0.16,"mg/L"
754,"Whites Creek above Thomas Creek Road &[WC-11]","creek","Cl",0.24,"mg/L"
755,"Whites Creek above Thomas Creek Road &[WC-11]","creek","Cl",0.5,"mg/L"
819,"SBRR","transect","Cl",17.1,"mg/L"
818,"SBBV","transect","Cl",126,"mg/L"
816,"SBF_0001","fumarole","Cl",815,"mg/L"
821,"SBW_0001","well","Cl",473,"mg/L"
815,"SBW_0002","well","Cl",849,"mg/L"
825,"SBS_0001","spring","Cl",724,"mg/L"
820,"SBS_0002","seep","Cl",635,"mg/L"
822,"SBS_0003","spring","Cl",697,"mg/L"
827,"Soccer Field Monitoring Well","well","Cl",570,"mg/L"
828,"Eich Well","well","Cl",590,"mg/L"
829,"Boyd Domestic Well","well","Cl",45,"mg/L"
830,"Jeppson Geothermal Well","well","Cl",11,"mg/L"
831,"Rogers Domestic Well","well","Cl",7.4,"mg/L"
832,"Soccer Field Monitoring Well","well","Cl",470,"mg/L"
833,"Eich Well","well","Cl",530,"mg/L"
834,"Boyd Domestic Well","well","Cl",39,"mg/L"
835,"Jeppson Geothermal Well","well","Cl",11,"mg/L"
836,"Rogers Domestic Well","well","Cl",7,"mg/L"
837,"CPI production well 21-5","well","Cl",737,"mg/L"
838,"CPI production well 83A-6","well","Cl",697,"mg/L"
839,"CPI injection well Cox 1-1 (Cox well)","well","Cl",750,"mg/L"
840,"SB GEO production well PW-1","well","Cl",811,"mg/L"
841,"SB GEO production well PW-2","well","Cl",802,"mg/L"
842,"SB GEO production well PW-3","well","Cl",811,"mg/L"
843,"Hot spring 6, main terrace ACEC","spring","Cl",871,"mg/L"
844,"Well GS-5, 1950 sample (White 1968)","well","Cl",820,"mg/L"
845,"New seep adjacent to well GS-5 (1991)","seep","Cl",1000,"mg/L"
846,"Steinhardt Geothermal Well (narrative Cl trend)","well","Cl",300,"mg/L"
847,"Steinhardt Geothermal Well (narrative Cl trend)","well","Cl",140,"mg/L"
848,"23-5 (Mariner & Janik 1995; = Wells '23-5')","well","Cl",222,"mg/L"
849,"23-5 (Mariner & Janik 1995; = Wells '23-5')","well","Cl",887,"mg/L"
850,"23-5 (Mariner & Janik 1995; = Wells '23-5')","well","Cl",887,"mg/L"
851,"23-5 (Mariner & Janik 1995; = Wells '23-5')","well","Cl",917,"mg/L"
852,"23-5 (Mariner & Janik 1995; = Wells '23-5')","well","Cl",889,"mg/L"
853,"83A-6 (Mariner & Janik 1995; = Wells '83A-6')","well","Cl",840,"mg/L"
854,"83A-6 (Mariner & Janik 1995; = Wells '83A-6')","well","Cl",840,"mg/L"
855,"83A-6 (Mariner & Janik 1995; = Wells '83A-6')","well","Cl",868,"mg/L"
856,"21-5 (Mariner & Janik 1995; = Wells '21-5R')","well","Cl",850,"mg/L"
857,"21-5 (Mariner & Janik 1995; = Wells '21-5R')","well","Cl",833,"mg/L"
858,"21-5 (Mariner & Janik 1995; = Wells '21-5R')","well","Cl",847,"mg/L"
859,"21-5 (Mariner & Janik 1995; = Wells '21-5R')","well","Cl",856,"mg/L"
860,"13-5 (Mariner & Janik 1995; = Wells '13-5R')","well","Cl",904,"mg/L"
861,"Cox I-1 (Mariner & Janik 1995; = Wells 'Cox I-1')","well","Cl",873,"mg/L"
862,"Cox I-1 (Mariner & Janik 1995; = Wells 'Cox I-1')","well","Cl",890,"mg/L"
863,"Cox I-1 (Mariner & Janik 1995; = Wells 'Cox I-1')","well","Cl",902,"mg/L"
864,"GS-5 (Mariner & Janik 1995; = Wells 'GS-5')","well","Cl",925,"mg/L"
865,"GS-5 (Mariner & Janik 1995; = Wells 'GS-5')","well","Cl",887,"mg/L"
866,"GS-5 (Mariner & Janik 1995; = Wells 'GS-5')","well","Cl",949,"mg/L"
867,"PW-1 (Mariner & Janik 1995; = Wells 'PW-1')","well","Cl",781,"mg/L"
868,"PW-1 (Mariner & Janik 1995; = Wells 'PW-1')","well","Cl",811,"mg/L"
869,"PW-1 (Mariner & Janik 1995; = Wells 'PW-1')","well","Cl",808,"mg/L"
870,"PW-1 (Mariner & Janik 1995; = Wells 'PW-1')","well","Cl",802,"mg/L"
871,"PW-2 (Mariner & Janik 1995; = Wells 'PW-2')","well","Cl",800,"mg/L"
872,"PW-2 (Mariner & Janik 1995; = Wells 'PW-2')","well","Cl",823,"mg/L"
873,"PW-2 (Mariner & Janik 1995; = Wells 'PW-2')","well","Cl",795,"mg/L"
874,"PW-2 (Mariner & Janik 1995; = Wells 'PW-2')","well","Cl",811,"mg/L"
875,"PW-3 (Mariner & Janik 1995; = Wells 'PW-3')","well","Cl",809,"mg/L"
876,"PW-3 (Mariner & Janik 1995; = Wells 'PW-3')","well","Cl",814,"mg/L"
877,"PW2-1 (Mariner & Janik 1995; = Wells 'PW 2-1')","well","Cl",772,"mg/L"
878,"PW2-1 (Mariner & Janik 1995; = Wells 'PW 2-1')","well","Cl",801,"mg/L"
879,"PW2-2 (Mariner & Janik 1995; = Wells 'PW 2-2')","well","Cl",770,"mg/L"
880,"PW2-2 (Mariner & Janik 1995; = Wells 'PW 2-2')","well","Cl",799,"mg/L"
881,"PW2-2 (Mariner & Janik 1995; = Wells 'PW 2-2')","well","Cl",797,"mg/L"
882,"PW2-3 (Mariner & Janik 1995; = Wells 'PW 2-3')","well","Cl",801,"mg/L"
883,"PW2-3 (Mariner & Janik 1995; = Wells 'PW 2-3')","well","Cl",797,"mg/L"
884,"PW2-4 (Mariner & Janik 1995; = Wells 'PW 2-4')","well","Cl",782,"mg/L"
885,"PW2-4 (Mariner & Janik 1995; = Wells 'PW 2-4')","well","Cl",787,"mg/L"
886,"PW2-4 (Mariner & Janik 1995; = Wells 'PW 2-4')","well","Cl",783,"mg/L"
887,"PW2-5 (Mariner & Janik 1995; = Wells 'PW 2-5')","well","Cl",795,"mg/L"
888,"PW2-5 (Mariner & Janik 1995; = Wells 'PW 2-5')","well","Cl",796,"mg/L"
889,"PW2-5 (Mariner & Janik 1995; = Wells 'PW 2-5')","well","Cl",805,"mg/L"
890,"PW3-1 (Mariner & Janik 1995; = Wells 'PW 3-1')","well","Cl",789,"mg/L"
891,"PW3-1 (Mariner & Janik 1995; = Wells 'PW 3-1')","well","Cl",788,"mg/L"
892,"PW3-1 (Mariner & Janik 1995; = Wells 'PW 3-1')","well","Cl",783,"mg/L"
893,"PW3-2 (Mariner & Janik 1995; = Wells 'PW 3-2')","well","Cl",775,"mg/L"
894,"PW3-2 (Mariner & Janik 1995; = Wells 'PW 3-2')","well","Cl",799,"mg/L"
895,"PW3-3 (Mariner & Janik 1995; = Wells 'PW 3-3')","well","Cl",801,"mg/L"
896,"PW3-3 (Mariner & Janik 1995; = Wells 'PW 3-3')","well","Cl",779,"mg/L"
897,"PW3-3 (Mariner & Janik 1995; = Wells 'PW 3-3')","well","Cl",797,"mg/L"
898,"PW3-4 (Mariner & Janik 1995; = Wells 'PW 3-4')","well","Cl",779,"mg/L"
899,"PW3-4 (Mariner & Janik 1995; = Wells 'PW 3-4')","well","Cl",795,"mg/L"
900,"PW3-4 (Mariner & Janik 1995; = Wells 'PW 3-4')","well","Cl",783,"mg/L"
901,"IW-3 (Mariner & Janik 1995; = Wells 'IW-3')","well","Cl",809,"mg/L"
902,"IW-3 (Mariner & Janik 1995; = Wells 'IW-3')","well","Cl",813,"mg/L"
903,"IW-5 (Mariner & Janik 1995; = Wells '46-28')","well","Cl",794,"mg/L"
904,"Stuart","well","Cl",68,"mg/L"
905,"Stuart","well","Cl",64,"mg/L"
906,"Stuart","well","Cl",82,"mg/L"
907,"Stuart","well","Cl",86,"mg/L"
908,"Brown's School (Mariner & Janik 1995; = Wells 'Brown School Geothermal Well')","well","Cl",554,"mg/L"
909,"Brown's School (Mariner & Janik 1995; = Wells 'Brown School Geothermal Well')","well","Cl",568,"mg/L"
910,"Brown's School (Mariner & Janik 1995; = Wells 'Brown School Geothermal Well')","well","Cl",639,"mg/L"
911,"Brown's School (Mariner & Janik 1995; = Wells 'Brown School Geothermal Well')","well","Cl",636,"mg/L"
912,"Curti Domestic Well","well","Cl",656,"mg/L"
913,"Steinhardt Geothermal Well (narrative Cl trend)","well","Cl",171,"mg/L"
914,"Peigh","well","Cl",5.6,"mg/L"
915,"Herz Domestic Well","well","Cl",138,"mg/L"
916,"Stmgid 4","well","Cl",1,"mg/L"
917,"Galena Ck. Pk.","creek","Cl",0.5,"mg/L"
918,"Thomas Ck.S.","creek","Cl",1,"mg/L"
919,"Tick Spr.","spring","Cl",48,"mg/L"
920,"Jumbo Gr. S.","spring","Cl",7,"mg/L"
921,"Tahoe Mdw.","spring","Cl",52,"mg/L"
922,"Third Ck. Spr.","spring","Cl",0.2,"mg/L"
923,"Dry Creek","spring","Cl",2,"mg/L"
924,"Stock Spring","spring","Cl",3,"mg/L"
925,"Thomas Creek Spring","spring","Cl",2,"mg/L"
926,"Slide Mount Spring","spring","Cl",12,"mg/L"
927,"Davies Creek Well","spring","Cl",0,"mg/L"
928,"Pleasant Valley School","well","Cl",2,"mg/L"
929,"Jumbo Grade Spring","spring","Cl",8,"mg/L"
930,"Scorpion Springs","spring","Cl",3,"mg/L"
931,"Alum Spring","spring","Cl",9,"mg/L"
932,"Galena Creek Park","spring","Cl",0.5,"mg/L"
933,"Tick Spring","spring","Cl",48,"mg/L"
934,"Jumbo Grade Spring","spring","Cl",7,"mg/L"
935,"Guton Ranch Well","well","Cl",471,"mg/L"
936,"Hidden Valley Well","well","Cl",9,"mg/L"
937,"Stmgid 4","well","Cl",20,"mg/L"
938,"PW-1 (Mariner & Janik 1995; = Wells 'PW-1')","well","Cl",781,"mg/L"
939,"PW-1 (Mariner & Janik 1995; = Wells 'PW-1')","well","Cl",811,"mg/L"
940,"PW-1 (Mariner & Janik 1995; = Wells 'PW-1')","well","Cl",808,"mg/L"
941,"PW-1 (Mariner & Janik 1995; = Wells 'PW-1')","well","Cl",802,"mg/L"
942,"PW-2 (Mariner & Janik 1995; = Wells 'PW-2')","well","Cl",800,"mg/L"
943,"PW-2 (Mariner & Janik 1995; = Wells 'PW-2')","well","Cl",823,"mg/L"
944,"PW-2 (Mariner & Janik 1995; = Wells 'PW-2')","well","Cl",795,"mg/L"
945,"PW-2 (Mariner & Janik 1995; = Wells 'PW-2')","well","Cl",811,"mg/L"
946,"PW-3 (Mariner & Janik 1995; = Wells 'PW-3')","well","Cl",809,"mg/L"
947,"PW-3 (Mariner & Janik 1995; = Wells 'PW-3')","well","Cl",814,"mg/L"
948,"PW2-1 (Mariner & Janik 1995; = Wells 'PW 2-1')","well","Cl",772,"mg/L"
949,"PW2-1 (Mariner & Janik 1995; = Wells 'PW 2-1')","well","Cl",801,"mg/L"
950,"PW2-2 (Mariner & Janik 1995; = Wells 'PW 2-2')","well","Cl",770,"mg/L"
951,"PW2-2 (Mariner & Janik 1995; = Wells 'PW 2-2')","well","Cl",799,"mg/L"
952,"PW2-2 (Mariner & Janik 1995; = Wells 'PW 2-2')","well","Cl",797,"mg/L"
953,"PW2-3 (Mariner & Janik 1995; = Wells 'PW 2-3')","well","Cl",801,"mg/L"
954,"PW2-3 (Mariner & Janik 1995; = Wells 'PW 2-3')","well","Cl",797,"mg/L"
955,"PW2-4 (Mariner & Janik 1995; = Wells 'PW 2-4')","well","Cl",782,"mg/L"
956,"PW2-4 (Mariner & Janik 1995; = Wells 'PW 2-4')","well","Cl",801,"mg/L"
957,"PW2-5 (Mariner & Janik 1995; = Wells 'PW 2-5')","well","Cl",795,"mg/L"
958,"PW2-5 (Mariner & Janik 1995; = Wells 'PW 2-5')","well","Cl",796,"mg/L"
959,"PW2-5 (Mariner & Janik 1995; = Wells 'PW 2-5')","well","Cl",805,"mg/L"
960,"PW3-1 (Mariner & Janik 1995; = Wells 'PW 3-1')","well","Cl",789,"mg/L"
961,"PW3-1 (Mariner & Janik 1995; = Wells 'PW 3-1')","well","Cl",788,"mg/L"
962,"PW3-1 (Mariner & Janik 1995; = Wells 'PW 3-1')","well","Cl",783,"mg/L"
963,"PW3-2 (Mariner & Janik 1995; = Wells 'PW 3-2')","well","Cl",775,"mg/L"
964,"PW3-2 (Mariner & Janik 1995; = Wells 'PW 3-2')","well","Cl",799,"mg/L"
965,"PW3-3 (Mariner & Janik 1995; = Wells 'PW 3-3')","well","Cl",801,"mg/L"
966,"PW3-3 (Mariner & Janik 1995; = Wells 'PW 3-3')","well","Cl",779,"mg/L"
967,"PW3-3 (Mariner & Janik 1995; = Wells 'PW 3-3')","well","Cl",797,"mg/L"
968,"PW3-4 (Mariner & Janik 1995; = Wells 'PW 3-4')","well","Cl",779,"mg/L"
969,"PW3-4 (Mariner & Janik 1995; = Wells 'PW 3-4')","well","Cl",795,"mg/L"
970,"PW3-4 (Mariner & Janik 1995; = Wells 'PW 3-4')","well","Cl",783,"mg/L"
971,"21-5R","well","Cl",797,"mg/L"
972,"21-5R","well","Cl",782,"mg/L"
973,"13-5R","well","Cl",787,"mg/L"
974,"13-5R","well","Cl",792,"mg/L"
975,"23-5 (Mariner & Janik 1995; = Wells '23-5')","well","Cl",783,"mg/L"
976,"23-5 (Mariner & Janik 1995; = Wells '23-5')","well","Cl",760,"mg/L"
977,"83A-6 (Mariner & Janik 1995; = Wells '83A-6')","well","Cl",742,"mg/L"
978,"83A-6 (Mariner & Janik 1995; = Wells '83A-6')","well","Cl",755,"mg/L"
979,"IW-3 (Mariner & Janik 1995; = Wells 'IW-3')","well","Cl",766,"mg/L"
980,"IW-5 (Mariner & Janik 1995; = Wells '46-28')","well","Cl",765,"mg/L"
981,"Cox I-1 (Mariner & Janik 1995; = Wells 'Cox I-1')","well","Cl",774,"mg/L"
982,"GS-5 (Mariner & Janik 1995; = Wells 'GS-5')","well","Cl",783,"mg/L"
983,"GS-5 (Mariner & Janik 1995; = Wells 'GS-5')","well","Cl",810,"mg/L"
984,"Brown's School (Mariner & Janik 1995; = Wells 'Brown School Geothermal Well')","well","Cl",3,"mg/L"
985,"Brown's School (Mariner & Janik 1995; = Wells 'Brown School Geothermal Well')","well","Cl",7,"mg/L"
986,"Brown's School (Mariner & Janik 1995; = Wells 'Brown School Geothermal Well')","well","Cl",7,"mg/L"
987,"Brown's School (Mariner & Janik 1995; = Wells 'Brown School Geothermal Well')","well","Cl",5,"mg/L"
988,"Brown's School (Mariner & Janik 1995; = Wells 'Brown School Geothermal Well')","well","Cl",4,"mg/L"
989,"Brown's School (Mariner & Janik 1995; = Wells 'Brown School Geothermal Well')","well","Cl",7,"mg/L"
990,"Brown's School (Mariner & Janik 1995; = Wells 'Brown School Geothermal Well')","well","Cl",5,"mg/L"
991,"Brown's School (Mariner & Janik 1995; = Wells 'Brown School Geothermal Well')","well","Cl",8,"mg/L"
992,"Brown's School (Mariner & Janik 1995; = Wells 'Brown School Geothermal Well')","well","Cl",9,"mg/L"
993,"Brown's School (Mariner & Janik 1995; = Wells 'Brown School Geothermal Well')","well","Cl",9,"mg/L"
994,"Brown's School (Mariner & Janik 1995; = Wells 'Brown School Geothermal Well')","well","Cl",10,"mg/L"
995,"Brown's School (Mariner & Janik 1995; = Wells 'Brown School Geothermal Well')","well","Cl",10,"mg/L"
996,"Brown's School (Mariner & Janik 1995; = Wells 'Brown School Geothermal Well')","well","Cl",8,"mg/L"
997,"Brown's School (Mariner & Janik 1995; = Wells 'Brown School Geothermal Well')","well","Cl",7,"mg/L"
998,"Brown's School (Mariner & Janik 1995; = Wells 'Brown School Geothermal Well')","well","Cl",17,"mg/L"
999,"Brown's School (Mariner & Janik 1995; = Wells 'Brown School Geothermal Well')","well","Cl",17,"mg/L"
1000,"Brown's School (Mariner & Janik 1995; = Wells 'Brown School Geothermal Well')","well","Cl",10,"mg/L"
1001,"Brown's School (Mariner & Janik 1995; = Wells 'Brown School Geothermal Well')","well","Cl",11,"mg/L"
1002,"Brown's School (Mariner & Janik 1995; = Wells 'Brown School Geothermal Well')","well","Cl",10,"mg/L"
1003,"Brown's School (Mariner & Janik 1995; = Wells 'Brown School Geothermal Well')","well","Cl",11,"mg/L"
1004,"Brown's School (Mariner & Janik 1995; = Wells 'Brown School Geothermal Well')","well","Cl",14,"mg/L"
1005,"Brown's School (Mariner & Janik 1995; = Wells 'Brown School Geothermal Well')","well","Cl",13,"mg/L"
1006,"Brown's School (Mariner & Janik 1995; = Wells 'Brown School Geothermal Well')","well","Cl",13,"mg/L"
1007,"Brown's School (Mariner & Janik 1995; = Wells 'Brown School Geothermal Well')","well","Cl",11,"mg/L"
1008,"Brown's School (Mariner & Janik 1995; = Wells 'Brown School Geothermal Well')","well","Cl",6,"mg/L"
1009,"Brown's School (Mariner & Janik 1995; = Wells 'Brown School Geothermal Well')","well","Cl",8,"mg/L"
1010,"Brown's School (Mariner & Janik 1995; = Wells 'Brown School Geothermal Well')","well","Cl",7,"mg/L"
1011,"Brown's School (Mariner & Janik 1995; = Wells 'Brown School Geothermal Well')","well","Cl",6,"mg/L"
1012,"Brown's School (Mariner & Janik 1995; = Wells 'Brown School Geothermal Well')","well","Cl",5,"mg/L"
1013,"Brown's School (Mariner & Janik 1995; = Wells 'Brown School Geothermal Well')","well","Cl",15,"mg/L"
1014,"Brown's School (Mariner & Janik 1995; = Wells 'Brown School Geothermal Well')","well","Cl",7,"mg/L"
1015,"Brown's School (Mariner & Janik 1995; = Wells 'Brown School Geothermal Well')","well","Cl",5,"mg/L"
1016,"Brown's School (Mariner & Janik 1995; = Wells 'Brown School Geothermal Well')","well","Cl",5,"mg/L"
1017,"Brown's School (Mariner & Janik 1995; = Wells 'Brown School Geothermal Well')","well","Cl",8,"mg/L"
1018,"Brown's School (Mariner & Janik 1995; = Wells 'Brown School Geothermal Well')","well","Cl",5,"mg/L"
1019,"Brown's School (Mariner & Janik 1995; = Wells 'Brown School Geothermal Well')","well","Cl",6,"mg/L"
1020,"Brown's School (Mariner & Janik 1995; = Wells 'Brown School Geothermal Well')","well","Cl",7,"mg/L"
1021,"Brown's School (Mariner & Janik 1995; = Wells 'Brown School Geothermal Well')","well","Cl",14,"mg/L"
1022,"Brown's School (Mariner & Janik 1995; = Wells 'Brown School Geothermal Well')","well","Cl",13,"mg/L"
1023,"Brown's School (Mariner & Janik 1995; = Wells 'Brown School Geothermal Well')","well","Cl",18,"mg/L"
1024,"Brown's School (Mariner & Janik 1995; = Wells 'Brown School Geothermal Well')","well","Cl",27,"mg/L"
1025,"Brown's School (Mariner & Janik 1995; = Wells 'Brown School Geothermal Well')","well","Cl",35,"mg/L"
1026,"Brown's School (Mariner & Janik 1995; = Wells 'Brown School Geothermal Well')","well","Cl",39,"mg/L"
1027,"Brown's School (Mariner & Janik 1995; = Wells 'Brown School Geothermal Well')","well","Cl",68,"mg/L"
1028,"Brown's School (Mariner & Janik 1995; = Wells 'Brown School Geothermal Well')","well","Cl",69,"mg/L"
1029,"Brown's School (Mariner & Janik 1995; = Wells 'Brown School Geothermal Well')","well","Cl",112,"mg/L"
1030,"Brown's School (Mariner & Janik 1995; = Wells 'Brown School Geothermal Well')","well","Cl",150,"mg/L"
1031,"Brown's School (Mariner & Janik 1995; = Wells 'Brown School Geothermal Well')","well","Cl",188,"mg/L"
1032,"Brown's School (Mariner & Janik 1995; = Wells 'Brown School Geothermal Well')","well","Cl",203,"mg/L"
1033,"Brown's School (Mariner & Janik 1995; = Wells 'Brown School Geothermal Well')","well","Cl",250,"mg/L"
1034,"Brown's School (Mariner & Janik 1995; = Wells 'Brown School Geothermal Well')","well","Cl",253,"mg/L"
1035,"Brown's School (Mariner & Janik 1995; = Wells 'Brown School Geothermal Well')","well","Cl",263,"mg/L"
1036,"Brown's School (Mariner & Janik 1995; = Wells 'Brown School Geothermal Well')","well","Cl",350,"mg/L"
1037,"Brown's School (Mariner & Janik 1995; = Wells 'Brown School Geothermal Well')","well","Cl",355,"mg/L"
1038,"Brown's School (Mariner & Janik 1995; = Wells 'Brown School Geothermal Well')","well","Cl",333,"mg/L"
1039,"Brown's School (Mariner & Janik 1995; = Wells 'Brown School Geothermal Well')","well","Cl",370,"mg/L"
1040,"Brown's School (Mariner & Janik 1995; = Wells 'Brown School Geothermal Well')","well","Cl",370,"mg/L"
1041,"Brown's School (Mariner & Janik 1995; = Wells 'Brown School Geothermal Well')","well","Cl",395,"mg/L"
1042,"Brown's School (Mariner & Janik 1995; = Wells 'Brown School Geothermal Well')","well","Cl",415,"mg/L"
1043,"Brown's School (Mariner & Janik 1995; = Wells 'Brown School Geothermal Well')","well","Cl",430,"mg/L"
1044,"Brown's School (Mariner & Janik 1995; = Wells 'Brown School Geothermal Well')","well","Cl",430,"mg/L"
1045,"Brown's School (Mariner & Janik 1995; = Wells 'Brown School Geothermal Well')","well","Cl",440,"mg/L"
1046,"Brown's School (Mariner & Janik 1995; = Wells 'Brown School Geothermal Well')","well","Cl",410,"mg/L"
1047,"Brown's School (Mariner & Janik 1995; = Wells 'Brown School Geothermal Well')","well","Cl",420,"mg/L"
1048,"Brown's School (Mariner & Janik 1995; = Wells 'Brown School Geothermal Well')","well","Cl",450,"mg/L"
1049,"Brown's School (Mariner & Janik 1995; = Wells 'Brown School Geothermal Well')","well","Cl",480,"mg/L"
1050,"Brown's School (Mariner & Janik 1995; = Wells 'Brown School Geothermal Well')","well","Cl",495,"mg/L"
1051,"Brown's School (Mariner & Janik 1995; = Wells 'Brown School Geothermal Well')","well","Cl",505,"mg/L"
1052,"Brown's School (Mariner & Janik 1995; = Wells 'Brown School Geothermal Well')","well","Cl",530,"mg/L"
1053,"Brown's School (Mariner & Janik 1995; = Wells 'Brown School Geothermal Well')","well","Cl",510,"mg/L"
1054,"Brown's School (Mariner & Janik 1995; = Wells 'Brown School Geothermal Well')","well","Cl",490,"mg/L"
1055,"Brown's School (Mariner & Janik 1995; = Wells 'Brown School Geothermal Well')","well","Cl",505,"mg/L"
1056,"Brown's School (Mariner & Janik 1995; = Wells 'Brown School Geothermal Well')","well","Cl",510,"mg/L"
1057,"Brown's School (Mariner & Janik 1995; = Wells 'Brown School Geothermal Well')","well","Cl",530,"mg/L"
1058,"Brown's School (Mariner & Janik 1995; = Wells 'Brown School Geothermal Well')","well","Cl",540,"mg/L"
1059,"Brown's School (Mariner & Janik 1995; = Wells 'Brown School Geothermal Well')","well","Cl",550,"mg/L"
1060,"Brown's School (Mariner & Janik 1995; = Wells 'Brown School Geothermal Well')","well","Cl",580,"mg/L"
1061,"Brown's School (Mariner & Janik 1995; = Wells 'Brown School Geothermal Well')","well","Cl",570,"mg/L"
1062,"Brown's School (Mariner & Janik 1995; = Wells 'Brown School Geothermal Well')","well","Cl",590,"mg/L"
1063,"Brown's School (Mariner & Janik 1995; = Wells 'Brown School Geothermal Well')","well","Cl",590,"mg/L"
1064,"Brown's School (Mariner & Janik 1995; = Wells 'Brown School Geothermal Well')","well","Cl",570,"mg/L"
1065,"Brown's School (Mariner & Janik 1995; = Wells 'Brown School Geothermal Well')","well","Cl",580,"mg/L"
1066,"Brown's School (Mariner & Janik 1995; = Wells 'Brown School Geothermal Well')","well","Cl",580,"mg/L"
1067,"Brown's School (Mariner & Janik 1995; = Wells 'Brown School Geothermal Well')","well","Cl",600,"mg/L"
1068,"Brown's School (Mariner & Janik 1995; = Wells 'Brown School Geothermal Well')","well","Cl",630,"mg/L"
1069,"Brown's School (Mariner & Janik 1995; = Wells 'Brown School Geothermal Well')","well","Cl",640,"mg/L"
1070,"Brown's School (Mariner & Janik 1995; = Wells 'Brown School Geothermal Well')","well","Cl",630,"mg/L"
1071,"Brown's School (Mariner & Janik 1995; = Wells 'Brown School Geothermal Well')","well","Cl",620,"mg/L"
1072,"Brown's School (Mariner & Janik 1995; = Wells 'Brown School Geothermal Well')","well","Cl",630,"mg/L"
1073,"Brown's School (Mariner & Janik 1995; = Wells 'Brown School Geothermal Well')","well","Cl",663,"mg/L"
1074,"Brown's School (Mariner & Janik 1995; = Wells 'Brown School Geothermal Well')","well","Cl",640,"mg/L"
1075,"Brown's School (Mariner & Janik 1995; = Wells 'Brown School Geothermal Well')","well","Cl",670,"mg/L"
1076,"Brown's School (Mariner & Janik 1995; = Wells 'Brown School Geothermal Well')","well","Cl",670,"mg/L"
1077,"Brown's School (Mariner & Janik 1995; = Wells 'Brown School Geothermal Well')","well","Cl",680,"mg/L"
1078,"Brown's School (Mariner & Janik 1995; = Wells 'Brown School Geothermal Well')","well","Cl",680,"mg/L"
1079,"Brown's School (Mariner & Janik 1995; = Wells 'Brown School Geothermal Well')","well","Cl",680,"mg/L"
1080,"Brown's School (Mariner & Janik 1995; = Wells 'Brown School Geothermal Well')","well","Cl",670,"mg/L"
1081,"Brown's School (Mariner & Janik 1995; = Wells 'Brown School Geothermal Well')","well","Cl",672,"mg/L"
1082,"Brown's School (Mariner & Janik 1995; = Wells 'Brown School Geothermal Well')","well","Cl",698,"mg/L"
1083,"Brown's School (Mariner & Janik 1995; = Wells 'Brown School Geothermal Well')","well","Cl",693,"mg/L"
1084,"Brown's School (Mariner & Janik 1995; = Wells 'Brown School Geothermal Well')","well","Cl",695,"mg/L"
1085,"Brown's School (Mariner & Janik 1995; = Wells 'Brown School Geothermal Well')","well","Cl",715,"mg/L"
1086,"Brown's School (Mariner & Janik 1995; = Wells 'Brown School Geothermal Well')","well","Cl",719,"mg/L"
1087,"Brown's School (Mariner & Janik 1995; = Wells 'Brown School Geothermal Well')","well","Cl",743,"mg/L"
1088,"Brown's School (Mariner & Janik 1995; = Wells 'Brown School Geothermal Well')","well","Cl",691,"mg/L"
1089,"Brown's School (Mariner & Janik 1995; = Wells 'Brown School Geothermal Well')","well","Cl",690,"mg/L"
1090,"Brown's School (Mariner & Janik 1995; = Wells 'Brown School Geothermal Well')","well","Cl",515,"mg/L"
1091,"Brown's School (Mariner & Janik 1995; = Wells 'Brown School Geothermal Well')","well","Cl",335,"mg/L"
1092,"Brown's School (Mariner & Janik 1995; = Wells 'Brown School Geothermal Well')","well","Cl",246,"mg/L"
1093,"Brown's School (Mariner & Janik 1995; = Wells 'Brown School Geothermal Well')","well","Cl",263,"mg/L"
1094,"Brown's School (Mariner & Janik 1995; = Wells 'Brown School Geothermal Well')","well","Cl",324,"mg/L"
1095,"Brown's School (Mariner & Janik 1995; = Wells 'Brown School Geothermal Well')","well","Cl",299,"mg/L"
1096,"Curti Barn Well (geothermal)","well","Cl",680,"mg/L"
1097,"Curti Barn Well (geothermal)","well","Cl",680,"mg/L"
1098,"Curti Barn Well (geothermal)","well","Cl",700,"mg/L"
1099,"Curti Barn Well (geothermal)","well","Cl",690,"mg/L"
1100,"Curti Barn Well (geothermal)","well","Cl",670,"mg/L"
1101,"Curti Barn Well (geothermal)","well","Cl",700,"mg/L"
1102,"Curti Barn Well (geothermal)","well","Cl",710,"mg/L"
1103,"Curti Barn Well (geothermal)","well","Cl",700,"mg/L"
1104,"Curti Barn Well (geothermal)","well","Cl",700,"mg/L"
1105,"Curti Barn Well (geothermal)","well","Cl",680,"mg/L"
1106,"Curti Barn Well (geothermal)","well","Cl",680,"mg/L"
1107,"Curti Barn Well (geothermal)","well","Cl",690,"mg/L"
1108,"Curti Barn Well (geothermal)","well","Cl",700,"mg/L"
1109,"Curti Barn Well (geothermal)","well","Cl",690,"mg/L"
1110,"Curti Barn Well (geothermal)","well","Cl",700,"mg/L"
1111,"Curti Barn Well (geothermal)","well","Cl",700,"mg/L"
1112,"Curti Barn Well (geothermal)","well","Cl",710,"mg/L"
1113,"Curti Barn Well (geothermal)","well","Cl",700,"mg/L"
1114,"Curti Barn Well (geothermal)","well","Cl",700,"mg/L"
1115,"Curti Barn Well (geothermal)","well","Cl",700,"mg/L"
1116,"Curti Barn Well (geothermal)","well","Cl",700,"mg/L"
1117,"Curti Barn Well (geothermal)","well","Cl",688,"mg/L"
1118,"Curti Barn Well (geothermal)","well","Cl",670,"mg/L"
1119,"Curti Barn Well (geothermal)","well","Cl",700,"mg/L"
1120,"Curti Barn Well (geothermal)","well","Cl",700,"mg/L"
1121,"Curti Barn Well (geothermal)","well","Cl",720,"mg/L"
1122,"Curti Barn Well (geothermal)","well","Cl",720,"mg/L"
1123,"Curti Barn Well (geothermal)","well","Cl",680,"mg/L"
1124,"Curti Barn Well (geothermal)","well","Cl",671,"mg/L"
1125,"Curti Barn Well (geothermal)","well","Cl",844,"mg/L"
1126,"Curti Barn Well (geothermal)","well","Cl",713,"mg/L"
1127,"Curti Barn Well (geothermal)","well","Cl",753,"mg/L"
1128,"Curti Barn Well (geothermal)","well","Cl",749,"mg/L"
1129,"Curti Barn Well (geothermal)","well","Cl",771,"mg/L"
1130,"Curti Barn Well (geothermal)","well","Cl",764,"mg/L"
1131,"Curti Barn Well (geothermal)","well","Cl",722,"mg/L"
1132,"Curti Domestic Well","well","Cl",46,"mg/L"
1133,"Curti Domestic Well","well","Cl",44,"mg/L"
1134,"Curti Domestic Well","well","Cl",43,"mg/L"
1135,"Curti Domestic Well","well","Cl",48,"mg/L"
1136,"Curti Domestic Well","well","Cl",54,"mg/L"
1137,"Curti Domestic Well","well","Cl",63,"mg/L"
1138,"Curti Domestic Well","well","Cl",74,"mg/L"
1139,"Curti Domestic Well","well","Cl",82,"mg/L"
1140,"Curti Domestic Well","well","Cl",91,"mg/L"
1141,"Curti Domestic Well","well","Cl",79,"mg/L"
1142,"Curti Domestic Well","well","Cl",61,"mg/L"
1143,"Curti Domestic Well","well","Cl",55,"mg/L"
1144,"Curti Domestic Well","well","Cl",57,"mg/L"
1145,"Curti Domestic Well","well","Cl",59,"mg/L"
1146,"Curti Domestic Well","well","Cl",63,"mg/L"
1147,"Curti Domestic Well","well","Cl",70,"mg/L"
1148,"Curti Domestic Well","well","Cl",80,"mg/L"
1149,"Curti Domestic Well","well","Cl",124,"mg/L"
1150,"Curti Domestic Well","well","Cl",67,"mg/L"
1151,"Curti Domestic Well","well","Cl",208,"mg/L"
1152,"Curti Domestic Well","well","Cl",198,"mg/L"
1153,"Curti Domestic Well","well","Cl",205,"mg/L"
1154,"Curti Domestic Well","well","Cl",235,"mg/L"
1155,"Curti Domestic Well","well","Cl",207,"mg/L"
1156,"Curti Domestic Well","well","Cl",213,"mg/L"
1157,"Curti Domestic Well","well","Cl",256,"mg/L"
1158,"Curti Domestic Well","well","Cl",279,"mg/L"
1159,"Curti Domestic Well","well","Cl",302,"mg/L"
1160,"Curti Domestic Well","well","Cl",293,"mg/L"
1161,"Curti Domestic Well","well","Cl",134,"mg/L"
1162,"Curti Domestic Well","well","Cl",294,"mg/L"
1163,"Herz Geothermal","well","Cl",350,"mg/L"
1164,"Herz Geothermal","well","Cl",340,"mg/L"
1165,"Herz Geothermal","well","Cl",340,"mg/L"
1166,"Herz Geothermal","well","Cl",350,"mg/L"
1167,"Herz Geothermal","well","Cl",340,"mg/L"
1168,"Herz Geothermal","well","Cl",350,"mg/L"
1169,"Herz Geothermal","well","Cl",350,"mg/L"
1170,"Herz Geothermal","well","Cl",355,"mg/L"
1171,"Herz Geothermal","well","Cl",345,"mg/L"
1172,"Herz Geothermal","well","Cl",345,"mg/L"
1173,"Herz Geothermal","well","Cl",340,"mg/L"
1174,"Herz Geothermal","well","Cl",350,"mg/L"
1175,"Herz Geothermal","well","Cl",345,"mg/L"
1176,"Herz Geothermal","well","Cl",345,"mg/L"
1177,"Herz Geothermal","well","Cl",345,"mg/L"
1178,"Herz Geothermal","well","Cl",345,"mg/L"
1179,"Herz Geothermal","well","Cl",345,"mg/L"
1180,"Herz Geothermal","well","Cl",355,"mg/L"
1181,"Herz Geothermal","well","Cl",375,"mg/L"
1182,"Herz Geothermal","well","Cl",350,"mg/L"
1183,"Herz Geothermal","well","Cl",350,"mg/L"
1184,"Herz Geothermal","well","Cl",345,"mg/L"
1185,"Herz Geothermal","well","Cl",345,"mg/L"
1186,"Herz Geothermal","well","Cl",340,"mg/L"
1187,"Herz Geothermal","well","Cl",340,"mg/L"
1188,"Herz Geothermal","well","Cl",340,"mg/L"
1189,"Herz Geothermal","well","Cl",340,"mg/L"
1190,"Herz Geothermal","well","Cl",345,"mg/L"
1191,"Herz Geothermal","well","Cl",340,"mg/L"
1192,"Herz Geothermal","well","Cl",340,"mg/L"
1193,"Herz Geothermal","well","Cl",340,"mg/L"
1194,"Herz Geothermal","well","Cl",340,"mg/L"
1195,"Herz Geothermal","well","Cl",325,"mg/L"
1196,"Herz Geothermal","well","Cl",355,"mg/L"
1197,"Herz Geothermal","well","Cl",360,"mg/L"
1198,"Herz Geothermal","well","Cl",340,"mg/L"
1199,"Herz Geothermal","well","Cl",350,"mg/L"
1200,"Herz Geothermal","well","Cl",345,"mg/L"
1201,"Herz Geothermal","well","Cl",360,"mg/L"
1202,"Herz Geothermal","well","Cl",355,"mg/L"
1203,"Herz Geothermal","well","Cl",365,"mg/L"
1204,"Herz Geothermal","well","Cl",370,"mg/L"
1205,"Herz Geothermal","well","Cl",370,"mg/L"
1206,"Herz Geothermal","well","Cl",375,"mg/L"
1207,"Herz Geothermal","well","Cl",375,"mg/L"
1208,"Herz Geothermal","well","Cl",375,"mg/L"
1209,"Herz Geothermal","well","Cl",370,"mg/L"
1210,"Herz Geothermal","well","Cl",380,"mg/L"
1211,"Herz Domestic Well","well","Cl",3,"mg/L"
1212,"Herz Domestic Well","well","Cl",4,"mg/L"
1213,"Herz Domestic Well","well","Cl",3,"mg/L"
1214,"Herz Domestic Well","well","Cl",3,"mg/L"
1215,"Herz Domestic Well","well","Cl",4,"mg/L"
1216,"Herz Domestic Well","well","Cl",4,"mg/L"
1217,"Herz Domestic Well","well","Cl",5,"mg/L"
1218,"Herz Domestic Well","well","Cl",3,"mg/L"
1219,"Herz Domestic Well","well","Cl",3,"mg/L"
1220,"Herz Domestic Well","well","Cl",4,"mg/L"
1221,"Herz Domestic Well","well","Cl",5,"mg/L"
1222,"Herz Domestic Well","well","Cl",4,"mg/L"
1223,"Herz Domestic Well","well","Cl",3,"mg/L"
1224,"Herz Domestic Well","well","Cl",3,"mg/L"
1225,"Herz Domestic Well","well","Cl",4,"mg/L"
1226,"Herz Domestic Well","well","Cl",3,"mg/L"
1227,"Herz Domestic Well","well","Cl",2,"mg/L"
1228,"Herz Domestic Well","well","Cl",4,"mg/L"
1229,"Herz Domestic Well","well","Cl",3,"mg/L"
1230,"Herz Domestic Well","well","Cl",2,"mg/L"
1231,"Herz Domestic Well","well","Cl",3,"mg/L"
1232,"Herz Domestic Well","well","Cl",3,"mg/L"
1233,"Herz Domestic Well","well","Cl",0,"mg/L"
1234,"Herz Domestic Well","well","Cl",4,"mg/L"
1235,"Herz Domestic Well","well","Cl",3,"mg/L"
1236,"Herz Domestic Well","well","Cl",3,"mg/L"
1237,"Herz Domestic Well","well","Cl",2,"mg/L"
1238,"Herz Domestic Well","well","Cl",2,"mg/L"
1239,"Herz Domestic Well","well","Cl",2,"mg/L"
1240,"Herz Domestic Well","well","Cl",2,"mg/L"
1241,"Herz Domestic Well","well","Cl",2,"mg/L"
1242,"Herz Domestic Well","well","Cl",3,"mg/L"
1243,"Herz Domestic Well","well","Cl",3,"mg/L"
1244,"Herz Domestic Well","well","Cl",5,"mg/L"
1245,"Herz Domestic Well","well","Cl",2,"mg/L"
1246,"Herz Domestic Well","well","Cl",8,"mg/L"
1247,"Herz Domestic Well","well","Cl",9,"mg/L"
1248,"Herz Domestic Well","well","Cl",15,"mg/L"
1249,"Herz Domestic Well","well","Cl",12,"mg/L"
1250,"Herz Domestic Well","well","Cl",11,"mg/L"
1251,"Herz Domestic Well","well","Cl",12,"mg/L"
1252,"Herz Domestic Well","well","Cl",12,"mg/L"
1253,"Herz Domestic Well","well","Cl",16,"mg/L"
1254,"Herz Domestic Well","well","Cl",257,"mg/L"
1255,"Herz Domestic Well","well","Cl",190,"mg/L"
1256,"Peigh","well","Cl",3,"mg/L"
1257,"Peigh","well","Cl",4,"mg/L"
1258,"Peigh","well","Cl",3,"mg/L"
1259,"Peigh","well","Cl",3,"mg/L"
1260,"Peigh","well","Cl",2,"mg/L"
1261,"Peigh","well","Cl",2,"mg/L"
1262,"Peigh","well","Cl",4,"mg/L"
1263,"Peigh","well","Cl",2,"mg/L"
1264,"Peigh","well","Cl",2,"mg/L"
1265,"Peigh","well","Cl",3,"mg/L"
1266,"Peigh","well","Cl",3,"mg/L"
1267,"Peigh","well","Cl",3,"mg/L"
1268,"Peigh","well","Cl",3,"mg/L"
1269,"Peigh","well","Cl",3,"mg/L"
1270,"Peigh","well","Cl",3,"mg/L"
1271,"Peigh","well","Cl",4,"mg/L"
1272,"Peigh","well","Cl",3,"mg/L"
1273,"Peigh","well","Cl",3,"mg/L"
1274,"Peigh","well","Cl",3,"mg/L"
1275,"Peigh","well","Cl",3,"mg/L"
1276,"Peigh","well","Cl",2,"mg/L"
1277,"Peigh","well","Cl",2,"mg/L"
1278,"Peigh","well","Cl",4,"mg/L"
1279,"Peigh","well","Cl",2,"mg/L"
1280,"Peigh","well","Cl",3,"mg/L"
1281,"Peigh","well","Cl",2,"mg/L"
1282,"Peigh","well","Cl",3,"mg/L"
1283,"Peigh","well","Cl",4,"mg/L"
1284,"Peigh","well","Cl",3,"mg/L"
1285,"Peigh","well","Cl",2,"mg/L"
1286,"Peigh","well","Cl",1,"mg/L"
1287,"Peigh","well","Cl",2,"mg/L"
1288,"Peigh","well","Cl",2,"mg/L"
1289,"Peigh","well","Cl",3,"mg/L"
1290,"Peigh","well","Cl",3,"mg/L"
1291,"Peigh","well","Cl",2,"mg/L"
1292,"Peigh","well","Cl",3,"mg/L"
1293,"Peigh","well","Cl",2,"mg/L"
1294,"Peigh","well","Cl",2,"mg/L"
1295,"Peigh","well","Cl",2,"mg/L"
1296,"Peigh","well","Cl",1,"mg/L"
1297,"Peigh","well","Cl",3,"mg/L"
1298,"Peigh","well","Cl",2,"mg/L"
1299,"Peigh","well","Cl",6,"mg/L"
1300,"Peigh","well","Cl",7,"mg/L"
1301,"Peigh","well","Cl",6,"mg/L"
1302,"Peigh","well","Cl",5,"mg/L"
1303,"Peigh","well","Cl",6,"mg/L"
1304,"Peigh","well","Cl",3,"mg/L"
1305,"Peigh","well","Cl",4,"mg/L"
1306,"Peigh","well","Cl",3,"mg/L"
1307,"Peigh","well","Cl",3,"mg/L"
1308,"Peigh","well","Cl",3,"mg/L"
1309,"Peigh","well","Cl",3,"mg/L"
1310,"Peigh","well","Cl",3,"mg/L"
1311,"Peigh","well","Cl",4,"mg/L"
1312,"Peigh","well","Cl",3,"mg/L"
1313,"Peigh","well","Cl",5,"mg/L"
1314,"Peigh","well","Cl",3,"mg/L"
1315,"Peigh","well","Cl",2,"mg/L"
1316,"Peigh","well","Cl",3,"mg/L"
1317,"Peigh","well","Cl",2,"mg/L"
1318,"Peigh","well","Cl",3,"mg/L"
1319,"Peigh","well","Cl",5,"mg/L"
1320,"Peigh","well","Cl",3,"mg/L"
1321,"Peigh","well","Cl",4,"mg/L"
1322,"Peigh","well","Cl",5,"mg/L"
1323,"Peigh","well","Cl",3,"mg/L"
1324,"Peigh","well","Cl",4,"mg/L"
1325,"Peigh","well","Cl",3,"mg/L"
1326,"Peigh","well","Cl",2,"mg/L"
1327,"Peigh","well","Cl",4,"mg/L"
1328,"Peigh","well","Cl",3,"mg/L"
1329,"Peigh","well","Cl",5,"mg/L"
1330,"Peigh","well","Cl",3,"mg/L"
1331,"Peigh","well","Cl",3,"mg/L"
1332,"Peigh","well","Cl",5,"mg/L"
1333,"Peigh","well","Cl",4,"mg/L"
1334,"Peigh","well","Cl",9,"mg/L"
1335,"Peigh","well","Cl",4,"mg/L"
1336,"Peigh","well","Cl",3,"mg/L"
1337,"Peigh","well","Cl",3,"mg/L"
1338,"Peigh","well","Cl",3,"mg/L"
1339,"Peigh","well","Cl",5,"mg/L"
1340,"Peigh","well","Cl",5,"mg/L"
1341,"Peigh","well","Cl",3,"mg/L"
1342,"Peigh","well","Cl",5,"mg/L"
1343,"Peigh","well","Cl",4,"mg/L"
1344,"Peigh","well","Cl",5,"mg/L"
1345,"Peigh","well","Cl",4,"mg/L"
1346,"Peigh","well","Cl",4,"mg/L"
1347,"Peigh","well","Cl",4,"mg/L"
1348,"Peigh","well","Cl",4,"mg/L"
1349,"Peigh","well","Cl",4,"mg/L"
1350,"Peigh","well","Cl",5,"mg/L"
1351,"Peigh","well","Cl",5,"mg/L"
1352,"Peigh","well","Cl",3,"mg/L"
1353,"Peigh","well","Cl",4,"mg/L"
1354,"Peigh","well","Cl",15,"mg/L"
1355,"Peigh","well","Cl",4,"mg/L"
1356,"Peigh","well","Cl",3,"mg/L"
1357,"Peigh","well","Cl",3,"mg/L"
1358,"Pine Tree Ranch-1","well","Cl",4,"mg/L"
1359,"Pine Tree Ranch-1","well","Cl",3,"mg/L"
1360,"Pine Tree Ranch-1","well","Cl",4,"mg/L"
1361,"Pine Tree Ranch-1","well","Cl",23,"mg/L"
1362,"Pine Tree Ranch-1","well","Cl",28,"mg/L"
1363,"Pine Tree Ranch-1","well","Cl",15,"mg/L"
1364,"Pine Tree Ranch-1","well","Cl",4,"mg/L"
1365,"Pine Tree Ranch-1","well","Cl",3,"mg/L"
1366,"Pine Tree Ranch-1","well","Cl",3,"mg/L"
1367,"Pine Tree Ranch-1","well","Cl",3,"mg/L"
1368,"Pine Tree Ranch-1","well","Cl",2,"mg/L"
1369,"Pine Tree Ranch-1","well","Cl",4,"mg/L"
1370,"Pine Tree Ranch-1","well","Cl",8,"mg/L"
1371,"Pine Tree Ranch-1","well","Cl",13,"mg/L"
1372,"Pine Tree Ranch-1","well","Cl",20,"mg/L"
1373,"Pine Tree Ranch-1","well","Cl",26,"mg/L"
1374,"Pine Tree Ranch-1","well","Cl",28,"mg/L"
1375,"Pine Tree Ranch-1","well","Cl",30,"mg/L"
1376,"Pine Tree Ranch-1","well","Cl",5,"mg/L"
1377,"Pine Tree Ranch-1","well","Cl",19,"mg/L"
1378,"Pine Tree Ranch-1","well","Cl",27,"mg/L"
1379,"Pine Tree Ranch-1","well","Cl",32,"mg/L"
1380,"Pine Tree Ranch-1","well","Cl",36,"mg/L"
1381,"Pine Tree Ranch-1","well","Cl",42,"mg/L"
1382,"Pine Tree Ranch-1","well","Cl",44,"mg/L"
1383,"Pine Tree Ranch-1","well","Cl",48,"mg/L"
1384,"Pine Tree Ranch-1","well","Cl",51,"mg/L"
1385,"Pine Tree Ranch-1","well","Cl",52,"mg/L"
1386,"Pine Tree Ranch-1","well","Cl",49,"mg/L"
1387,"Pine Tree Ranch-1","well","Cl",57,"mg/L"
1388,"Pine Tree Ranch-1","well","Cl",57,"mg/L"
1389,"Pine Tree Ranch-1","well","Cl",59,"mg/L"
1390,"Pine Tree Ranch-1","well","Cl",67,"mg/L"
1391,"Pine Tree Ranch-1","well","Cl",68,"mg/L"
1392,"Pine Tree Ranch-1","well","Cl",71,"mg/L"
1393,"Pine Tree Ranch-1","well","Cl",75,"mg/L"
1394,"Pine Tree Ranch-1","well","Cl",74,"mg/L"
1395,"Pine Tree Ranch-1","well","Cl",37,"mg/L"
1396,"Pine Tree Ranch-1","well","Cl",83,"mg/L"
1397,"Pine Tree Ranch-1","well","Cl",89,"mg/L"
1398,"Pine Tree Ranch-1","well","Cl",24,"mg/L"
1399,"Pine Tree Ranch-1","well","Cl",12,"mg/L"
1400,"Pine Tree Ranch-1","well","Cl",10,"mg/L"
1401,"Pine Tree Ranch-1","well","Cl",11,"mg/L"
1402,"Pine Tree Ranch-1","well","Cl",45,"mg/L"
1403,"Pine Tree Ranch-1","well","Cl",79,"mg/L"
1404,"Pine Tree Ranch-1","well","Cl",94,"mg/L"
1405,"Pine Tree Ranch-1","well","Cl",94,"mg/L"
1406,"Flame","well","Cl",112,"mg/L"
1407,"Flame","well","Cl",165,"mg/L"
1408,"Flame","well","Cl",290,"mg/L"
1409,"Flame","well","Cl",325,"mg/L"
1410,"Flame","well","Cl",330,"mg/L"
1411,"Flame","well","Cl",345,"mg/L"
1412,"Flame","well","Cl",350,"mg/L"
1413,"Flame","well","Cl",355,"mg/L"
1414,"Flame","well","Cl",355,"mg/L"
1415,"Flame","well","Cl",365,"mg/L"
1416,"Flame","well","Cl",162,"mg/L"
1417,"Flame","well","Cl",208,"mg/L"
1418,"Flame","well","Cl",345,"mg/L"
1419,"Flame","well","Cl",330,"mg/L"
1420,"Flame","well","Cl",325,"mg/L"
1421,"Flame","well","Cl",330,"mg/L"
1422,"Flame","well","Cl",325,"mg/L"
1423,"Flame","well","Cl",330,"mg/L"
1424,"Flame","well","Cl",330,"mg/L"
1425,"Flame","well","Cl",333,"mg/L"
1426,"Flame","well","Cl",340,"mg/L"
1427,"Flame","well","Cl",355,"mg/L"
1428,"Flame","well","Cl",365,"mg/L"
1429,"Flame","well","Cl",360,"mg/L"
1430,"Flame","well","Cl",345,"mg/L"
1431,"Flame","well","Cl",355,"mg/L"
1432,"Flame","well","Cl",360,"mg/L"
1433,"Flame","well","Cl",370,"mg/L"
1434,"Flame","well","Cl",375,"mg/L"
1435,"Flame","well","Cl",390,"mg/L"
1436,"Flame","well","Cl",405,"mg/L"
1437,"Flame","well","Cl",425,"mg/L"
1438,"Flame","well","Cl",435,"mg/L"
1439,"Flame","well","Cl",435,"mg/L"
1440,"Flame","well","Cl",435,"mg/L"
1441,"Steinhardt Geothermal Well (narrative Cl trend)","well","Cl",300,"mg/L"
1442,"Steinhardt Geothermal Well (narrative Cl trend)","well","Cl",286,"mg/L"
1443,"Steinhardt Geothermal Well (narrative Cl trend)","well","Cl",293,"mg/L"
1444,"Steinhardt Geothermal Well (narrative Cl trend)","well","Cl",280,"mg/L"
1445,"Steinhardt Geothermal Well (narrative Cl trend)","well","Cl",260,"mg/L"
1446,"Steinhardt Geothermal Well (narrative Cl trend)","well","Cl",250,"mg/L"
1447,"Steinhardt Geothermal Well (narrative Cl trend)","well","Cl",233,"mg/L"
1448,"Steinhardt Geothermal Well (narrative Cl trend)","well","Cl",243,"mg/L"
1449,"Steinhardt Geothermal Well (narrative Cl trend)","well","Cl",207,"mg/L"
1450,"Steinhardt Geothermal Well (narrative Cl trend)","well","Cl",230,"mg/L"
1451,"Steinhardt Geothermal Well (narrative Cl trend)","well","Cl",201,"mg/L"
1452,"Steinhardt Geothermal Well (narrative Cl trend)","well","Cl",207,"mg/L"
1453,"Steinhardt Geothermal Well (narrative Cl trend)","well","Cl",197,"mg/L"
1454,"Steinhardt Geothermal Well (narrative Cl trend)","well","Cl",193,"mg/L"
1455,"Steinhardt Geothermal Well (narrative Cl trend)","well","Cl",188,"mg/L"
1456,"Steinhardt Geothermal Well (narrative Cl trend)","well","Cl",183,"mg/L"
1457,"Steinhardt Geothermal Well (narrative Cl trend)","well","Cl",173,"mg/L"
1458,"GS-5","well","Cl",717,"mg/L"
1459,"GS-4","well","Cl",687,"mg/L"
1460,"GS-3","well","Cl",692,"mg/L"
1461,"GS-1","well","Cl",710,"mg/L"
1462,"GS-2","well","Cl",727,"mg/L"
1463,"Mt Rose 1","well","Cl",844,"mg/L"
1464,"Herz 1","well","Cl",416,"mg/L"
1465,"Herz 2","well","Cl",400,"mg/L"
1466,"E Reno","well","Cl",868,"mg/L"
1467,"W Reno","well","Cl",898,"mg/L"
1468,"Senges","well","Cl",826,"mg/L"
1469,"Rodeo","well","Cl",694,"mg/L"
1470,"SB-4","well","Cl",702,"mg/L"
1471,"No. 32","well","Cl",885,"mg/L"
1472,"SSW","well","Cl",870,"mg/L"
1473,"GS-8","well","Cl",860,"mg/L"
1474,"Herz Domestic Well","well","Cl",213,"mg/L"
1475,"Herz Domestic Well","well","Cl",170,"mg/L"
1476,"Herz Domestic Well","well","Cl",177,"mg/L"
1477,"Curti Domestic Well","well","Cl",260,"mg/L"
1478,"Curti Domestic Well","well","Cl",175,"mg/L"
1479,"Curti Domestic Well","well","Cl",164,"mg/L"
1480,"Curti Domestic Well","well","Cl",201,"mg/L"
1481,"Curti Domestic Well","well","Cl",247,"mg/L"
1482,"Herz Domestic Well","well","Cl",13,"mg/L"
1483,"Herz Domestic Well","well","Cl",12,"mg/L"
1484,"Herz Domestic Well","well","Cl",12,"mg/L"
1485,"Herz Domestic Well","well","Cl",13,"mg/L"
1486,"Herz Domestic Well","well","Cl",16,"mg/L"
1487,"Herz Domestic Well","well","Cl",33,"mg/L"
1488,"Herz Domestic Well","well","Cl",40,"mg/L"
1489,"Herz Domestic Well","well","Cl",41,"mg/L"
1490,"Herz Domestic Well","well","Cl",46,"mg/L"
1491,"Herz Domestic Well","well","Cl",59,"mg/L"
1492,"Herz Domestic Well","well","Cl",69,"mg/L"
1493,"Herz Domestic Well","well","Cl",67,"mg/L"
1494,"Herz Domestic Well","well","Cl",80,"mg/L"
1495,"Herz Domestic Well","well","Cl",102,"mg/L"
1496,"Herz Domestic Well","well","Cl",140,"mg/L"
1497,"Herz Domestic Well","well","Cl",144,"mg/L"
1498,"Herz Domestic Well","well","Cl",160,"mg/L"
1499,"Herz Domestic Well","well","Cl",172,"mg/L"
1500,"Herz Domestic Well","well","Cl",184,"mg/L"
1501,"Herz Domestic Well","well","Cl",184,"mg/L"
1502,"Herz Domestic Well","well","Cl",156,"mg/L"
1503,"Herz Domestic Well","well","Cl",184,"mg/L"
1504,"Herz Domestic Well","well","Cl",172,"mg/L"
1505,"Herz Domestic Well","well","Cl",200,"mg/L"
1506,"Herz Domestic Well","well","Cl",156,"mg/L"
1507,"Herz Domestic Well","well","Cl",220,"mg/L"
1508,"Herz Domestic Well","well","Cl",210,"mg/L"
1509,"Herz Domestic Well","well","Cl",273,"mg/L"
1510,"Herz Domestic Well","well","Cl",297,"mg/L"
1511,"Curti Domestic Well","well","Cl",203,"mg/L"
1512,"Curti Domestic Well","well","Cl",230,"mg/L"
1513,"Curti Domestic Well","well","Cl",104,"mg/L"
1514,"Curti Domestic Well","well","Cl",71,"mg/L"
1515,"Curti Domestic Well","well","Cl",135,"mg/L"
1516,"Curti Domestic Well","well","Cl",255,"mg/L"
1517,"Curti Domestic Well","well","Cl",223,"mg/L"
1,"Thomas Creek @ North Timberline Drive &[STBT03Thomas-3]","creek","HCO3",59,"mg/L"
2,"Thomas Creek @ North Timberline Drive &[STBT03Thomas-3]","creek","HCO3",59,"mg/L"
3,"Thomas Creek @ North Timberline Drive &[STBT03Thomas-3]","creek","HCO3",63,"mg/L"
4,"Thomas Creek @ North Timberline Drive &[STBT03Thomas-3]","creek","HCO3",51,"mg/L"
5,"Thomas Creek @ North Timberline Drive &[STBT03Thomas-3]","creek","HCO3",61,"mg/L"
6,"Thomas Creek @ North Timberline Drive &[STBT03Thomas-3]","creek","HCO3",63,"mg/L"
7,"Thomas Creek @ North Timberline Drive &[STBT03Thomas-3]","creek","HCO3",63,"mg/L"
8,"Thomas Creek @ North Timberline Drive &[STBT03Thomas-3]","creek","HCO3",59,"mg/L"
9,"Thomas Creek @ North Timberline Drive &[STBT03Thomas-3]","creek","HCO3",61,"mg/L"
10,"Thomas Creek @ North Timberline Drive &[STBT03Thomas-3]","creek","HCO3",63,"mg/L"
11,"Thomas Creek @ North Timberline Drive &[STBT03Thomas-3]","creek","HCO3",46,"mg/L"
12,"Thomas Creek @ North Timberline Drive &[STBT03Thomas-3]","creek","HCO3",61,"mg/L"
13,"Thomas Creek @ North Timberline Drive &[STBT03Thomas-3]","creek","HCO3",54,"mg/L"
14,"Thomas Creek @ North Timberline Drive &[STBT03Thomas-3]","creek","HCO3",63,"mg/L"
15,"Thomas Creek @ North Timberline Drive &[STBT03Thomas-3]","creek","HCO3",61,"mg/L"
16,"Thomas Creek @ North Timberline Drive &[STBT03Thomas-3]","creek","HCO3",63,"mg/L"
17,"Thomas Creek @ North Timberline Drive &[STBT03Thomas-3]","creek","HCO3",61,"mg/L"
18,"Thomas Creek @ North Timberline Drive &[STBT03Thomas-3]","creek","HCO3",46,"mg/L"
19,"Thomas Creek @ North Timberline Drive &[STBT03Thomas-3]","creek","HCO3",68,"mg/L"
20,"Thomas Creek @ North Timberline Drive &[STBT03Thomas-3]","creek","HCO3",59,"mg/L"
21,"Thomas Creek @ North Timberline Drive &[STBT03Thomas-3]","creek","HCO3",66,"mg/L"
22,"Thomas Creek @ North Timberline Drive &[STBT03Thomas-3]","creek","HCO3",66,"mg/L"
23,"Thomas Creek @ North Timberline Drive &[STBT03Thomas-3]","creek","HCO3",49,"mg/L"
24,"Thomas Creek @ North Timberline Drive &[STBT03Thomas-3]","creek","HCO3",68,"mg/L"
25,"Thomas Creek @ North Timberline Drive &[STBT03Thomas-3]","creek","HCO3",56,"mg/L"
26,"Thomas Creek @ North Timberline Drive &[STBT03Thomas-3]","creek","HCO3",61,"mg/L"
27,"Thomas Creek @ North Timberline Drive &[STBT03Thomas-3]","creek","HCO3",63,"mg/L"
28,"Thomas Creek @ North Timberline Drive &[STBT03Thomas-3]","creek","HCO3",63,"mg/L"
29,"Thomas Creek @ North Timberline Drive &[STBT03Thomas-3]","creek","HCO3",56,"mg/L"
30,"Thomas Creek @ North Timberline Drive &[STBT03Thomas-3]","creek","HCO3",56,"mg/L"
31,"Thomas Creek @ North Timberline Drive &[STBT03Thomas-3]","creek","HCO3",66,"mg/L"
32,"Thomas Creek @ North Timberline Drive &[STBT03Thomas-3]","creek","HCO3",44,"mg/L"
33,"Thomas Creek @ North Timberline Drive &[STBT03Thomas-3]","creek","HCO3",68,"mg/L"
34,"Thomas Creek @ North Timberline Drive &[STBT03Thomas-3]","creek","HCO3",66,"mg/L"
35,"Thomas Creek @ North Timberline Drive &[STBT03Thomas-3]","creek","HCO3",51,"mg/L"
36,"Thomas Creek @ North Timberline Drive &[STBT03Thomas-3]","creek","HCO3",49,"mg/L"
37,"Thomas Creek @ North Timberline Drive &[STBT03Thomas-3]","creek","HCO3",49,"mg/L"
38,"Thomas Creek @ North Timberline Drive &[STBT03Thomas-3]","creek","HCO3",56,"mg/L"
39,"Thomas Creek @ North Timberline Drive &[STBT03Thomas-3]","creek","HCO3",46,"mg/L"
40,"Thomas Creek @ North Timberline Drive &[STBT03Thomas-3]","creek","HCO3",61,"mg/L"
41,"Thomas Creek @ North Timberline Drive &[STBT03Thomas-3]","creek","HCO3",61,"mg/L"
42,"Thomas Creek @ North Timberline Drive &[STBT03Thomas-3]","creek","HCO3",59,"mg/L"
43,"Thomas Creek @ North Timberline Drive &[STBT03Thomas-3]","creek","HCO3",59,"mg/L"
44,"Thomas Creek @ North Timberline Drive &[STBT03Thomas-3]","creek","HCO3",61,"mg/L"
45,"Thomas Creek @ North Timberline Drive &[STBT03Thomas-3]","creek","HCO3",66,"mg/L"
46,"Thomas Creek @ North Timberline Drive &[STBT03Thomas-3]","creek","HCO3",61,"mg/L"
47,"Thomas Creek @ North Timberline Drive &[STBT03Thomas-3]","creek","HCO3",61,"mg/L"
48,"Thomas Creek @ North Timberline Drive &[STBT03Thomas-3]","creek","HCO3",68,"mg/L"
49,"Thomas Creek @ North Timberline Drive &[STBT03Thomas-3]","creek","HCO3",68,"mg/L"
50,"Thomas Creek @ North Timberline Drive &[STBT03Thomas-3]","creek","HCO3",46,"mg/L"
51,"Thomas Creek @ North Timberline Drive &[STBT03Thomas-3]","creek","HCO3",49,"mg/L"
52,"Thomas Creek @ North Timberline Drive &[STBT03Thomas-3]","creek","HCO3",56,"mg/L"
53,"Thomas Creek @ North Timberline Drive &[STBT03Thomas-3]","creek","HCO3",56,"mg/L"
54,"Thomas Creek @ North Timberline Drive &[STBT03Thomas-3]","creek","HCO3",66,"mg/L"
55,"Thomas Creek @ North Timberline Drive &[STBT03Thomas-3]","creek","HCO3",59,"mg/L"
56,"Thomas Creek @ North Timberline Drive &[STBT03Thomas-3]","creek","HCO3",46,"mg/L"
57,"Thomas Creek @ North Timberline Drive &[STBT03Thomas-3]","creek","HCO3",51,"mg/L"
58,"Thomas Creek @ North Timberline Drive &[STBT03Thomas-3]","creek","HCO3",56,"mg/L"
59,"Thomas Creek @ North Timberline Drive &[STBT03Thomas-3]","creek","HCO3",63,"mg/L"
60,"Thomas Creek @ North Timberline Drive &[STBT03Thomas-3]","creek","HCO3",66,"mg/L"
61,"Thomas Creek @ North Timberline Drive &[STBT03Thomas-3]","creek","HCO3",68,"mg/L"
62,"Thomas Creek @ North Timberline Drive &[STBT03Thomas-3]","creek","HCO3",46,"mg/L"
63,"Thomas Creek @ North Timberline Drive &[STBT03Thomas-3]","creek","HCO3",54,"mg/L"
64,"Thomas Creek @ North Timberline Drive &[STBT03Thomas-3]","creek","HCO3",63,"mg/L"
65,"Thomas Creek @ North Timberline Drive &[STBT03Thomas-3]","creek","HCO3",59,"mg/L"
66,"Thomas Creek @ North Timberline Drive &[STBT03Thomas-3]","creek","HCO3",59,"mg/L"
67,"Thomas Creek @ North Timberline Drive &[STBT03Thomas-3]","creek","HCO3",61,"mg/L"
68,"Thomas Creek @ North Timberline Drive &[STBT03Thomas-3]","creek","HCO3",41,"mg/L"
69,"Thomas Creek @ North Timberline Drive &[STBT03Thomas-3]","creek","HCO3",54,"mg/L"
70,"Thomas Creek @ North Timberline Drive &[STBT03Thomas-3]","creek","HCO3",65,"mg/L"
71,"Thomas Creek @ North Timberline Drive &[STBT03Thomas-3]","creek","HCO3",54,"mg/L"
72,"Thomas Creek @ North Timberline Drive &[STBT03Thomas-3]","creek","HCO3",56,"mg/L"
73,"Thomas Creek @ North Timberline Drive &[STBT03Thomas-3]","creek","HCO3",59,"mg/L"
74,"Thomas Creek @ North Timberline Drive &[STBT03Thomas-3]","creek","HCO3",39,"mg/L"
75,"Thomas Creek @ North Timberline Drive &[STBT03Thomas-3]","creek","HCO3",54,"mg/L"
76,"Thomas Creek @ North Timberline Drive &[STBT03Thomas-3]","creek","HCO3",56,"mg/L"
77,"Thomas Creek @ North Timberline Drive &[STBT03Thomas-3]","creek","HCO3",54,"mg/L"
78,"Thomas Creek @ North Timberline Drive &[STBT03Thomas-3]","creek","HCO3",61,"mg/L"
79,"Thomas Creek @ North Timberline Drive &[STBT03Thomas-3]","creek","HCO3",51,"mg/L"
80,"Thomas Creek @ North Timberline Drive &[STBT03Thomas-3]","creek","HCO3",54,"mg/L"
81,"Thomas Creek @ North Timberline Drive &[STBT03Thomas-3]","creek","HCO3",63,"mg/L"
82,"Thomas Creek @ North Timberline Drive &[STBT03Thomas-3]","creek","HCO3",61,"mg/L"
83,"Thomas Creek @ North Timberline Drive &[STBT03Thomas-3]","creek","HCO3",56,"mg/L"
84,"Thomas Creek @ North Timberline Drive &[STBT03Thomas-3]","creek","HCO3",61,"mg/L"
85,"Thomas Creek @ North Timberline Drive &[STBT03Thomas-3]","creek","HCO3",63,"mg/L"
86,"Thomas Creek @ North Timberline Drive &[STBT03Thomas-3]","creek","HCO3",63,"mg/L"
87,"Thomas Creek @ North Timberline Drive &[STBT03Thomas-3]","creek","HCO3",63,"mg/L"
88,"Thomas Creek @ North Timberline Drive &[STBT03Thomas-3]","creek","HCO3",63,"mg/L"
89,"Thomas Creek @ North Timberline Drive &[STBT03Thomas-3]","creek","HCO3",56,"mg/L"
90,"Thomas Creek @ North Timberline Drive &[STBT03Thomas-3]","creek","HCO3",51,"mg/L"
91,"Thomas Creek @ North Timberline Drive &[STBT03Thomas-3]","creek","HCO3",56,"mg/L"
92,"Thomas Creek @ North Timberline Drive &[STBT03Thomas-3]","creek","HCO3",63,"mg/L"
93,"Thomas Creek @ North Timberline Drive &[STBT03Thomas-3]","creek","HCO3",69,"mg/L"
94,"Thomas Creek @ North Timberline Drive &[STBT03Thomas-3]","creek","HCO3",70,"mg/L"
95,"Thomas Creek @ North Timberline Drive &[STBT03Thomas-3]","creek","HCO3",54,"mg/L"
96,"Thomas Creek @ North Timberline Drive &[STBT03Thomas-3]","creek","HCO3",59,"mg/L"
97,"Thomas Creek @ North Timberline Drive &[STBT03Thomas-3]","creek","HCO3",61,"mg/L"
98,"Thomas Creek @ North Timberline Drive &[STBT03Thomas-3]","creek","HCO3",46,"mg/L"
99,"Thomas Creek @ North Timberline Drive &[STBT03Thomas-3]","creek","HCO3",56,"mg/L"
100,"Thomas Creek @ North Timberline Drive &[STBT03Thomas-3]","creek","HCO3",58,"mg/L"
101,"Thomas Creek @ North Timberline Drive &[STBT03Thomas-3]","creek","HCO3",58,"mg/L"
102,"Thomas Creek @ North Timberline Drive &[STBT03Thomas-3]","creek","HCO3",61,"mg/L"
103,"Thomas Creek @ North Timberline Drive &[STBT03Thomas-3]","creek","HCO3",63,"mg/L"
104,"Thomas Creek @ North Timberline Drive &[STBT03Thomas-3]","creek","HCO3",53,"mg/L"
105,"Thomas Creek @ North Timberline Drive &[STBT03Thomas-3]","creek","HCO3",56,"mg/L"
106,"Thomas Creek @ North Timberline Drive &[STBT03Thomas-3]","creek","HCO3",59,"mg/L"
107,"Thomas Creek @ North Timberline Drive &[STBT03Thomas-3]","creek","HCO3",47,"mg/L"
108,"Thomas Creek @ North Timberline Drive &[STBT03Thomas-3]","creek","HCO3",59,"mg/L"
109,"Thomas Creek @ North Timberline Drive &[STBT03Thomas-3]","creek","HCO3",70,"mg/L"
110,"Thomas Creek @ North Timberline Drive &[STBT03Thomas-3]","creek","HCO3",64,"mg/L"
111,"Thomas Creek @ North Timberline Drive &[STBT03Thomas-3]","creek","HCO3",59,"mg/L"
114,"North Fork Whites Creek @ West Zolezzi Lane","creek","HCO3",37,"mg/L"
115,"North Fork Whites Creek @ West Zolezzi Lane","creek","HCO3",37,"mg/L"
116,"North Fork Whites Creek @ West Zolezzi Lane","creek","HCO3",20,"mg/L"
117,"North Fork Whites Creek @ West Zolezzi Lane","creek","HCO3",32,"mg/L"
118,"North Fork Whites Creek @ West Zolezzi Lane","creek","HCO3",39,"mg/L"
119,"North Fork Whites Creek @ West Zolezzi Lane","creek","HCO3",39,"mg/L"
120,"North Fork Whites Creek @ West Zolezzi Lane","creek","HCO3",37,"mg/L"
121,"North Fork Whites Creek @ West Zolezzi Lane","creek","HCO3",34,"mg/L"
122,"North Fork Whites Creek @ West Zolezzi Lane","creek","HCO3",37,"mg/L"
123,"North Fork Whites Creek @ West Zolezzi Lane","creek","HCO3",34,"mg/L"
124,"North Fork Whites Creek @ West Zolezzi Lane","creek","HCO3",34,"mg/L"
125,"Steamboat Creek @ Pleasant Valley &[STBT02Stbt-2]","creek","HCO3",163,"mg/L"
126,"Steamboat Creek @ Pleasant Valley &[STBT02Stbt-2]","creek","HCO3",178,"mg/L"
127,"Steamboat Creek @ Pleasant Valley &[STBT02Stbt-2]","creek","HCO3",183,"mg/L"
128,"Steamboat Creek @ Pleasant Valley &[STBT02Stbt-2]","creek","HCO3",154,"mg/L"
129,"Steamboat Creek @ Pleasant Valley &[STBT02Stbt-2]","creek","HCO3",181,"mg/L"
130,"Steamboat Creek @ Pleasant Valley &[STBT02Stbt-2]","creek","HCO3",212,"mg/L"
131,"Steamboat Creek @ Pleasant Valley &[STBT02Stbt-2]","creek","HCO3",207,"mg/L"
132,"Steamboat Creek @ Pleasant Valley &[STBT02Stbt-2]","creek","HCO3",185,"mg/L"
133,"Steamboat Creek @ Pleasant Valley &[STBT02Stbt-2]","creek","HCO3",154,"mg/L"
134,"Steamboat Creek @ Pleasant Valley &[STBT02Stbt-2]","creek","HCO3",205,"mg/L"
135,"Steamboat Creek @ Pleasant Valley &[STBT02Stbt-2]","creek","HCO3",161,"mg/L"
136,"Steamboat Creek @ Pleasant Valley &[STBT02Stbt-2]","creek","HCO3",181,"mg/L"
137,"Steamboat Creek @ Pleasant Valley &[STBT02Stbt-2]","creek","HCO3",193,"mg/L"
138,"Steamboat Creek @ Pleasant Valley &[STBT02Stbt-2]","creek","HCO3",183,"mg/L"
139,"Steamboat Creek @ Pleasant Valley &[STBT02Stbt-2]","creek","HCO3",161,"mg/L"
140,"Steamboat Creek @ Pleasant Valley &[STBT02Stbt-2]","creek","HCO3",168,"mg/L"
141,"Steamboat Creek @ Pleasant Valley &[STBT02Stbt-2]","creek","HCO3",185,"mg/L"
142,"Steamboat Creek @ Pleasant Valley &[STBT02Stbt-2]","creek","HCO3",195,"mg/L"
143,"Steamboat Creek @ Pleasant Valley &[STBT02Stbt-2]","creek","HCO3",212,"mg/L"
144,"Steamboat Creek @ Pleasant Valley &[STBT02Stbt-2]","creek","HCO3",190,"mg/L"
145,"Steamboat Creek @ Pleasant Valley &[STBT02Stbt-2]","creek","HCO3",173,"mg/L"
146,"Steamboat Creek @ Pleasant Valley &[STBT02Stbt-2]","creek","HCO3",168,"mg/L"
147,"Steamboat Creek @ Pleasant Valley &[STBT02Stbt-2]","creek","HCO3",161,"mg/L"
148,"Steamboat Creek @ Pleasant Valley &[STBT02Stbt-2]","creek","HCO3",198,"mg/L"
149,"Steamboat Creek @ Pleasant Valley &[STBT02Stbt-2]","creek","HCO3",205,"mg/L"
150,"Steamboat Creek @ Pleasant Valley &[STBT02Stbt-2]","creek","HCO3",171,"mg/L"
151,"Steamboat Creek @ Pleasant Valley &[STBT02Stbt-2]","creek","HCO3",168,"mg/L"
152,"Steamboat Creek @ Pleasant Valley &[STBT02Stbt-2]","creek","HCO3",215,"mg/L"
153,"Steamboat Creek @ Pleasant Valley &[STBT02Stbt-2]","creek","HCO3",188,"mg/L"
154,"Steamboat Creek @ Pleasant Valley &[STBT02Stbt-2]","creek","HCO3",163,"mg/L"
155,"Steamboat Creek @ Pleasant Valley &[STBT02Stbt-2]","creek","HCO3",163,"mg/L"
156,"Steamboat Creek @ Pleasant Valley &[STBT02Stbt-2]","creek","HCO3",156,"mg/L"
157,"Steamboat Creek @ Pleasant Valley &[STBT02Stbt-2]","creek","HCO3",146,"mg/L"
158,"Steamboat Creek @ Pleasant Valley &[STBT02Stbt-2]","creek","HCO3",154,"mg/L"
159,"Steamboat Creek @ Pleasant Valley &[STBT02Stbt-2]","creek","HCO3",151,"mg/L"
160,"Steamboat Creek @ Pleasant Valley &[STBT02Stbt-2]","creek","HCO3",156,"mg/L"
161,"Steamboat Creek @ Pleasant Valley &[STBT02Stbt-2]","creek","HCO3",163,"mg/L"
162,"Steamboat Creek @ Pleasant Valley &[STBT02Stbt-2]","creek","HCO3",171,"mg/L"
163,"Steamboat Creek @ Pleasant Valley &[STBT02Stbt-2]","creek","HCO3",168,"mg/L"
164,"Steamboat Creek @ Pleasant Valley &[STBT02Stbt-2]","creek","HCO3",178,"mg/L"
165,"Steamboat Creek @ Pleasant Valley &[STBT02Stbt-2]","creek","HCO3",137,"mg/L"
166,"Steamboat Creek @ Pleasant Valley &[STBT02Stbt-2]","creek","HCO3",137,"mg/L"
167,"Steamboat Creek @ Pleasant Valley &[STBT02Stbt-2]","creek","HCO3",159,"mg/L"
168,"Steamboat Creek @ Pleasant Valley &[STBT02Stbt-2]","creek","HCO3",154,"mg/L"
169,"Steamboat Creek @ Pleasant Valley &[STBT02Stbt-2]","creek","HCO3",163,"mg/L"
170,"Steamboat Creek @ Pleasant Valley &[STBT02Stbt-2]","creek","HCO3",171,"mg/L"
171,"Steamboat Creek @ Pleasant Valley &[STBT02Stbt-2]","creek","HCO3",142,"mg/L"
172,"Steamboat Creek @ Pleasant Valley &[STBT02Stbt-2]","creek","HCO3",134,"mg/L"
173,"Steamboat Creek @ Pleasant Valley &[STBT02Stbt-2]","creek","HCO3",159,"mg/L"
174,"Steamboat Creek @ Pleasant Valley &[STBT02Stbt-2]","creek","HCO3",166,"mg/L"
175,"Steamboat Creek @ Pleasant Valley &[STBT02Stbt-2]","creek","HCO3",159,"mg/L"
176,"Steamboat Creek @ Pleasant Valley &[STBT02Stbt-2]","creek","HCO3",178,"mg/L"
177,"Steamboat Creek @ Pleasant Valley &[STBT02Stbt-2]","creek","HCO3",112,"mg/L"
178,"Steamboat Creek @ Pleasant Valley &[STBT02Stbt-2]","creek","HCO3",159,"mg/L"
179,"Steamboat Creek @ Pleasant Valley &[STBT02Stbt-2]","creek","HCO3",134,"mg/L"
180,"Steamboat Creek @ Pleasant Valley &[STBT02Stbt-2]","creek","HCO3",183,"mg/L"
181,"Steamboat Creek @ Pleasant Valley &[STBT02Stbt-2]","creek","HCO3",183,"mg/L"
182,"Steamboat Creek @ Pleasant Valley &[STBT02Stbt-2]","creek","HCO3",237,"mg/L"
183,"Steamboat Creek @ Pleasant Valley &[STBT02Stbt-2]","creek","HCO3",154,"mg/L"
184,"Steamboat Creek @ Pleasant Valley &[STBT02Stbt-2]","creek","HCO3",129,"mg/L"
185,"Steamboat Creek @ Pleasant Valley &[STBT02Stbt-2]","creek","HCO3",176,"mg/L"
186,"Steamboat Creek @ Pleasant Valley &[STBT02Stbt-2]","creek","HCO3",144,"mg/L"
187,"Steamboat Creek @ Pleasant Valley &[STBT02Stbt-2]","creek","HCO3",176,"mg/L"
188,"Steamboat Creek @ Pleasant Valley &[STBT02Stbt-2]","creek","HCO3",127,"mg/L"
189,"Steamboat Creek @ Pleasant Valley &[STBT02Stbt-2]","creek","HCO3",151,"mg/L"
190,"Steamboat Creek @ Pleasant Valley &[STBT02Stbt-2]","creek","HCO3",159,"mg/L"
191,"Steamboat Creek @ Pleasant Valley &[STBT02Stbt-2]","creek","HCO3",183,"mg/L"
192,"Steamboat Creek @ Pleasant Valley &[STBT02Stbt-2]","creek","HCO3",171,"mg/L"
193,"Steamboat Creek @ Pleasant Valley &[STBT02Stbt-2]","creek","HCO3",232,"mg/L"
194,"Steamboat Creek @ Pleasant Valley &[STBT02Stbt-2]","creek","HCO3",207,"mg/L"
195,"Steamboat Creek @ Pleasant Valley &[STBT02Stbt-2]","creek","HCO3",98,"mg/L"
196,"Steamboat Creek @ Pleasant Valley &[STBT02Stbt-2]","creek","HCO3",176,"mg/L"
197,"Steamboat Creek @ Pleasant Valley &[STBT02Stbt-2]","creek","HCO3",195,"mg/L"
198,"Steamboat Creek @ Pleasant Valley &[STBT02Stbt-2]","creek","HCO3",183,"mg/L"
199,"Steamboat Creek @ Pleasant Valley &[STBT02Stbt-2]","creek","HCO3",234,"mg/L"
200,"Steamboat Creek @ Pleasant Valley &[STBT02Stbt-2]","creek","HCO3",256,"mg/L"
201,"Steamboat Creek @ Pleasant Valley &[STBT02Stbt-2]","creek","HCO3",205,"mg/L"
202,"Steamboat Creek @ Pleasant Valley &[STBT02Stbt-2]","creek","HCO3",193,"mg/L"
203,"Steamboat Creek @ Pleasant Valley &[STBT02Stbt-2]","creek","HCO3",149,"mg/L"
204,"Steamboat Creek @ Pleasant Valley &[STBT02Stbt-2]","creek","HCO3",205,"mg/L"
205,"Steamboat Creek @ Pleasant Valley &[STBT02Stbt-2]","creek","HCO3",322,"mg/L"
206,"Steamboat Creek @ Pleasant Valley &[STBT02Stbt-2]","creek","HCO3",234,"mg/L"
207,"Steamboat Creek @ Pleasant Valley &[STBT02Stbt-2]","creek","HCO3",198,"mg/L"
208,"Steamboat Creek @ Pleasant Valley &[STBT02Stbt-2]","creek","HCO3",190,"mg/L"
209,"Steamboat Creek @ Pleasant Valley &[STBT02Stbt-2]","creek","HCO3",195,"mg/L"
210,"Steamboat Creek @ Pleasant Valley &[STBT02Stbt-2]","creek","HCO3",222,"mg/L"
211,"Steamboat Creek @ Pleasant Valley &[STBT02Stbt-2]","creek","HCO3",224,"mg/L"
212,"Steamboat Creek @ Pleasant Valley &[STBT02Stbt-2]","creek","HCO3",229,"mg/L"
213,"Steamboat Creek @ Pleasant Valley &[STBT02Stbt-2]","creek","HCO3",173,"mg/L"
214,"Steamboat Creek @ Pleasant Valley &[STBT02Stbt-2]","creek","HCO3",161,"mg/L"
215,"Steamboat Creek @ Pleasant Valley &[STBT02Stbt-2]","creek","HCO3",144,"mg/L"
216,"Steamboat Creek @ Pleasant Valley &[STBT02Stbt-2]","creek","HCO3",166,"mg/L"
239,"Middle Fork Whites Creek @ Sage Hill Road","creek","HCO3",118,"mg/L"
240,"Middle Fork Whites Creek @ Sage Hill Road","creek","HCO3",92,"mg/L"
241,"Middle Fork Whites Creek @ Sage Hill Road","creek","HCO3",117,"mg/L"
242,"Middle Fork Whites Creek @ Sage Hill Road","creek","HCO3",67,"mg/L"
243,"Middle Fork Whites Creek @ Sage Hill Road","creek","HCO3",60,"mg/L"
244,"Middle Fork Whites Creek @ Sage Hill Road","creek","HCO3",60,"mg/L"
245,"Middle Fork Whites Creek @ Sage Hill Road","creek","HCO3",90,"mg/L"
246,"Middle Fork Whites Creek @ Sage Hill Road","creek","HCO3",142,"mg/L"
247,"Middle Fork Whites Creek @ Sage Hill Road","creek","HCO3",104,"mg/L"
248,"Middle Fork Whites Creek @ Sage Hill Road","creek","HCO3",128,"mg/L"
250,"Middle Fork Whites Creek @ Sage Hill Road","creek","HCO3",85,"mg/L"
251,"Middle Fork Whites Creek @ Sage Hill Road","creek","HCO3",68,"mg/L"
252,"Middle Fork Whites Creek @ Sage Hill Road","creek","HCO3",137,"mg/L"
253,"Middle Fork Whites Creek @ Sage Hill Road","creek","HCO3",37,"mg/L"
254,"Middle Fork Whites Creek @ Sage Hill Road","creek","HCO3",102,"mg/L"
255,"Middle Fork Whites Creek @ Sage Hill Road","creek","HCO3",148,"mg/L"
256,"Middle Fork Whites Creek @ Sage Hill Road","creek","HCO3",145,"mg/L"
257,"Middle Fork Whites Creek @ Sage Hill Road","creek","HCO3",141,"mg/L"
258,"Middle Fork Whites Creek @ Sage Hill Road","creek","HCO3",146,"mg/L"
265,"Steamboat Creek @ Old Post Office &[STBT02Stbt-3]","creek","HCO3",151,"mg/L"
266,"Steamboat Creek @ Old Post Office &[STBT02Stbt-3]","creek","HCO3",127,"mg/L"
267,"Steamboat Creek @ Old Post Office &[STBT02Stbt-3]","creek","HCO3",95,"mg/L"
268,"Steamboat Creek @ Old Post Office &[STBT02Stbt-3]","creek","HCO3",73,"mg/L"
269,"Steamboat Creek @ Old Post Office &[STBT02Stbt-3]","creek","HCO3",200,"mg/L"
270,"Steamboat Creek @ Old Post Office &[STBT02Stbt-3]","creek","HCO3",154,"mg/L"
271,"Steamboat Creek @ Old Post Office &[STBT02Stbt-3]","creek","HCO3",127,"mg/L"
272,"Steamboat Creek @ Old Post Office &[STBT02Stbt-3]","creek","HCO3",85,"mg/L"
273,"North Fork Whites Creek @ Arrow Creek Parkway","creek","HCO3",34,"mg/L"
274,"North Fork Whites Creek @ Arrow Creek Parkway","creek","HCO3",37,"mg/L"
275,"North Fork Whites Creek @ Arrow Creek Parkway","creek","HCO3",41,"mg/L"
276,"North Fork Whites Creek @ Arrow Creek Parkway","creek","HCO3",25,"mg/L"
277,"North Fork Whites Creek @ Arrow Creek Parkway","creek","HCO3",35,"mg/L"
278,"North Fork Whites Creek @ Arrow Creek Parkway","creek","HCO3",36,"mg/L"
279,"North Fork Whites Creek @ Arrow Creek Parkway","creek","HCO3",25,"mg/L"
280,"North Fork Whites Creek @ Arrow Creek Parkway","creek","HCO3",32,"mg/L"
281,"North Fork Whites Creek @ Arrow Creek Parkway","creek","HCO3",38,"mg/L"
282,"North Fork Whites Creek @ Arrow Creek Parkway","creek","HCO3",39,"mg/L"
283,"North Fork Whites Creek @ Arrow Creek Parkway","creek","HCO3",40,"mg/L"
284,"North Fork Whites Creek @ Arrow Creek Parkway","creek","HCO3",40,"mg/L"
285,"North Fork Whites Creek @ Arrow Creek Parkway","creek","HCO3",37,"mg/L"
286,"North Fork Whites Creek @ Arrow Creek Parkway","creek","HCO3",35,"mg/L"
288,"North Fork Whites Creek @ Arrow Creek Parkway","creek","HCO3",29,"mg/L"
289,"North Fork Whites Creek @ Arrow Creek Parkway","creek","HCO3",32,"mg/L"
290,"North Fork Whites Creek @ Arrow Creek Parkway","creek","HCO3",37,"mg/L"
291,"North Fork Whites Creek @ Arrow Creek Parkway","creek","HCO3",39,"mg/L"
292,"North Fork Whites Creek @ Arrow Creek Parkway","creek","HCO3",41,"mg/L"
293,"North Fork Whites Creek @ Arrow Creek Parkway","creek","HCO3",34,"mg/L"
294,"North Fork Whites Creek @ Arrow Creek Parkway","creek","HCO3",34,"mg/L"
295,"North Fork Whites Creek @ Arrow Creek Parkway","creek","HCO3",26,"mg/L"
296,"North Fork Whites Creek @ Arrow Creek Parkway","creek","HCO3",31,"mg/L"
297,"North Fork Whites Creek @ Arrow Creek Parkway","creek","HCO3",41,"mg/L"
298,"North Fork Whites Creek @ Arrow Creek Parkway","creek","HCO3",34,"mg/L"
299,"North Fork Whites Creek @ Arrow Creek Parkway","creek","HCO3",38,"mg/L"
300,"North Fork Whites Creek @ Arrow Creek Parkway","creek","HCO3",36,"mg/L"
301,"North Fork Whites Creek @ Arrow Creek Parkway","creek","HCO3",36,"mg/L"
309,"South Fork Whites Creek @ Old Virginia Road","creek","HCO3",25,"mg/L"
310,"South Fork Whites Creek @ Old Virginia Road","creek","HCO3",32,"mg/L"
311,"South Fork Whites Creek @ Old Virginia Road","creek","HCO3",47,"mg/L"
312,"South Fork Whites Creek @ Old Virginia Road","creek","HCO3",40,"mg/L"
313,"South Fork Whites Creek @ Old Virginia Road","creek","HCO3",40,"mg/L"
314,"South Fork Whites Creek @ Old Virginia Road","creek","HCO3",41,"mg/L"
315,"South Fork Whites Creek @ Old Virginia Road","creek","HCO3",40,"mg/L"
323,"Steamboat Creek @ Rhodes Road","creek","HCO3",246,"mg/L"
324,"Steamboat Creek @ Rhodes Road","creek","HCO3",198,"mg/L"
325,"Steamboat Creek @ Rhodes Road","creek","HCO3",190,"mg/L"
326,"Steamboat Creek @ Rhodes Road","creek","HCO3",232,"mg/L"
327,"Steamboat Creek @ Rhodes Road","creek","HCO3",249,"mg/L"
328,"Steamboat Creek @ Rhodes Road","creek","HCO3",259,"mg/L"
329,"Steamboat Creek @ Rhodes Road","creek","HCO3",163,"mg/L"
330,"Steamboat Creek @ Rhodes Road","creek","HCO3",188,"mg/L"
331,"Steamboat Creek @ Rhodes Road","creek","HCO3",151,"mg/L"
332,"Steamboat Creek @ Rhodes Road","creek","HCO3",173,"mg/L"
333,"Steamboat Creek @ Rhodes Road","creek","HCO3",110,"mg/L"
334,"Steamboat Creek @ Rhodes Road","creek","HCO3",173,"mg/L"
335,"Steamboat Creek @ Rhodes Road","creek","HCO3",124,"mg/L"
336,"Steamboat Creek @ Rhodes Road","creek","HCO3",166,"mg/L"
337,"Steamboat Creek @ Rhodes Road","creek","HCO3",176,"mg/L"
338,"Steamboat Creek @ Rhodes Road","creek","HCO3",163,"mg/L"
339,"Steamboat Creek @ Rhodes Road","creek","HCO3",193,"mg/L"
340,"Steamboat Creek @ Rhodes Road","creek","HCO3",266,"mg/L"
341,"Steamboat Creek @ Rhodes Road","creek","HCO3",254,"mg/L"
342,"Steamboat Creek @ Rhodes Road","creek","HCO3",190,"mg/L"
343,"Steamboat Creek @ Rhodes Road","creek","HCO3",176,"mg/L"
344,"Steamboat Creek @ Rhodes Road","creek","HCO3",190,"mg/L"
345,"Steamboat Creek @ Rhodes Road","creek","HCO3",105,"mg/L"
346,"Steamboat Creek @ Rhodes Road","creek","HCO3",176,"mg/L"
347,"Steamboat Creek @ Rhodes Road","creek","HCO3",207,"mg/L"
348,"Steamboat Creek @ Rhodes Road","creek","HCO3",176,"mg/L"
349,"Steamboat Creek @ Rhodes Road","creek","HCO3",173,"mg/L"
350,"Steamboat Creek @ Rhodes Road","creek","HCO3",195,"mg/L"
351,"Steamboat Creek @ Rhodes Road","creek","HCO3",246,"mg/L"
352,"Steamboat Creek @ Rhodes Road","creek","HCO3",222,"mg/L"
353,"Steamboat Creek @ Rhodes Road","creek","HCO3",146,"mg/L"
354,"Steamboat Creek @ Rhodes Road","creek","HCO3",159,"mg/L"
355,"Steamboat Creek @ Rhodes Road","creek","HCO3",134,"mg/L"
356,"Steamboat Creek @ Rhodes Road","creek","HCO3",129,"mg/L"
357,"Steamboat Creek @ Rhodes Road","creek","HCO3",115,"mg/L"
358,"Steamboat Creek @ Rhodes Road","creek","HCO3",90,"mg/L"
359,"Steamboat Creek @ Rhodes Road","creek","HCO3",73,"mg/L"
360,"Steamboat Creek @ Rhodes Road","creek","HCO3",137,"mg/L"
361,"Steamboat Creek @ Rhodes Road","creek","HCO3",173,"mg/L"
362,"Steamboat Creek @ Rhodes Road","creek","HCO3",173,"mg/L"
363,"Steamboat Creek @ Rhodes Road","creek","HCO3",134,"mg/L"
364,"Steamboat Creek @ Rhodes Road","creek","HCO3",142,"mg/L"
365,"Steamboat Creek @ Rhodes Road","creek","HCO3",107,"mg/L"
366,"Steamboat Creek @ Rhodes Road","creek","HCO3",132,"mg/L"
367,"Steamboat Creek @ Rhodes Road","creek","HCO3",156,"mg/L"
368,"Steamboat Creek @ Rhodes Road","creek","HCO3",112,"mg/L"
369,"Steamboat Creek @ Rhodes Road","creek","HCO3",142,"mg/L"
370,"Steamboat Creek @ Rhodes Road","creek","HCO3",142,"mg/L"
371,"Steamboat Creek @ Rhodes Road","creek","HCO3",110,"mg/L"
372,"Steamboat Creek @ Rhodes Road","creek","HCO3",34,"mg/L"
373,"Steamboat Creek @ Rhodes Road","creek","HCO3",44,"mg/L"
374,"Steamboat Creek @ Rhodes Road","creek","HCO3",127,"mg/L"
375,"Steamboat Creek @ Rhodes Road","creek","HCO3",137,"mg/L"
376,"Steamboat Creek @ Rhodes Road","creek","HCO3",137,"mg/L"
377,"Steamboat Creek @ Rhodes Road","creek","HCO3",112,"mg/L"
378,"Steamboat Creek @ Rhodes Road","creek","HCO3",120,"mg/L"
379,"Steamboat Creek @ Rhodes Road","creek","HCO3",98,"mg/L"
380,"Steamboat Creek @ Rhodes Road","creek","HCO3",193,"mg/L"
381,"Steamboat Creek @ Rhodes Road","creek","HCO3",144,"mg/L"
382,"Steamboat Creek @ Rhodes Road","creek","HCO3",139,"mg/L"
383,"Steamboat Creek @ Rhodes Road","creek","HCO3",159,"mg/L"
384,"Steamboat Creek @ Rhodes Road","creek","HCO3",122,"mg/L"
385,"Steamboat Creek @ Rhodes Road","creek","HCO3",151,"mg/L"
386,"Steamboat Creek @ Rhodes Road","creek","HCO3",124,"mg/L"
387,"Steamboat Creek @ Rhodes Road","creek","HCO3",154,"mg/L"
388,"Steamboat Creek @ Rhodes Road","creek","HCO3",166,"mg/L"
389,"Steamboat Creek @ Rhodes Road","creek","HCO3",168,"mg/L"
390,"Steamboat Creek @ Rhodes Road","creek","HCO3",129,"mg/L"
391,"Steamboat Creek @ Rhodes Road","creek","HCO3",151,"mg/L"
392,"Steamboat Creek @ Rhodes Road","creek","HCO3",134,"mg/L"
393,"Steamboat Creek @ Rhodes Road","creek","HCO3",137,"mg/L"
394,"Steamboat Creek @ Rhodes Road","creek","HCO3",176,"mg/L"
395,"Steamboat Creek @ Rhodes Road","creek","HCO3",173,"mg/L"
396,"Steamboat Creek @ Rhodes Road","creek","HCO3",122,"mg/L"
397,"Steamboat Creek @ Rhodes Road","creek","HCO3",181,"mg/L"
398,"Steamboat Creek @ Rhodes Road","creek","HCO3",217,"mg/L"
399,"Steamboat Creek @ Rhodes Road","creek","HCO3",203,"mg/L"
400,"Steamboat Creek @ Rhodes Road","creek","HCO3",181,"mg/L"
401,"Steamboat Creek @ Rhodes Road","creek","HCO3",117,"mg/L"
402,"Steamboat Creek @ Rhodes Road","creek","HCO3",95,"mg/L"
403,"Steamboat Creek @ Rhodes Road","creek","HCO3",295,"mg/L"
404,"Steamboat Creek @ Rhodes Road","creek","HCO3",222,"mg/L"
405,"Steamboat Creek @ Rhodes Road","creek","HCO3",200,"mg/L"
406,"Steamboat Creek @ Rhodes Road","creek","HCO3",178,"mg/L"
407,"Steamboat Creek @ Rhodes Road","creek","HCO3",195,"mg/L"
408,"Steamboat Creek @ Rhodes Road","creek","HCO3",151,"mg/L"
409,"Steamboat Creek @ Rhodes Road","creek","HCO3",195,"mg/L"
410,"Steamboat Creek @ Rhodes Road","creek","HCO3",171,"mg/L"
411,"Steamboat Creek @ Rhodes Road","creek","HCO3",183,"mg/L"
412,"Steamboat Creek @ Rhodes Road","creek","HCO3",112,"mg/L"
413,"Steamboat Creek @ Rhodes Road","creek","HCO3",102,"mg/L"
414,"Steamboat Creek @ Rhodes Road","creek","HCO3",145,"mg/L"
415,"Steamboat Creek @ Rhodes Road","creek","HCO3",184,"mg/L"
416,"Steamboat Creek @ Rhodes Road","creek","HCO3",135,"mg/L"
417,"Steamboat Creek @ Rhodes Road","creek","HCO3",100,"mg/L"
418,"Steamboat Creek @ Rhodes Road","creek","HCO3",181,"mg/L"
419,"Steamboat Creek @ Rhodes Road","creek","HCO3",171,"mg/L"
420,"Steamboat Creek @ Rhodes Road","creek","HCO3",61,"mg/L"
421,"Steamboat Creek @ Rhodes Road","creek","HCO3",101,"mg/L"
422,"Steamboat Creek @ Rhodes Road","creek","HCO3",131,"mg/L"
423,"Steamboat Creek @ Rhodes Road","creek","HCO3",115,"mg/L"
424,"Steamboat Creek @ Rhodes Road","creek","HCO3",118,"mg/L"
425,"Steamboat Creek @ Rhodes Road","creek","HCO3",144,"mg/L"
426,"Steamboat Creek @ Rhodes Road","creek","HCO3",137,"mg/L"
427,"Steamboat Creek @ Rhodes Road","creek","HCO3",67,"mg/L"
428,"Steamboat Creek @ Rhodes Road","creek","HCO3",133,"mg/L"
429,"Steamboat Creek @ Rhodes Road","creek","HCO3",78,"mg/L"
430,"Steamboat Creek @ Rhodes Road","creek","HCO3",169,"mg/L"
432,"Steamboat Creek @ Rhodes Road","creek","HCO3",182,"mg/L"
433,"Steamboat Creek @ Rhodes Road","creek","HCO3",156,"mg/L"
434,"Steamboat Creek @ Rhodes Road","creek","HCO3",176,"mg/L"
435,"Steamboat Creek @ Rhodes Road","creek","HCO3",59,"mg/L"
436,"Steamboat Creek @ Rhodes Road","creek","HCO3",92,"mg/L"
437,"Steamboat Creek @ Rhodes Road","creek","HCO3",328,"mg/L"
438,"Steamboat Creek @ Rhodes Road","creek","HCO3",172,"mg/L"
439,"Steamboat Creek @ Rhodes Road","creek","HCO3",163,"mg/L"
440,"Steamboat Creek @ Rhodes Road","creek","HCO3",193,"mg/L"
441,"Steamboat Creek @ Rhodes Road","creek","HCO3",145,"mg/L"
469,"Steamboat Ditch @ Rhodes Road","creek","HCO3",110,"mg/L"
470,"Steamboat Ditch @ Rhodes Road","creek","HCO3",54,"mg/L"
471,"Steamboat Ditch @ Rhodes Road","creek","HCO3",51,"mg/L"
472,"Steamboat Ditch @ Rhodes Road","creek","HCO3",63,"mg/L"
473,"Steamboat Ditch @ Rhodes Road","creek","HCO3",37,"mg/L"
474,"Steamboat Ditch @ Rhodes Road","creek","HCO3",61,"mg/L"
475,"Steamboat Ditch @ Rhodes Road","creek","HCO3",49,"mg/L"
476,"Steamboat Ditch @ Rhodes Road","creek","HCO3",44,"mg/L"
477,"Steamboat Ditch @ Rhodes Road","creek","HCO3",61,"mg/L"
478,"Steamboat Ditch @ Rhodes Road","creek","HCO3",24,"mg/L"
479,"Steamboat Ditch @ Rhodes Road","creek","HCO3",46,"mg/L"
480,"Steamboat Ditch @ Rhodes Road","creek","HCO3",29,"mg/L"
481,"Steamboat Ditch @ Rhodes Road","creek","HCO3",41,"mg/L"
482,"Steamboat Ditch @ Rhodes Road","creek","HCO3",41,"mg/L"
483,"Steamboat Ditch @ Rhodes Road","creek","HCO3",41,"mg/L"
484,"Steamboat Ditch @ Rhodes Road","creek","HCO3",46,"mg/L"
485,"Steamboat Ditch @ Rhodes Road","creek","HCO3",39,"mg/L"
486,"Steamboat Ditch @ Rhodes Road","creek","HCO3",49,"mg/L"
487,"Steamboat Ditch @ Rhodes Road","creek","HCO3",44,"mg/L"
488,"Steamboat Ditch @ Rhodes Road","creek","HCO3",22,"mg/L"
489,"Steamboat Ditch @ Rhodes Road","creek","HCO3",39,"mg/L"
490,"Steamboat Ditch @ Rhodes Road","creek","HCO3",51,"mg/L"
491,"Steamboat Ditch @ Rhodes Road","creek","HCO3",41,"mg/L"
492,"Steamboat Ditch @ Rhodes Road","creek","HCO3",54,"mg/L"
493,"Steamboat Ditch @ Rhodes Road","creek","HCO3",41,"mg/L"
494,"Steamboat Ditch @ Rhodes Road","creek","HCO3",54,"mg/L"
495,"Steamboat Ditch @ Rhodes Road","creek","HCO3",49,"mg/L"
496,"Steamboat Ditch @ Rhodes Road","creek","HCO3",41,"mg/L"
497,"Steamboat Ditch @ Rhodes Road","creek","HCO3",84,"mg/L"
498,"Steamboat Ditch @ Rhodes Road","creek","HCO3",41,"mg/L"
499,"Steamboat Ditch @ Rhodes Road","creek","HCO3",49,"mg/L"
500,"Steamboat Ditch @ Rhodes Road","creek","HCO3",46,"mg/L"
501,"Steamboat Ditch @ Rhodes Road","creek","HCO3",54,"mg/L"
502,"Steamboat Ditch @ Rhodes Road","creek","HCO3",54,"mg/L"
503,"Steamboat Ditch @ Rhodes Road","creek","HCO3",51,"mg/L"
504,"Steamboat Ditch @ Rhodes Road","creek","HCO3",59,"mg/L"
505,"Steamboat Ditch @ Rhodes Road","creek","HCO3",39,"mg/L"
506,"Steamboat Ditch @ Rhodes Road","creek","HCO3",41,"mg/L"
507,"Steamboat Ditch @ Rhodes Road","creek","HCO3",57,"mg/L"
508,"Steamboat Ditch @ Rhodes Road","creek","HCO3",56,"mg/L"
510,"Steamboat Creek @ Geiger Grade","creek","HCO3",300,"mg/L"
511,"Steamboat Creek @ Geiger Grade","creek","HCO3",300,"mg/L"
512,"Steamboat Creek @ Geiger Grade","creek","HCO3",207,"mg/L"
513,"Steamboat Creek @ Geiger Grade","creek","HCO3",227,"mg/L"
514,"Steamboat Creek @ Geiger Grade","creek","HCO3",207,"mg/L"
515,"Steamboat Creek @ Geiger Grade","creek","HCO3",220,"mg/L"
516,"Steamboat Creek @ Geiger Grade","creek","HCO3",271,"mg/L"
517,"Steamboat Creek @ Geiger Grade","creek","HCO3",239,"mg/L"
518,"Steamboat Creek @ Geiger Grade","creek","HCO3",171,"mg/L"
519,"Steamboat Creek @ Geiger Grade","creek","HCO3",193,"mg/L"
520,"Steamboat Creek @ Geiger Grade","creek","HCO3",117,"mg/L"
521,"Steamboat Creek @ Geiger Grade","creek","HCO3",159,"mg/L"
522,"Steamboat Creek @ Geiger Grade","creek","HCO3",78,"mg/L"
523,"Steamboat Creek @ Geiger Grade","creek","HCO3",181,"mg/L"
524,"Steamboat Creek @ Geiger Grade","creek","HCO3",185,"mg/L"
525,"Steamboat Creek @ Geiger Grade","creek","HCO3",188,"mg/L"
526,"Steamboat Creek @ Geiger Grade","creek","HCO3",222,"mg/L"
527,"Steamboat Creek @ Geiger Grade","creek","HCO3",307,"mg/L"
528,"Steamboat Creek @ Geiger Grade","creek","HCO3",283,"mg/L"
529,"Steamboat Creek @ Geiger Grade","creek","HCO3",181,"mg/L"
530,"Steamboat Creek @ Geiger Grade","creek","HCO3",200,"mg/L"
531,"Steamboat Creek @ Geiger Grade","creek","HCO3",120,"mg/L"
532,"Steamboat Creek @ Geiger Grade","creek","HCO3",290,"mg/L"
533,"Steamboat Creek @ Geiger Grade","creek","HCO3",315,"mg/L"
534,"Steamboat Creek @ Geiger Grade","creek","HCO3",198,"mg/L"
535,"Steamboat Creek @ Geiger Grade","creek","HCO3",190,"mg/L"
536,"Steamboat Creek @ Geiger Grade","creek","HCO3",232,"mg/L"
537,"Steamboat Creek @ Geiger Grade","creek","HCO3",278,"mg/L"
538,"Steamboat Creek @ Geiger Grade","creek","HCO3",205,"mg/L"
539,"Steamboat Creek @ Geiger Grade","creek","HCO3",105,"mg/L"
540,"Steamboat Creek @ Geiger Grade","creek","HCO3",173,"mg/L"
541,"Steamboat Creek @ Geiger Grade","creek","HCO3",122,"mg/L"
542,"Steamboat Creek @ Geiger Grade","creek","HCO3",85,"mg/L"
543,"Steamboat Creek @ Geiger Grade","creek","HCO3",95,"mg/L"
544,"Steamboat Creek @ Geiger Grade","creek","HCO3",127,"mg/L"
545,"Steamboat Creek @ Geiger Grade","creek","HCO3",176,"mg/L"
546,"Steamboat Creek @ Geiger Grade","creek","HCO3",146,"mg/L"
547,"Steamboat Creek @ Geiger Grade","creek","HCO3",154,"mg/L"
548,"Steamboat Creek @ Geiger Grade","creek","HCO3",122,"mg/L"
550,"Steamboat Creek @ Geiger Grade","creek","HCO3",237,"mg/L"
551,"Steamboat Creek @ Geiger Grade","creek","HCO3",239,"mg/L"
552,"Steamboat Creek @ Geiger Grade","creek","HCO3",163,"mg/L"
553,"Steamboat Creek @ Geiger Grade","creek","HCO3",173,"mg/L"
554,"Steamboat Creek @ Geiger Grade","creek","HCO3",149,"mg/L"
555,"Steamboat Creek @ Geiger Grade","creek","HCO3",49,"mg/L"
556,"Steamboat Creek @ Geiger Grade","creek","HCO3",68,"mg/L"
557,"Steamboat Creek @ Geiger Grade","creek","HCO3",107,"mg/L"
558,"Steamboat Creek @ Geiger Grade","creek","HCO3",156,"mg/L"
559,"Steamboat Creek @ Geiger Grade","creek","HCO3",156,"mg/L"
560,"Steamboat Creek @ Geiger Grade","creek","HCO3",129,"mg/L"
561,"Steamboat Creek @ Geiger Grade","creek","HCO3",110,"mg/L"
562,"Steamboat Creek @ Geiger Grade","creek","HCO3",110,"mg/L"
563,"Steamboat Creek @ Geiger Grade","creek","HCO3",200,"mg/L"
564,"Steamboat Creek @ Geiger Grade","creek","HCO3",149,"mg/L"
565,"Steamboat Creek @ Geiger Grade","creek","HCO3",139,"mg/L"
566,"Steamboat Creek @ Geiger Grade","creek","HCO3",161,"mg/L"
567,"Steamboat Creek @ Geiger Grade","creek","HCO3",117,"mg/L"
568,"Steamboat Creek @ Geiger Grade","creek","HCO3",134,"mg/L"
569,"Steamboat Creek @ Geiger Grade","creek","HCO3",183,"mg/L"
570,"Steamboat Creek @ Geiger Grade","creek","HCO3",178,"mg/L"
571,"Steamboat Creek @ Geiger Grade","creek","HCO3",176,"mg/L"
572,"Steamboat Creek @ Geiger Grade","creek","HCO3",181,"mg/L"
573,"Steamboat Creek @ Geiger Grade","creek","HCO3",132,"mg/L"
574,"Steamboat Creek @ Geiger Grade","creek","HCO3",205,"mg/L"
575,"Steamboat Creek @ Geiger Grade","creek","HCO3",146,"mg/L"
576,"Steamboat Creek @ Geiger Grade","creek","HCO3",156,"mg/L"
577,"Steamboat Creek @ Geiger Grade","creek","HCO3",181,"mg/L"
578,"Steamboat Creek @ Geiger Grade","creek","HCO3",173,"mg/L"
579,"Steamboat Creek @ Geiger Grade","creek","HCO3",124,"mg/L"
580,"Steamboat Creek @ Geiger Grade","creek","HCO3",193,"mg/L"
581,"Steamboat Creek @ Geiger Grade","creek","HCO3",246,"mg/L"
582,"Steamboat Creek @ Geiger Grade","creek","HCO3",217,"mg/L"
583,"Steamboat Creek @ Geiger Grade","creek","HCO3",210,"mg/L"
584,"Steamboat Creek @ Geiger Grade","creek","HCO3",127,"mg/L"
585,"Steamboat Creek @ Geiger Grade","creek","HCO3",120,"mg/L"
586,"Steamboat Creek @ Geiger Grade","creek","HCO3",215,"mg/L"
587,"Steamboat Creek @ Geiger Grade","creek","HCO3",205,"mg/L"
588,"Steamboat Creek @ Geiger Grade","creek","HCO3",224,"mg/L"
589,"Steamboat Creek @ Geiger Grade","creek","HCO3",122,"mg/L"
590,"Steamboat Creek @ Geiger Grade","creek","HCO3",107,"mg/L"
591,"Steamboat Creek @ Geiger Grade","creek","HCO3",95,"mg/L"
592,"Steamboat Creek @ Geiger Grade","creek","HCO3",188,"mg/L"
593,"Steamboat Creek @ Geiger Grade","creek","HCO3",237,"mg/L"
594,"Steamboat Creek @ Geiger Grade","creek","HCO3",156,"mg/L"
595,"Steamboat Creek @ Geiger Grade","creek","HCO3",61,"mg/L"
596,"Steamboat Creek @ Geiger Grade","creek","HCO3",160,"mg/L"
597,"Steamboat Creek @ Geiger Grade","creek","HCO3",165,"mg/L"
598,"Steamboat Creek @ Geiger Grade","creek","HCO3",139,"mg/L"
599,"Steamboat Creek @ Geiger Grade","creek","HCO3",198,"mg/L"
600,"Steamboat Creek @ Geiger Grade","creek","HCO3",215,"mg/L"
601,"Steamboat Creek @ Geiger Grade","creek","HCO3",155,"mg/L"
602,"Steamboat Creek @ Geiger Grade","creek","HCO3",92,"mg/L"
603,"Steamboat Creek @ Geiger Grade","creek","HCO3",101,"mg/L"
604,"Steamboat Creek @ Geiger Grade","creek","HCO3",176,"mg/L"
606,"Steamboat Creek @ Geiger Grade","creek","HCO3",218,"mg/L"
607,"Steamboat Creek @ Geiger Grade","creek","HCO3",200,"mg/L"
608,"Steamboat Creek @ Geiger Grade","creek","HCO3",64,"mg/L"
609,"Steamboat Creek @ Geiger Grade","creek","HCO3",154,"mg/L"
610,"Steamboat Creek @ Geiger Grade","creek","HCO3",180,"mg/L"
611,"Steamboat Creek @ Geiger Grade","creek","HCO3",159,"mg/L"
627,"Whites Creek @ North Timberline Drive","creek","HCO3",37,"mg/L"
628,"Whites Creek @ North Timberline Drive","creek","HCO3",32,"mg/L"
629,"Whites Creek @ North Timberline Drive","creek","HCO3",41,"mg/L"
630,"Whites Creek @ North Timberline Drive","creek","HCO3",32,"mg/L"
631,"Whites Creek @ North Timberline Drive","creek","HCO3",34,"mg/L"
632,"Whites Creek @ North Timberline Drive","creek","HCO3",39,"mg/L"
633,"Whites Creek @ North Timberline Drive","creek","HCO3",39,"mg/L"
634,"Whites Creek @ North Timberline Drive","creek","HCO3",34,"mg/L"
635,"Whites Creek @ North Timberline Drive","creek","HCO3",39,"mg/L"
636,"Whites Creek @ North Timberline Drive","creek","HCO3",44,"mg/L"
637,"Whites Creek @ North Timberline Drive","creek","HCO3",27,"mg/L"
638,"Whites Creek @ North Timberline Drive","creek","HCO3",29,"mg/L"
639,"Whites Creek @ North Timberline Drive","creek","HCO3",37,"mg/L"
640,"Whites Creek @ North Timberline Drive","creek","HCO3",29,"mg/L"
641,"Whites Creek @ North Timberline Drive","creek","HCO3",37,"mg/L"
642,"Whites Creek @ North Timberline Drive","creek","HCO3",39,"mg/L"
643,"Whites Creek @ North Timberline Drive","creek","HCO3",32,"mg/L"
644,"Whites Creek @ North Timberline Drive","creek","HCO3",39,"mg/L"
645,"Whites Creek @ North Timberline Drive","creek","HCO3",39,"mg/L"
646,"Whites Creek @ North Timberline Drive","creek","HCO3",37,"mg/L"
647,"Whites Creek @ North Timberline Drive","creek","HCO3",39,"mg/L"
648,"Whites Creek @ North Timberline Drive","creek","HCO3",39,"mg/L"
649,"Whites Creek @ North Timberline Drive","creek","HCO3",24,"mg/L"
650,"Whites Creek @ North Timberline Drive","creek","HCO3",34,"mg/L"
651,"Whites Creek @ North Timberline Drive","creek","HCO3",39,"mg/L"
652,"Whites Creek @ North Timberline Drive","creek","HCO3",37,"mg/L"
653,"Whites Creek @ North Timberline Drive","creek","HCO3",37,"mg/L"
654,"Whites Creek @ North Timberline Drive","creek","HCO3",37,"mg/L"
655,"Whites Creek @ North Timberline Drive","creek","HCO3",27,"mg/L"
656,"Whites Creek @ North Timberline Drive","creek","HCO3",39,"mg/L"
657,"Whites Creek @ North Timberline Drive","creek","HCO3",27,"mg/L"
658,"Whites Creek @ North Timberline Drive","creek","HCO3",37,"mg/L"
659,"Whites Creek @ North Timberline Drive","creek","HCO3",37,"mg/L"
660,"Whites Creek @ North Timberline Drive","creek","HCO3",29,"mg/L"
661,"Whites Creek @ North Timberline Drive","creek","HCO3",32,"mg/L"
662,"Whites Creek @ North Timberline Drive","creek","HCO3",24,"mg/L"
663,"Whites Creek @ North Timberline Drive","creek","HCO3",24,"mg/L"
664,"Whites Creek @ North Timberline Drive","creek","HCO3",27,"mg/L"
665,"Whites Creek @ North Timberline Drive","creek","HCO3",34,"mg/L"
666,"Whites Creek @ North Timberline Drive","creek","HCO3",37,"mg/L"
667,"Whites Creek @ North Timberline Drive","creek","HCO3",37,"mg/L"
668,"Whites Creek @ North Timberline Drive","creek","HCO3",37,"mg/L"
669,"Whites Creek @ North Timberline Drive","creek","HCO3",37,"mg/L"
670,"Whites Creek @ North Timberline Drive","creek","HCO3",34,"mg/L"
671,"Whites Creek @ North Timberline Drive","creek","HCO3",34,"mg/L"
672,"Whites Creek @ North Timberline Drive","creek","HCO3",37,"mg/L"
673,"Whites Creek @ North Timberline Drive","creek","HCO3",37,"mg/L"
674,"Whites Creek @ North Timberline Drive","creek","HCO3",29,"mg/L"
675,"Whites Creek @ North Timberline Drive","creek","HCO3",46,"mg/L"
676,"Whites Creek @ North Timberline Drive","creek","HCO3",24,"mg/L"
677,"Whites Creek @ North Timberline Drive","creek","HCO3",24,"mg/L"
678,"Whites Creek @ North Timberline Drive","creek","HCO3",34,"mg/L"
679,"Whites Creek @ North Timberline Drive","creek","HCO3",34,"mg/L"
680,"Whites Creek @ North Timberline Drive","creek","HCO3",44,"mg/L"
681,"Whites Creek @ North Timberline Drive","creek","HCO3",39,"mg/L"
682,"Whites Creek @ North Timberline Drive","creek","HCO3",24,"mg/L"
683,"Whites Creek @ North Timberline Drive","creek","HCO3",34,"mg/L"
684,"Whites Creek @ North Timberline Drive","creek","HCO3",34,"mg/L"
685,"Whites Creek @ North Timberline Drive","creek","HCO3",39,"mg/L"
686,"Whites Creek @ North Timberline Drive","creek","HCO3",39,"mg/L"
687,"Whites Creek @ North Timberline Drive","creek","HCO3",49,"mg/L"
688,"Whites Creek @ North Timberline Drive","creek","HCO3",27,"mg/L"
689,"Whites Creek @ North Timberline Drive","creek","HCO3",37,"mg/L"
690,"Whites Creek @ North Timberline Drive","creek","HCO3",39,"mg/L"
691,"Whites Creek @ North Timberline Drive","creek","HCO3",39,"mg/L"
692,"Whites Creek @ North Timberline Drive","creek","HCO3",39,"mg/L"
693,"Whites Creek @ North Timberline Drive","creek","HCO3",41,"mg/L"
694,"Whites Creek @ North Timberline Drive","creek","HCO3",24,"mg/L"
695,"Whites Creek @ North Timberline Drive","creek","HCO3",27,"mg/L"
696,"Whites Creek @ North Timberline Drive","creek","HCO3",37,"mg/L"
697,"Whites Creek @ North Timberline Drive","creek","HCO3",34,"mg/L"
698,"Whites Creek @ North Timberline Drive","creek","HCO3",34,"mg/L"
699,"Whites Creek @ North Timberline Drive","creek","HCO3",39,"mg/L"
700,"Whites Creek @ North Timberline Drive","creek","HCO3",20,"mg/L"
701,"Whites Creek @ North Timberline Drive","creek","HCO3",32,"mg/L"
702,"Whites Creek @ North Timberline Drive","creek","HCO3",34,"mg/L"
703,"Whites Creek @ North Timberline Drive","creek","HCO3",32,"mg/L"
704,"Whites Creek @ North Timberline Drive","creek","HCO3",37,"mg/L"
705,"Whites Creek @ North Timberline Drive","creek","HCO3",37,"mg/L"
706,"Whites Creek @ North Timberline Drive","creek","HCO3",27,"mg/L"
707,"Whites Creek @ North Timberline Drive","creek","HCO3",34,"mg/L"
708,"Whites Creek @ North Timberline Drive","creek","HCO3",37,"mg/L"
709,"Whites Creek @ North Timberline Drive","creek","HCO3",37,"mg/L"
710,"Whites Creek @ North Timberline Drive","creek","HCO3",37,"mg/L"
711,"Whites Creek @ North Timberline Drive","creek","HCO3",37,"mg/L"
712,"Whites Creek @ North Timberline Drive","creek","HCO3",37,"mg/L"
713,"Whites Creek @ North Timberline Drive","creek","HCO3",37,"mg/L"
714,"Whites Creek @ North Timberline Drive","creek","HCO3",39,"mg/L"
715,"Whites Creek @ North Timberline Drive","creek","HCO3",37,"mg/L"
716,"Whites Creek @ North Timberline Drive","creek","HCO3",29,"mg/L"
717,"Whites Creek @ North Timberline Drive","creek","HCO3",37,"mg/L"
718,"Whites Creek @ North Timberline Drive","creek","HCO3",39,"mg/L"
719,"Whites Creek @ North Timberline Drive","creek","HCO3",43,"mg/L"
720,"Whites Creek @ North Timberline Drive","creek","HCO3",27,"mg/L"
721,"Whites Creek @ North Timberline Drive","creek","HCO3",34,"mg/L"
722,"Whites Creek @ North Timberline Drive","creek","HCO3",36,"mg/L"
723,"Whites Creek @ North Timberline Drive","creek","HCO3",28,"mg/L"
724,"Whites Creek @ North Timberline Drive","creek","HCO3",34,"mg/L"
725,"Whites Creek @ North Timberline Drive","creek","HCO3",39,"mg/L"
726,"Whites Creek @ North Timberline Drive","creek","HCO3",40,"mg/L"
727,"Whites Creek @ North Timberline Drive","creek","HCO3",39,"mg/L"
728,"Whites Creek @ North Timberline Drive","creek","HCO3",41,"mg/L"
729,"Whites Creek @ North Timberline Drive","creek","HCO3",35,"mg/L"
730,"Whites Creek @ North Timberline Drive","creek","HCO3",35,"mg/L"
731,"Whites Creek @ North Timberline Drive","creek","HCO3",37,"mg/L"
732,"Whites Creek @ North Timberline Drive","creek","HCO3",26,"mg/L"
733,"Whites Creek @ North Timberline Drive","creek","HCO3",34,"mg/L"
734,"Whites Creek @ North Timberline Drive","creek","HCO3",37,"mg/L"
735,"Whites Creek @ North Timberline Drive","creek","HCO3",36,"mg/L"
736,"Whites Creek @ North Timberline Drive","creek","HCO3",36,"mg/L"
737,"Steamboat Creek north of the USGS gage off of Rhodes Road","creek","HCO3",67,"mg/L"
738,"Thomas Creek above Arrowhead Parkway &[TC111]","creek","HCO3",59,"mg/L"
748,"Whites Creek above Thomas Creek Road &[WC-11]","creek","HCO3",27,"mg/L"
112,"Thomas Creek @ North Timberline Drive &[STBT03Thomas-3]","creek","K",3.6,"mg/L"
217,"Steamboat Creek @ Pleasant Valley &[STBT02Stbt-2]","creek","K",6,"mg/L"
218,"Steamboat Creek @ Pleasant Valley &[STBT02Stbt-2]","creek","K",6,"mg/L"
219,"Steamboat Creek @ Pleasant Valley &[STBT02Stbt-2]","creek","K",5,"mg/L"
220,"Steamboat Creek @ Pleasant Valley &[STBT02Stbt-2]","creek","K",4.3,"mg/L"
221,"Steamboat Creek @ Pleasant Valley &[STBT02Stbt-2]","creek","K",4.9,"mg/L"
222,"Steamboat Creek @ Pleasant Valley &[STBT02Stbt-2]","creek","K",5,"mg/L"
224,"Steamboat Creek @ Pleasant Valley &[STBT02Stbt-2]","creek","K",5,"mg/L"
225,"Steamboat Creek @ Pleasant Valley &[STBT02Stbt-2]","creek","K",3.4,"mg/L"
226,"Steamboat Creek @ Pleasant Valley &[STBT02Stbt-2]","creek","K",6,"mg/L"
227,"Steamboat Creek @ Pleasant Valley &[STBT02Stbt-2]","creek","K",5,"mg/L"
228,"Steamboat Creek @ Pleasant Valley &[STBT02Stbt-2]","creek","K",3,"mg/L"
229,"Steamboat Creek @ Pleasant Valley &[STBT02Stbt-2]","creek","K",4.8,"mg/L"
231,"Steamboat Creek @ Pleasant Valley &[STBT02Stbt-2]","creek","K",6,"mg/L"
232,"Steamboat Creek @ Pleasant Valley &[STBT02Stbt-2]","creek","K",6,"mg/L"
233,"Steamboat Creek @ Pleasant Valley &[STBT02Stbt-2]","creek","K",7,"mg/L"
235,"Steamboat Creek @ Pleasant Valley &[STBT02Stbt-2]","creek","K",6,"mg/L"
237,"Steamboat Creek @ Pleasant Valley &[STBT02Stbt-2]","creek","K",5.5,"mg/L"
238,"Steamboat Creek @ Pleasant Valley &[STBT02Stbt-2]","creek","K",11,"mg/L"
260,"Middle Fork Whites Creek @ Sage Hill Road","creek","K",3.1,"mg/L"
262,"Middle Fork Whites Creek @ Sage Hill Road","creek","K",12.5,"mg/L"
264,"Middle Fork Whites Creek @ Sage Hill Road","creek","K",6,"mg/L"
303,"North Fork Whites Creek @ Arrow Creek Parkway","creek","K",1.4,"mg/L"
304,"North Fork Whites Creek @ Arrow Creek Parkway","creek","K",1.5,"mg/L"
307,"North Fork Whites Creek @ Arrow Creek Parkway","creek","K",1.4,"mg/L"
308,"North Fork Whites Creek @ Arrow Creek Parkway","creek","K",1.7,"mg/L"
317,"South Fork Whites Creek @ Old Virginia Road","creek","K",1.5,"mg/L"
318,"South Fork Whites Creek @ Old Virginia Road","creek","K",1.8,"mg/L"
320,"South Fork Whites Creek @ Old Virginia Road","creek","K",1.4,"mg/L"
321,"Steamboat Creek @ So. Meadows Pkwy","creek","K",6,"mg/L"
442,"Steamboat Creek @ Rhodes Road","creek","K",6,"mg/L"
444,"Steamboat Creek @ Rhodes Road","creek","K",6,"mg/L"
445,"Steamboat Creek @ Rhodes Road","creek","K",7,"mg/L"
446,"Steamboat Creek @ Rhodes Road","creek","K",6,"mg/L"
447,"Steamboat Creek @ Rhodes Road","creek","K",6,"mg/L"
448,"Steamboat Creek @ Rhodes Road","creek","K",5,"mg/L"
449,"Steamboat Creek @ Rhodes Road","creek","K",2.6,"mg/L"
450,"Steamboat Creek @ Rhodes Road","creek","K",7,"mg/L"
451,"Steamboat Creek @ Rhodes Road","creek","K",6,"mg/L"
452,"Steamboat Creek @ Rhodes Road","creek","K",4.2,"mg/L"
453,"Steamboat Creek @ Rhodes Road","creek","K",4.6,"mg/L"
455,"Steamboat Creek @ Rhodes Road","creek","K",5,"mg/L"
456,"Steamboat Creek @ Rhodes Road","creek","K",5,"mg/L"
457,"Steamboat Creek @ Rhodes Road","creek","K",10,"mg/L"
458,"Steamboat Creek @ Rhodes Road","creek","K",6,"mg/L"
460,"Steamboat Creek @ Rhodes Road","creek","K",4.9,"mg/L"
462,"Steamboat Creek @ Rhodes Road","creek","K",4.6,"mg/L"
463,"Steamboat Creek @ Rhodes Road","creek","K",4.6,"mg/L"
464,"Steamboat Creek @ Rhodes Road","creek","K",3.7,"mg/L"
465,"Steamboat Creek @ Rhodes Road","creek","K",6,"mg/L"
466,"Steamboat Creek @ Rhodes Road","creek","K",12,"mg/L"
467,"Steamboat Creek @ Rhodes Road","creek","K",8.7,"mg/L"
509,"Steamboat Ditch @ Rhodes Road","creek","K",1.1,"mg/L"
612,"Steamboat Creek @ Geiger Grade","creek","K",11.3,"mg/L"
613,"Steamboat Creek @ Geiger Grade","creek","K",8,"mg/L"
615,"Steamboat Creek @ Geiger Grade","creek","K",9,"mg/L"
616,"Steamboat Creek @ Geiger Grade","creek","K",5,"mg/L"
617,"Steamboat Creek @ Geiger Grade","creek","K",5,"mg/L"
619,"Steamboat Creek @ Geiger Grade","creek","K",5,"mg/L"
620,"Steamboat Creek @ Geiger Grade","creek","K",6,"mg/L"
621,"Steamboat Creek @ Geiger Grade","creek","K",8,"mg/L"
622,"Steamboat Creek @ Geiger Grade","creek","K",7,"mg/L"
624,"Steamboat Creek @ Geiger Grade","creek","K",6,"mg/L"
626,"Steamboat Creek @ Geiger Grade","creek","K",8.3,"mg/L"
741,"Thomas Creek above Arrowhead Parkway &[TC111]","creek","K",3.1,"mg/L"
743,"Thomas Creek above Arrowhead Parkway &[TC111]","creek","K",3.3,"mg/L"
744,"Thomas Creek above Arrowhead Parkway &[TC111]","creek","K",3.2,"mg/L"
745,"Thomas Creek above Arrowhead Parkway &[TC111]","creek","K",4.1,"mg/L"
747,"Thomas Creek above Arrowhead Parkway &[TC111]","creek","K",3.9,"mg/L"
749,"Whites Creek above Thomas Creek Road &[WC-11]","creek","K",1.2,"mg/L"
752,"Whites Creek above Thomas Creek Road &[WC-11]","creek","K",1.1,"mg/L"
753,"Whites Creek above Thomas Creek Road &[WC-11]","creek","K",1.4,"mg/L"
754,"Whites Creek above Thomas Creek Road &[WC-11]","creek","K",1.4,"mg/L"
755,"Whites Creek above Thomas Creek Road &[WC-11]","creek","K",1.8,"mg/L"
819,"SBRR","transect","K",3.84,"mg/L"
818,"SBBV","transect","K",13.45,"mg/L"
816,"SBF_0001","fumarole","K",48.6,"mg/L"
821,"SBW_0001","well","K",33.3,"mg/L"
815,"SBW_0002","well","K",55.5,"mg/L"
825,"SBS_0001","spring","K",49.4,"mg/L"
820,"SBS_0002","seep","K",47.7,"mg/L"
822,"SBS_0003","spring","K",54.9,"mg/L"
827,"Soccer Field Monitoring Well","well","K",25,"mg/L"
828,"Eich Well","well","K",41,"mg/L"
829,"Boyd Domestic Well","well","K",1.6,"mg/L"
830,"Jeppson Geothermal Well","well","K",13,"mg/L"
831,"Rogers Domestic Well","well","K",2.2,"mg/L"
832,"Soccer Field Monitoring Well","well","K",25,"mg/L"
833,"Eich Well","well","K",38,"mg/L"
834,"Boyd Domestic Well","well","K",3.8,"mg/L"
835,"Jeppson Geothermal Well","well","K",13,"mg/L"
836,"Rogers Domestic Well","well","K",2.4,"mg/L"
837,"CPI production well 21-5","well","K",56,"mg/L"
838,"CPI production well 83A-6","well","K",63,"mg/L"
839,"CPI injection well Cox 1-1 (Cox well)","well","K",56,"mg/L"
840,"SB GEO production well PW-1","well","K",59,"mg/L"
841,"SB GEO production well PW-2","well","K",59,"mg/L"
842,"SB GEO production well PW-3","well","K",62,"mg/L"
843,"Hot spring 6, main terrace ACEC","spring","K",65,"mg/L"
845,"New seep adjacent to well GS-5 (1991)","seep","K",68,"mg/L"
848,"23-5 (Mariner & Janik 1995; = Wells '23-5')","well","K",22,"mg/L"
849,"23-5 (Mariner & Janik 1995; = Wells '23-5')","well","K",86,"mg/L"
850,"23-5 (Mariner & Janik 1995; = Wells '23-5')","well","K",90,"mg/L"
851,"23-5 (Mariner & Janik 1995; = Wells '23-5')","well","K",87,"mg/L"
852,"23-5 (Mariner & Janik 1995; = Wells '23-5')","well","K",87,"mg/L"
853,"83A-6 (Mariner & Janik 1995; = Wells '83A-6')","well","K",80,"mg/L"
854,"83A-6 (Mariner & Janik 1995; = Wells '83A-6')","well","K",74,"mg/L"
855,"83A-6 (Mariner & Janik 1995; = Wells '83A-6')","well","K",79,"mg/L"
856,"21-5 (Mariner & Janik 1995; = Wells '21-5R')","well","K",64,"mg/L"
857,"21-5 (Mariner & Janik 1995; = Wells '21-5R')","well","K",62,"mg/L"
858,"21-5 (Mariner & Janik 1995; = Wells '21-5R')","well","K",62,"mg/L"
859,"21-5 (Mariner & Janik 1995; = Wells '21-5R')","well","K",61,"mg/L"
860,"13-5 (Mariner & Janik 1995; = Wells '13-5R')","well","K",58,"mg/L"
861,"Cox I-1 (Mariner & Janik 1995; = Wells 'Cox I-1')","well","K",88,"mg/L"
862,"Cox I-1 (Mariner & Janik 1995; = Wells 'Cox I-1')","well","K",77,"mg/L"
863,"Cox I-1 (Mariner & Janik 1995; = Wells 'Cox I-1')","well","K",79,"mg/L"
864,"GS-5 (Mariner & Janik 1995; = Wells 'GS-5')","well","K",64,"mg/L"
865,"GS-5 (Mariner & Janik 1995; = Wells 'GS-5')","well","K",66,"mg/L"
866,"GS-5 (Mariner & Janik 1995; = Wells 'GS-5')","well","K",68,"mg/L"
867,"PW-1 (Mariner & Janik 1995; = Wells 'PW-1')","well","K",56,"mg/L"
868,"PW-1 (Mariner & Janik 1995; = Wells 'PW-1')","well","K",59,"mg/L"
869,"PW-1 (Mariner & Janik 1995; = Wells 'PW-1')","well","K",53,"mg/L"
870,"PW-1 (Mariner & Janik 1995; = Wells 'PW-1')","well","K",55,"mg/L"
871,"PW-2 (Mariner & Janik 1995; = Wells 'PW-2')","well","K",59,"mg/L"
872,"PW-2 (Mariner & Janik 1995; = Wells 'PW-2')","well","K",61,"mg/L"
873,"PW-2 (Mariner & Janik 1995; = Wells 'PW-2')","well","K",60,"mg/L"
874,"PW-2 (Mariner & Janik 1995; = Wells 'PW-2')","well","K",54,"mg/L"
875,"PW-3 (Mariner & Janik 1995; = Wells 'PW-3')","well","K",56,"mg/L"
876,"PW-3 (Mariner & Janik 1995; = Wells 'PW-3')","well","K",60,"mg/L"
877,"PW2-1 (Mariner & Janik 1995; = Wells 'PW 2-1')","well","K",53,"mg/L"
878,"PW2-1 (Mariner & Janik 1995; = Wells 'PW 2-1')","well","K",53,"mg/L"
879,"PW2-2 (Mariner & Janik 1995; = Wells 'PW 2-2')","well","K",50,"mg/L"
880,"PW2-2 (Mariner & Janik 1995; = Wells 'PW 2-2')","well","K",48,"mg/L"
881,"PW2-2 (Mariner & Janik 1995; = Wells 'PW 2-2')","well","K",49,"mg/L"
882,"PW2-3 (Mariner & Janik 1995; = Wells 'PW 2-3')","well","K",53,"mg/L"
883,"PW2-3 (Mariner & Janik 1995; = Wells 'PW 2-3')","well","K",52,"mg/L"
884,"PW2-4 (Mariner & Janik 1995; = Wells 'PW 2-4')","well","K",51,"mg/L"
885,"PW2-4 (Mariner & Janik 1995; = Wells 'PW 2-4')","well","K",46,"mg/L"
886,"PW2-4 (Mariner & Janik 1995; = Wells 'PW 2-4')","well","K",50,"mg/L"
887,"PW2-5 (Mariner & Janik 1995; = Wells 'PW 2-5')","well","K",53,"mg/L"
888,"PW2-5 (Mariner & Janik 1995; = Wells 'PW 2-5')","well","K",53,"mg/L"
889,"PW2-5 (Mariner & Janik 1995; = Wells 'PW 2-5')","well","K",51,"mg/L"
890,"PW3-1 (Mariner & Janik 1995; = Wells 'PW 3-1')","well","K",55,"mg/L"
891,"PW3-1 (Mariner & Janik 1995; = Wells 'PW 3-1')","well","K",50,"mg/L"
892,"PW3-1 (Mariner & Janik 1995; = Wells 'PW 3-1')","well","K",49,"mg/L"
893,"PW3-2 (Mariner & Janik 1995; = Wells 'PW 3-2')","well","K",54,"mg/L"
894,"PW3-2 (Mariner & Janik 1995; = Wells 'PW 3-2')","well","K",49,"mg/L"
895,"PW3-3 (Mariner & Janik 1995; = Wells 'PW 3-3')","well","K",54,"mg/L"
896,"PW3-3 (Mariner & Janik 1995; = Wells 'PW 3-3')","well","K",50,"mg/L"
897,"PW3-3 (Mariner & Janik 1995; = Wells 'PW 3-3')","well","K",49,"mg/L"
898,"PW3-4 (Mariner & Janik 1995; = Wells 'PW 3-4')","well","K",52,"mg/L"
899,"PW3-4 (Mariner & Janik 1995; = Wells 'PW 3-4')","well","K",48,"mg/L"
900,"PW3-4 (Mariner & Janik 1995; = Wells 'PW 3-4')","well","K",50,"mg/L"
901,"IW-3 (Mariner & Janik 1995; = Wells 'IW-3')","well","K",56,"mg/L"
902,"IW-3 (Mariner & Janik 1995; = Wells 'IW-3')","well","K",59,"mg/L"
903,"IW-5 (Mariner & Janik 1995; = Wells '46-28')","well","K",51,"mg/L"
904,"Stuart","well","K",9,"mg/L"
905,"Stuart","well","K",9.2,"mg/L"
906,"Stuart","well","K",9.5,"mg/L"
907,"Stuart","well","K",9.5,"mg/L"
908,"Brown's School (Mariner & Janik 1995; = Wells 'Brown School Geothermal Well')","well","K",34,"mg/L"
909,"Brown's School (Mariner & Janik 1995; = Wells 'Brown School Geothermal Well')","well","K",41,"mg/L"
910,"Brown's School (Mariner & Janik 1995; = Wells 'Brown School Geothermal Well')","well","K",44,"mg/L"
911,"Brown's School (Mariner & Janik 1995; = Wells 'Brown School Geothermal Well')","well","K",46,"mg/L"
912,"Curti Domestic Well","well","K",42,"mg/L"
913,"Steinhardt Geothermal Well (narrative Cl trend)","well","K",17,"mg/L"
914,"Peigh","well","K",4.2,"mg/L"
915,"Herz Domestic Well","well","K",13,"mg/L"
916,"Stmgid 4","well","K",3.2,"mg/L"
917,"Galena Ck. Pk.","creek","K",4,"mg/L"
918,"Thomas Ck.S.","creek","K",5.7,"mg/L"
919,"Tick Spr.","spring","K",0.4,"mg/L"
920,"Jumbo Gr. S.","spring","K",1.2,"mg/L"
921,"Tahoe Mdw.","spring","K",1.6,"mg/L"
922,"Third Ck. Spr.","spring","K",2.2,"mg/L"
72,"Thomas Creek @ North Timberline Drive &[STBT03Thomas-3]","creek","Mg",3,"mg/L"
75,"Thomas Creek @ North Timberline Drive &[STBT03Thomas-3]","creek","Mg",3,"mg/L"
78,"Thomas Creek @ North Timberline Drive &[STBT03Thomas-3]","creek","Mg",4,"mg/L"
81,"Thomas Creek @ North Timberline Drive &[STBT03Thomas-3]","creek","Mg",4,"mg/L"
86,"Thomas Creek @ North Timberline Drive &[STBT03Thomas-3]","creek","Mg",4,"mg/L"
88,"Thomas Creek @ North Timberline Drive &[STBT03Thomas-3]","creek","Mg",4,"mg/L"
91,"Thomas Creek @ North Timberline Drive &[STBT03Thomas-3]","creek","Mg",5,"mg/L"
94,"Thomas Creek @ North Timberline Drive &[STBT03Thomas-3]","creek","Mg",5,"mg/L"
96,"Thomas Creek @ North Timberline Drive &[STBT03Thomas-3]","creek","Mg",5,"mg/L"
98,"Thomas Creek @ North Timberline Drive &[STBT03Thomas-3]","creek","Mg",5,"mg/L"
101,"Thomas Creek @ North Timberline Drive &[STBT03Thomas-3]","creek","Mg",5,"mg/L"
103,"Thomas Creek @ North Timberline Drive &[STBT03Thomas-3]","creek","Mg",5,"mg/L"
105,"Thomas Creek @ North Timberline Drive &[STBT03Thomas-3]","creek","Mg",5,"mg/L"
107,"Thomas Creek @ North Timberline Drive &[STBT03Thomas-3]","creek","Mg",5,"mg/L"
109,"Thomas Creek @ North Timberline Drive &[STBT03Thomas-3]","creek","Mg",5,"mg/L"
111,"Thomas Creek @ North Timberline Drive &[STBT03Thomas-3]","creek","Mg",5,"mg/L"
112,"Thomas Creek @ North Timberline Drive &[STBT03Thomas-3]","creek","Mg",3.6,"mg/L"
116,"North Fork Whites Creek @ West Zolezzi Lane","creek","Mg",1,"mg/L"
121,"North Fork Whites Creek @ West Zolezzi Lane","creek","Mg",2,"mg/L"
196,"Steamboat Creek @ Pleasant Valley &[STBT02Stbt-2]","creek","Mg",8,"mg/L"
199,"Steamboat Creek @ Pleasant Valley &[STBT02Stbt-2]","creek","Mg",11,"mg/L"
202,"Steamboat Creek @ Pleasant Valley &[STBT02Stbt-2]","creek","Mg",11,"mg/L"
205,"Steamboat Creek @ Pleasant Valley &[STBT02Stbt-2]","creek","Mg",15,"mg/L"
208,"Steamboat Creek @ Pleasant Valley &[STBT02Stbt-2]","creek","Mg",11,"mg/L"
211,"Steamboat Creek @ Pleasant Valley &[STBT02Stbt-2]","creek","Mg",12,"mg/L"
213,"Steamboat Creek @ Pleasant Valley &[STBT02Stbt-2]","creek","Mg",10,"mg/L"
216,"Steamboat Creek @ Pleasant Valley &[STBT02Stbt-2]","creek","Mg",9,"mg/L"
217,"Steamboat Creek @ Pleasant Valley &[STBT02Stbt-2]","creek","Mg",10,"mg/L"
218,"Steamboat Creek @ Pleasant Valley &[STBT02Stbt-2]","creek","Mg",10,"mg/L"
219,"Steamboat Creek @ Pleasant Valley &[STBT02Stbt-2]","creek","Mg",9,"mg/L"
220,"Steamboat Creek @ Pleasant Valley &[STBT02Stbt-2]","creek","Mg",9,"mg/L"
221,"Steamboat Creek @ Pleasant Valley &[STBT02Stbt-2]","creek","Mg",9,"mg/L"
222,"Steamboat Creek @ Pleasant Valley &[STBT02Stbt-2]","creek","Mg",11,"mg/L"
224,"Steamboat Creek @ Pleasant Valley &[STBT02Stbt-2]","creek","Mg",10,"mg/L"
225,"Steamboat Creek @ Pleasant Valley &[STBT02Stbt-2]","creek","Mg",6,"mg/L"
226,"Steamboat Creek @ Pleasant Valley &[STBT02Stbt-2]","creek","Mg",10,"mg/L"
227,"Steamboat Creek @ Pleasant Valley &[STBT02Stbt-2]","creek","Mg",9,"mg/L"
228,"Steamboat Creek @ Pleasant Valley &[STBT02Stbt-2]","creek","Mg",4.2,"mg/L"
229,"Steamboat Creek @ Pleasant Valley &[STBT02Stbt-2]","creek","Mg",5,"mg/L"
231,"Steamboat Creek @ Pleasant Valley &[STBT02Stbt-2]","creek","Mg",8,"mg/L"
232,"Steamboat Creek @ Pleasant Valley &[STBT02Stbt-2]","creek","Mg",6,"mg/L"
233,"Steamboat Creek @ Pleasant Valley &[STBT02Stbt-2]","creek","Mg",13.1,"mg/L"
235,"Steamboat Creek @ Pleasant Valley &[STBT02Stbt-2]","creek","Mg",10,"mg/L"
237,"Steamboat Creek @ Pleasant Valley &[STBT02Stbt-2]","creek","Mg",9.7,"mg/L"
238,"Steamboat Creek @ Pleasant Valley &[STBT02Stbt-2]","creek","Mg",14,"mg/L"
239,"Middle Fork Whites Creek @ Sage Hill Road","creek","Mg",6,"mg/L"
241,"Middle Fork Whites Creek @ Sage Hill Road","creek","Mg",6,"mg/L"
243,"Middle Fork Whites Creek @ Sage Hill Road","creek","Mg",5,"mg/L"
245,"Middle Fork Whites Creek @ Sage Hill Road","creek","Mg",5,"mg/L"
246,"Middle Fork Whites Creek @ Sage Hill Road","creek","Mg",6,"mg/L"
247,"Middle Fork Whites Creek @ Sage Hill Road","creek","Mg",5,"mg/L"
249,"Middle Fork Whites Creek @ Sage Hill Road","creek","Mg",7,"mg/L"
250,"Middle Fork Whites Creek @ Sage Hill Road","creek","Mg",5,"mg/L"
251,"Middle Fork Whites Creek @ Sage Hill Road","creek","Mg",5,"mg/L"
252,"Middle Fork Whites Creek @ Sage Hill Road","creek","Mg",6,"mg/L"
253,"Middle Fork Whites Creek @ Sage Hill Road","creek","Mg",5,"mg/L"
254,"Middle Fork Whites Creek @ Sage Hill Road","creek","Mg",6,"mg/L"
255,"Middle Fork Whites Creek @ Sage Hill Road","creek","Mg",8,"mg/L"
257,"Middle Fork Whites Creek @ Sage Hill Road","creek","Mg",10,"mg/L"
260,"Middle Fork Whites Creek @ Sage Hill Road","creek","Mg",3.3,"mg/L"
262,"Middle Fork Whites Creek @ Sage Hill Road","creek","Mg",10.6,"mg/L"
264,"Middle Fork Whites Creek @ Sage Hill Road","creek","Mg",6,"mg/L"
272,"Steamboat Creek @ Old Post Office &[STBT02Stbt-3]","creek","Mg",5,"mg/L"
275,"North Fork Whites Creek @ Arrow Creek Parkway","creek","Mg",5,"mg/L"
277,"North Fork Whites Creek @ Arrow Creek Parkway","creek","Mg",5,"mg/L"
279,"North Fork Whites Creek @ Arrow Creek Parkway","creek","Mg",5,"mg/L"
282,"North Fork Whites Creek @ Arrow Creek Parkway","creek","Mg",5,"mg/L"
284,"North Fork Whites Creek @ Arrow Creek Parkway","creek","Mg",5,"mg/L"
286,"North Fork Whites Creek @ Arrow Creek Parkway","creek","Mg",5,"mg/L"
288,"North Fork Whites Creek @ Arrow Creek Parkway","creek","Mg",5,"mg/L"
290,"North Fork Whites Creek @ Arrow Creek Parkway","creek","Mg",5,"mg/L"
292,"North Fork Whites Creek @ Arrow Creek Parkway","creek","Mg",5,"mg/L"
293,"North Fork Whites Creek @ Arrow Creek Parkway","creek","Mg",5,"mg/L"
295,"North Fork Whites Creek @ Arrow Creek Parkway","creek","Mg",5,"mg/L"
296,"North Fork Whites Creek @ Arrow Creek Parkway","creek","Mg",5,"mg/L"
297,"North Fork Whites Creek @ Arrow Creek Parkway","creek","Mg",5,"mg/L"
299,"North Fork Whites Creek @ Arrow Creek Parkway","creek","Mg",5,"mg/L"
301,"North Fork Whites Creek @ Arrow Creek Parkway","creek","Mg",5,"mg/L"
303,"North Fork Whites Creek @ Arrow Creek Parkway","creek","Mg",1.6,"mg/L"
304,"North Fork Whites Creek @ Arrow Creek Parkway","creek","Mg",1.9,"mg/L"
307,"North Fork Whites Creek @ Arrow Creek Parkway","creek","Mg",1.8,"mg/L"
308,"North Fork Whites Creek @ Arrow Creek Parkway","creek","Mg",1.8,"mg/L"
309,"South Fork Whites Creek @ Old Virginia Road","creek","Mg",5,"mg/L"
310,"South Fork Whites Creek @ Old Virginia Road","creek","Mg",5,"mg/L"
311,"South Fork Whites Creek @ Old Virginia Road","creek","Mg",5,"mg/L"
313,"South Fork Whites Creek @ Old Virginia Road","creek","Mg",5,"mg/L"
315,"South Fork Whites Creek @ Old Virginia Road","creek","Mg",5,"mg/L"
317,"South Fork Whites Creek @ Old Virginia Road","creek","Mg",2.2,"mg/L"
318,"South Fork Whites Creek @ Old Virginia Road","creek","Mg",2,"mg/L"
320,"South Fork Whites Creek @ Old Virginia Road","creek","Mg",1.7,"mg/L"
321,"Steamboat Creek @ So. Meadows Pkwy","creek","Mg",6,"mg/L"
362,"Steamboat Creek @ Rhodes Road","creek","Mg",11,"mg/L"
394,"Steamboat Creek @ Rhodes Road","creek","Mg",9,"mg/L"
396,"Steamboat Creek @ Rhodes Road","creek","Mg",6,"mg/L"
397,"Steamboat Creek @ Rhodes Road","creek","Mg",9,"mg/L"
398,"Steamboat Creek @ Rhodes Road","creek","Mg",11,"mg/L"
399,"Steamboat Creek @ Rhodes Road","creek","Mg",12,"mg/L"
400,"Steamboat Creek @ Rhodes Road","creek","Mg",11,"mg/L"
401,"Steamboat Creek @ Rhodes Road","creek","Mg",7,"mg/L"
402,"Steamboat Creek @ Rhodes Road","creek","Mg",5,"mg/L"
403,"Steamboat Creek @ Rhodes Road","creek","Mg",15,"mg/L"
404,"Steamboat Creek @ Rhodes Road","creek","Mg",13,"mg/L"
405,"Steamboat Creek @ Rhodes Road","creek","Mg",12,"mg/L"
406,"Steamboat Creek @ Rhodes Road","creek","Mg",11,"mg/L"
407,"Steamboat Creek @ Rhodes Road","creek","Mg",12,"mg/L"
408,"Steamboat Creek @ Rhodes Road","creek","Mg",9,"mg/L"
409,"Steamboat Creek @ Rhodes Road","creek","Mg",11,"mg/L"
410,"Steamboat Creek @ Rhodes Road","creek","Mg",10,"mg/L"
411,"Steamboat Creek @ Rhodes Road","creek","Mg",11,"mg/L"
412,"Steamboat Creek @ Rhodes Road","creek","Mg",7,"mg/L"
413,"Steamboat Creek @ Rhodes Road","creek","Mg",6,"mg/L"
416,"Steamboat Creek @ Rhodes Road","creek","Mg",10,"mg/L"
418,"Steamboat Creek @ Rhodes Road","creek","Mg",11,"mg/L"
420,"Steamboat Creek @ Rhodes Road","creek","Mg",5,"mg/L"
421,"Steamboat Creek @ Rhodes Road","creek","Mg",6,"mg/L"
422,"Steamboat Creek @ Rhodes Road","creek","Mg",9,"mg/L"
423,"Steamboat Creek @ Rhodes Road","creek","Mg",7,"mg/L"
424,"Steamboat Creek @ Rhodes Road","creek","Mg",7,"mg/L"
425,"Steamboat Creek @ Rhodes Road","creek","Mg",10,"mg/L"
427,"Steamboat Creek @ Rhodes Road","creek","Mg",5,"mg/L"
428,"Steamboat Creek @ Rhodes Road","creek","Mg",8,"mg/L"
429,"Steamboat Creek @ Rhodes Road","creek","Mg",5,"mg/L"
431,"Steamboat Creek @ Rhodes Road","creek","Mg",10,"mg/L"
432,"Steamboat Creek @ Rhodes Road","creek","Mg",12,"mg/L"
433,"Steamboat Creek @ Rhodes Road","creek","Mg",9,"mg/L"
434,"Steamboat Creek @ Rhodes Road","creek","Mg",11,"mg/L"
435,"Steamboat Creek @ Rhodes Road","creek","Mg",5,"mg/L"
436,"Steamboat Creek @ Rhodes Road","creek","Mg",6,"mg/L"
437,"Steamboat Creek @ Rhodes Road","creek","Mg",16,"mg/L"
438,"Steamboat Creek @ Rhodes Road","creek","Mg",11,"mg/L"
439,"Steamboat Creek @ Rhodes Road","creek","Mg",11,"mg/L"
441,"Steamboat Creek @ Rhodes Road","creek","Mg",10,"mg/L"
442,"Steamboat Creek @ Rhodes Road","creek","Mg",10.5,"mg/L"
444,"Steamboat Creek @ Rhodes Road","creek","Mg",11.2,"mg/L"
445,"Steamboat Creek @ Rhodes Road","creek","Mg",15,"mg/L"
446,"Steamboat Creek @ Rhodes Road","creek","Mg",11,"mg/L"
447,"Steamboat Creek @ Rhodes Road","creek","Mg",12,"mg/L"
448,"Steamboat Creek @ Rhodes Road","creek","Mg",10,"mg/L"
449,"Steamboat Creek @ Rhodes Road","creek","Mg",3.5,"mg/L"
450,"Steamboat Creek @ Rhodes Road","creek","Mg",16,"mg/L"
451,"Steamboat Creek @ Rhodes Road","creek","Mg",11,"mg/L"
452,"Steamboat Creek @ Rhodes Road","creek","Mg",6,"mg/L"
453,"Steamboat Creek @ Rhodes Road","creek","Mg",5,"mg/L"
455,"Steamboat Creek @ Rhodes Road","creek","Mg",8,"mg/L"
456,"Steamboat Creek @ Rhodes Road","creek","Mg",6,"mg/L"
457,"Steamboat Creek @ Rhodes Road","creek","Mg",12.6,"mg/L"
458,"Steamboat Creek @ Rhodes Road","creek","Mg",10,"mg/L"
460,"Steamboat Creek @ Rhodes Road","creek","Mg",8,"mg/L"
462,"Steamboat Creek @ Rhodes Road","creek","Mg",9,"mg/L"
463,"Steamboat Creek @ Rhodes Road","creek","Mg",9.3,"mg/L"
464,"Steamboat Creek @ Rhodes Road","creek","Mg",6.5,"mg/L"
465,"Steamboat Creek @ Rhodes Road","creek","Mg",9.9,"mg/L"
466,"Steamboat Creek @ Rhodes Road","creek","Mg",14,"mg/L"
467,"Steamboat Creek @ Rhodes Road","creek","Mg",10,"mg/L"
498,"Steamboat Ditch @ Rhodes Road","creek","Mg",3,"mg/L"
499,"Steamboat Ditch @ Rhodes Road","creek","Mg",3,"mg/L"
500,"Steamboat Ditch @ Rhodes Road","creek","Mg",3,"mg/L"
501,"Steamboat Ditch @ Rhodes Road","creek","Mg",3,"mg/L"
502,"Steamboat Ditch @ Rhodes Road","creek","Mg",3,"mg/L"
503,"Steamboat Ditch @ Rhodes Road","creek","Mg",3,"mg/L"
504,"Steamboat Ditch @ Rhodes Road","creek","Mg",3,"mg/L"
505,"Steamboat Ditch @ Rhodes Road","creek","Mg",2,"mg/L"
506,"Steamboat Ditch @ Rhodes Road","creek","Mg",5,"mg/L"
507,"Steamboat Ditch @ Rhodes Road","creek","Mg",5,"mg/L"
509,"Steamboat Ditch @ Rhodes Road","creek","Mg",2.7,"mg/L"
545,"Steamboat Creek @ Geiger Grade","creek","Mg",11,"mg/L"
549,"Steamboat Creek @ Geiger Grade","creek","Mg",4,"mg/L"
577,"Steamboat Creek @ Geiger Grade","creek","Mg",9,"mg/L"
579,"Steamboat Creek @ Geiger Grade","creek","Mg",6,"mg/L"
580,"Steamboat Creek @ Geiger Grade","creek","Mg",8,"mg/L"
581,"Steamboat Creek @ Geiger Grade","creek","Mg",9,"mg/L"
582,"Steamboat Creek @ Geiger Grade","creek","Mg",10,"mg/L"
583,"Steamboat Creek @ Geiger Grade","creek","Mg",11,"mg/L"
584,"Steamboat Creek @ Geiger Grade","creek","Mg",7,"mg/L"
585,"Steamboat Creek @ Geiger Grade","creek","Mg",5,"mg/L"
586,"Steamboat Creek @ Geiger Grade","creek","Mg",10,"mg/L"
587,"Steamboat Creek @ Geiger Grade","creek","Mg",10,"mg/L"
588,"Steamboat Creek @ Geiger Grade","creek","Mg",10,"mg/L"
589,"Steamboat Creek @ Geiger Grade","creek","Mg",4,"mg/L"
590,"Steamboat Creek @ Geiger Grade","creek","Mg",3,"mg/L"
591,"Steamboat Creek @ Geiger Grade","creek","Mg",3,"mg/L"
592,"Steamboat Creek @ Geiger Grade","creek","Mg",9,"mg/L"
593,"Steamboat Creek @ Geiger Grade","creek","Mg",9,"mg/L"
594,"Steamboat Creek @ Geiger Grade","creek","Mg",6,"mg/L"
596,"Steamboat Creek @ Geiger Grade","creek","Mg",12,"mg/L"
597,"Steamboat Creek @ Geiger Grade","creek","Mg",8,"mg/L"
598,"Steamboat Creek @ Geiger Grade","creek","Mg",7,"mg/L"
599,"Steamboat Creek @ Geiger Grade","creek","Mg",13,"mg/L"
600,"Steamboat Creek @ Geiger Grade","creek","Mg",9,"mg/L"
602,"Steamboat Creek @ Geiger Grade","creek","Mg",5,"mg/L"
603,"Steamboat Creek @ Geiger Grade","creek","Mg",6,"mg/L"
605,"Steamboat Creek @ Geiger Grade","creek","Mg",8,"mg/L"
606,"Steamboat Creek @ Geiger Grade","creek","Mg",9,"mg/L"
607,"Steamboat Creek @ Geiger Grade","creek","Mg",10,"mg/L"
608,"Steamboat Creek @ Geiger Grade","creek","Mg",5,"mg/L"
609,"Steamboat Creek @ Geiger Grade","creek","Mg",7,"mg/L"
610,"Steamboat Creek @ Geiger Grade","creek","Mg",11,"mg/L"
611,"Steamboat Creek @ Geiger Grade","creek","Mg",8,"mg/L"
612,"Steamboat Creek @ Geiger Grade","creek","Mg",7,"mg/L"
613,"Steamboat Creek @ Geiger Grade","creek","Mg",5,"mg/L"
615,"Steamboat Creek @ Geiger Grade","creek","Mg",9,"mg/L"
616,"Steamboat Creek @ Geiger Grade","creek","Mg",6,"mg/L"
617,"Steamboat Creek @ Geiger Grade","creek","Mg",6,"mg/L"
619,"Steamboat Creek @ Geiger Grade","creek","Mg",8,"mg/L"
620,"Steamboat Creek @ Geiger Grade","creek","Mg",7,"mg/L"
621,"Steamboat Creek @ Geiger Grade","creek","Mg",9,"mg/L"
622,"Steamboat Creek @ Geiger Grade","creek","Mg",10,"mg/L"
624,"Steamboat Creek @ Geiger Grade","creek","Mg",8,"mg/L"
626,"Steamboat Creek @ Geiger Grade","creek","Mg",8.8,"mg/L"
698,"Whites Creek @ North Timberline Drive","creek","Mg",2,"mg/L"
701,"Whites Creek @ North Timberline Drive","creek","Mg",2,"mg/L"
704,"Whites Creek @ North Timberline Drive","creek","Mg",2,"mg/L"
707,"Whites Creek @ North Timberline Drive","creek","Mg",2,"mg/L"
712,"Whites Creek @ North Timberline Drive","creek","Mg",2,"mg/L"
714,"Whites Creek @ North Timberline Drive","creek","Mg",2,"mg/L"
719,"Whites Creek @ North Timberline Drive","creek","Mg",5,"mg/L"
721,"Whites Creek @ North Timberline Drive","creek","Mg",5,"mg/L"
723,"Whites Creek @ North Timberline Drive","creek","Mg",5,"mg/L"
726,"Whites Creek @ North Timberline Drive","creek","Mg",5,"mg/L"
728,"Whites Creek @ North Timberline Drive","creek","Mg",5,"mg/L"
730,"Whites Creek @ North Timberline Drive","creek","Mg",5,"mg/L"
732,"Whites Creek @ North Timberline Drive","creek","Mg",5,"mg/L"
734,"Whites Creek @ North Timberline Drive","creek","Mg",5,"mg/L"
736,"Whites Creek @ North Timberline Drive","creek","Mg",5,"mg/L"
737,"Steamboat Creek north of the USGS gage off of Rhodes Road","creek","Mg",5,"mg/L"
738,"Thomas Creek above Arrowhead Parkway &[TC111]","creek","Mg",5,"mg/L"
741,"Thomas Creek above Arrowhead Parkway &[TC111]","creek","Mg",3.4,"mg/L"
743,"Thomas Creek above Arrowhead Parkway &[TC111]","creek","Mg",3.7,"mg/L"
744,"Thomas Creek above Arrowhead Parkway &[TC111]","creek","Mg",3.5,"mg/L"
745,"Thomas Creek above Arrowhead Parkway &[TC111]","creek","Mg",4.1,"mg/L"
747,"Thomas Creek above Arrowhead Parkway &[TC111]","creek","Mg",3.8,"mg/L"
748,"Whites Creek above Thomas Creek Road &[WC-11]","creek","Mg",5,"mg/L"
749,"Whites Creek above Thomas Creek Road &[WC-11]","creek","Mg",1.6,"mg/L"
752,"Whites Creek above Thomas Creek Road &[WC-11]","creek","Mg",1.6,"mg/L"
753,"Whites Creek above Thomas Creek Road &[WC-11]","creek","Mg",1.3,"mg/L"
754,"Whites Creek above Thomas Creek Road &[WC-11]","creek","Mg",1.4,"mg/L"
755,"Whites Creek above Thomas Creek Road &[WC-11]","creek","Mg",1.7,"mg/L"
819,"SBRR","transect","Mg",6.5,"mg/L"
818,"SBBV","transect","Mg",11.1,"mg/L"
816,"SBF_0001","fumarole","Mg",0.108,"mg/L"
821,"SBW_0001","well","Mg",4.71,"mg/L"
815,"SBW_0002","well","Mg",0.083,"mg/L"
825,"SBS_0001","spring","Mg",1.975,"mg/L"
820,"SBS_0002","seep","Mg",1.6,"mg/L"
822,"SBS_0003","spring","Mg",1.29,"mg/L"
827,"Soccer Field Monitoring Well","well","Mg",0.5,"mg/L"
828,"Eich Well","well","Mg",9.1,"mg/L"
829,"Boyd Domestic Well","well","Mg",0.5,"mg/L"
830,"Jeppson Geothermal Well","well","Mg",11,"mg/L"
831,"Rogers Domestic Well","well","Mg",8.1,"mg/L"
832,"Soccer Field Monitoring Well","well","Mg",1,"mg/L"
833,"Eich Well","well","Mg",7.5,"mg/L"
834,"Boyd Domestic Well","well","Mg",14,"mg/L"
835,"Jeppson Geothermal Well","well","Mg",12,"mg/L"
836,"Rogers Domestic Well","well","Mg",8.5,"mg/L"
840,"SB GEO production well PW-1","well","Mg",0.8,"mg/L"
843,"Hot spring 6, main terrace ACEC","spring","Mg",0.016,"mg/L"
845,"New seep adjacent to well GS-5 (1991)","seep","Mg",0,"mg/L"
848,"23-5 (Mariner & Janik 1995; = Wells '23-5')","well","Mg",NA,"mg/L"
849,"23-5 (Mariner & Janik 1995; = Wells '23-5')","well","Mg",0.08,"mg/L"
850,"23-5 (Mariner & Janik 1995; = Wells '23-5')","well","Mg",0.05,"mg/L"
851,"23-5 (Mariner & Janik 1995; = Wells '23-5')","well","Mg",0.2,"mg/L"
852,"23-5 (Mariner & Janik 1995; = Wells '23-5')","well","Mg",0.02,"mg/L"
853,"83A-6 (Mariner & Janik 1995; = Wells '83A-6')","well","Mg",NA,"mg/L"
854,"83A-6 (Mariner & Janik 1995; = Wells '83A-6')","well","Mg",0.02,"mg/L"
855,"83A-6 (Mariner & Janik 1995; = Wells '83A-6')","well","Mg",0.04,"mg/L"
856,"21-5 (Mariner & Janik 1995; = Wells '21-5R')","well","Mg",NA,"mg/L"
857,"21-5 (Mariner & Janik 1995; = Wells '21-5R')","well","Mg",0.01,"mg/L"
858,"21-5 (Mariner & Janik 1995; = Wells '21-5R')","well","Mg",0.02,"mg/L"
859,"21-5 (Mariner & Janik 1995; = Wells '21-5R')","well","Mg",0.02,"mg/L"
860,"13-5 (Mariner & Janik 1995; = Wells '13-5R')","well","Mg",0.05,"mg/L"
861,"Cox I-1 (Mariner & Janik 1995; = Wells 'Cox I-1')","well","Mg",NA,"mg/L"
862,"Cox I-1 (Mariner & Janik 1995; = Wells 'Cox I-1')","well","Mg",0.03,"mg/L"
863,"Cox I-1 (Mariner & Janik 1995; = Wells 'Cox I-1')","well","Mg",0.04,"mg/L"
864,"GS-5 (Mariner & Janik 1995; = Wells 'GS-5')","well","Mg",NA,"mg/L"
865,"GS-5 (Mariner & Janik 1995; = Wells 'GS-5')","well","Mg",0.3,"mg/L"
866,"GS-5 (Mariner & Janik 1995; = Wells 'GS-5')","well","Mg",0.02,"mg/L"
867,"PW-1 (Mariner & Janik 1995; = Wells 'PW-1')","well","Mg",0.3,"mg/L"
868,"PW-1 (Mariner & Janik 1995; = Wells 'PW-1')","well","Mg",0.3,"mg/L"
869,"PW-1 (Mariner & Janik 1995; = Wells 'PW-1')","well","Mg",0.2,"mg/L"
870,"PW-1 (Mariner & Janik 1995; = Wells 'PW-1')","well","Mg",0.3,"mg/L"
871,"PW-2 (Mariner & Janik 1995; = Wells 'PW-2')","well","Mg",0.2,"mg/L"
872,"PW-2 (Mariner & Janik 1995; = Wells 'PW-2')","well","Mg",0.3,"mg/L"
873,"PW-2 (Mariner & Janik 1995; = Wells 'PW-2')","well","Mg",0.2,"mg/L"
874,"PW-2 (Mariner & Janik 1995; = Wells 'PW-2')","well","Mg",0.2,"mg/L"
875,"PW-3 (Mariner & Janik 1995; = Wells 'PW-3')","well","Mg",0.2,"mg/L"
876,"PW-3 (Mariner & Janik 1995; = Wells 'PW-3')","well","Mg",0.3,"mg/L"
877,"PW2-1 (Mariner & Janik 1995; = Wells 'PW 2-1')","well","Mg",0.4,"mg/L"
878,"PW2-1 (Mariner & Janik 1995; = Wells 'PW 2-1')","well","Mg",0.3,"mg/L"
879,"PW2-2 (Mariner & Janik 1995; = Wells 'PW 2-2')","well","Mg",0.4,"mg/L"
880,"PW2-2 (Mariner & Janik 1995; = Wells 'PW 2-2')","well","Mg",0.5,"mg/L"
881,"PW2-2 (Mariner & Janik 1995; = Wells 'PW 2-2')","well","Mg",0.5,"mg/L"
882,"PW2-3 (Mariner & Janik 1995; = Wells 'PW 2-3')","well","Mg",0.3,"mg/L"
883,"PW2-3 (Mariner & Janik 1995; = Wells 'PW 2-3')","well","Mg",0.3,"mg/L"
884,"PW2-4 (Mariner & Janik 1995; = Wells 'PW 2-4')","well","Mg",0.5,"mg/L"
885,"PW2-4 (Mariner & Janik 1995; = Wells 'PW 2-4')","well","Mg",0.5,"mg/L"
886,"PW2-4 (Mariner & Janik 1995; = Wells 'PW 2-4')","well","Mg",0.6,"mg/L"
887,"PW2-5 (Mariner & Janik 1995; = Wells 'PW 2-5')","well","Mg",1.2,"mg/L"
888,"PW2-5 (Mariner & Janik 1995; = Wells 'PW 2-5')","well","Mg",0.4,"mg/L"
889,"PW2-5 (Mariner & Janik 1995; = Wells 'PW 2-5')","well","Mg",0.3,"mg/L"
890,"PW3-1 (Mariner & Janik 1995; = Wells 'PW 3-1')","well","Mg",0.5,"mg/L"
891,"PW3-1 (Mariner & Janik 1995; = Wells 'PW 3-1')","well","Mg",0.4,"mg/L"
892,"PW3-1 (Mariner & Janik 1995; = Wells 'PW 3-1')","well","Mg",0.5,"mg/L"
893,"PW3-2 (Mariner & Janik 1995; = Wells 'PW 3-2')","well","Mg",1,"mg/L"
894,"PW3-2 (Mariner & Janik 1995; = Wells 'PW 3-2')","well","Mg",0.4,"mg/L"
895,"PW3-3 (Mariner & Janik 1995; = Wells 'PW 3-3')","well","Mg",0.4,"mg/L"
896,"PW3-3 (Mariner & Janik 1995; = Wells 'PW 3-3')","well","Mg",0.3,"mg/L"
897,"PW3-3 (Mariner & Janik 1995; = Wells 'PW 3-3')","well","Mg",0.4,"mg/L"
898,"PW3-4 (Mariner & Janik 1995; = Wells 'PW 3-4')","well","Mg",0.4,"mg/L"
899,"PW3-4 (Mariner & Janik 1995; = Wells 'PW 3-4')","well","Mg",0.4,"mg/L"
900,"PW3-4 (Mariner & Janik 1995; = Wells 'PW 3-4')","well","Mg",0.4,"mg/L"
901,"IW-3 (Mariner & Janik 1995; = Wells 'IW-3')","well","Mg",0.2,"mg/L"
902,"IW-3 (Mariner & Janik 1995; = Wells 'IW-3')","well","Mg",0.2,"mg/L"
903,"IW-5 (Mariner & Janik 1995; = Wells '46-28')","well","Mg",0.4,"mg/L"
904,"Stuart","well","Mg",1.5,"mg/L"
905,"Stuart","well","Mg",1.5,"mg/L"
906,"Stuart","well","Mg",1.8,"mg/L"
907,"Stuart","well","Mg",2.1,"mg/L"
908,"Brown's School (Mariner & Janik 1995; = Wells 'Brown School Geothermal Well')","well","Mg",41,"mg/L"
909,"Brown's School (Mariner & Janik 1995; = Wells 'Brown School Geothermal Well')","well","Mg",38,"mg/L"
910,"Brown's School (Mariner & Janik 1995; = Wells 'Brown School Geothermal Well')","well","Mg",48,"mg/L"
911,"Brown's School (Mariner & Janik 1995; = Wells 'Brown School Geothermal Well')","well","Mg",46,"mg/L"
912,"Curti Domestic Well","well","Mg",26,"mg/L"
913,"Steinhardt Geothermal Well (narrative Cl trend)","well","Mg",0.8,"mg/L"
914,"Peigh","well","Mg",8.5,"mg/L"
915,"Herz Domestic Well","well","Mg",13,"mg/L"
916,"Stmgid 4","well","Mg",1.9,"mg/L"
917,"Galena Ck. Pk.","creek","Mg",5.3,"mg/L"
918,"Thomas Ck.S.","creek","Mg",14.5,"mg/L"
919,"Tick Spr.","spring","Mg",21,"mg/L"
920,"Jumbo Gr. S.","spring","Mg",18,"mg/L"
921,"Tahoe Mdw.","spring","Mg",4,"mg/L"
922,"Third Ck. Spr.","spring","Mg",1.6,"mg/L"
72,"Thomas Creek @ North Timberline Drive &[STBT03Thomas-3]","creek","Na",9,"mg/L"
75,"Thomas Creek @ North Timberline Drive &[STBT03Thomas-3]","creek","Na",8,"mg/L"
78,"Thomas Creek @ North Timberline Drive &[STBT03Thomas-3]","creek","Na",9,"mg/L"
81,"Thomas Creek @ North Timberline Drive &[STBT03Thomas-3]","creek","Na",8,"mg/L"
86,"Thomas Creek @ North Timberline Drive &[STBT03Thomas-3]","creek","Na",6,"mg/L"
88,"Thomas Creek @ North Timberline Drive &[STBT03Thomas-3]","creek","Na",8,"mg/L"
91,"Thomas Creek @ North Timberline Drive &[STBT03Thomas-3]","creek","Na",8,"mg/L"
94,"Thomas Creek @ North Timberline Drive &[STBT03Thomas-3]","creek","Na",10,"mg/L"
96,"Thomas Creek @ North Timberline Drive &[STBT03Thomas-3]","creek","Na",7,"mg/L"
98,"Thomas Creek @ North Timberline Drive &[STBT03Thomas-3]","creek","Na",5,"mg/L"
101,"Thomas Creek @ North Timberline Drive &[STBT03Thomas-3]","creek","Na",5,"mg/L"
103,"Thomas Creek @ North Timberline Drive &[STBT03Thomas-3]","creek","Na",5,"mg/L"
105,"Thomas Creek @ North Timberline Drive &[STBT03Thomas-3]","creek","Na",5,"mg/L"
107,"Thomas Creek @ North Timberline Drive &[STBT03Thomas-3]","creek","Na",5,"mg/L"
109,"Thomas Creek @ North Timberline Drive &[STBT03Thomas-3]","creek","Na",6,"mg/L"
111,"Thomas Creek @ North Timberline Drive &[STBT03Thomas-3]","creek","Na",5,"mg/L"
112,"Thomas Creek @ North Timberline Drive &[STBT03Thomas-3]","creek","Na",5,"mg/L"
116,"North Fork Whites Creek @ West Zolezzi Lane","creek","Na",5,"mg/L"
121,"North Fork Whites Creek @ West Zolezzi Lane","creek","Na",7,"mg/L"
196,"Steamboat Creek @ Pleasant Valley &[STBT02Stbt-2]","creek","Na",29,"mg/L"
199,"Steamboat Creek @ Pleasant Valley &[STBT02Stbt-2]","creek","Na",39,"mg/L"
202,"Steamboat Creek @ Pleasant Valley &[STBT02Stbt-2]","creek","Na",33,"mg/L"
205,"Steamboat Creek @ Pleasant Valley &[STBT02Stbt-2]","creek","Na",59,"mg/L"
208,"Steamboat Creek @ Pleasant Valley &[STBT02Stbt-2]","creek","Na",32,"mg/L"
211,"Steamboat Creek @ Pleasant Valley &[STBT02Stbt-2]","creek","Na",34,"mg/L"
213,"Steamboat Creek @ Pleasant Valley &[STBT02Stbt-2]","creek","Na",30,"mg/L"
216,"Steamboat Creek @ Pleasant Valley &[STBT02Stbt-2]","creek","Na",29,"mg/L"
217,"Steamboat Creek @ Pleasant Valley &[STBT02Stbt-2]","creek","Na",21,"mg/L"
218,"Steamboat Creek @ Pleasant Valley &[STBT02Stbt-2]","creek","Na",23,"mg/L"
219,"Steamboat Creek @ Pleasant Valley &[STBT02Stbt-2]","creek","Na",21,"mg/L"
220,"Steamboat Creek @ Pleasant Valley &[STBT02Stbt-2]","creek","Na",21,"mg/L"
221,"Steamboat Creek @ Pleasant Valley &[STBT02Stbt-2]","creek","Na",20,"mg/L"
222,"Steamboat Creek @ Pleasant Valley &[STBT02Stbt-2]","creek","Na",24,"mg/L"
224,"Steamboat Creek @ Pleasant Valley &[STBT02Stbt-2]","creek","Na",27,"mg/L"
225,"Steamboat Creek @ Pleasant Valley &[STBT02Stbt-2]","creek","Na",16,"mg/L"
226,"Steamboat Creek @ Pleasant Valley &[STBT02Stbt-2]","creek","Na",20,"mg/L"
227,"Steamboat Creek @ Pleasant Valley &[STBT02Stbt-2]","creek","Na",22,"mg/L"
228,"Steamboat Creek @ Pleasant Valley &[STBT02Stbt-2]","creek","Na",14,"mg/L"
229,"Steamboat Creek @ Pleasant Valley &[STBT02Stbt-2]","creek","Na",17,"mg/L"
231,"Steamboat Creek @ Pleasant Valley &[STBT02Stbt-2]","creek","Na",26,"mg/L"
232,"Steamboat Creek @ Pleasant Valley &[STBT02Stbt-2]","creek","Na",27,"mg/L"
233,"Steamboat Creek @ Pleasant Valley &[STBT02Stbt-2]","creek","Na",40.8,"mg/L"
235,"Steamboat Creek @ Pleasant Valley &[STBT02Stbt-2]","creek","Na",37.8,"mg/L"
237,"Steamboat Creek @ Pleasant Valley &[STBT02Stbt-2]","creek","Na",33,"mg/L"
238,"Steamboat Creek @ Pleasant Valley &[STBT02Stbt-2]","creek","Na",0.5,"mg/L"
239,"Middle Fork Whites Creek @ Sage Hill Road","creek","Na",36,"mg/L"
241,"Middle Fork Whites Creek @ Sage Hill Road","creek","Na",36,"mg/L"
243,"Middle Fork Whites Creek @ Sage Hill Road","creek","Na",17,"mg/L"
245,"Middle Fork Whites Creek @ Sage Hill Road","creek","Na",18,"mg/L"
246,"Middle Fork Whites Creek @ Sage Hill Road","creek","Na",41,"mg/L"
247,"Middle Fork Whites Creek @ Sage Hill Road","creek","Na",33,"mg/L"
249,"Middle Fork Whites Creek @ Sage Hill Road","creek","Na",44,"mg/L"
250,"Middle Fork Whites Creek @ Sage Hill Road","creek","Na",24,"mg/L"
251,"Middle Fork Whites Creek @ Sage Hill Road","creek","Na",16,"mg/L"
252,"Middle Fork Whites Creek @ Sage Hill Road","creek","Na",46,"mg/L"
253,"Middle Fork Whites Creek @ Sage Hill Road","creek","Na",5,"mg/L"
254,"Middle Fork Whites Creek @ Sage Hill Road","creek","Na",41,"mg/L"
255,"Middle Fork Whites Creek @ Sage Hill Road","creek","Na",66,"mg/L"
257,"Middle Fork Whites Creek @ Sage Hill Road","creek","Na",67,"mg/L"
260,"Middle Fork Whites Creek @ Sage Hill Road","creek","Na",13.7,"mg/L"
262,"Middle Fork Whites Creek @ Sage Hill Road","creek","Na",96.1,"mg/L"
264,"Middle Fork Whites Creek @ Sage Hill Road","creek","Na",43,"mg/L"
272,"Steamboat Creek @ Old Post Office &[STBT02Stbt-3]","creek","Na",23,"mg/L"
275,"North Fork Whites Creek @ Arrow Creek Parkway","creek","Na",8,"mg/L"
277,"North Fork Whites Creek @ Arrow Creek Parkway","creek","Na",6,"mg/L"
279,"North Fork Whites Creek @ Arrow Creek Parkway","creek","Na",5,"mg/L"
282,"North Fork Whites Creek @ Arrow Creek Parkway","creek","Na",5,"mg/L"
284,"North Fork Whites Creek @ Arrow Creek Parkway","creek","Na",5,"mg/L"
286,"North Fork Whites Creek @ Arrow Creek Parkway","creek","Na",5,"mg/L"
288,"North Fork Whites Creek @ Arrow Creek Parkway","creek","Na",5,"mg/L"
290,"North Fork Whites Creek @ Arrow Creek Parkway","creek","Na",5,"mg/L"
292,"North Fork Whites Creek @ Arrow Creek Parkway","creek","Na",5,"mg/L"
293,"North Fork Whites Creek @ Arrow Creek Parkway","creek","Na",5,"mg/L"
295,"North Fork Whites Creek @ Arrow Creek Parkway","creek","Na",5,"mg/L"
296,"North Fork Whites Creek @ Arrow Creek Parkway","creek","Na",5,"mg/L"
297,"North Fork Whites Creek @ Arrow Creek Parkway","creek","Na",5,"mg/L"
299,"North Fork Whites Creek @ Arrow Creek Parkway","creek","Na",5,"mg/L"
301,"North Fork Whites Creek @ Arrow Creek Parkway","creek","Na",5,"mg/L"
303,"North Fork Whites Creek @ Arrow Creek Parkway","creek","Na",3.2,"mg/L"
304,"North Fork Whites Creek @ Arrow Creek Parkway","creek","Na",3.8,"mg/L"
307,"North Fork Whites Creek @ Arrow Creek Parkway","creek","Na",3.5,"mg/L"
308,"North Fork Whites Creek @ Arrow Creek Parkway","creek","Na",4,"mg/L"
309,"South Fork Whites Creek @ Old Virginia Road","creek","Na",5,"mg/L"
310,"South Fork Whites Creek @ Old Virginia Road","creek","Na",5,"mg/L"
311,"South Fork Whites Creek @ Old Virginia Road","creek","Na",5,"mg/L"
313,"South Fork Whites Creek @ Old Virginia Road","creek","Na",5,"mg/L"
315,"South Fork Whites Creek @ Old Virginia Road","creek","Na",5,"mg/L"
317,"South Fork Whites Creek @ Old Virginia Road","creek","Na",4.7,"mg/L"
318,"South Fork Whites Creek @ Old Virginia Road","creek","Na",4.1,"mg/L"
320,"South Fork Whites Creek @ Old Virginia Road","creek","Na",3.7,"mg/L"
321,"Steamboat Creek @ So. Meadows Pkwy","creek","Na",45,"mg/L"
362,"Steamboat Creek @ Rhodes Road","creek","Na",30,"mg/L"
394,"Steamboat Creek @ Rhodes Road","creek","Na",33,"mg/L"
396,"Steamboat Creek @ Rhodes Road","creek","Na",23,"mg/L"
397,"Steamboat Creek @ Rhodes Road","creek","Na",32,"mg/L"
398,"Steamboat Creek @ Rhodes Road","creek","Na",41,"mg/L"
399,"Steamboat Creek @ Rhodes Road","creek","Na",32,"mg/L"
400,"Steamboat Creek @ Rhodes Road","creek","Na",28,"mg/L"
401,"Steamboat Creek @ Rhodes Road","creek","Na",21,"mg/L"
402,"Steamboat Creek @ Rhodes Road","creek","Na",14,"mg/L"
403,"Steamboat Creek @ Rhodes Road","creek","Na",54,"mg/L"
404,"Steamboat Creek @ Rhodes Road","creek","Na",35,"mg/L"
405,"Steamboat Creek @ Rhodes Road","creek","Na",33,"mg/L"
406,"Steamboat Creek @ Rhodes Road","creek","Na",30,"mg/L"
407,"Steamboat Creek @ Rhodes Road","creek","Na",30,"mg/L"
408,"Steamboat Creek @ Rhodes Road","creek","Na",23,"mg/L"
409,"Steamboat Creek @ Rhodes Road","creek","Na",30,"mg/L"
410,"Steamboat Creek @ Rhodes Road","creek","Na",29,"mg/L"
411,"Steamboat Creek @ Rhodes Road","creek","Na",34,"mg/L"
412,"Steamboat Creek @ Rhodes Road","creek","Na",20,"mg/L"
413,"Steamboat Creek @ Rhodes Road","creek","Na",15,"mg/L"
416,"Steamboat Creek @ Rhodes Road","creek","Na",27,"mg/L"
418,"Steamboat Creek @ Rhodes Road","creek","Na",28,"mg/L"
420,"Steamboat Creek @ Rhodes Road","creek","Na",9,"mg/L"
421,"Steamboat Creek @ Rhodes Road","creek","Na",14,"mg/L"
422,"Steamboat Creek @ Rhodes Road","creek","Na",19,"mg/L"
423,"Steamboat Creek @ Rhodes Road","creek","Na",16,"mg/L"
424,"Steamboat Creek @ Rhodes Road","creek","Na",14,"mg/L"
425,"Steamboat Creek @ Rhodes Road","creek","Na",20,"mg/L"
427,"Steamboat Creek @ Rhodes Road","creek","Na",11,"mg/L"
428,"Steamboat Creek @ Rhodes Road","creek","Na",18,"mg/L"
429,"Steamboat Creek @ Rhodes Road","creek","Na",11,"mg/L"
431,"Steamboat Creek @ Rhodes Road","creek","Na",26,"mg/L"
432,"Steamboat Creek @ Rhodes Road","creek","Na",26,"mg/L"
433,"Steamboat Creek @ Rhodes Road","creek","Na",26,"mg/L"
434,"Steamboat Creek @ Rhodes Road","creek","Na",26,"mg/L"
435,"Steamboat Creek @ Rhodes Road","creek","Na",8,"mg/L"
436,"Steamboat Creek @ Rhodes Road","creek","Na",12,"mg/L"
437,"Steamboat Creek @ Rhodes Road","creek","Na",72,"mg/L"
438,"Steamboat Creek @ Rhodes Road","creek","Na",26,"mg/L"
439,"Steamboat Creek @ Rhodes Road","creek","Na",26,"mg/L"
441,"Steamboat Creek @ Rhodes Road","creek","Na",23,"mg/L"
442,"Steamboat Creek @ Rhodes Road","creek","Na",24,"mg/L"
444,"Steamboat Creek @ Rhodes Road","creek","Na",29.3,"mg/L"
445,"Steamboat Creek @ Rhodes Road","creek","Na",36,"mg/L"
446,"Steamboat Creek @ Rhodes Road","creek","Na",27,"mg/L"
447,"Steamboat Creek @ Rhodes Road","creek","Na",32,"mg/L"
448,"Steamboat Creek @ Rhodes Road","creek","Na",25,"mg/L"
449,"Steamboat Creek @ Rhodes Road","creek","Na",8,"mg/L"
450,"Steamboat Creek @ Rhodes Road","creek","Na",76,"mg/L"
451,"Steamboat Creek @ Rhodes Road","creek","Na",27,"mg/L"
452,"Steamboat Creek @ Rhodes Road","creek","Na",16,"mg/L"
453,"Steamboat Creek @ Rhodes Road","creek","Na",16,"mg/L"
455,"Steamboat Creek @ Rhodes Road","creek","Na",22,"mg/L"
456,"Steamboat Creek @ Rhodes Road","creek","Na",25,"mg/L"
457,"Steamboat Creek @ Rhodes Road","creek","Na",47.6,"mg/L"
458,"Steamboat Creek @ Rhodes Road","creek","Na",23.9,"mg/L"
460,"Steamboat Creek @ Rhodes Road","creek","Na",23.1,"mg/L"
462,"Steamboat Creek @ Rhodes Road","creek","Na",23,"mg/L"
463,"Steamboat Creek @ Rhodes Road","creek","Na",23,"mg/L"
464,"Steamboat Creek @ Rhodes Road","creek","Na",15,"mg/L"
465,"Steamboat Creek @ Rhodes Road","creek","Na",35,"mg/L"
466,"Steamboat Creek @ Rhodes Road","creek","Na",64,"mg/L"
467,"Steamboat Creek @ Rhodes Road","creek","Na",25,"mg/L"
498,"Steamboat Ditch @ Rhodes Road","creek","Na",11,"mg/L"
499,"Steamboat Ditch @ Rhodes Road","creek","Na",12,"mg/L"
500,"Steamboat Ditch @ Rhodes Road","creek","Na",8,"mg/L"
501,"Steamboat Ditch @ Rhodes Road","creek","Na",10,"mg/L"
502,"Steamboat Ditch @ Rhodes Road","creek","Na",9,"mg/L"
503,"Steamboat Ditch @ Rhodes Road","creek","Na",8,"mg/L"
504,"Steamboat Ditch @ Rhodes Road","creek","Na",10,"mg/L"
505,"Steamboat Ditch @ Rhodes Road","creek","Na",9,"mg/L"
506,"Steamboat Ditch @ Rhodes Road","creek","Na",6,"mg/L"
507,"Steamboat Ditch @ Rhodes Road","creek","Na",7,"mg/L"
509,"Steamboat Ditch @ Rhodes Road","creek","Na",5,"mg/L"
545,"Steamboat Creek @ Geiger Grade","creek","Na",184,"mg/L"
549,"Steamboat Creek @ Geiger Grade","creek","Na",42,"mg/L"
577,"Steamboat Creek @ Geiger Grade","creek","Na",47,"mg/L"
579,"Steamboat Creek @ Geiger Grade","creek","Na",27,"mg/L"
580,"Steamboat Creek @ Geiger Grade","creek","Na",90,"mg/L"
581,"Steamboat Creek @ Geiger Grade","creek","Na",294,"mg/L"
582,"Steamboat Creek @ Geiger Grade","creek","Na",105,"mg/L"
583,"Steamboat Creek @ Geiger Grade","creek","Na",83,"mg/L"
584,"Steamboat Creek @ Geiger Grade","creek","Na",39,"mg/L"
585,"Steamboat Creek @ Geiger Grade","creek","Na",93,"mg/L"
586,"Steamboat Creek @ Geiger Grade","creek","Na",104,"mg/L"
587,"Steamboat Creek @ Geiger Grade","creek","Na",96,"mg/L"
588,"Steamboat Creek @ Geiger Grade","creek","Na",123,"mg/L"
589,"Steamboat Creek @ Geiger Grade","creek","Na",110,"mg/L"
590,"Steamboat Creek @ Geiger Grade","creek","Na",107,"mg/L"
591,"Steamboat Creek @ Geiger Grade","creek","Na",77,"mg/L"
592,"Steamboat Creek @ Geiger Grade","creek","Na",87,"mg/L"
593,"Steamboat Creek @ Geiger Grade","creek","Na",250,"mg/L"
594,"Steamboat Creek @ Geiger Grade","creek","Na",130,"mg/L"
596,"Steamboat Creek @ Geiger Grade","creek","Na",170,"mg/L"
597,"Steamboat Creek @ Geiger Grade","creek","Na",110,"mg/L"
598,"Steamboat Creek @ Geiger Grade","creek","Na",68,"mg/L"
599,"Steamboat Creek @ Geiger Grade","creek","Na",270,"mg/L"
600,"Steamboat Creek @ Geiger Grade","creek","Na",250,"mg/L"
602,"Steamboat Creek @ Geiger Grade","creek","Na",44,"mg/L"
603,"Steamboat Creek @ Geiger Grade","creek","Na",43,"mg/L"
605,"Steamboat Creek @ Geiger Grade","creek","Na",42,"mg/L"
606,"Steamboat Creek @ Geiger Grade","creek","Na",130,"mg/L"
607,"Steamboat Creek @ Geiger Grade","creek","Na",74,"mg/L"
608,"Steamboat Creek @ Geiger Grade","creek","Na",12,"mg/L"
609,"Steamboat Creek @ Geiger Grade","creek","Na",73,"mg/L"
610,"Steamboat Creek @ Geiger Grade","creek","Na",73,"mg/L"
611,"Steamboat Creek @ Geiger Grade","creek","Na",70,"mg/L"
612,"Steamboat Creek @ Geiger Grade","creek","Na",85.1,"mg/L"
613,"Steamboat Creek @ Geiger Grade","creek","Na",44,"mg/L"
615,"Steamboat Creek @ Geiger Grade","creek","Na",66,"mg/L"
616,"Steamboat Creek @ Geiger Grade","creek","Na",26,"mg/L"
617,"Steamboat Creek @ Geiger Grade","creek","Na",19,"mg/L"
619,"Steamboat Creek @ Geiger Grade","creek","Na",27,"mg/L"
620,"Steamboat Creek @ Geiger Grade","creek","Na",27,"mg/L"
621,"Steamboat Creek @ Geiger Grade","creek","Na",54.7,"mg/L"
622,"Steamboat Creek @ Geiger Grade","creek","Na",43.8,"mg/L"
624,"Steamboat Creek @ Geiger Grade","creek","Na",34.2,"mg/L"
626,"Steamboat Creek @ Geiger Grade","creek","Na",67,"mg/L"
698,"Whites Creek @ North Timberline Drive","creek","Na",8,"mg/L"
701,"Whites Creek @ North Timberline Drive","creek","Na",8,"mg/L"
704,"Whites Creek @ North Timberline Drive","creek","Na",7,"mg/L"
707,"Whites Creek @ North Timberline Drive","creek","Na",7,"mg/L"
712,"Whites Creek @ North Timberline Drive","creek","Na",5,"mg/L"
714,"Whites Creek @ North Timberline Drive","creek","Na",8,"mg/L"
719,"Whites Creek @ North Timberline Drive","creek","Na",8,"mg/L"
721,"Whites Creek @ North Timberline Drive","creek","Na",5,"mg/L"
723,"Whites Creek @ North Timberline Drive","creek","Na",5,"mg/L"
726,"Whites Creek @ North Timberline Drive","creek","Na",5,"mg/L"
728,"Whites Creek @ North Timberline Drive","creek","Na",5,"mg/L"
730,"Whites Creek @ North Timberline Drive","creek","Na",5,"mg/L"
732,"Whites Creek @ North Timberline Drive","creek","Na",5,"mg/L"
734,"Whites Creek @ North Timberline Drive","creek","Na",5,"mg/L"
736,"Whites Creek @ North Timberline Drive","creek","Na",5,"mg/L"
737,"Steamboat Creek north of the USGS gage off of Rhodes Road","creek","Na",8,"mg/L"
738,"Thomas Creek above Arrowhead Parkway &[TC111]","creek","Na",6,"mg/L"
741,"Thomas Creek above Arrowhead Parkway &[TC111]","creek","Na",6,"mg/L"
743,"Thomas Creek above Arrowhead Parkway &[TC111]","creek","Na",4.9,"mg/L"
744,"Thomas Creek above Arrowhead Parkway &[TC111]","creek","Na",4.6,"mg/L"
745,"Thomas Creek above Arrowhead Parkway &[TC111]","creek","Na",5.5,"mg/L"
747,"Thomas Creek above Arrowhead Parkway &[TC111]","creek","Na",5.3,"mg/L"
748,"Whites Creek above Thomas Creek Road &[WC-11]","creek","Na",5,"mg/L"
749,"Whites Creek above Thomas Creek Road &[WC-11]","creek","Na",3.2,"mg/L"
752,"Whites Creek above Thomas Creek Road &[WC-11]","creek","Na",3.3,"mg/L"
753,"Whites Creek above Thomas Creek Road &[WC-11]","creek","Na",2.6,"mg/L"
754,"Whites Creek above Thomas Creek Road &[WC-11]","creek","Na",2.7,"mg/L"
755,"Whites Creek above Thomas Creek Road &[WC-11]","creek","Na",3.2,"mg/L"
819,"SBRR","transect","Na",17,"mg/L"
818,"SBBV","transect","Na",127.5,"mg/L"
816,"SBF_0001","fumarole","Na",656,"mg/L"
821,"SBW_0001","well","Na",404,"mg/L"
815,"SBW_0002","well","Na",686,"mg/L"
825,"SBS_0001","spring","Na",559,"mg/L"
820,"SBS_0002","seep","Na",497,"mg/L"
822,"SBS_0003","spring","Na",590,"mg/L"
827,"Soccer Field Monitoring Well","well","Na",510,"mg/L"
828,"Eich Well","well","Na",450,"mg/L"
829,"Boyd Domestic Well","well","Na",130,"mg/L"
830,"Jeppson Geothermal Well","well","Na",60,"mg/L"
831,"Rogers Domestic Well","well","Na",63,"mg/L"
832,"Soccer Field Monitoring Well","well","Na",450,"mg/L"
833,"Eich Well","well","Na",430,"mg/L"
834,"Boyd Domestic Well","well","Na",49,"mg/L"
835,"Jeppson Geothermal Well","well","Na",61,"mg/L"
836,"Rogers Domestic Well","well","Na",68,"mg/L"
837,"CPI production well 21-5","well","Na",589,"mg/L"
838,"CPI production well 83A-6","well","Na",537,"mg/L"
839,"CPI injection well Cox 1-1 (Cox well)","well","Na",581,"mg/L"
840,"SB GEO production well PW-1","well","Na",618,"mg/L"
841,"SB GEO production well PW-2","well","Na",576,"mg/L"
842,"SB GEO production well PW-3","well","Na",613,"mg/L"
843,"Hot spring 6, main terrace ACEC","spring","Na",660,"mg/L"
845,"New seep adjacent to well GS-5 (1991)","seep","Na",693,"mg/L"
848,"23-5 (Mariner & Janik 1995; = Wells '23-5')","well","Na",168,"mg/L"
849,"23-5 (Mariner & Janik 1995; = Wells '23-5')","well","Na",692,"mg/L"
850,"23-5 (Mariner & Janik 1995; = Wells '23-5')","well","Na",673,"mg/L"
851,"23-5 (Mariner & Janik 1995; = Wells '23-5')","well","Na",691,"mg/L"
852,"23-5 (Mariner & Janik 1995; = Wells '23-5')","well","Na",665,"mg/L"
853,"83A-6 (Mariner & Janik 1995; = Wells '83A-6')","well","Na",670,"mg/L"
854,"83A-6 (Mariner & Janik 1995; = Wells '83A-6')","well","Na",639,"mg/L"
855,"83A-6 (Mariner & Janik 1995; = Wells '83A-6')","well","Na",626,"mg/L"
856,"21-5 (Mariner & Janik 1995; = Wells '21-5R')","well","Na",688,"mg/L"
857,"21-5 (Mariner & Janik 1995; = Wells '21-5R')","well","Na",639,"mg/L"
858,"21-5 (Mariner & Janik 1995; = Wells '21-5R')","well","Na",657,"mg/L"
859,"21-5 (Mariner & Janik 1995; = Wells '21-5R')","well","Na",686,"mg/L"
860,"13-5 (Mariner & Janik 1995; = Wells '13-5R')","well","Na",690,"mg/L"
861,"Cox I-1 (Mariner & Janik 1995; = Wells 'Cox I-1')","well","Na",840,"mg/L"
862,"Cox I-1 (Mariner & Janik 1995; = Wells 'Cox I-1')","well","Na",709,"mg/L"
863,"Cox I-1 (Mariner & Janik 1995; = Wells 'Cox I-1')","well","Na",694,"mg/L"
864,"GS-5 (Mariner & Janik 1995; = Wells 'GS-5')","well","Na",720,"mg/L"
865,"GS-5 (Mariner & Janik 1995; = Wells 'GS-5')","well","Na",678,"mg/L"
866,"GS-5 (Mariner & Janik 1995; = Wells 'GS-5')","well","Na",715,"mg/L"
867,"PW-1 (Mariner & Janik 1995; = Wells 'PW-1')","well","Na",596,"mg/L"
868,"PW-1 (Mariner & Janik 1995; = Wells 'PW-1')","well","Na",611,"mg/L"
869,"PW-1 (Mariner & Janik 1995; = Wells 'PW-1')","well","Na",613,"mg/L"
870,"PW-1 (Mariner & Janik 1995; = Wells 'PW-1')","well","Na",644,"mg/L"
871,"PW-2 (Mariner & Janik 1995; = Wells 'PW-2')","well","Na",628,"mg/L"
872,"PW-2 (Mariner & Janik 1995; = Wells 'PW-2')","well","Na",624,"mg/L"
873,"PW-2 (Mariner & Janik 1995; = Wells 'PW-2')","well","Na",615,"mg/L"
874,"PW-2 (Mariner & Janik 1995; = Wells 'PW-2')","well","Na",636,"mg/L"
875,"PW-3 (Mariner & Janik 1995; = Wells 'PW-3')","well","Na",627,"mg/L"
876,"PW-3 (Mariner & Janik 1995; = Wells 'PW-3')","well","Na",611,"mg/L"
877,"PW2-1 (Mariner & Janik 1995; = Wells 'PW 2-1')","well","Na",610,"mg/L"
878,"PW2-1 (Mariner & Janik 1995; = Wells 'PW 2-1')","well","Na",626,"mg/L"
879,"PW2-2 (Mariner & Janik 1995; = Wells 'PW 2-2')","well","Na",608,"mg/L"
880,"PW2-2 (Mariner & Janik 1995; = Wells 'PW 2-2')","well","Na",646,"mg/L"
881,"PW2-2 (Mariner & Janik 1995; = Wells 'PW 2-2')","well","Na",655,"mg/L"
882,"PW2-3 (Mariner & Janik 1995; = Wells 'PW 2-3')","well","Na",605,"mg/L"
883,"PW2-3 (Mariner & Janik 1995; = Wells 'PW 2-3')","well","Na",612,"mg/L"
884,"PW2-4 (Mariner & Janik 1995; = Wells 'PW 2-4')","well","Na",630,"mg/L"
885,"PW2-4 (Mariner & Janik 1995; = Wells 'PW 2-4')","well","Na",636,"mg/L"
886,"PW2-4 (Mariner & Janik 1995; = Wells 'PW 2-4')","well","Na",623,"mg/L"
887,"PW2-5 (Mariner & Janik 1995; = Wells 'PW 2-5')","well","Na",607,"mg/L"
888,"PW2-5 (Mariner & Janik 1995; = Wells 'PW 2-5')","well","Na",643,"mg/L"
889,"PW2-5 (Mariner & Janik 1995; = Wells 'PW 2-5')","well","Na",633,"mg/L"
890,"PW3-1 (Mariner & Janik 1995; = Wells 'PW 3-1')","well","Na",625,"mg/L"
891,"PW3-1 (Mariner & Janik 1995; = Wells 'PW 3-1')","well","Na",630,"mg/L"
892,"PW3-1 (Mariner & Janik 1995; = Wells 'PW 3-1')","well","Na",654,"mg/L"
893,"PW3-2 (Mariner & Janik 1995; = Wells 'PW 3-2')","well","Na",635,"mg/L"
894,"PW3-2 (Mariner & Janik 1995; = Wells 'PW 3-2')","well","Na",641,"mg/L"
895,"PW3-3 (Mariner & Janik 1995; = Wells 'PW 3-3')","well","Na",628,"mg/L"
896,"PW3-3 (Mariner & Janik 1995; = Wells 'PW 3-3')","well","Na",646,"mg/L"
897,"PW3-3 (Mariner & Janik 1995; = Wells 'PW 3-3')","well","Na",631,"mg/L"
898,"PW3-4 (Mariner & Janik 1995; = Wells 'PW 3-4')","well","Na",620,"mg/L"
899,"PW3-4 (Mariner & Janik 1995; = Wells 'PW 3-4')","well","Na",653,"mg/L"
900,"PW3-4 (Mariner & Janik 1995; = Wells 'PW 3-4')","well","Na",637,"mg/L"
901,"IW-3 (Mariner & Janik 1995; = Wells 'IW-3')","well","Na",638,"mg/L"
902,"IW-3 (Mariner & Janik 1995; = Wells 'IW-3')","well","Na",641,"mg/L"
903,"IW-5 (Mariner & Janik 1995; = Wells '46-28')","well","Na",620,"mg/L"
904,"Stuart","well","Na",126,"mg/L"
905,"Stuart","well","Na",147,"mg/L"
906,"Stuart","well","Na",152,"mg/L"
907,"Stuart","well","Na",168,"mg/L"
908,"Brown's School (Mariner & Janik 1995; = Wells 'Brown School Geothermal Well')","well","Na",150,"mg/L"
909,"Brown's School (Mariner & Janik 1995; = Wells 'Brown School Geothermal Well')","well","Na",175,"mg/L"
910,"Brown's School (Mariner & Janik 1995; = Wells 'Brown School Geothermal Well')","well","Na",186,"mg/L"
911,"Brown's School (Mariner & Janik 1995; = Wells 'Brown School Geothermal Well')","well","Na",205,"mg/L"
912,"Curti Domestic Well","well","Na",443,"mg/L"
913,"Steinhardt Geothermal Well (narrative Cl trend)","well","Na",231,"mg/L"
914,"Peigh","well","Na",8.3,"mg/L"
915,"Herz Domestic Well","well","Na",35,"mg/L"
916,"Stmgid 4","well","Na",12,"mg/L"
917,"Galena Ck. Pk.","creek","Na",5.5,"mg/L"
918,"Thomas Ck.S.","creek","Na",13,"mg/L"
919,"Tick Spr.","spring","Na",20,"mg/L"
920,"Jumbo Gr. S.","spring","Na",36,"mg/L"
921,"Tahoe Mdw.","spring","Na",11.5,"mg/L"
922,"Third Ck. Spr.","spring","Na",2.1,"mg/L"
30,"Thomas Creek @ North Timberline Drive &[STBT03Thomas-3]","creek","SO4",0,"mg/L"
42,"Thomas Creek @ North Timberline Drive &[STBT03Thomas-3]","creek","SO4",1,"mg/L"
54,"Thomas Creek @ North Timberline Drive &[STBT03Thomas-3]","creek","SO4",1,"mg/L"
55,"Thomas Creek @ North Timberline Drive &[STBT03Thomas-3]","creek","SO4",1,"mg/L"
56,"Thomas Creek @ North Timberline Drive &[STBT03Thomas-3]","creek","SO4",1,"mg/L"
57,"Thomas Creek @ North Timberline Drive &[STBT03Thomas-3]","creek","SO4",1,"mg/L"
58,"Thomas Creek @ North Timberline Drive &[STBT03Thomas-3]","creek","SO4",1,"mg/L"
59,"Thomas Creek @ North Timberline Drive &[STBT03Thomas-3]","creek","SO4",1,"mg/L"
60,"Thomas Creek @ North Timberline Drive &[STBT03Thomas-3]","creek","SO4",1,"mg/L"
61,"Thomas Creek @ North Timberline Drive &[STBT03Thomas-3]","creek","SO4",1,"mg/L"
62,"Thomas Creek @ North Timberline Drive &[STBT03Thomas-3]","creek","SO4",0,"mg/L"
63,"Thomas Creek @ North Timberline Drive &[STBT03Thomas-3]","creek","SO4",0,"mg/L"
64,"Thomas Creek @ North Timberline Drive &[STBT03Thomas-3]","creek","SO4",1,"mg/L"
65,"Thomas Creek @ North Timberline Drive &[STBT03Thomas-3]","creek","SO4",1,"mg/L"
66,"Thomas Creek @ North Timberline Drive &[STBT03Thomas-3]","creek","SO4",1,"mg/L"
67,"Thomas Creek @ North Timberline Drive &[STBT03Thomas-3]","creek","SO4",1,"mg/L"
68,"Thomas Creek @ North Timberline Drive &[STBT03Thomas-3]","creek","SO4",0,"mg/L"
69,"Thomas Creek @ North Timberline Drive &[STBT03Thomas-3]","creek","SO4",0,"mg/L"
70,"Thomas Creek @ North Timberline Drive &[STBT03Thomas-3]","creek","SO4",0.34,"mg/L"
71,"Thomas Creek @ North Timberline Drive &[STBT03Thomas-3]","creek","SO4",1,"mg/L"
72,"Thomas Creek @ North Timberline Drive &[STBT03Thomas-3]","creek","SO4",1,"mg/L"
73,"Thomas Creek @ North Timberline Drive &[STBT03Thomas-3]","creek","SO4",1,"mg/L"
74,"Thomas Creek @ North Timberline Drive &[STBT03Thomas-3]","creek","SO4",0,"mg/L"
75,"Thomas Creek @ North Timberline Drive &[STBT03Thomas-3]","creek","SO4",0,"mg/L"
76,"Thomas Creek @ North Timberline Drive &[STBT03Thomas-3]","creek","SO4",1,"mg/L"
77,"Thomas Creek @ North Timberline Drive &[STBT03Thomas-3]","creek","SO4",1,"mg/L"
78,"Thomas Creek @ North Timberline Drive &[STBT03Thomas-3]","creek","SO4",1,"mg/L"
79,"Thomas Creek @ North Timberline Drive &[STBT03Thomas-3]","creek","SO4",1,"mg/L"
80,"Thomas Creek @ North Timberline Drive &[STBT03Thomas-3]","creek","SO4",1,"mg/L"
81,"Thomas Creek @ North Timberline Drive &[STBT03Thomas-3]","creek","SO4",1,"mg/L"
82,"Thomas Creek @ North Timberline Drive &[STBT03Thomas-3]","creek","SO4",1,"mg/L"
83,"Thomas Creek @ North Timberline Drive &[STBT03Thomas-3]","creek","SO4",1,"mg/L"
84,"Thomas Creek @ North Timberline Drive &[STBT03Thomas-3]","creek","SO4",1,"mg/L"
85,"Thomas Creek @ North Timberline Drive &[STBT03Thomas-3]","creek","SO4",1,"mg/L"
86,"Thomas Creek @ North Timberline Drive &[STBT03Thomas-3]","creek","SO4",1,"mg/L"
87,"Thomas Creek @ North Timberline Drive &[STBT03Thomas-3]","creek","SO4",1,"mg/L"
88,"Thomas Creek @ North Timberline Drive &[STBT03Thomas-3]","creek","SO4",1,"mg/L"
89,"Thomas Creek @ North Timberline Drive &[STBT03Thomas-3]","creek","SO4",2,"mg/L"
90,"Thomas Creek @ North Timberline Drive &[STBT03Thomas-3]","creek","SO4",1,"mg/L"
91,"Thomas Creek @ North Timberline Drive &[STBT03Thomas-3]","creek","SO4",5,"mg/L"
92,"Thomas Creek @ North Timberline Drive &[STBT03Thomas-3]","creek","SO4",5,"mg/L"
93,"Thomas Creek @ North Timberline Drive &[STBT03Thomas-3]","creek","SO4",5,"mg/L"
94,"Thomas Creek @ North Timberline Drive &[STBT03Thomas-3]","creek","SO4",5,"mg/L"
95,"Thomas Creek @ North Timberline Drive &[STBT03Thomas-3]","creek","SO4",5,"mg/L"
96,"Thomas Creek @ North Timberline Drive &[STBT03Thomas-3]","creek","SO4",5,"mg/L"
97,"Thomas Creek @ North Timberline Drive &[STBT03Thomas-3]","creek","SO4",5,"mg/L"
98,"Thomas Creek @ North Timberline Drive &[STBT03Thomas-3]","creek","SO4",5,"mg/L"
99,"Thomas Creek @ North Timberline Drive &[STBT03Thomas-3]","creek","SO4",5,"mg/L"
100,"Thomas Creek @ North Timberline Drive &[STBT03Thomas-3]","creek","SO4",5,"mg/L"
101,"Thomas Creek @ North Timberline Drive &[STBT03Thomas-3]","creek","SO4",5,"mg/L"
102,"Thomas Creek @ North Timberline Drive &[STBT03Thomas-3]","creek","SO4",5,"mg/L"
103,"Thomas Creek @ North Timberline Drive &[STBT03Thomas-3]","creek","SO4",5,"mg/L"
104,"Thomas Creek @ North Timberline Drive &[STBT03Thomas-3]","creek","SO4",5,"mg/L"
105,"Thomas Creek @ North Timberline Drive &[STBT03Thomas-3]","creek","SO4",5,"mg/L"
106,"Thomas Creek @ North Timberline Drive &[STBT03Thomas-3]","creek","SO4",5,"mg/L"
107,"Thomas Creek @ North Timberline Drive &[STBT03Thomas-3]","creek","SO4",5,"mg/L"
108,"Thomas Creek @ North Timberline Drive &[STBT03Thomas-3]","creek","SO4",5,"mg/L"
109,"Thomas Creek @ North Timberline Drive &[STBT03Thomas-3]","creek","SO4",5,"mg/L"
110,"Thomas Creek @ North Timberline Drive &[STBT03Thomas-3]","creek","SO4",5,"mg/L"
111,"Thomas Creek @ North Timberline Drive &[STBT03Thomas-3]","creek","SO4",5,"mg/L"
112,"Thomas Creek @ North Timberline Drive &[STBT03Thomas-3]","creek","SO4",0.02,"mg/L"
114,"North Fork Whites Creek @ West Zolezzi Lane","creek","SO4",6,"mg/L"
115,"North Fork Whites Creek @ West Zolezzi Lane","creek","SO4",5,"mg/L"
116,"North Fork Whites Creek @ West Zolezzi Lane","creek","SO4",4,"mg/L"
117,"North Fork Whites Creek @ West Zolezzi Lane","creek","SO4",6,"mg/L"
118,"North Fork Whites Creek @ West Zolezzi Lane","creek","SO4",6,"mg/L"
119,"North Fork Whites Creek @ West Zolezzi Lane","creek","SO4",7,"mg/L"
120,"North Fork Whites Creek @ West Zolezzi Lane","creek","SO4",7,"mg/L"
121,"North Fork Whites Creek @ West Zolezzi Lane","creek","SO4",6,"mg/L"
122,"North Fork Whites Creek @ West Zolezzi Lane","creek","SO4",9,"mg/L"
123,"North Fork Whites Creek @ West Zolezzi Lane","creek","SO4",7,"mg/L"
124,"North Fork Whites Creek @ West Zolezzi Lane","creek","SO4",9,"mg/L"
151,"Steamboat Creek @ Pleasant Valley &[STBT02Stbt-2]","creek","SO4",6,"mg/L"
166,"Steamboat Creek @ Pleasant Valley &[STBT02Stbt-2]","creek","SO4",5,"mg/L"
178,"Steamboat Creek @ Pleasant Valley &[STBT02Stbt-2]","creek","SO4",26,"mg/L"
179,"Steamboat Creek @ Pleasant Valley &[STBT02Stbt-2]","creek","SO4",5,"mg/L"
180,"Steamboat Creek @ Pleasant Valley &[STBT02Stbt-2]","creek","SO4",5,"mg/L"
181,"Steamboat Creek @ Pleasant Valley &[STBT02Stbt-2]","creek","SO4",3,"mg/L"
182,"Steamboat Creek @ Pleasant Valley &[STBT02Stbt-2]","creek","SO4",3,"mg/L"
183,"Steamboat Creek @ Pleasant Valley &[STBT02Stbt-2]","creek","SO4",3,"mg/L"
184,"Steamboat Creek @ Pleasant Valley &[STBT02Stbt-2]","creek","SO4",6,"mg/L"
185,"Steamboat Creek @ Pleasant Valley &[STBT02Stbt-2]","creek","SO4",6,"mg/L"
186,"Steamboat Creek @ Pleasant Valley &[STBT02Stbt-2]","creek","SO4",4,"mg/L"
187,"Steamboat Creek @ Pleasant Valley &[STBT02Stbt-2]","creek","SO4",2,"mg/L"
188,"Steamboat Creek @ Pleasant Valley &[STBT02Stbt-2]","creek","SO4",3,"mg/L"
189,"Steamboat Creek @ Pleasant Valley &[STBT02Stbt-2]","creek","SO4",4,"mg/L"
190,"Steamboat Creek @ Pleasant Valley &[STBT02Stbt-2]","creek","SO4",5,"mg/L"
191,"Steamboat Creek @ Pleasant Valley &[STBT02Stbt-2]","creek","SO4",7,"mg/L"
192,"Steamboat Creek @ Pleasant Valley &[STBT02Stbt-2]","creek","SO4",16,"mg/L"
193,"Steamboat Creek @ Pleasant Valley &[STBT02Stbt-2]","creek","SO4",5,"mg/L"
194,"Steamboat Creek @ Pleasant Valley &[STBT02Stbt-2]","creek","SO4",4.5,"mg/L"
195,"Steamboat Creek @ Pleasant Valley &[STBT02Stbt-2]","creek","SO4",5,"mg/L"
196,"Steamboat Creek @ Pleasant Valley &[STBT02Stbt-2]","creek","SO4",6,"mg/L"
197,"Steamboat Creek @ Pleasant Valley &[STBT02Stbt-2]","creek","SO4",7,"mg/L"
198,"Steamboat Creek @ Pleasant Valley &[STBT02Stbt-2]","creek","SO4",6,"mg/L"
199,"Steamboat Creek @ Pleasant Valley &[STBT02Stbt-2]","creek","SO4",7,"mg/L"
200,"Steamboat Creek @ Pleasant Valley &[STBT02Stbt-2]","creek","SO4",8,"mg/L"
201,"Steamboat Creek @ Pleasant Valley &[STBT02Stbt-2]","creek","SO4",6,"mg/L"
202,"Steamboat Creek @ Pleasant Valley &[STBT02Stbt-2]","creek","SO4",5,"mg/L"
203,"Steamboat Creek @ Pleasant Valley &[STBT02Stbt-2]","creek","SO4",5,"mg/L"
204,"Steamboat Creek @ Pleasant Valley &[STBT02Stbt-2]","creek","SO4",6,"mg/L"
205,"Steamboat Creek @ Pleasant Valley &[STBT02Stbt-2]","creek","SO4",10,"mg/L"
206,"Steamboat Creek @ Pleasant Valley &[STBT02Stbt-2]","creek","SO4",5,"mg/L"
207,"Steamboat Creek @ Pleasant Valley &[STBT02Stbt-2]","creek","SO4",6,"mg/L"
208,"Steamboat Creek @ Pleasant Valley &[STBT02Stbt-2]","creek","SO4",6,"mg/L"
209,"Steamboat Creek @ Pleasant Valley &[STBT02Stbt-2]","creek","SO4",8,"mg/L"
210,"Steamboat Creek @ Pleasant Valley &[STBT02Stbt-2]","creek","SO4",12,"mg/L"
211,"Steamboat Creek @ Pleasant Valley &[STBT02Stbt-2]","creek","SO4",8,"mg/L"
212,"Steamboat Creek @ Pleasant Valley &[STBT02Stbt-2]","creek","SO4",8,"mg/L"
213,"Steamboat Creek @ Pleasant Valley &[STBT02Stbt-2]","creek","SO4",7,"mg/L"
214,"Steamboat Creek @ Pleasant Valley &[STBT02Stbt-2]","creek","SO4",4,"mg/L"
215,"Steamboat Creek @ Pleasant Valley &[STBT02Stbt-2]","creek","SO4",4,"mg/L"
216,"Steamboat Creek @ Pleasant Valley &[STBT02Stbt-2]","creek","SO4",5,"mg/L"
217,"Steamboat Creek @ Pleasant Valley &[STBT02Stbt-2]","creek","SO4",2.71,"mg/L"
218,"Steamboat Creek @ Pleasant Valley &[STBT02Stbt-2]","creek","SO4",3.61,"mg/L"
219,"Steamboat Creek @ Pleasant Valley &[STBT02Stbt-2]","creek","SO4",3.92,"mg/L"
220,"Steamboat Creek @ Pleasant Valley &[STBT02Stbt-2]","creek","SO4",1.72,"mg/L"
221,"Steamboat Creek @ Pleasant Valley &[STBT02Stbt-2]","creek","SO4",2.66,"mg/L"
223,"Steamboat Creek @ Pleasant Valley &[STBT02Stbt-2]","creek","SO4",3.61,"mg/L"
224,"Steamboat Creek @ Pleasant Valley &[STBT02Stbt-2]","creek","SO4",0.52,"mg/L"
225,"Steamboat Creek @ Pleasant Valley &[STBT02Stbt-2]","creek","SO4",1.98,"mg/L"
226,"Steamboat Creek @ Pleasant Valley &[STBT02Stbt-2]","creek","SO4",3.71,"mg/L"
227,"Steamboat Creek @ Pleasant Valley &[STBT02Stbt-2]","creek","SO4",3.43,"mg/L"
228,"Steamboat Creek @ Pleasant Valley &[STBT02Stbt-2]","creek","SO4",7.05,"mg/L"
229,"Steamboat Creek @ Pleasant Valley &[STBT02Stbt-2]","creek","SO4",9,"mg/L"
230,"Steamboat Creek @ Pleasant Valley &[STBT02Stbt-2]","creek","SO4",4.83,"mg/L"
231,"Steamboat Creek @ Pleasant Valley &[STBT02Stbt-2]","creek","SO4",10,"mg/L"
232,"Steamboat Creek @ Pleasant Valley &[STBT02Stbt-2]","creek","SO4",10.64,"mg/L"
233,"Steamboat Creek @ Pleasant Valley &[STBT02Stbt-2]","creek","SO4",11.95,"mg/L"
234,"Steamboat Creek @ Pleasant Valley &[STBT02Stbt-2]","creek","SO4",12.97,"mg/L"
235,"Steamboat Creek @ Pleasant Valley &[STBT02Stbt-2]","creek","SO4",13.63,"mg/L"
236,"Steamboat Creek @ Pleasant Valley &[STBT02Stbt-2]","creek","SO4",4.07,"mg/L"
237,"Steamboat Creek @ Pleasant Valley &[STBT02Stbt-2]","creek","SO4",14,"mg/L"
238,"Steamboat Creek @ Pleasant Valley &[STBT02Stbt-2]","creek","SO4",10,"mg/L"
239,"Middle Fork Whites Creek @ Sage Hill Road","creek","SO4",12,"mg/L"
240,"Middle Fork Whites Creek @ Sage Hill Road","creek","SO4",8,"mg/L"
241,"Middle Fork Whites Creek @ Sage Hill Road","creek","SO4",13,"mg/L"
242,"Middle Fork Whites Creek @ Sage Hill Road","creek","SO4",9,"mg/L"
243,"Middle Fork Whites Creek @ Sage Hill Road","creek","SO4",13,"mg/L"
244,"Middle Fork Whites Creek @ Sage Hill Road","creek","SO4",9,"mg/L"
245,"Middle Fork Whites Creek @ Sage Hill Road","creek","SO4",5,"mg/L"
246,"Middle Fork Whites Creek @ Sage Hill Road","creek","SO4",13,"mg/L"
247,"Middle Fork Whites Creek @ Sage Hill Road","creek","SO4",11,"mg/L"
248,"Middle Fork Whites Creek @ Sage Hill Road","creek","SO4",19,"mg/L"
250,"Middle Fork Whites Creek @ Sage Hill Road","creek","SO4",12,"mg/L"
251,"Middle Fork Whites Creek @ Sage Hill Road","creek","SO4",8,"mg/L"
252,"Middle Fork Whites Creek @ Sage Hill Road","creek","SO4",17,"mg/L"
253,"Middle Fork Whites Creek @ Sage Hill Road","creek","SO4",9,"mg/L"
254,"Middle Fork Whites Creek @ Sage Hill Road","creek","SO4",12,"mg/L"
255,"Middle Fork Whites Creek @ Sage Hill Road","creek","SO4",18,"mg/L"
256,"Middle Fork Whites Creek @ Sage Hill Road","creek","SO4",22,"mg/L"
257,"Middle Fork Whites Creek @ Sage Hill Road","creek","SO4",20,"mg/L"
258,"Middle Fork Whites Creek @ Sage Hill Road","creek","SO4",20,"mg/L"
259,"Middle Fork Whites Creek @ Sage Hill Road","creek","SO4",19.56,"mg/L"
261,"Middle Fork Whites Creek @ Sage Hill Road","creek","SO4",6.1,"mg/L"
262,"Middle Fork Whites Creek @ Sage Hill Road","creek","SO4",26,"mg/L"
263,"Middle Fork Whites Creek @ Sage Hill Road","creek","SO4",21.37,"mg/L"
264,"Middle Fork Whites Creek @ Sage Hill Road","creek","SO4",16.9,"mg/L"
265,"Steamboat Creek @ Old Post Office &[STBT02Stbt-3]","creek","SO4",22,"mg/L"
266,"Steamboat Creek @ Old Post Office &[STBT02Stbt-3]","creek","SO4",6,"mg/L"
267,"Steamboat Creek @ Old Post Office &[STBT02Stbt-3]","creek","SO4",4,"mg/L"
268,"Steamboat Creek @ Old Post Office &[STBT02Stbt-3]","creek","SO4",5,"mg/L"
269,"Steamboat Creek @ Old Post Office &[STBT02Stbt-3]","creek","SO4",8,"mg/L"
270,"Steamboat Creek @ Old Post Office &[STBT02Stbt-3]","creek","SO4",6,"mg/L"
271,"Steamboat Creek @ Old Post Office &[STBT02Stbt-3]","creek","SO4",7,"mg/L"
272,"Steamboat Creek @ Old Post Office &[STBT02Stbt-3]","creek","SO4",7,"mg/L"
273,"North Fork Whites Creek @ Arrow Creek Parkway","creek","SO4",6,"mg/L"
274,"North Fork Whites Creek @ Arrow Creek Parkway","creek","SO4",7,"mg/L"
275,"North Fork Whites Creek @ Arrow Creek Parkway","creek","SO4",8,"mg/L"
276,"North Fork Whites Creek @ Arrow Creek Parkway","creek","SO4",5,"mg/L"
277,"North Fork Whites Creek @ Arrow Creek Parkway","creek","SO4",7,"mg/L"
278,"North Fork Whites Creek @ Arrow Creek Parkway","creek","SO4",7,"mg/L"
279,"North Fork Whites Creek @ Arrow Creek Parkway","creek","SO4",5,"mg/L"
280,"North Fork Whites Creek @ Arrow Creek Parkway","creek","SO4",5,"mg/L"
281,"North Fork Whites Creek @ Arrow Creek Parkway","creek","SO4",6,"mg/L"
282,"North Fork Whites Creek @ Arrow Creek Parkway","creek","SO4",7,"mg/L"
283,"North Fork Whites Creek @ Arrow Creek Parkway","creek","SO4",5,"mg/L"
284,"North Fork Whites Creek @ Arrow Creek Parkway","creek","SO4",7,"mg/L"
285,"North Fork Whites Creek @ Arrow Creek Parkway","creek","SO4",7,"mg/L"
286,"North Fork Whites Creek @ Arrow Creek Parkway","creek","SO4",7,"mg/L"
288,"North Fork Whites Creek @ Arrow Creek Parkway","creek","SO4",5,"mg/L"
289,"North Fork Whites Creek @ Arrow Creek Parkway","creek","SO4",5,"mg/L"
290,"North Fork Whites Creek @ Arrow Creek Parkway","creek","SO4",6,"mg/L"
291,"North Fork Whites Creek @ Arrow Creek Parkway","creek","SO4",6,"mg/L"
292,"North Fork Whites Creek @ Arrow Creek Parkway","creek","SO4",8,"mg/L"
293,"North Fork Whites Creek @ Arrow Creek Parkway","creek","SO4",6,"mg/L"
294,"North Fork Whites Creek @ Arrow Creek Parkway","creek","SO4",7,"mg/L"
295,"North Fork Whites Creek @ Arrow Creek Parkway","creek","SO4",9,"mg/L"
296,"North Fork Whites Creek @ Arrow Creek Parkway","creek","SO4",5,"mg/L"
297,"North Fork Whites Creek @ Arrow Creek Parkway","creek","SO4",7,"mg/L"
298,"North Fork Whites Creek @ Arrow Creek Parkway","creek","SO4",6,"mg/L"
299,"North Fork Whites Creek @ Arrow Creek Parkway","creek","SO4",6,"mg/L"
300,"North Fork Whites Creek @ Arrow Creek Parkway","creek","SO4",5,"mg/L"
301,"North Fork Whites Creek @ Arrow Creek Parkway","creek","SO4",6,"mg/L"
302,"North Fork Whites Creek @ Arrow Creek Parkway","creek","SO4",6.73,"mg/L"
303,"North Fork Whites Creek @ Arrow Creek Parkway","creek","SO4",5.24,"mg/L"
304,"North Fork Whites Creek @ Arrow Creek Parkway","creek","SO4",8,"mg/L"
305,"North Fork Whites Creek @ Arrow Creek Parkway","creek","SO4",9,"mg/L"
307,"North Fork Whites Creek @ Arrow Creek Parkway","creek","SO4",9,"mg/L"
308,"North Fork Whites Creek @ Arrow Creek Parkway","creek","SO4",10,"mg/L"
309,"South Fork Whites Creek @ Old Virginia Road","creek","SO4",8,"mg/L"
310,"South Fork Whites Creek @ Old Virginia Road","creek","SO4",5,"mg/L"
311,"South Fork Whites Creek @ Old Virginia Road","creek","SO4",5,"mg/L"
312,"South Fork Whites Creek @ Old Virginia Road","creek","SO4",7,"mg/L"
313,"South Fork Whites Creek @ Old Virginia Road","creek","SO4",6,"mg/L"
314,"South Fork Whites Creek @ Old Virginia Road","creek","SO4",5,"mg/L"
315,"South Fork Whites Creek @ Old Virginia Road","creek","SO4",6,"mg/L"
316,"South Fork Whites Creek @ Old Virginia Road","creek","SO4",6.74,"mg/L"
317,"South Fork Whites Creek @ Old Virginia Road","creek","SO4",3.39,"mg/L"
318,"South Fork Whites Creek @ Old Virginia Road","creek","SO4",7,"mg/L"
319,"South Fork Whites Creek @ Old Virginia Road","creek","SO4",9,"mg/L"
320,"South Fork Whites Creek @ Old Virginia Road","creek","SO4",0.15,"mg/L"
321,"Steamboat Creek @ So. Meadows Pkwy","creek","SO4",28.68,"mg/L"
349,"Steamboat Creek @ Rhodes Road","creek","SO4",8,"mg/L"
350,"Steamboat Creek @ Rhodes Road","creek","SO4",10,"mg/L"
351,"Steamboat Creek @ Rhodes Road","creek","SO4",6,"mg/L"
352,"Steamboat Creek @ Rhodes Road","creek","SO4",171,"mg/L"
353,"Steamboat Creek @ Rhodes Road","creek","SO4",5,"mg/L"
354,"Steamboat Creek @ Rhodes Road","creek","SO4",11,"mg/L"
355,"Steamboat Creek @ Rhodes Road","creek","SO4",17,"mg/L"
356,"Steamboat Creek @ Rhodes Road","creek","SO4",15,"mg/L"
358,"Steamboat Creek @ Rhodes Road","creek","SO4",6,"mg/L"
359,"Steamboat Creek @ Rhodes Road","creek","SO4",0,"mg/L"
360,"Steamboat Creek @ Rhodes Road","creek","SO4",4,"mg/L"
362,"Steamboat Creek @ Rhodes Road","creek","SO4",9,"mg/L"
364,"Steamboat Creek @ Rhodes Road","creek","SO4",9,"mg/L"
365,"Steamboat Creek @ Rhodes Road","creek","SO4",6,"mg/L"
366,"Steamboat Creek @ Rhodes Road","creek","SO4",4,"mg/L"
367,"Steamboat Creek @ Rhodes Road","creek","SO4",8,"mg/L"
368,"Steamboat Creek @ Rhodes Road","creek","SO4",5,"mg/L"
369,"Steamboat Creek @ Rhodes Road","creek","SO4",9,"mg/L"
370,"Steamboat Creek @ Rhodes Road","creek","SO4",12,"mg/L"
371,"Steamboat Creek @ Rhodes Road","creek","SO4",13,"mg/L"
372,"Steamboat Creek @ Rhodes Road","creek","SO4",1,"mg/L"
373,"Steamboat Creek @ Rhodes Road","creek","SO4",2,"mg/L"
374,"Steamboat Creek @ Rhodes Road","creek","SO4",4,"mg/L"
375,"Steamboat Creek @ Rhodes Road","creek","SO4",11,"mg/L"
376,"Steamboat Creek @ Rhodes Road","creek","SO4",14,"mg/L"
377,"Steamboat Creek @ Rhodes Road","creek","SO4",5,"mg/L"
378,"Steamboat Creek @ Rhodes Road","creek","SO4",3,"mg/L"
379,"Steamboat Creek @ Rhodes Road","creek","SO4",3,"mg/L"
380,"Steamboat Creek @ Rhodes Road","creek","SO4",3,"mg/L"
381,"Steamboat Creek @ Rhodes Road","creek","SO4",4,"mg/L"
382,"Steamboat Creek @ Rhodes Road","creek","SO4",6,"mg/L"
383,"Steamboat Creek @ Rhodes Road","creek","SO4",5,"mg/L"
384,"Steamboat Creek @ Rhodes Road","creek","SO4",3,"mg/L"
385,"Steamboat Creek @ Rhodes Road","creek","SO4",3,"mg/L"
386,"Steamboat Creek @ Rhodes Road","creek","SO4",5,"mg/L"
387,"Steamboat Creek @ Rhodes Road","creek","SO4",7,"mg/L"
388,"Steamboat Creek @ Rhodes Road","creek","SO4",8,"mg/L"
389,"Steamboat Creek @ Rhodes Road","creek","SO4",6,"mg/L"
390,"Steamboat Creek @ Rhodes Road","creek","SO4",4,"mg/L"
391,"Steamboat Creek @ Rhodes Road","creek","SO4",4,"mg/L"
392,"Steamboat Creek @ Rhodes Road","creek","SO4",4.3,"mg/L"
393,"Steamboat Creek @ Rhodes Road","creek","SO4",5,"mg/L"
394,"Steamboat Creek @ Rhodes Road","creek","SO4",7,"mg/L"
395,"Steamboat Creek @ Rhodes Road","creek","SO4",6,"mg/L"
396,"Steamboat Creek @ Rhodes Road","creek","SO4",4,"mg/L"
397,"Steamboat Creek @ Rhodes Road","creek","SO4",5,"mg/L"
398,"Steamboat Creek @ Rhodes Road","creek","SO4",7,"mg/L"
399,"Steamboat Creek @ Rhodes Road","creek","SO4",9,"mg/L"
400,"Steamboat Creek @ Rhodes Road","creek","SO4",9,"mg/L"
401,"Steamboat Creek @ Rhodes Road","creek","SO4",6,"mg/L"
402,"Steamboat Creek @ Rhodes Road","creek","SO4",3,"mg/L"
403,"Steamboat Creek @ Rhodes Road","creek","SO4",9,"mg/L"
404,"Steamboat Creek @ Rhodes Road","creek","SO4",6,"mg/L"
405,"Steamboat Creek @ Rhodes Road","creek","SO4",8,"mg/L"
406,"Steamboat Creek @ Rhodes Road","creek","SO4",8,"mg/L"
407,"Steamboat Creek @ Rhodes Road","creek","SO4",9,"mg/L"
408,"Steamboat Creek @ Rhodes Road","creek","SO4",6,"mg/L"
409,"Steamboat Creek @ Rhodes Road","creek","SO4",10,"mg/L"
410,"Steamboat Creek @ Rhodes Road","creek","SO4",13,"mg/L"
411,"Steamboat Creek @ Rhodes Road","creek","SO4",13,"mg/L"
412,"Steamboat Creek @ Rhodes Road","creek","SO4",4,"mg/L"
413,"Steamboat Creek @ Rhodes Road","creek","SO4",5,"mg/L"
414,"Steamboat Creek @ Rhodes Road","creek","SO4",5,"mg/L"
415,"Steamboat Creek @ Rhodes Road","creek","SO4",12,"mg/L"
416,"Steamboat Creek @ Rhodes Road","creek","SO4",9.9,"mg/L"
417,"Steamboat Creek @ Rhodes Road","creek","SO4",5,"mg/L"
418,"Steamboat Creek @ Rhodes Road","creek","SO4",5,"mg/L"
419,"Steamboat Creek @ Rhodes Road","creek","SO4",15,"mg/L"
420,"Steamboat Creek @ Rhodes Road","creek","SO4",5,"mg/L"
421,"Steamboat Creek @ Rhodes Road","creek","SO4",5,"mg/L"
422,"Steamboat Creek @ Rhodes Road","creek","SO4",5,"mg/L"
423,"Steamboat Creek @ Rhodes Road","creek","SO4",5,"mg/L"
424,"Steamboat Creek @ Rhodes Road","creek","SO4",5,"mg/L"
425,"Steamboat Creek @ Rhodes Road","creek","SO4",8,"mg/L"
426,"Steamboat Creek @ Rhodes Road","creek","SO4",6,"mg/L"
427,"Steamboat Creek @ Rhodes Road","creek","SO4",5,"mg/L"
428,"Steamboat Creek @ Rhodes Road","creek","SO4",5,"mg/L"
429,"Steamboat Creek @ Rhodes Road","creek","SO4",5,"mg/L"
430,"Steamboat Creek @ Rhodes Road","creek","SO4",8,"mg/L"
432,"Steamboat Creek @ Rhodes Road","creek","SO4",10,"mg/L"
433,"Steamboat Creek @ Rhodes Road","creek","SO4",5,"mg/L"
434,"Steamboat Creek @ Rhodes Road","creek","SO4",8,"mg/L"
435,"Steamboat Creek @ Rhodes Road","creek","SO4",5,"mg/L"
436,"Steamboat Creek @ Rhodes Road","creek","SO4",5,"mg/L"
437,"Steamboat Creek @ Rhodes Road","creek","SO4",16,"mg/L"
438,"Steamboat Creek @ Rhodes Road","creek","SO4",8,"mg/L"
439,"Steamboat Creek @ Rhodes Road","creek","SO4",7,"mg/L"
440,"Steamboat Creek @ Rhodes Road","creek","SO4",5,"mg/L"
441,"Steamboat Creek @ Rhodes Road","creek","SO4",5,"mg/L"
442,"Steamboat Creek @ Rhodes Road","creek","SO4",5.4,"mg/L"
444,"Steamboat Creek @ Rhodes Road","creek","SO4",6.59,"mg/L"
445,"Steamboat Creek @ Rhodes Road","creek","SO4",63.96,"mg/L"
446,"Steamboat Creek @ Rhodes Road","creek","SO4",19.49,"mg/L"
447,"Steamboat Creek @ Rhodes Road","creek","SO4",20.02,"mg/L"
448,"Steamboat Creek @ Rhodes Road","creek","SO4",12.79,"mg/L"
449,"Steamboat Creek @ Rhodes Road","creek","SO4",4.04,"mg/L"
450,"Steamboat Creek @ Rhodes Road","creek","SO4",24.97,"mg/L"
451,"Steamboat Creek @ Rhodes Road","creek","SO4",14.01,"mg/L"
452,"Steamboat Creek @ Rhodes Road","creek","SO4",11.86,"mg/L"
453,"Steamboat Creek @ Rhodes Road","creek","SO4",9,"mg/L"
454,"Steamboat Creek @ Rhodes Road","creek","SO4",4.2,"mg/L"
455,"Steamboat Creek @ Rhodes Road","creek","SO4",10,"mg/L"
456,"Steamboat Creek @ Rhodes Road","creek","SO4",10,"mg/L"
457,"Steamboat Creek @ Rhodes Road","creek","SO4",13.17,"mg/L"
458,"Steamboat Creek @ Rhodes Road","creek","SO4",11.09,"mg/L"
459,"Steamboat Creek @ Rhodes Road","creek","SO4",10.53,"mg/L"
460,"Steamboat Creek @ Rhodes Road","creek","SO4",11.97,"mg/L"
461,"Steamboat Creek @ Rhodes Road","creek","SO4",4.98,"mg/L"
462,"Steamboat Creek @ Rhodes Road","creek","SO4",12,"mg/L"
463,"Steamboat Creek @ Rhodes Road","creek","SO4",8.1,"mg/L"
464,"Steamboat Creek @ Rhodes Road","creek","SO4",8.6,"mg/L"
465,"Steamboat Creek @ Rhodes Road","creek","SO4",11,"mg/L"
466,"Steamboat Creek @ Rhodes Road","creek","SO4",16,"mg/L"
467,"Steamboat Creek @ Rhodes Road","creek","SO4",17,"mg/L"
479,"Steamboat Ditch @ Rhodes Road","creek","SO4",3,"mg/L"
480,"Steamboat Ditch @ Rhodes Road","creek","SO4",6,"mg/L"
482,"Steamboat Ditch @ Rhodes Road","creek","SO4",3,"mg/L"
483,"Steamboat Ditch @ Rhodes Road","creek","SO4",2,"mg/L"
484,"Steamboat Ditch @ Rhodes Road","creek","SO4",2,"mg/L"
486,"Steamboat Ditch @ Rhodes Road","creek","SO4",5,"mg/L"
487,"Steamboat Ditch @ Rhodes Road","creek","SO4",3,"mg/L"
488,"Steamboat Ditch @ Rhodes Road","creek","SO4",3,"mg/L"
489,"Steamboat Ditch @ Rhodes Road","creek","SO4",2,"mg/L"
490,"Steamboat Ditch @ Rhodes Road","creek","SO4",3,"mg/L"
491,"Steamboat Ditch @ Rhodes Road","creek","SO4",2,"mg/L"
493,"Steamboat Ditch @ Rhodes Road","creek","SO4",2,"mg/L"
494,"Steamboat Ditch @ Rhodes Road","creek","SO4",3,"mg/L"
495,"Steamboat Ditch @ Rhodes Road","creek","SO4",2,"mg/L"
496,"Steamboat Ditch @ Rhodes Road","creek","SO4",2,"mg/L"
497,"Steamboat Ditch @ Rhodes Road","creek","SO4",3.3,"mg/L"
498,"Steamboat Ditch @ Rhodes Road","creek","SO4",3,"mg/L"
499,"Steamboat Ditch @ Rhodes Road","creek","SO4",2,"mg/L"
500,"Steamboat Ditch @ Rhodes Road","creek","SO4",3,"mg/L"
501,"Steamboat Ditch @ Rhodes Road","creek","SO4",2,"mg/L"
502,"Steamboat Ditch @ Rhodes Road","creek","SO4",2,"mg/L"
503,"Steamboat Ditch @ Rhodes Road","creek","SO4",3,"mg/L"
504,"Steamboat Ditch @ Rhodes Road","creek","SO4",3,"mg/L"
505,"Steamboat Ditch @ Rhodes Road","creek","SO4",2,"mg/L"
506,"Steamboat Ditch @ Rhodes Road","creek","SO4",5,"mg/L"
507,"Steamboat Ditch @ Rhodes Road","creek","SO4",5,"mg/L"
508,"Steamboat Ditch @ Rhodes Road","creek","SO4",5,"mg/L"
509,"Steamboat Ditch @ Rhodes Road","creek","SO4",2.45,"mg/L"
535,"Steamboat Creek @ Geiger Grade","creek","SO4",21,"mg/L"
536,"Steamboat Creek @ Geiger Grade","creek","SO4",22,"mg/L"
537,"Steamboat Creek @ Geiger Grade","creek","SO4",102,"mg/L"
538,"Steamboat Creek @ Geiger Grade","creek","SO4",42,"mg/L"
539,"Steamboat Creek @ Geiger Grade","creek","SO4",19,"mg/L"
540,"Steamboat Creek @ Geiger Grade","creek","SO4",29,"mg/L"
542,"Steamboat Creek @ Geiger Grade","creek","SO4",8,"mg/L"
543,"Steamboat Creek @ Geiger Grade","creek","SO4",9.1,"mg/L"
544,"Steamboat Creek @ Geiger Grade","creek","SO4",26,"mg/L"
545,"Steamboat Creek @ Geiger Grade","creek","SO4",66,"mg/L"
546,"Steamboat Creek @ Geiger Grade","creek","SO4",18,"mg/L"
547,"Steamboat Creek @ Geiger Grade","creek","SO4",20,"mg/L"
548,"Steamboat Creek @ Geiger Grade","creek","SO4",30,"mg/L"
550,"Steamboat Creek @ Geiger Grade","creek","SO4",70,"mg/L"
551,"Steamboat Creek @ Geiger Grade","creek","SO4",65,"mg/L"
552,"Steamboat Creek @ Geiger Grade","creek","SO4",28,"mg/L"
553,"Steamboat Creek @ Geiger Grade","creek","SO4",31,"mg/L"
554,"Steamboat Creek @ Geiger Grade","creek","SO4",27,"mg/L"
555,"Steamboat Creek @ Geiger Grade","creek","SO4",4,"mg/L"
556,"Steamboat Creek @ Geiger Grade","creek","SO4",9,"mg/L"
557,"Steamboat Creek @ Geiger Grade","creek","SO4",14,"mg/L"
558,"Steamboat Creek @ Geiger Grade","creek","SO4",22,"mg/L"
559,"Steamboat Creek @ Geiger Grade","creek","SO4",28,"mg/L"
560,"Steamboat Creek @ Geiger Grade","creek","SO4",7,"mg/L"
561,"Steamboat Creek @ Geiger Grade","creek","SO4",4,"mg/L"
562,"Steamboat Creek @ Geiger Grade","creek","SO4",20,"mg/L"
563,"Steamboat Creek @ Geiger Grade","creek","SO4",66,"mg/L"
564,"Steamboat Creek @ Geiger Grade","creek","SO4",7,"mg/L"
565,"Steamboat Creek @ Geiger Grade","creek","SO4",8,"mg/L"
566,"Steamboat Creek @ Geiger Grade","creek","SO4",6,"mg/L"
567,"Steamboat Creek @ Geiger Grade","creek","SO4",4,"mg/L"
568,"Steamboat Creek @ Geiger Grade","creek","SO4",17,"mg/L"
569,"Steamboat Creek @ Geiger Grade","creek","SO4",48,"mg/L"
570,"Steamboat Creek @ Geiger Grade","creek","SO4",24,"mg/L"
571,"Steamboat Creek @ Geiger Grade","creek","SO4",17,"mg/L"
572,"Steamboat Creek @ Geiger Grade","creek","SO4",10,"mg/L"
573,"Steamboat Creek @ Geiger Grade","creek","SO4",5,"mg/L"
574,"Steamboat Creek @ Geiger Grade","creek","SO4",55,"mg/L"
575,"Steamboat Creek @ Geiger Grade","creek","SO4",14,"mg/L"
576,"Steamboat Creek @ Geiger Grade","creek","SO4",14,"mg/L"
577,"Steamboat Creek @ Geiger Grade","creek","SO4",10,"mg/L"
578,"Steamboat Creek @ Geiger Grade","creek","SO4",8,"mg/L"
579,"Steamboat Creek @ Geiger Grade","creek","SO4",5,"mg/L"
580,"Steamboat Creek @ Geiger Grade","creek","SO4",18,"mg/L"
581,"Steamboat Creek @ Geiger Grade","creek","SO4",71,"mg/L"
582,"Steamboat Creek @ Geiger Grade","creek","SO4",27,"mg/L"
583,"Steamboat Creek @ Geiger Grade","creek","SO4",24,"mg/L"
584,"Steamboat Creek @ Geiger Grade","creek","SO4",10,"mg/L"
585,"Steamboat Creek @ Geiger Grade","creek","SO4",23,"mg/L"
586,"Steamboat Creek @ Geiger Grade","creek","SO4",26,"mg/L"
587,"Steamboat Creek @ Geiger Grade","creek","SO4",24,"mg/L"
588,"Steamboat Creek @ Geiger Grade","creek","SO4",32,"mg/L"
589,"Steamboat Creek @ Geiger Grade","creek","SO4",24,"mg/L"
590,"Steamboat Creek @ Geiger Grade","creek","SO4",24,"mg/L"
591,"Steamboat Creek @ Geiger Grade","creek","SO4",17,"mg/L"
592,"Steamboat Creek @ Geiger Grade","creek","SO4",28,"mg/L"
593,"Steamboat Creek @ Geiger Grade","creek","SO4",58,"mg/L"
594,"Steamboat Creek @ Geiger Grade","creek","SO4",21,"mg/L"
595,"Steamboat Creek @ Geiger Grade","creek","SO4",5,"mg/L"
596,"Steamboat Creek @ Geiger Grade","creek","SO4",37,"mg/L"
597,"Steamboat Creek @ Geiger Grade","creek","SO4",25,"mg/L"
598,"Steamboat Creek @ Geiger Grade","creek","SO4",16,"mg/L"
599,"Steamboat Creek @ Geiger Grade","creek","SO4",32,"mg/L"
600,"Steamboat Creek @ Geiger Grade","creek","SO4",63,"mg/L"
601,"Steamboat Creek @ Geiger Grade","creek","SO4",13,"mg/L"
602,"Steamboat Creek @ Geiger Grade","creek","SO4",6,"mg/L"
603,"Steamboat Creek @ Geiger Grade","creek","SO4",11,"mg/L"
604,"Steamboat Creek @ Geiger Grade","creek","SO4",16,"mg/L"
606,"Steamboat Creek @ Geiger Grade","creek","SO4",26,"mg/L"
607,"Steamboat Creek @ Geiger Grade","creek","SO4",20,"mg/L"
608,"Steamboat Creek @ Geiger Grade","creek","SO4",5,"mg/L"
609,"Steamboat Creek @ Geiger Grade","creek","SO4",6,"mg/L"
610,"Steamboat Creek @ Geiger Grade","creek","SO4",20,"mg/L"
611,"Steamboat Creek @ Geiger Grade","creek","SO4",21,"mg/L"
612,"Steamboat Creek @ Geiger Grade","creek","SO4",17.27,"mg/L"
613,"Steamboat Creek @ Geiger Grade","creek","SO4",22.1,"mg/L"
615,"Steamboat Creek @ Geiger Grade","creek","SO4",27.09,"mg/L"
616,"Steamboat Creek @ Geiger Grade","creek","SO4",20.57,"mg/L"
617,"Steamboat Creek @ Geiger Grade","creek","SO4",13.84,"mg/L"
618,"Steamboat Creek @ Geiger Grade","creek","SO4",5,"mg/L"
619,"Steamboat Creek @ Geiger Grade","creek","SO4",11.87,"mg/L"
620,"Steamboat Creek @ Geiger Grade","creek","SO4",10.65,"mg/L"
621,"Steamboat Creek @ Geiger Grade","creek","SO4",16.51,"mg/L"
622,"Steamboat Creek @ Geiger Grade","creek","SO4",17.31,"mg/L"
623,"Steamboat Creek @ Geiger Grade","creek","SO4",10.92,"mg/L"
624,"Steamboat Creek @ Geiger Grade","creek","SO4",16.81,"mg/L"
625,"Steamboat Creek @ Geiger Grade","creek","SO4",12.85,"mg/L"
626,"Steamboat Creek @ Geiger Grade","creek","SO4",24,"mg/L"
668,"Whites Creek @ North Timberline Drive","creek","SO4",9,"mg/L"
680,"Whites Creek @ North Timberline Drive","creek","SO4",9,"mg/L"
681,"Whites Creek @ North Timberline Drive","creek","SO4",6,"mg/L"
682,"Whites Creek @ North Timberline Drive","creek","SO4",6,"mg/L"
683,"Whites Creek @ North Timberline Drive","creek","SO4",7,"mg/L"
684,"Whites Creek @ North Timberline Drive","creek","SO4",6,"mg/L"
685,"Whites Creek @ North Timberline Drive","creek","SO4",7,"mg/L"
686,"Whites Creek @ North Timberline Drive","creek","SO4",9,"mg/L"
687,"Whites Creek @ North Timberline Drive","creek","SO4",6,"mg/L"
688,"Whites Creek @ North Timberline Drive","creek","SO4",4,"mg/L"
689,"Whites Creek @ North Timberline Drive","creek","SO4",6,"mg/L"
690,"Whites Creek @ North Timberline Drive","creek","SO4",7,"mg/L"
691,"Whites Creek @ North Timberline Drive","creek","SO4",5,"mg/L"
692,"Whites Creek @ North Timberline Drive","creek","SO4",6,"mg/L"
693,"Whites Creek @ North Timberline Drive","creek","SO4",6,"mg/L"
694,"Whites Creek @ North Timberline Drive","creek","SO4",5,"mg/L"
695,"Whites Creek @ North Timberline Drive","creek","SO4",4,"mg/L"
696,"Whites Creek @ North Timberline Drive","creek","SO4",5.9,"mg/L"
697,"Whites Creek @ North Timberline Drive","creek","SO4",6,"mg/L"
698,"Whites Creek @ North Timberline Drive","creek","SO4",5,"mg/L"
699,"Whites Creek @ North Timberline Drive","creek","SO4",6,"mg/L"
700,"Whites Creek @ North Timberline Drive","creek","SO4",5,"mg/L"
701,"Whites Creek @ North Timberline Drive","creek","SO4",5,"mg/L"
702,"Whites Creek @ North Timberline Drive","creek","SO4",5,"mg/L"
703,"Whites Creek @ North Timberline Drive","creek","SO4",6,"mg/L"
704,"Whites Creek @ North Timberline Drive","creek","SO4",6,"mg/L"
705,"Whites Creek @ North Timberline Drive","creek","SO4",6,"mg/L"
706,"Whites Creek @ North Timberline Drive","creek","SO4",4,"mg/L"
707,"Whites Creek @ North Timberline Drive","creek","SO4",5,"mg/L"
708,"Whites Creek @ North Timberline Drive","creek","SO4",6,"mg/L"
709,"Whites Creek @ North Timberline Drive","creek","SO4",6,"mg/L"
710,"Whites Creek @ North Timberline Drive","creek","SO4",7,"mg/L"
711,"Whites Creek @ North Timberline Drive","creek","SO4",6,"mg/L"
712,"Whites Creek @ North Timberline Drive","creek","SO4",7,"mg/L"
713,"Whites Creek @ North Timberline Drive","creek","SO4",6,"mg/L"
714,"Whites Creek @ North Timberline Drive","creek","SO4",7,"mg/L"
715,"Whites Creek @ North Timberline Drive","creek","SO4",8,"mg/L"
716,"Whites Creek @ North Timberline Drive","creek","SO4",4,"mg/L"
717,"Whites Creek @ North Timberline Drive","creek","SO4",6,"mg/L"
718,"Whites Creek @ North Timberline Drive","creek","SO4",6,"mg/L"
719,"Whites Creek @ North Timberline Drive","creek","SO4",8,"mg/L"
720,"Whites Creek @ North Timberline Drive","creek","SO4",5,"mg/L"
721,"Whites Creek @ North Timberline Drive","creek","SO4",6,"mg/L"
722,"Whites Creek @ North Timberline Drive","creek","SO4",7,"mg/L"
723,"Whites Creek @ North Timberline Drive","creek","SO4",5,"mg/L"
724,"Whites Creek @ North Timberline Drive","creek","SO4",5,"mg/L"
725,"Whites Creek @ North Timberline Drive","creek","SO4",6,"mg/L"
726,"Whites Creek @ North Timberline Drive","creek","SO4",7,"mg/L"
727,"Whites Creek @ North Timberline Drive","creek","SO4",5,"mg/L"
728,"Whites Creek @ North Timberline Drive","creek","SO4",7,"mg/L"
729,"Whites Creek @ North Timberline Drive","creek","SO4",6,"mg/L"
730,"Whites Creek @ North Timberline Drive","creek","SO4",7,"mg/L"
731,"Whites Creek @ North Timberline Drive","creek","SO4",8,"mg/L"
732,"Whites Creek @ North Timberline Drive","creek","SO4",5,"mg/L"
733,"Whites Creek @ North Timberline Drive","creek","SO4",5,"mg/L"
734,"Whites Creek @ North Timberline Drive","creek","SO4",6,"mg/L"
735,"Whites Creek @ North Timberline Drive","creek","SO4",6,"mg/L"
736,"Whites Creek @ North Timberline Drive","creek","SO4",6,"mg/L"
737,"Steamboat Creek north of the USGS gage off of Rhodes Road","creek","SO4",5,"mg/L"
738,"Thomas Creek above Arrowhead Parkway &[TC111]","creek","SO4",5,"mg/L"
741,"Thomas Creek above Arrowhead Parkway &[TC111]","creek","SO4",0,"mg/L"
743,"Thomas Creek above Arrowhead Parkway &[TC111]","creek","SO4",0,"mg/L"
744,"Thomas Creek above Arrowhead Parkway &[TC111]","creek","SO4",0.4,"mg/L"
745,"Thomas Creek above Arrowhead Parkway &[TC111]","creek","SO4",0.04,"mg/L"
747,"Thomas Creek above Arrowhead Parkway &[TC111]","creek","SO4",0.7,"mg/L"
748,"Whites Creek above Thomas Creek Road &[WC-11]","creek","SO4",5,"mg/L"
749,"Whites Creek above Thomas Creek Road &[WC-11]","creek","SO4",8,"mg/L"
752,"Whites Creek above Thomas Creek Road &[WC-11]","creek","SO4",8,"mg/L"
753,"Whites Creek above Thomas Creek Road &[WC-11]","creek","SO4",4.2,"mg/L"
754,"Whites Creek above Thomas Creek Road &[WC-11]","creek","SO4",4.5,"mg/L"
755,"Whites Creek above Thomas Creek Road &[WC-11]","creek","SO4",4.8,"mg/L"
819,"SBRR","transect","SO4",4,"mg/L"
818,"SBBV","transect","SO4",35.4,"mg/L"
816,"SBF_0001","fumarole","SO4",132,"mg/L"
821,"SBW_0001","well","SO4",75,"mg/L"
815,"SBW_0002","well","SO4",158,"mg/L"
825,"SBS_0001","spring","SO4",187,"mg/L"
820,"SBS_0002","seep","SO4",167,"mg/L"
822,"SBS_0003","spring","SO4",163,"mg/L"
827,"Soccer Field Monitoring Well","well","SO4",101,"mg/L"
828,"Eich Well","well","SO4",87.7,"mg/L"
829,"Boyd Domestic Well","well","SO4",34.7,"mg/L"
830,"Jeppson Geothermal Well","well","SO4",70.1,"mg/L"
831,"Rogers Domestic Well","well","SO4",21.1,"mg/L"
832,"Soccer Field Monitoring Well","well","SO4",98,"mg/L"
833,"Eich Well","well","SO4",74,"mg/L"
834,"Boyd Domestic Well","well","SO4",34,"mg/L"
835,"Jeppson Geothermal Well","well","SO4",72,"mg/L"
836,"Rogers Domestic Well","well","SO4",19,"mg/L"
837,"CPI production well 21-5","well","SO4",114,"mg/L"
838,"CPI production well 83A-6","well","SO4",102,"mg/L"
839,"CPI injection well Cox 1-1 (Cox well)","well","SO4",112,"mg/L"
840,"SB GEO production well PW-1","well","SO4",118,"mg/L"
841,"SB GEO production well PW-2","well","SO4",101,"mg/L"
842,"SB GEO production well PW-3","well","SO4",102,"mg/L"
843,"Hot spring 6, main terrace ACEC","spring","SO4",123,"mg/L"
845,"New seep adjacent to well GS-5 (1991)","seep","SO4",151,"mg/L"
848,"23-5 (Mariner & Janik 1995; = Wells '23-5')","well","SO4",25,"mg/L"
849,"23-5 (Mariner & Janik 1995; = Wells '23-5')","well","SO4",102,"mg/L"
850,"23-5 (Mariner & Janik 1995; = Wells '23-5')","well","SO4",92,"mg/L"
851,"23-5 (Mariner & Janik 1995; = Wells '23-5')","well","SO4",100,"mg/L"
852,"23-5 (Mariner & Janik 1995; = Wells '23-5')","well","SO4",103,"mg/L"
853,"83A-6 (Mariner & Janik 1995; = Wells '83A-6')","well","SO4",118,"mg/L"
854,"83A-6 (Mariner & Janik 1995; = Wells '83A-6')","well","SO4",111,"mg/L"
855,"83A-6 (Mariner & Janik 1995; = Wells '83A-6')","well","SO4",116,"mg/L"
856,"21-5 (Mariner & Janik 1995; = Wells '21-5R')","well","SO4",129,"mg/L"
857,"21-5 (Mariner & Janik 1995; = Wells '21-5R')","well","SO4",126,"mg/L"
858,"21-5 (Mariner & Janik 1995; = Wells '21-5R')","well","SO4",114,"mg/L"
859,"21-5 (Mariner & Janik 1995; = Wells '21-5R')","well","SO4",128,"mg/L"
860,"13-5 (Mariner & Janik 1995; = Wells '13-5R')","well","SO4",130,"mg/L"
861,"Cox I-1 (Mariner & Janik 1995; = Wells 'Cox I-1')","well","SO4",113,"mg/L"
862,"Cox I-1 (Mariner & Janik 1995; = Wells 'Cox I-1')","well","SO4",119,"mg/L"
863,"Cox I-1 (Mariner & Janik 1995; = Wells 'Cox I-1')","well","SO4",117,"mg/L"
864,"GS-5 (Mariner & Janik 1995; = Wells 'GS-5')","well","SO4",146,"mg/L"
865,"GS-5 (Mariner & Janik 1995; = Wells 'GS-5')","well","SO4",153,"mg/L"
866,"GS-5 (Mariner & Janik 1995; = Wells 'GS-5')","well","SO4",168,"mg/L"
867,"PW-1 (Mariner & Janik 1995; = Wells 'PW-1')","well","SO4",127,"mg/L"
868,"PW-1 (Mariner & Janik 1995; = Wells 'PW-1')","well","SO4",121,"mg/L"
869,"PW-1 (Mariner & Janik 1995; = Wells 'PW-1')","well","SO4",122,"mg/L"
870,"PW-1 (Mariner & Janik 1995; = Wells 'PW-1')","well","SO4",125,"mg/L"
871,"PW-2 (Mariner & Janik 1995; = Wells 'PW-2')","well","SO4",127,"mg/L"
872,"PW-2 (Mariner & Janik 1995; = Wells 'PW-2')","well","SO4",126,"mg/L"
873,"PW-2 (Mariner & Janik 1995; = Wells 'PW-2')","well","SO4",122,"mg/L"
874,"PW-2 (Mariner & Janik 1995; = Wells 'PW-2')","well","SO4",124,"mg/L"
875,"PW-3 (Mariner & Janik 1995; = Wells 'PW-3')","well","SO4",125,"mg/L"
877,"PW2-1 (Mariner & Janik 1995; = Wells 'PW 2-1')","well","SO4",124,"mg/L"
879,"PW2-2 (Mariner & Janik 1995; = Wells 'PW 2-2')","well","SO4",129,"mg/L"
880,"PW2-2 (Mariner & Janik 1995; = Wells 'PW 2-2')","well","SO4",125,"mg/L"
881,"PW2-2 (Mariner & Janik 1995; = Wells 'PW 2-2')","well","SO4",125,"mg/L"
882,"PW2-3 (Mariner & Janik 1995; = Wells 'PW 2-3')","well","SO4",126,"mg/L"
883,"PW2-3 (Mariner & Janik 1995; = Wells 'PW 2-3')","well","SO4",121,"mg/L"
884,"PW2-4 (Mariner & Janik 1995; = Wells 'PW 2-4')","well","SO4",123,"mg/L"
885,"PW2-4 (Mariner & Janik 1995; = Wells 'PW 2-4')","well","SO4",120,"mg/L"
886,"PW2-4 (Mariner & Janik 1995; = Wells 'PW 2-4')","well","SO4",124,"mg/L"
887,"PW2-5 (Mariner & Janik 1995; = Wells 'PW 2-5')","well","SO4",124,"mg/L"
888,"PW2-5 (Mariner & Janik 1995; = Wells 'PW 2-5')","well","SO4",125,"mg/L"
889,"PW2-5 (Mariner & Janik 1995; = Wells 'PW 2-5')","well","SO4",126,"mg/L"
890,"PW3-1 (Mariner & Janik 1995; = Wells 'PW 3-1')","well","SO4",127,"mg/L"
892,"PW3-1 (Mariner & Janik 1995; = Wells 'PW 3-1')","well","SO4",126,"mg/L"
893,"PW3-2 (Mariner & Janik 1995; = Wells 'PW 3-2')","well","SO4",129,"mg/L"
895,"PW3-3 (Mariner & Janik 1995; = Wells 'PW 3-3')","well","SO4",125,"mg/L"
896,"PW3-3 (Mariner & Janik 1995; = Wells 'PW 3-3')","well","SO4",126,"mg/L"
897,"PW3-3 (Mariner & Janik 1995; = Wells 'PW 3-3')","well","SO4",126,"mg/L"
898,"PW3-4 (Mariner & Janik 1995; = Wells 'PW 3-4')","well","SO4",124,"mg/L"
900,"PW3-4 (Mariner & Janik 1995; = Wells 'PW 3-4')","well","SO4",126,"mg/L"
902,"IW-3 (Mariner & Janik 1995; = Wells 'IW-3')","well","SO4",112,"mg/L"
903,"IW-5 (Mariner & Janik 1995; = Wells '46-28')","well","SO4",123,"mg/L"
904,"Stuart","well","SO4",20,"mg/L"
905,"Stuart","well","SO4",20,"mg/L"
906,"Stuart","well","SO4",21,"mg/L"
907,"Stuart","well","SO4",23,"mg/L"
908,"Brown's School (Mariner & Janik 1995; = Wells 'Brown School Geothermal Well')","well","SO4",97,"mg/L"
909,"Brown's School (Mariner & Janik 1995; = Wells 'Brown School Geothermal Well')","well","SO4",101,"mg/L"
910,"Brown's School (Mariner & Janik 1995; = Wells 'Brown School Geothermal Well')","well","SO4",108,"mg/L"
911,"Brown's School (Mariner & Janik 1995; = Wells 'Brown School Geothermal Well')","well","SO4",103,"mg/L"
912,"Curti Domestic Well","well","SO4",104,"mg/L"
913,"Steinhardt Geothermal Well (narrative Cl trend)","well","SO4",42,"mg/L"
914,"Peigh","well","SO4",6,"mg/L"
915,"Herz Domestic Well","well","SO4",19,"mg/L"
916,"Stmgid 4","well","SO4",7.4,"mg/L"
917,"Galena Ck. Pk.","creek","SO4",0.5,"mg/L"
918,"Thomas Ck.S.","creek","SO4",0.7,"mg/L"
919,"Tick Spr.","spring","SO4",143,"mg/L"
920,"Jumbo Gr. S.","spring","SO4",68,"mg/L"
921,"Tahoe Mdw.","spring","SO4",0.4,"mg/L"
922,"Third Ck. Spr.","spring","SO4",0.2,"mg/L"
